Parasite.species,Location,Latitude,Longitude,Habitat
Corynosoma semerme,Finland,61.92410999999999,25.7481511,marine
Moniliformis moniliformis,Nevada,38.8026097,-116.419389,terrestrial
Corynosoma semerme,Sea of Okhotsk,52.87362299999999,149.3658173,marine
Corynosoma strumosum,Sea of Okhotsk,52.87362299999999,149.3658173,marine
Bolbosoma nipponicum,Sea of Okhotsk,52.87362299999999,149.3658173,marine
Neoechinorhynchus rutili,"England, Wales + Isle of Man",54.236107,-4.548056,freshwater
Echinorhynchus truttae,Eire + N. Ireland,54.7877149,-6.4923145,freshwater
Acanthocephalus lucii,"England, Wales + Isle of Man",54.236107,-4.548056,freshwater
Acanthocephalus clavula,"England, Wales + Isle of Man",54.236107,-4.548056,freshwater
Echinorhynchus truttae,Channel Islands,49.4466698,-2.342378,freshwater
Neoechinorhynchus rutili,Scotland,56.49067119999999,-4.2026458,freshwater
Acanthocephalus lucii,Scotland,56.49067119999999,-4.2026458,freshwater
Moniliformis moniliformis,Malaya,3.17,101.7,terrestrial
Polymorphus marilis,Alberta,53.9332706,-116.5765035,freshwater
Dollfusentis chandleri,Gulf of Mexico,25.304304,-90.065918,marine
Acanthocephalus anguillae,Germany,51.165691,10.451526,freshwater
Pomphorhynchus laevis,Germany,51.165691,10.451526,freshwater
Acanthocephalus lucii,Germany,51.165691,10.451526,freshwater
Echinorhynchus truttae,Germany,51.165691,10.451526,freshwater
Pomphorhynchus bulbocolli,Manitoba,53.7608608,-98.8138762,freshwater
Leptorhynchoides thecatus,Wisconsin,43.7844397,-88.7878678,freshwater
Acanthocephalus lucii,Denmark,56.26392,9.501785,freshwater
Acanthocephalus anguillae,Denmark,56.26392,9.501785,freshwater
Acanthocephalus ranae,Sweden,60.12816100000001,18.643501,freshwater
Neoechinorhynchus rutili,Baltic Sea,58.48795200000001,19.863281,freshwater
Pomphorhynchus laevis,Denmark,56.26392,9.501785,freshwater
Acanthocephalus dirus,Wisconsin,43.7844397,-88.7878678,freshwater
Neoechinorhynchus cylindratus,Wisconsin,43.7844397,-88.7878678,freshwater
Neoechinorhynchus cylindratus,Montana,46.8796822,-110.3625658,freshwater
Pomphorhynchus bulbocolli,Wisconsin,43.7844397,-88.7878678,freshwater
Pomphorhynchus laevis,"England, Wales + Isle of Man",54.236107,-4.548056,freshwater
Acanthocephalus anguillae,"England, Wales + Isle of Man",54.236107,-4.548056,freshwater
Acanthocephalus clavula,Italy,41.87194,12.56738,freshwater
Corynosoma strumosum,Caspian Sea,41.934977,50.66894500000001,marine
Corynosoma semerme,Lithuania,55.169438,23.881275,marine
Corynosoma strumosum,Lithuania,55.169438,23.881275,marine
Pomphorhynchus laevis,Lithuania,55.169438,23.881275,freshwater
Echinorhynchus gadi,Lithuania,55.169438,23.881275,marine
Acanthocephalus lucii,Lithuania,55.169438,23.881275,freshwater
Acanthocephalus anguillae,Lithuania,55.169438,23.881275,freshwater
Neoechinorhynchus rutili,Lithuania,55.169438,23.881275,freshwater
Pomphorhynchus laevis,North Sea,56.511018,3.515625,freshwater
Pomphorhynchus laevis,Eire + N. Ireland,54.7877149,-6.4923145,freshwater
Acanthocephalus anguillae,Eire + N. Ireland,54.7877149,-6.4923145,freshwater
Profilicollis botulus,British Columbia,53.7266683,-127.6476205,marine
Leptorhynchoides thecatus,Nebraska,41.4925374,-99.9018131,freshwater
Pomphorhynchus bulbocolli,Iowa,41.8780025,-93.097702,freshwater
Leptorhynchoides thecatus,Iowa,41.8780025,-93.097702,freshwater
Acanthocephalus lucii,Byelorussia,53.709807,27.953389,freshwater
Echinorhynchus salmonis,Finland,61.92410999999999,25.7481511,freshwater
Pomphorhynchus laevis,Baltic Sea,58.48795200000001,19.863281,freshwater
Echinorhynchus gadi,Baltic Sea,58.48795200000001,19.863281,marine
Moniliformis moniliformis,"England, Wales + Isle of Man",54.236107,-4.548056,terrestrial
Moniliformis moniliformis,Florida,27.6648274,-81.5157535,terrestrial
Acanthocephalus lucii,Yugoslavia,37.09024,-95.712891,freshwater
Acanthocephalus anguillae,Yugoslavia,37.09024,-95.712891,freshwater
Pomphorhynchus laevis,Yugoslavia,37.09024,-95.712891,freshwater
Neoechinorhynchus rutili,Germany,51.165691,10.451526,freshwater
Pomphorhynchus laevis,Mexico,23.634501,-102.552784,freshwater
Acanthocephalus anguillae,Mexico,23.634501,-102.552784,freshwater
Acanthocephalus lucii,Finno-Karelian ASSR,63.15587019999999,32.9905552,freshwater
Neoechinorhynchus rutili,Finland,61.92410999999999,25.7481511,freshwater
Acanthocephalus lucii,Finland,61.92410999999999,25.7481511,freshwater
Acanthocephalus anguillae,Finland,61.92410999999999,25.7481511,freshwater
Echinorhynchus salmonis,Ontario,51.253775,-85.323214,freshwater
Echinorhynchus gadi,Atlantic Ocean,-14.5994134,-28.6731465,marine
Fessisentis friedi,New Brunswick,46.5653163,-66.46191639999999,freshwater
Echinorhynchus gadi,New Brunswick,46.5653163,-66.46191639999999,marine
Corynosoma strumosum,British Columbia,53.7266683,-127.6476205,marine
Leptorhynchoides thecatus,Ontario,51.253775,-85.323214,freshwater
Pomphorhynchus bulbocolli,Ontario,51.253775,-85.323214,freshwater
Acanthocephalus dirus,Ontario,51.253775,-85.323214,freshwater
Echinorhynchus salmonis,Alberta,53.9332706,-116.5765035,freshwater
Echinorhynchus salmonis,Manitoba,53.7608608,-98.8138762,freshwater
Pomphorhynchus bulbocolli,Alberta,53.9332706,-116.5765035,freshwater
Echinorhynchus leidyi,Arctic Ocean,65.2481624,-60.4620977,freshwater
Echinorhynchus leidyi,Ontario,51.253775,-85.323214,freshwater
Neoechinorhynchus cylindratus,Manitoba,53.7608608,-98.8138762,freshwater
Neoechinorhynchus rutili,British Columbia,53.7266683,-127.6476205,freshwater
Pomphorhynchus bulbocolli,British Columbia,53.7266683,-127.6476205,freshwater
Echinorhynchus leidyi,Manitoba,53.7608608,-98.8138762,freshwater
Echinorhynchus leidyi,Northwest Territories,64.8255441,-124.8457334,freshwater
Echinorhynchus salmonis,Northwest Territories,64.8255441,-124.8457334,freshwater
Echinorhynchus gadi,British Columbia,53.7266683,-127.6476205,marine
Neoechinorhynchus saginatus,British Columbia,53.7266683,-127.6476205,freshwater
Neoechinorhynchus rutili,Ontario,51.253775,-85.323214,freshwater
Neoechinorhynchus saginatus,Ontario,51.253775,-85.323214,freshwater
Neoechinorhynchus rutili,Yukon,64.2823274,-135,freshwater
Echinorhynchus gadi,Quebec,52.9399159,-73.5491361,marine
Echinorhynchus gadi,Nova Scotia,44.68198659999999,-63.744311,marine
Echinorhynchus gadi,Alberta,53.9332706,-116.5765035,marine
Neoechinorhynchus rutili,New Brunswick,46.5653163,-66.46191639999999,freshwater
Pomphorhynchus bulbocolli,New Brunswick,46.5653163,-66.46191639999999,freshwater
Pomphorhynchus bulbocolli,Nova Scotia,44.68198659999999,-63.744311,freshwater
Echinorhynchus gadi,Northwest Territories,64.8255441,-124.8457334,marine
Neoechinorhynchus rutili,Northwest Territories,64.8255441,-124.8457334,freshwater
Echinorhynchus gadi,Arctic Ocean,65.2481624,-60.4620977,marine
Echinorhynchus leidyi,Quebec,52.9399159,-73.5491361,freshwater
Echinorhynchus salmonis,Quebec,52.9399159,-73.5491361,freshwater
Leptorhynchoides thecatus,Quebec,52.9399159,-73.5491361,freshwater
Leptorhynchoides thecatus,Labrador,48.66,-56.22,freshwater
Neoechinorhynchus cylindratus,Ontario,51.253775,-85.323214,freshwater
Neoechinorhynchus cylindratus,Quebec,52.9399159,-73.5491361,freshwater
Neoechinorhynchus cristatus,British Columbia,53.7266683,-127.6476205,freshwater
Neoechinorhynchus cylindratus,British Columbia,53.7266683,-127.6476205,freshwater
Neoechinorhynchus rutili,Alberta,53.9332706,-116.5765035,freshwater
Neoechinorhynchus cristatus,Alberta,53.9332706,-116.5765035,freshwater
Neoechinorhynchus cristatus,Quebec,52.9399159,-73.5491361,freshwater
Neoechinorhynchus cristatus,Labrador,48.66,-56.22,freshwater
Pomphorhynchus bulbocolli,Quebec,52.9399159,-73.5491361,freshwater
Neoechinorhynchus cristatus,Ontario,51.253775,-85.323214,freshwater
Polymorphus minutus,Finland,61.92410999999999,25.7481511,freshwater
Corynosoma strumosum,Atlantic Ocean,-14.5994134,-28.6731465,marine
Neoechinorhynchus rutili,Newfoundland,53.1355091,-57.6604364,freshwater
Neoechinorhynchus rutili,Labrador,48.66,-56.22,freshwater
Pomphorhynchus bulbocolli,Canada,56.130366,-106.346771,freshwater
Echinorhynchus gadi,Labrador,48.66,-56.22,marine
Corynosoma magdaleni,Atlantic Ocean,-14.5994134,-28.6731465,marine
Corynosoma semerme,Atlantic Ocean,-14.5994134,-28.6731465,marine
Corynosoma strumosum,Arctic Ocean,65.2481624,-60.4620977,marine
Moniliformis moniliformis,Uzbekistan,41.377491,64.585262,terrestrial
Macracanthorhynchus catulinus,Uzbekistan,41.377491,64.585262,terrestrial
Corynosoma australe,Southwest Atlantic,-14.5994134,-28.6731465,marine
Neoechinorhynchus rutili,Iraq,33.223191,43.679291,freshwater
Pomphorhynchus laevis,Tadzhikistan,38.861034,71.276093,freshwater
Acanthocephalus lucii,Eire + N. Ireland,54.7877149,-6.4923145,freshwater
Polymorphus marilis,Manitoba,53.7608608,-98.8138762,freshwater
Filicollis anatis,East Germany (!! USE Germany),51.165691,10.451526,freshwater
Neoechinorhynchus rutili,European USSR (CIS),54.5259614,15.2551187,freshwater
Acanthocephalus anguillae,European USSR (CIS),54.5259614,15.2551187,freshwater
Acanthocephalus lucii,European USSR (CIS),54.5259614,15.2551187,freshwater
Paratenuisentis ambiguus,Germany,51.165691,10.451526,freshwater
Macracanthorhynchus ingens,Kansas,39.011902,-98.4842465,terrestrial
Moniliformis moniliformis,Australia,-25.274398,133.775136,terrestrial
Oncicola pomatostomi,Australia,-25.274398,133.775136,terrestrial
Echinorhynchus gadi,Northeast Atlantic,39.370134,-77.40677199999999,marine
Bolbosoma vasculosum,Northeast Atlantic,39.370134,-77.40677199999999,marine
Plagiorhynchus cylindraceus,Arkansas,35.20105,-91.8318334,terrestrial
Mediorhynchus grandis,Arkansas,35.20105,-91.8318334,terrestrial
Corynosoma strumosum,"England, Wales + Isle of Man",54.236107,-4.548056,marine
Corynosoma strumosum,Scotland,56.49067119999999,-4.2026458,marine
Pomphorhynchus bulbocolli,Indiana,40.2671941,-86.1349019,freshwater
Acanthocephalus dirus,Indiana,40.2671941,-86.1349019,freshwater
Neoechinorhynchus cylindratus,Indiana,40.2671941,-86.1349019,freshwater
Pomphorhynchus bulbocolli,Lake Superior,47.723087,-86.940716,freshwater
Neoechinorhynchus rutili,Lake Superior,47.723087,-86.940716,freshwater
Bolbosoma balaenae,New South Wales,-31.2532183,146.921099,marine
Corynosoma australe,South Australia,-30.0002315,136.2091547,marine
Echinorhynchus borealis,Lake Baikal,53.5587003,108.1649965,freshwater
Neoechinorhynchus cristatus,Lake Superior,47.723087,-86.940716,freshwater
Leptorhynchoides thecatus,Lake Superior,47.723087,-86.940716,freshwater
Neoechinorhynchus cylindratus,Lake Superior,47.723087,-86.940716,freshwater
Leptorhynchoides thecatus,Lake Huron,45.0521793,-82.48509399999999,freshwater
Pomphorhynchus bulbocolli,Lake Huron,45.0521793,-82.48509399999999,freshwater
Neoechinorhynchus rutili,Lake Huron,45.0521793,-82.48509399999999,freshwater
Polymorphus paradoxus,Canada,56.130366,-106.346771,freshwater
Pallisentis nagpurensis,Bangladesh,23.684994,90.356331,freshwater
Aspersentis megarhynchus,Southwest Indian Ocean,-33.137551,81.826172,marine
Moniliformis moniliformis,European USSR (CIS),54.5259614,15.2551187,terrestrial
Neoechinorhynchus cristatus,Lake Huron,45.0521793,-82.48509399999999,freshwater
Echinorhynchus gadi,Mediterranean,34.5531284,18.0480105,marine
Corynosoma hamanni,Southwest Indian Ocean,-33.137551,81.826172,marine
Bolbosoma vasculosum,Southwest Indian Ocean,-33.137551,81.826172,marine
Bolbosoma vasculosum,Arabian Sea,12.2501506,64.33717,marine
Moniliformis moniliformis,Kazakstan,48.019573,66.923684,terrestrial
Neoechinorhynchus cylindratus,Lake Huron,45.0521793,-82.48509399999999,freshwater
Echinorhynchus gadi,Sea of Japan,38.848848,135,marine
Echinorhynchus truttae,Japan,36.204824,138.252924,freshwater
Pomphorhynchus bulbocolli,Lake Erie,42.0668852,-81.3399414,freshwater
Neoechinorhynchus cristatus,Lake Erie,42.0668852,-81.3399414,freshwater
Moniliformis moniliformis,Corsica,42.0396042,9.012892599999999,terrestrial
Leptorhynchoides thecatus,Lake Erie,42.0668852,-81.3399414,freshwater
Neoechinorhynchus cylindratus,Lake Erie,42.0668852,-81.3399414,freshwater
Neoechinorhynchus rutili,Lake Erie,42.0668852,-81.3399414,freshwater
Neoechinorhynchus rutili,Lake Ontario,43.6333482,-77.82706689999999,freshwater
Leptorhynchoides thecatus,Lake Ontario,43.6333482,-77.82706689999999,freshwater
Filicollis anatis,Italy,41.87194,12.56738,freshwater
Neoechinorhynchus saginatus,Lake Ontario,43.6333482,-77.82706689999999,freshwater
Neoechinorhynchus cristatus,Lake Ontario,43.6333482,-77.82706689999999,freshwater
Pomphorhynchus bulbocolli,Lake Ontario,43.6333482,-77.82706689999999,freshwater
Neoechinorhynchus cylindratus,Lake Ontario,43.6333482,-77.82706689999999,freshwater
Neoechinorhynchus rutili,Finno-Karelian ASSR,63.15587019999999,32.9905552,freshwater
Pomphorhynchus bulbocolli,Saskatchewan,52.9399159,-106.4508639,freshwater
Moniliformis moniliformis,Scotland,56.49067119999999,-4.2026458,terrestrial
Acanthocephalus anguillae,Finno-Karelian ASSR,63.15587019999999,32.9905552,freshwater
Echinorhynchus borealis,Finno-Karelian ASSR,63.15587019999999,32.9905552,freshwater
Corynosoma bullosum,Southwest Atlantic,-14.5994134,-28.6731465,marine
Corynosoma pseudohamanni,Southwest Atlantic,-14.5994134,-28.6731465,marine
Moniliformis clarki,Uzbekistan,41.377491,64.585262,terrestrial
Corynosoma strumosum,Iran,32.427908,53.688046,marine
Echinorhynchus gadi,North Sea,56.511018,3.515625,marine
Polymorphus minutus,Armenia,40.069099,45.038189,freshwater
Aspersentis megarhynchus,Southwest Atlantic,-14.5994134,-28.6731465,marine
Metacanthocephalus johnstoni,Southwest Atlantic,-14.5994134,-28.6731465,marine
Corynosoma hamanni,Southwest Atlantic,-14.5994134,-28.6731465,marine
Acanthocephalus anguillae,France,46.227638,2.213749,freshwater
Acanthocephalus lucii,France,46.227638,2.213749,freshwater
Pomphorhynchus laevis,France,46.227638,2.213749,freshwater
Corynosoma strumosum,Alaska,64.2008413,-149.4936733,marine
Corynosoma semerme,Alaska,64.2008413,-149.4936733,marine
Polymorphus minutus,Alaska,64.2008413,-149.4936733,freshwater
Filicollis anatis,Armenia,40.069099,45.038189,freshwater
Polymorphus minutus,Kazakstan,48.019573,66.923684,freshwater
Centrorhynchus aluconis,"Ukraine, incl. Moldavia",48.379433,31.1655799,terrestrial
Acanthocephalus anthuris,Spain + Andalusia,37.5442706,-4.7277528,freshwater
Centrorhynchus aluconis,Spain + Andalusia,37.5442706,-4.7277528,terrestrial
Moniliformis moniliformis,Balearic Islands,39.3587759,2.7356328,terrestrial
Bolbosoma vasculosum,Mediterranean,34.5531284,18.0480105,marine
Neoechinorhynchus cylindratus,Canada,56.130366,-106.346771,freshwater
Neoechinorhynchus rutili,Canada,56.130366,-106.346771,freshwater
Bolbosoma balaenae,Atlantic Ocean,-14.5994134,-28.6731465,marine
Bolbosoma vasculosum,Atlantic Ocean,-14.5994134,-28.6731465,marine
Corynosoma cetaceum,Atlantic Ocean,-14.5994134,-28.6731465,marine
Echinorhynchus truttae,"England, Wales + Isle of Man",54.236107,-4.548056,freshwater
Pomphorhynchus laevis,Italy,41.87194,12.56738,freshwater
Pomphorhynchus laevis,Greece,39.074208,21.824312,freshwater
Pomphorhynchus laevis,European USSR (CIS),54.5259614,15.2551187,freshwater
Golvanacanthus blennii,Black Sea,43.41302899999999,34.299316,marine
Filicollis anatis,Germany,51.165691,10.451526,freshwater
Plagiorhynchus cylindraceus,United States,37.09024,-95.712891,terrestrial
Moniliformis moniliformis,Indonesia & Malaysia,-0.789275,113.921327,terrestrial
Moniliformis moniliformis,Fijian Islands,-17.713371,178.065032,terrestrial
Corynosoma strumosum,Turkmenistan,38.969719,59.556278,marine
Macracanthorhynchus catulinus,Turkmenistan,38.969719,59.556278,terrestrial
Filicollis anatis,Kirgizia,41.20438,74.766098,freshwater
Moniliformis moniliformis,United States,37.09024,-95.712891,terrestrial
Acanthocephalus anguillae,Azerbaidzan,40.143105,47.576927,freshwater
Corynosoma strumosum,Azerbaidzan,40.143105,47.576927,marine
Pomphorhynchus laevis,Azerbaidzan,40.143105,47.576927,freshwater
Moniliformis moniliformis,Colorado,39.5500507,-105.7820674,terrestrial
Macracanthorhynchus ingens,Arkansas,35.20105,-91.8318334,terrestrial
Oligacanthorhynchus tortuosa,Arkansas,35.20105,-91.8318334,terrestrial
Neoechinorhynchus cylindratus,Louisiana,30.9842977,-91.96233269999999,freshwater
Corynosoma strumosum,North Sea,56.511018,3.515625,marine
Corynosoma strumosum,Baltic Sea,58.48795200000001,19.863281,marine
Centrorhynchus milvus,Senegal,14.497401,-14.452362,terrestrial
Moniliformis clarki,Florida,27.6648274,-81.5157535,terrestrial
Macracanthorhynchus ingens,Florida,27.6648274,-81.5157535,terrestrial
Moniliformis moniliformis,Iraq,33.223191,43.679291,terrestrial
Pomphorhynchus laevis,Austria,47.516231,14.550072,freshwater
Acanthocephalus lucii,Austria,47.516231,14.550072,freshwater
Acanthocephalus anguillae,Austria,47.516231,14.550072,freshwater
Polymorphus minutus,Germany,51.165691,10.451526,freshwater
Prosthenorchis elegans,"Ukraine, incl. Moldavia",48.379433,31.1655799,terrestrial
Corynosoma semerme,Northwest Territories,64.8255441,-124.8457334,marine
Echinorhynchus gadi,Western coast of British Isles,56.41323389999999,-5.472362899999999,marine
Mediorhynchus grandis,Oklahoma,35.0077519,-97.092877,terrestrial
Leptorhynchoides thecatus,New Hampshire/Vermont/Massachusetts/Connecticut/Rhode Is.,43.2509279,-71.9273024,freshwater
Bolbosoma balaenae,Arctic Ocean,65.2481624,-60.4620977,marine
Octospiniferoides chandleri,Mexico,23.634501,-102.552784,freshwater
Dollfusentis chandleri,Mexico,23.634501,-102.552784,marine
Polymorphus contortus,Baltic Sea,58.48795200000001,19.863281,freshwater
Centrorhynchus aluconis,Scotland,56.49067119999999,-4.2026458,terrestrial
Moniliformis clarki,Arkansas,35.20105,-91.8318334,terrestrial
Acanthocephalus tumescens,Chile,-35.675147,-71.542969,freshwater
Acanthocephalus anguillae,Baltic Sea,58.48795200000001,19.863281,freshwater
Acanthocephalus lucii,Baltic Sea,58.48795200000001,19.863281,freshwater
Pomphorhynchus laevis,Armenia,40.069099,45.038189,freshwater
Neoechinorhynchus rutili,Austria,47.516231,14.550072,freshwater
Acanthocephalus ranae,Austria,47.516231,14.550072,freshwater
Corynosoma strumosum,Austria,47.516231,14.550072,marine
Polymorphus contortus,Austria,47.516231,14.550072,freshwater
Polymorphus minutus,Austria,47.516231,14.550072,freshwater
Arhythmorhynchus frassoni,Austria,47.516231,14.550072,marine
Filicollis anatis,Austria,47.516231,14.550072,freshwater
Centrorhynchus aluconis,Austria,47.516231,14.550072,terrestrial
Prosthenorchis elegans,Austria,47.516231,14.550072,terrestrial
Corynosoma strumosum,Georgia (USSR),42.315407,43.35689199999999,marine
Echinorhynchus borealis,Finland,61.92410999999999,25.7481511,freshwater
Pomphorhynchus laevis,Georgia (USSR),42.315407,43.35689199999999,freshwater
Acanthocephalus anguillae,Georgia (USSR),42.315407,43.35689199999999,freshwater
Echinorhynchus salmonis,Baltic Sea,58.48795200000001,19.863281,freshwater
Echinorhynchus gadi,Finland,61.92410999999999,25.7481511,marine
Neoechinorhynchus rutili,Georgia (USSR),42.315407,43.35689199999999,freshwater
Acanthocephalus dirus,Lake Superior,47.723087,-86.940716,freshwater
Echinorhynchus salmonis,Lake Superior,47.723087,-86.940716,freshwater
Macracanthorhynchus ingens,North Carolina,35.7595731,-79.01929969999999,terrestrial
Echinorhynchus truttae,Baltic Sea,58.48795200000001,19.863281,freshwater
Polymorphus minutus,Baltic Sea,58.48795200000001,19.863281,freshwater
Centrorhynchus aluconis,"England, Wales + Isle of Man",54.236107,-4.548056,terrestrial
Plagiorhynchus cylindraceus,"England, Wales + Isle of Man",54.236107,-4.548056,terrestrial
Echinorhynchus gadi,Norwegian Sea,68.8773537,3.13966,marine
Echinorhynchus bothniensis,Finland,61.92410999999999,25.7481511,freshwater
Echinorhynchus salmonis,Indiana,40.2671941,-86.1349019,freshwater
Moniliformis clarki,Japan,36.204824,138.252924,terrestrial
Neoechinorhynchus rutili,Yugoslavia,37.09024,-95.712891,freshwater
Echinorhynchus truttae,Scotland,56.49067119999999,-4.2026458,freshwater
Acanthocephalus anguillae,Italy,41.87194,12.56738,freshwater
Polymorphus cincli,"Ukraine, incl. Moldavia",48.379433,31.1655799,freshwater
Macracanthorhynchus catulinus,"Ukraine, incl. Moldavia",48.379433,31.1655799,terrestrial
Southwellina hispida,Florida,27.6648274,-81.5157535,marine
Corynosoma strumosum,Eire + N. Ireland,54.7877149,-6.4923145,marine
Acanthocephalus anthuris,Greece,39.074208,21.824312,freshwater
Acanthocephalus ranae,Greece,39.074208,21.824312,freshwater
Fessisentis fessus,Louisiana,30.9842977,-91.96233269999999,freshwater
Polymorphus paradoxus,Alberta,53.9332706,-116.5765035,freshwater
Corynosoma australe,Chilean coast,-32.98,-71.00999999999999,marine
Acanthocephalus ranae,Uzbekistan,41.377491,64.585262,freshwater
Moniliformis moniliformis,Iran,32.427908,53.688046,terrestrial
Filicollis anatis,Iraq,33.223191,43.679291,freshwater
Polymorphus minutus,Iraq,33.223191,43.679291,freshwater
Acanthocephalus lucii,Greece,39.074208,21.824312,freshwater
Profilicollis botulus,North Sea,56.511018,3.515625,marine
Bolbosoma vasculosum,Off Azores/Canary/Cape Verde Isles,28.2915637,-16.6291304,marine
Corynosoma semerme,Baltic Sea,58.48795200000001,19.863281,marine
Echinorhynchus gadi,Greenland,71.706936,-42.604303,marine
Filicollis anatis,Indian Region,22,79,freshwater
Neoechinorhynchus cylindratus,North Carolina,35.7595731,-79.01929969999999,freshwater
Oligacanthorhynchus tortuosa,Nearctic,53.569001,-113.571487,terrestrial
Corynosoma bullosum,Atlantic Ocean,-14.5994134,-28.6731465,marine
Corynosoma cetaceum,Chilean coast,-32.98,-71.00999999999999,marine
Corynosoma strumosum,Iceland,64.963051,-19.020835,marine
Corynosoma semerme,Iceland,64.963051,-19.020835,marine
Corynosoma magdaleni,Iceland,64.963051,-19.020835,marine
Echinorhynchus gadi,West Coast of Norway,60.4121981,5.3222701,marine
Corynosoma semerme,West Coast of Norway,60.4121981,5.3222701,marine
Golvanacanthus blennii,"Ukraine, incl. Moldavia",48.379433,31.1655799,marine
Neoechinorhynchus rutili,"Ukraine, incl. Moldavia",48.379433,31.1655799,freshwater
Echinorhynchus borealis,"Ukraine, incl. Moldavia",48.379433,31.1655799,freshwater
Acanthocephalus lucii,"Ukraine, incl. Moldavia",48.379433,31.1655799,freshwater
Acanthocephalus anguillae,"Ukraine, incl. Moldavia",48.379433,31.1655799,freshwater
Pomphorhynchus laevis,"Ukraine, incl. Moldavia",48.379433,31.1655799,freshwater
Leptorhynchoides thecatus,Louisiana,30.9842977,-91.96233269999999,freshwater
Acanthocephalus clavula,Finno-Karelian ASSR,63.15587019999999,32.9905552,freshwater
Corynosoma strumosum,Finno-Karelian ASSR,63.15587019999999,32.9905552,marine
Polymorphus minutus,Black Sea,43.41302899999999,34.299316,freshwater
Plagiorhynchus cylindraceus,"Ukraine, incl. Moldavia",48.379433,31.1655799,terrestrial
Acanthocephalus tumescens,Argentina,-38.416097,-63.61667199999999,freshwater
Neoechinorhynchus cylindratus,Nova Scotia,44.68198659999999,-63.744311,freshwater
Acanthocephalus lucii,Italy,41.87194,12.56738,freshwater
Golvanacanthus blennii,Italy,41.87194,12.56738,marine
Neoechinorhynchus rutili,Italy,41.87194,12.56738,freshwater
Echinorhynchus salmonis,Nova Scotia,44.68198659999999,-63.744311,freshwater
Acanthocephalus dirus,Great Lakes,45.0522366,-82.4846115,freshwater
Echinorhynchus leidyi,Great Lakes,45.0522366,-82.4846115,freshwater
Echinorhynchus salmonis,Great Lakes,45.0522366,-82.4846115,freshwater
Leptorhynchoides thecatus,Great Lakes,45.0522366,-82.4846115,freshwater
Neoechinorhynchus rutili,Great Lakes,45.0522366,-82.4846115,freshwater
Pomphorhynchus bulbocolli,Great Lakes,45.0522366,-82.4846115,freshwater
Acanthocephalus lucii,Norway,60.47202399999999,8.468945999999999,freshwater
Echinorhynchus gadi,Norway,60.47202399999999,8.468945999999999,marine
Macracanthorhynchus catulinus,"England, Wales + Isle of Man",54.236107,-4.548056,terrestrial
Polymorphus minutus,Italy,41.87194,12.56738,freshwater
Neoechinorhynchus emydis,Italy,41.87194,12.56738,freshwater
Southwellina hispida,Italy,41.87194,12.56738,marine
Neoechinorhynchus rutili,Norway,60.47202399999999,8.468945999999999,freshwater
Profilicollis botulus,Iceland,64.963051,-19.020835,marine
Polymorphus minutus,Iceland,64.963051,-19.020835,freshwater
Corynosoma cetaceum,Indian Ocean,-33.137551,81.826172,marine
Corynosoma semerme,Arctic Ocean,65.2481624,-60.4620977,marine
Profilicollis botulus,Norway,60.47202399999999,8.468945999999999,marine
Acanthocephalus ranae,District of Columbia/Delaware/New Jersey/Maryland,39.0457549,-76.64127119999999,freshwater
Acanthocephalus dirus,District of Columbia/Delaware/New Jersey/Maryland,39.0457549,-76.64127119999999,freshwater
Moniliformis clarki,Lake Baikal,53.5587003,108.1649965,terrestrial
Macracanthorhynchus catulinus,Lake Baikal,53.5587003,108.1649965,terrestrial
Acanthocephalus lucii,Belgium + Luxembourg,50.0546886,5.467698299999999,freshwater
Acanthocephalus anguillae,Belgium + Luxembourg,50.0546886,5.467698299999999,freshwater
Corynosoma strumosum,Byelorussia,53.709807,27.953389,marine
Echinorhynchus gadi,Sea of Okhotsk,52.87362299999999,149.3658173,marine
Echinorhynchus leidyi,Sea of Okhotsk,52.87362299999999,149.3658173,freshwater
Corynosoma strumosum,Sea of Japan,38.848848,135,marine
Acanthocephalus clavula,Eire + N. Ireland,54.7877149,-6.4923145,freshwater
Pomphorhynchus laevis,Northeast Atlantic,39.370134,-77.40677199999999,freshwater
Acanthocephalus clavula,Northeast Atlantic,39.370134,-77.40677199999999,freshwater
Acanthocephalus lucii,Northeast Atlantic,39.370134,-77.40677199999999,freshwater
Echinorhynchus truttae,Northeast Atlantic,39.370134,-77.40677199999999,freshwater
Bolbosoma vasculosum,Ligurian Sea,43.7542275,8.8362755,marine
Fessisentis necturorum,West Virginia,38.5976262,-80.4549026,freshwater
Acanthocephalus dirus,Mexico,23.634501,-102.552784,freshwater
Corynosoma strumosum,United States,37.09024,-95.712891,marine
Southwellina hispida,United States,37.09024,-95.712891,marine
Leptorhynchoides thecatus,United States,37.09024,-95.712891,freshwater
Moniliformis moniliformis,Germany,51.165691,10.451526,terrestrial
Pomphorhynchus laevis,Scotland,56.49067119999999,-4.2026458,freshwater
Acanthocephalus lucii,Egypt,26.820553,30.802498,freshwater
Acanthocephalus anguillae,Norway,60.47202399999999,8.468945999999999,freshwater
Echinorhynchus truttae,Norway,60.47202399999999,8.468945999999999,freshwater
Polymorphus minutus,Scotland,56.49067119999999,-4.2026458,freshwater
Acanthocephalus dirus,Lake Michigan,43.4501005,-87.22201869999999,freshwater
Acanthocephalus dirus,Lake Huron,45.0521793,-82.48509399999999,freshwater
Echinorhynchus leidyi,Lake Michigan,43.4501005,-87.22201869999999,freshwater
Echinorhynchus leidyi,Lake Huron,45.0521793,-82.48509399999999,freshwater
Echinorhynchus salmonis,Lake Michigan,43.4501005,-87.22201869999999,freshwater
Echinorhynchus salmonis,Lake Huron,45.0521793,-82.48509399999999,freshwater
Echinorhynchus salmonis,Lake Ontario,43.6333482,-77.82706689999999,freshwater
Fessisentis necturorum,Louisiana,30.9842977,-91.96233269999999,freshwater
Pomphorhynchus bulbocolli,New Hampshire/Vermont/Massachusetts/Connecticut/Rhode Is.,43.2509279,-71.9273024,freshwater
Leptorhynchoides thecatus,Tennessee,35.5174913,-86.5804473,freshwater
Leptorhynchoides thecatus,Indiana,40.2671941,-86.1349019,freshwater
Polymorphus minutus,Egypt,26.820553,30.802498,freshwater
Pomphorhynchus laevis,Europe,54.5259614,15.2551187,freshwater
Acanthocephalus anguillae,Europe,54.5259614,15.2551187,freshwater
Acanthocephalus lucii,Europe,54.5259614,15.2551187,freshwater
Neoechinorhynchus rutili,Europe,54.5259614,15.2551187,freshwater
Moniliformis moniliformis,Japan,36.204824,138.252924,terrestrial
Corynosoma semerme,European USSR (CIS),54.5259614,15.2551187,marine
Corynosoma strumosum,European USSR (CIS),54.5259614,15.2551187,marine
Echinorhynchus truttae,Lake Baikal,53.5587003,108.1649965,freshwater
Echinorhynchus salmonis,Lake Baikal,53.5587003,108.1649965,freshwater
Echinorhynchus gadi,European USSR (CIS),54.5259614,15.2551187,marine
Pomphorhynchus bulbocolli,Nebraska,41.4925374,-99.9018131,freshwater
Southwellina hispida,Hawaiian Islands,19.8967662,-155.5827818,marine
Acanthocephalus dirus,United States,37.09024,-95.712891,freshwater
Tegorhynchus furcatus,Gulf of Mexico,25.304304,-90.065918,marine
Tegorhynchus furcatus,Caribbean Sea,14.5401107,-74.9676365,marine
Atactorhynchus verecundus,Gulf of Mexico,25.304304,-90.065918,freshwater
Polymorphus trochus,Nearctic,53.569001,-113.571487,freshwater
Southwellina hispida,Gulf of Mexico,25.304304,-90.065918,marine
Caballerorhynchus lamothei,Gulf of Mexico,25.304304,-90.065918,marine
Echinorhynchus salmonis,United States,37.09024,-95.712891,freshwater
Mediorhynchus grandis,District of Columbia/Delaware/New Jersey/Maryland,39.0457549,-76.64127119999999,terrestrial
Moniliformis moniliformis,Costa Rica,9.748916999999999,-83.753428,terrestrial
Moniliformis moniliformis,Mexico,23.634501,-102.552784,terrestrial
Neoechinorhynchus emydis,Mexico,23.634501,-102.552784,freshwater
Neoechinorhynchus emydis,United States,37.09024,-95.712891,freshwater
Oligacanthorhynchus tortuosa,Mexico,23.634501,-102.552784,terrestrial
Prosthenorchis elegans,Mexico,23.634501,-102.552784,terrestrial
Southwellina hispida,Mexico,23.634501,-102.552784,marine
Pomphorhynchus bulbocolli,Mexico,23.634501,-102.552784,freshwater
Neoechinorhynchus emydis,Wisconsin,43.7844397,-88.7878678,freshwater
Moniliformis moniliformis,Egypt,26.820553,30.802498,terrestrial
Neoechinorhynchus saginatus,Quebec,52.9399159,-73.5491361,freshwater
Bolbosoma vasculosum,Caribbean Sea,14.5401107,-74.9676365,marine
Neoechinorhynchus rutili,Eire + N. Ireland,54.7877149,-6.4923145,freshwater
Moniliformis moniliformis,Puerto Rico,18.220833,-66.590149,terrestrial
Macracanthorhynchus catulinus,Spain + Andalusia,37.5442706,-4.7277528,terrestrial
Bolbosoma vasculosum,Western Mediterranean,34.5531284,18.0480105,marine
Centrorhynchus aluconis,Balearic Islands,39.3587759,2.7356328,terrestrial
Echinorhynchus truttae,Spain + Andalusia,37.5442706,-4.7277528,freshwater
Moniliformis moniliformis,Spain + Andalusia,37.5442706,-4.7277528,terrestrial
Bolbosoma nipponicum,Coast of Japan,35.4543846,139.644207,marine
Pomphorhynchus laevis,Western coast of British Isles,56.41323389999999,-5.472362899999999,freshwater
Acanthocephalus lucii,Western coast of British Isles,56.41323389999999,-5.472362899999999,freshwater
Bolbosoma vasculosum,NW African coast,-8.783195,34.508523,marine
Pomphorhynchus laevis,Switzerland + Lichtenstein,47.3682887,8.5374552,freshwater
Macracanthorhynchus ingens,Nearctic,53.569001,-113.571487,terrestrial
Corynosoma strumosum,Quebec,52.9399159,-73.5491361,marine
Neoechinorhynchus rutili,Northeast Atlantic,39.370134,-77.40677199999999,freshwater
Paratenuisentis ambiguus,Northeast Atlantic,39.370134,-77.40677199999999,freshwater
Acanthocephalus anguillae,Northeast Atlantic,39.370134,-77.40677199999999,freshwater
Echinorhynchus salmonis,Northeast Atlantic,39.370134,-77.40677199999999,freshwater
Corynosoma semerme,Northeast Atlantic,39.370134,-77.40677199999999,marine
Corynosoma strumosum,Northeast Atlantic,39.370134,-77.40677199999999,marine
Polymorphus minutus,Northeast Atlantic,39.370134,-77.40677199999999,freshwater
Macracanthorhynchus ingens,Pennsylvania,41.2033216,-77.1945247,terrestrial
Moniliformis moniliformis,California,36.778261,-119.4179324,terrestrial
Echinorhynchus salmonis,Nearctic,53.569001,-113.571487,freshwater
Neoechinorhynchus cylindratus,Nearctic,53.569001,-113.571487,freshwater
Neoechinorhynchus rutili,Nearctic,53.569001,-113.571487,freshwater
Pomphorhynchus bulbocolli,Nearctic,53.569001,-113.571487,freshwater
Polymorphus minutus,Eire + N. Ireland,54.7877149,-6.4923145,freshwater
Acanthocephalus lucii,Switzerland + Lichtenstein,47.3682887,8.5374552,freshwater
Macracanthorhynchus ingens,Louisiana,30.9842977,-91.96233269999999,terrestrial
Macracanthorhynchus ingens,United States,37.09024,-95.712891,terrestrial
Plagiorhynchus cylindraceus,Nebraska,41.4925374,-99.9018131,terrestrial
Pomphorhynchus laevis,Norway,60.47202399999999,8.468945999999999,freshwater
Neoechinorhynchus emydis,Louisiana,30.9842977,-91.96233269999999,freshwater
Neoechinorhynchus emydis,Arkansas,35.20105,-91.8318334,freshwater
Macracanthorhynchus catulinus,Byelorussia,53.709807,27.953389,terrestrial
Acanthocephalus ranae,Byelorussia,53.709807,27.953389,freshwater
Caballerorhynchus lamothei,Mexico,23.634501,-102.552784,marine
Polymorphus minutus,France,46.227638,2.213749,freshwater
Neoechinorhynchus rutili,Russia (Asian),61.52401,105.318756,freshwater
Echinorhynchus gadi,Russia (Asian),61.52401,105.318756,marine
Corynosoma strumosum,Russia (Asian),61.52401,105.318756,marine
Corynosoma strumosum,Europe,54.5259614,15.2551187,marine
Corynosoma semerme,Europe,54.5259614,15.2551187,marine
Acanthocephalus clavula,Europe,54.5259614,15.2551187,freshwater
Corynosoma semerme,Finno-Karelian ASSR,63.15587019999999,32.9905552,marine
Neoechinorhynchus rutili,Yakut ASSR,66.7613451,124.123753,freshwater
Acanthocephalus anthuris,Italy,41.87194,12.56738,freshwater
Arhythmorhynchus frassoni,Italy,41.87194,12.56738,marine
Echinorhynchus truttae,Italy,41.87194,12.56738,freshwater
Neoechinorhynchus rutili,Russia (European),54.5259614,15.2551187,freshwater
Acanthocephalus anguillae,Russia (European),54.5259614,15.2551187,freshwater
Acanthocephalus lucii,Russia (European),54.5259614,15.2551187,freshwater
Corynosoma strumosum,Germany,51.165691,10.451526,marine
Filicollis anatis,Europe,54.5259614,15.2551187,freshwater
Echinorhynchus salmonis,Wisconsin,43.7844397,-88.7878678,freshwater
Acanthocephalus lucii,Estonia + Latvia,56.95962400000001,24.1016552,freshwater
Bolbosoma balaenae,Pacific coast of USA,62.4113634,-149.0729714,marine
Fessisentis friedi,Nearctic,53.569001,-113.571487,freshwater
Echinorhynchus gadi,Nearctic,53.569001,-113.571487,marine
Corynosoma strumosum,Nearctic,53.569001,-113.571487,marine
Echinorhynchus gadi,Finno-Karelian ASSR,63.15587019999999,32.9905552,marine
Pomphorhynchus laevis,Finno-Karelian ASSR,63.15587019999999,32.9905552,freshwater
Moniliformis moniliformis,Louisiana,30.9842977,-91.96233269999999,terrestrial
Echinorhynchus gadi,Coast of Japan,35.4543846,139.644207,marine
Moniliformis moniliformis,Vietnam,14.058324,108.277199,terrestrial
Bolbosoma vasculosum,Coast of Philippines,11.9574918,121.9269656,marine
Pomphorhynchus bulbocolli,United States,37.09024,-95.712891,freshwater
Corynosoma magdaleni,Baltic Sea,58.48795200000001,19.863281,marine
Sphaerirostris picae,"Ukraine, incl. Moldavia",48.379433,31.1655799,terrestrial
Moniliformis moniliformis,"Ukraine, incl. Moldavia",48.379433,31.1655799,terrestrial
Corynosoma strumosum,New Zealand coast,-42.6919232,171.3399414,marine
Paratenuisentis ambiguus,France,46.227638,2.213749,freshwater
Acanthocephalus clavula,Atlantic Ocean,-14.5994134,-28.6731465,freshwater
Acanthocephalus lucii,Atlantic Ocean,-14.5994134,-28.6731465,freshwater
Echinorhynchus salmonis,Atlantic Ocean,-14.5994134,-28.6731465,freshwater
Neoechinorhynchus rutili,Atlantic Ocean,-14.5994134,-28.6731465,freshwater
Pomphorhynchus laevis,Atlantic Ocean,-14.5994134,-28.6731465,freshwater
Corynosoma bullosum,South Georgia,-54.4138333,-36.5827165,marine
Profilicollis novaezelandensis,New Zealand coast,-42.6919232,171.3399414,marine
Arhythmorhynchus frassoni,Florida,27.6648274,-81.5157535,marine
Profilicollis altmani,North Carolina,35.7595731,-79.01929969999999,marine
Profilicollis altmani,California,36.778261,-119.4179324,marine
Mediorhynchus grandis,Australia,-25.274398,133.775136,terrestrial
Echinorhynchus gadi,East China Sea/ Yellow Sea,35.4942771,123.7964613,marine
Echinorhynchus salmonis,East China Sea/ Yellow Sea,35.4942771,123.7964613,freshwater
Arhythmorhynchus frassoni,East China Sea/ Yellow Sea,35.4942771,123.7964613,marine
Bolbosoma vasculosum,South China Sea,15.488092,114.404754,marine
Polymorphus minutus,East China Sea/ Yellow Sea,35.4942771,123.7964613,freshwater
Acanthocephalus clavula,Spain + Andalusia,37.5442706,-4.7277528,freshwater
Corynosoma strumosum,Western coast of British Isles,56.41323389999999,-5.472362899999999,marine
Bolbosoma vasculosum,Bay of Bengal,13.531665,87.5395855,marine
Mediorhynchus centurorum,Florida,27.6648274,-81.5157535,terrestrial
Corynosoma strumosum,Pacific coast of USA,62.4113634,-149.0729714,marine
Echinorhynchus gadi,Pacific coast of USA,62.4113634,-149.0729714,marine
Moniliformis moniliformis,Eastern & Central Europe,48.66,19.5,terrestrial
Acanthocephalus dirus,Canada,56.130366,-106.346771,freshwater
Corynosoma semerme,United States,37.09024,-95.712891,marine
Echinorhynchus leidyi,Canada,56.130366,-106.346771,freshwater
Echinorhynchus salmonis,Canada,56.130366,-106.346771,freshwater
Leptorhynchoides thecatus,Canada,56.130366,-106.346771,freshwater
Neoechinorhynchus cylindratus,United States,37.09024,-95.712891,freshwater
Neoechinorhynchus rutili,United States,37.09024,-95.712891,freshwater
Neoechinorhynchus saginatus,United States,37.09024,-95.712891,freshwater
Acanthocephalus lucii,Black Sea,43.41302899999999,34.299316,freshwater
Corynosoma australe,Uruguay,-32.522779,-55.765835,marine
Polymorphus trochus,Florida,27.6648274,-81.5157535,freshwater
Golvanacanthus blennii,Mediterranean,34.5531284,18.0480105,marine
Corynosoma magdaleni,Finland,61.92410999999999,25.7481511,marine
Neoechinorhynchus rutili,Iran,32.427908,53.688046,freshwater
Plagiorhynchus cylindraceus,Florida,27.6648274,-81.5157535,terrestrial
Mediorhynchus grandis,Florida,27.6648274,-81.5157535,terrestrial
Plagiorhynchus cylindraceus,Pennsylvania,41.2033216,-77.1945247,terrestrial
Avitellina centripunctata,Kuwait,29.31166,47.481766,terrestrial
Moniezia expansa,Kuwait,29.31166,47.481766,terrestrial
Hymenolepis nana,Bahrain,26.0667,50.5577,terrestrial
Taenia parva,Egypt,26.820553,30.802498,terrestrial
Echinococcus multilocularis,Alaska,64.2008413,-149.4936733,terrestrial
Austramphilina elongata,New South Wales,-31.2532183,146.921099,freshwater
Echinococcus granulosus,Kuwait,29.31166,47.481766,terrestrial
Taenia saginata,Taiwan,23.69781,120.960515,terrestrial
Taenia solium,Taiwan,23.69781,120.960515,terrestrial
Joyeuxiella pasqualei,Greece,39.074208,21.824312,terrestrial
Taenia taeniaeformis,Eire + N. Ireland,54.7877149,-6.4923145,terrestrial
Taenia taeniaeformis,Arkansas,35.20105,-91.8318334,terrestrial
Spirometra mansonoides,Arkansas,35.20105,-91.8318334,terrestrial
Taenia madoquae,Kenya,-0.023559,37.906193,terrestrial
Taenia saginata,Belgium + Luxembourg,50.0546886,5.467698299999999,terrestrial
Echinococcus granulosus,Spain + Andalusia,37.5442706,-4.7277528,terrestrial
Echinococcus granulosus,"England, Wales + Isle of Man",54.236107,-4.548056,terrestrial
Schistocephalus solidus,Norway,60.47202399999999,8.468945999999999,freshwater
Eubothrium crassum,"England, Wales + Isle of Man",54.236107,-4.548056,freshwater
Diphyllobothrium ditremum,Scotland,56.49067119999999,-4.2026458,freshwater
Bothriocephalus claviceps,"England, Wales + Isle of Man",54.236107,-4.548056,freshwater
Echinococcus multilocularis,Montana,46.8796822,-110.3625658,terrestrial
Ligula intestinalis,"England, Wales + Isle of Man",54.236107,-4.548056,freshwater
Diphyllobothrium ditremum,Canada,56.130366,-106.346771,freshwater
Diphyllobothrium dendriticum,Canada,56.130366,-106.346771,freshwater
Eubothrium salvelini,Canada,56.130366,-106.346771,freshwater
Taenia solium,Hong Kong,22.396428,114.109497,terrestrial
Diphyllobothrium latum,Finland,61.92410999999999,25.7481511,terrestrial
Diphyllobothrium dendriticum,Finland,61.92410999999999,25.7481511,freshwater
Diphyllobothrium ditremum,Finland,61.92410999999999,25.7481511,freshwater
Wardium paraporale,Alberta,53.9332706,-116.5765035,freshwater
Ligula intestinalis,Alberta,53.9332706,-116.5765035,freshwater
Schistocephalus solidus,Alberta,53.9332706,-116.5765035,freshwater
Schistotaenia srivastavai,Alberta,53.9332706,-116.5765035,freshwater
Schistotaenia tenuicirrus,Alberta,53.9332706,-116.5765035,freshwater
Schistotaenia colymba,Alberta,53.9332706,-116.5765035,freshwater
Lateriporus skrjabini,Alberta,53.9332706,-116.5765035,freshwater
Spirometra erinacei,Japan,36.204824,138.252924,terrestrial
Taenia hydatigena,Ethiopia (incl. Dhibouti),11.59516,43.146473,terrestrial
Echinococcus granulosus,Ethiopia (incl. Dhibouti),11.59516,43.146473,terrestrial
Amphilina foliacea,European USSR (CIS),54.5259614,15.2551187,freshwater
Bothriocephalus opsariichthydis,Georgia (USSR),42.315407,43.35689199999999,freshwater
Taenia solium,Mexico,23.634501,-102.552784,terrestrial
Moniezia expansa,Ontario,51.253775,-85.323214,terrestrial
Parabisaccanthes philactes,Eastern & Central Europe,48.66,19.5,freshwater
Bothriocephalus gregarius,Western Mediterranean,34.5531284,18.0480105,marine
Fimbriaria fasciolaris,Switzerland + Lichtenstein,47.3682887,8.5374552,freshwater
Microsomacanthus compressa,Switzerland + Lichtenstein,47.3682887,8.5374552,freshwater
Microsomacanthus paracompressa,Switzerland + Lichtenstein,47.3682887,8.5374552,freshwater
Microsomacanthus spiralibursata,Switzerland + Lichtenstein,47.3682887,8.5374552,freshwater
Sobolevicanthus krabbeella,Switzerland + Lichtenstein,47.3682887,8.5374552,freshwater
Sobolevicanthus gracilis,Switzerland + Lichtenstein,47.3682887,8.5374552,freshwater
Aploparaksis furcigera,Switzerland + Lichtenstein,47.3682887,8.5374552,terrestrial
Cloacotaenia megalops,Switzerland + Lichtenstein,47.3682887,8.5374552,freshwater
Parabisaccanthes philactes,Switzerland + Lichtenstein,47.3682887,8.5374552,freshwater
Diorchis inflata,Switzerland + Lichtenstein,47.3682887,8.5374552,freshwater
Diorchis brevis,Switzerland + Lichtenstein,47.3682887,8.5374552,freshwater
Diorchis ransomi,Switzerland + Lichtenstein,47.3682887,8.5374552,freshwater
Echinocotyle rosseteri,Switzerland + Lichtenstein,47.3682887,8.5374552,freshwater
Dicranotaenia coronula,Switzerland + Lichtenstein,47.3682887,8.5374552,freshwater
Taenia saginata,Switzerland + Lichtenstein,47.3682887,8.5374552,terrestrial
Hymenolepis nana,Switzerland + Lichtenstein,47.3682887,8.5374552,terrestrial
Echinococcus granulosus,Europe,54.5259614,15.2551187,terrestrial
Echinococcus multilocularis,Europe,54.5259614,15.2551187,terrestrial
Echinococcus oligarthrus,Neotropical,28.9337826,-95.30845339999999,terrestrial
Echinococcus vogeli,Neotropical,28.9337826,-95.30845339999999,terrestrial
Cloacotaenia megalops,Egypt,26.820553,30.802498,freshwater
Cloacotaenia megalops,Malawi,-13.254308,34.301525,freshwater
Cloacotaenia megalops,"England, Wales + Isle of Man",54.236107,-4.548056,freshwater
Cloacotaenia megalops,United States,37.09024,-95.712891,freshwater
Diphyllobothrium nihonkaiense,Japan,36.204824,138.252924,terrestrial
Fimbriaria fasciolaris,Bangladesh,23.684994,90.356331,freshwater
Taenia taeniaeformis,Japan,36.204824,138.252924,terrestrial
Taenia crassiceps,Japan,36.204824,138.252924,terrestrial
Echinococcus multilocularis,Japan,36.204824,138.252924,terrestrial
Bothriocephalus scorpii,Atlantic Ocean,-14.5994134,-28.6731465,marine
Hymenolepis diminuta,Colorado,39.5500507,-105.7820674,terrestrial
Echinococcus granulosus,Australia,-25.274398,133.775136,terrestrial
Stilesia globipunctata,Mauritania,21.00789,-10.940835,terrestrial
Avitellina centripunctata,Mauritania,21.00789,-10.940835,terrestrial
Ctenotaenia marmotae,Switzerland + Lichtenstein,47.3682887,8.5374552,terrestrial
Echinococcus multilocularis,France,46.227638,2.213749,terrestrial
Ligula intestinalis,East Germany (!! USE Germany),51.165691,10.451526,freshwater
Taenia martis,East Germany (!! USE Germany),51.165691,10.451526,terrestrial
Paranoplocephala omphalodes,Spain + Andalusia,37.5442706,-4.7277528,terrestrial
Echinococcus multilocularis,Mongolia,46.862496,103.846656,terrestrial
Metroliasthes lucida,New Hampshire/Vermont/Massachusetts/Connecticut/Rhode Is.,43.2509279,-71.9273024,terrestrial
Hymenolepis nana,Japan,36.204824,138.252924,terrestrial
Hymenolepis diminuta,Florida,27.6648274,-81.5157535,terrestrial
Taenia rileyi,Florida,27.6648274,-81.5157535,terrestrial
Taenia mustelae,Florida,27.6648274,-81.5157535,terrestrial
Cladotaenia circi,Florida,27.6648274,-81.5157535,terrestrial
Echinococcus granulosus,New South Wales,-31.2532183,146.921099,terrestrial
Echinococcus granulosus,Victoria,-37.01,144.75,terrestrial
Taenia polyacantha,Alaska,64.2008413,-149.4936733,terrestrial
Echinococcus granulosus,Sudan,12.862807,30.217636,terrestrial
Echinococcus granulosus,Kenya,-0.023559,37.906193,terrestrial
Echinococcus granulosus,Morocco,31.791702,-7.092619999999999,terrestrial
Bothriocephalus claviceps,Denmark,56.26392,9.501785,freshwater
Proteocephalus macrocephalus,Denmark,56.26392,9.501785,freshwater
Echinococcus granulosus,France,46.227638,2.213749,terrestrial
Taenia taeniaeformis,Australia,-25.274398,133.775136,terrestrial
Echinococcus granulosus,Jordan,30.585164,36.238414,terrestrial
Moniezia expansa,Pakistan,30.375321,69.34511599999999,terrestrial
Schistocephalus pungitii,Finno-Karelian ASSR,63.15587019999999,32.9905552,freshwater
Proteocephalus percae,Finno-Karelian ASSR,63.15587019999999,32.9905552,freshwater
Proteocephalus filicollis,Finno-Karelian ASSR,63.15587019999999,32.9905552,freshwater
Proteocephalus torulosus,Finno-Karelian ASSR,63.15587019999999,32.9905552,freshwater
Triaenophorus nodulosus,Finno-Karelian ASSR,63.15587019999999,32.9905552,freshwater
Mosgovoyia pectinata,Scotland,56.49067119999999,-4.2026458,terrestrial
Echinococcus granulosus,Libya,26.3351,17.228331,terrestrial
Diphyllobothrium dendriticum,Lake Baikal,53.5587003,108.1649965,freshwater
Diplopylidium acanthotetra,Spain + Andalusia,37.5442706,-4.7277528,terrestrial
Nematoparataenia southwelli,European USSR (CIS),54.5259614,15.2551187,freshwater
Taenia hydatigena,Germany,51.165691,10.451526,terrestrial
Echinococcus granulosus,Azerbaidzan,40.143105,47.576927,terrestrial
Moniezia expansa,Scotland,56.49067119999999,-4.2026458,terrestrial
Echinococcus granulosus,Scotland,56.49067119999999,-4.2026458,terrestrial
Proteocephalus ambloplitis,Wisconsin,43.7844397,-88.7878678,freshwater
Bothriocephalus opsariichthydis,"Ukraine, incl. Moldavia",48.379433,31.1655799,freshwater
Schistocephalus solidus,Scotland,56.49067119999999,-4.2026458,freshwater
Raillietina tetragona,Georgia (USSR),42.315407,43.35689199999999,terrestrial
Raillietina echinobothrida,Georgia (USSR),42.315407,43.35689199999999,terrestrial
Amoebotaenia cuneata,Georgia (USSR),42.315407,43.35689199999999,terrestrial
Bothriocephalus claviceps,Italy,41.87194,12.56738,freshwater
Proteocephalus macrocephalus,Italy,41.87194,12.56738,freshwater
Taenia crocutae,Transvaal,-23.59,29.13,terrestrial
Taenia hyaenae,Transvaal,-23.59,29.13,terrestrial
Taenia regis,Transvaal,-23.59,29.13,terrestrial
Eubothrium salvelini,Iceland,64.963051,-19.020835,freshwater
Diphyllobothrium dendriticum,Iceland,64.963051,-19.020835,freshwater
Diphyllobothrium ditremum,Iceland,64.963051,-19.020835,freshwater
Proteocephalus longicollis,Iceland,64.963051,-19.020835,freshwater
Hymenolepis nana,Guinea-Bissau,11.803749,-15.180413,terrestrial
Echinococcus granulosus,Uzbekistan,41.377491,64.585262,terrestrial
Taenia solium,United States,37.09024,-95.712891,terrestrial
Lacistorhynchus tenuis,Southwest Atlantic,-14.5994134,-28.6731465,marine
Grillotia erinaceus,Southwest Atlantic,-14.5994134,-28.6731465,marine
Amphilina foliacea,Caspian Sea,41.934977,50.66894500000001,freshwater
Bothrimonus fallax,Caspian Sea,41.934977,50.66894500000001,marine
Hymenolepis nana,Spain + Andalusia,37.5442706,-4.7277528,terrestrial
Taenia hydatigena,Ontario,51.253775,-85.323214,terrestrial
Taenia polyacantha,France,46.227638,2.213749,terrestrial
Taenia crassiceps,France,46.227638,2.213749,terrestrial
Taenia pisiformis,France,46.227638,2.213749,terrestrial
Diphyllobothrium dendriticum,British Columbia,53.7266683,-127.6476205,freshwater
Hymenolepis nana,Jordan,30.585164,36.238414,terrestrial
Taenia saginata,Jordan,30.585164,36.238414,terrestrial
Proteocephalus torulosus,Lithuania,55.169438,23.881275,freshwater
Proteocephalus macrocephalus,Lithuania,55.169438,23.881275,freshwater
Proteocephalus longicollis,Lithuania,55.169438,23.881275,freshwater
Proteocephalus thymalli,Lithuania,55.169438,23.881275,freshwater
Proteocephalus osculatus,Lithuania,55.169438,23.881275,freshwater
Proteocephalus cernuae,Lithuania,55.169438,23.881275,freshwater
Proteocephalus filicollis,Lithuania,55.169438,23.881275,freshwater
Paradilepis scolecina,Lithuania,55.169438,23.881275,freshwater
Proteocephalus percae,Lithuania,55.169438,23.881275,freshwater
Bothriocephalus scorpii,Lithuania,55.169438,23.881275,marine
Diphyllobothrium latum,Lithuania,55.169438,23.881275,terrestrial
Ligula intestinalis,Lithuania,55.169438,23.881275,freshwater
Bothriocephalus claviceps,Lithuania,55.169438,23.881275,freshwater
Schistocephalus solidus,Lithuania,55.169438,23.881275,freshwater
Eubothrium rugosum,Lithuania,55.169438,23.881275,freshwater
Eubothrium crassum,Lithuania,55.169438,23.881275,freshwater
Cyathocephalus truncatus,Lithuania,55.169438,23.881275,freshwater
Schistocephalus pungitii,Lithuania,55.169438,23.881275,freshwater
Caryophyllaeus laticeps,Lithuania,55.169438,23.881275,freshwater
Triaenophorus nodulosus,Lithuania,55.169438,23.881275,freshwater
Khawia sinensis,Lithuania,55.169438,23.881275,freshwater
Khawia baltica,Lithuania,55.169438,23.881275,freshwater
Proteocephalus percae,Finland,61.92410999999999,25.7481511,freshwater
Proteocephalus cernuae,Finland,61.92410999999999,25.7481511,freshwater
Cyathocephalus truncatus,Canada,56.130366,-106.346771,freshwater
Taenia solium,Papua New Guinea,-6.314992999999999,143.95555,terrestrial
Hymenolepis nana,Papua New Guinea,-6.314992999999999,143.95555,terrestrial
Hymenolepis diminuta,Papua New Guinea,-6.314992999999999,143.95555,terrestrial
Valipora campylancristrota,East Germany (!! USE Germany),51.165691,10.451526,freshwater
Paradilepis scolecina,East Germany (!! USE Germany),51.165691,10.451526,freshwater
Taenia saginata,Ethiopia (incl. Dhibouti),11.59516,43.146473,terrestrial
Hymenolepis nana,Ethiopia (incl. Dhibouti),11.59516,43.146473,terrestrial
Diphyllobothrium dendriticum,Manitoba,53.7608608,-98.8138762,freshwater
Diphyllobothrium latum,Manitoba,53.7608608,-98.8138762,terrestrial
Taenia saginata,Japan,36.204824,138.252924,terrestrial
Taenia solium,Japan,36.204824,138.252924,terrestrial
Echinococcus granulosus,Quebec,52.9399159,-73.5491361,terrestrial
Hymenolepis diminuta,Alberta,53.9332706,-116.5765035,terrestrial
Hymenolepis citelli,Alberta,53.9332706,-116.5765035,terrestrial
Ligula intestinalis,Eire + N. Ireland,54.7877149,-6.4923145,freshwater
Echinococcus granulosus,East Germany (!! USE Germany),51.165691,10.451526,terrestrial
Fimbriaria fasciolaris,Manitoba,53.7608608,-98.8138762,freshwater
Fimbriaria fasciolaris,Alberta,53.9332706,-116.5765035,freshwater
Hymenolepis abortiva,Alberta,53.9332706,-116.5765035,freshwater
Bothriocephalus scorpii,Northeast Atlantic,39.370134,-77.40677199999999,marine
Moniezia benedeni,Hawaiian Islands,19.8967662,-155.5827818,terrestrial
Eubothrium crassum,Norway,60.47202399999999,8.468945999999999,freshwater
Taenia saginata,Denmark,56.26392,9.501785,terrestrial
Moniezia expansa,East Germany (!! USE Germany),51.165691,10.451526,terrestrial
Triaenophorus crassus,Manitoba,53.7608608,-98.8138762,freshwater
Echinococcus granulosus,Iraq,33.223191,43.679291,terrestrial
Hymenolepis diminuta,Japan,36.204824,138.252924,terrestrial
Bothriocephalus acheilognathi,North Carolina,35.7595731,-79.01929969999999,freshwater
Echinococcus granulosus,Northeast Africa,9.1303782000000009,41.2808577,terrestrial
Echinococcus oligarthrus,Venezuela,6.42375,-66.58973,terrestrial
Schistocephalus solidus,Germany,51.165691,10.451526,freshwater
Hymenolepis diminuta,Australia,-25.274398,133.775136,terrestrial
Triaenophorus crassus,Finland,61.92410999999999,25.7481511,freshwater
Eubothrium crassum,Finland,61.92410999999999,25.7481511,freshwater
Eubothrium salvelini,Newfoundland,53.1355091,-57.6604364,freshwater
Eubothrium crassum,Baltic Sea,58.48795200000001,19.863281,freshwater
Triaenophorus nodulosus,Baltic Sea,58.48795200000001,19.863281,freshwater
Bothriocephalus scorpii,Baltic Sea,58.48795200000001,19.863281,marine
Hymenolepis nana,Guatemala,15.783471,-90.23075899999999,terrestrial
Moniezia benedeni,Transvaal,-23.59,29.13,terrestrial
Moniezia expansa,Argentina,-38.416097,-63.61667199999999,terrestrial
Amphilina foliacea,Yugoslavia,37.09024,-95.712891,freshwater
Proteocephalus torulosus,Yugoslavia,37.09024,-95.712891,freshwater
Caryophyllaeus laticeps,Yugoslavia,37.09024,-95.712891,freshwater
Ligula intestinalis,Yugoslavia,37.09024,-95.712891,freshwater
Proteocephalus percae,Germany,51.165691,10.451526,freshwater
Proteocephalus longicollis,Germany,51.165691,10.451526,freshwater
Caryophyllaeus laticeps,Germany,51.165691,10.451526,freshwater
Eubothrium crassum,Germany,51.165691,10.451526,freshwater
Ligula intestinalis,Germany,51.165691,10.451526,freshwater
Bothriocephalus claviceps,Germany,51.165691,10.451526,freshwater
Proteocephalus macrocephalus,Germany,51.165691,10.451526,freshwater
Triaenophorus nodulosus,Germany,51.165691,10.451526,freshwater
Eubothrium rugosum,Germany,51.165691,10.451526,freshwater
Triaenophorus nodulosus,Yugoslavia,37.09024,-95.712891,freshwater
Proteocephalus cernuae,Yugoslavia,37.09024,-95.712891,freshwater
Diphyllobothrium latum,Chile,-35.675147,-71.542969,terrestrial
Diphyllobothrium dendriticum,Chile,-35.675147,-71.542969,freshwater
Proteocephalus torulosus,European USSR (CIS),54.5259614,15.2551187,freshwater
Triaenophorus crassus,European USSR (CIS),54.5259614,15.2551187,freshwater
Ligula intestinalis,Manitoba,53.7608608,-98.8138762,freshwater
Triaenophorus nodulosus,European USSR (CIS),54.5259614,15.2551187,freshwater
Eubothrium rugosum,European USSR (CIS),54.5259614,15.2551187,freshwater
Anomotaenia constricta,Canary Islands,28.2915637,-16.6291304,terrestrial
Dilepis undula,Canary Islands,28.2915637,-16.6291304,terrestrial
Neogryporhynchus cheilancristrotus,Canary Islands,28.2915637,-16.6291304,freshwater
Paricterotaenia porosa,Canary Islands,28.2915637,-16.6291304,freshwater
Tetrabothrius erostris,Canary Islands,28.2915637,-16.6291304,marine
Proteocephalus torulosus,Finland,61.92410999999999,25.7481511,freshwater
Caryophyllaeus laticeps,Finland,61.92410999999999,25.7481511,freshwater
Grillotia erinaceus,Black Sea,43.41302899999999,34.299316,marine
Echinobothrium typus,Black Sea,43.41302899999999,34.299316,marine
Diphyllobothrium ditremum,Alaska,64.2008413,-149.4936733,freshwater
Echinococcus granulosus,European USSR (CIS),54.5259614,15.2551187,terrestrial
Echinococcus multilocularis,European USSR (CIS),54.5259614,15.2551187,terrestrial
Taenia hydatigena,Spain + Andalusia,37.5442706,-4.7277528,terrestrial
Taenia pisiformis,Spain + Andalusia,37.5442706,-4.7277528,terrestrial
Taenia crassiceps,Mexico,23.634501,-102.552784,terrestrial
Diphyllobothrium dendriticum,Labrador,48.66,-56.22,freshwater
Diphyllobothrium ditremum,Labrador,48.66,-56.22,freshwater
Eubothrium crassum,Labrador,48.66,-56.22,freshwater
Eubothrium salvelini,Labrador,48.66,-56.22,freshwater
Proteocephalus longicollis,Labrador,48.66,-56.22,freshwater
Cyathocephalus truncatus,"England, Wales + Isle of Man",54.236107,-4.548056,freshwater
Dipylidium caninum,Transvaal,-23.59,29.13,terrestrial
Taenia taeniaeformis,Transvaal,-23.59,29.13,terrestrial
Taenia taeniaeformis,Belgium + Luxembourg,50.0546886,5.467698299999999,terrestrial
Cloacotaenia megalops,Mexico,23.634501,-102.552784,freshwater
Hymenolepis citelli,Wisconsin,43.7844397,-88.7878678,terrestrial
Proteocephalus thymalli,Lake Baikal,53.5587003,108.1649965,freshwater
Moniezia expansa,Uzbekistan,41.377491,64.585262,terrestrial
Moniezia benedeni,Uzbekistan,41.377491,64.585262,terrestrial
Thysaniezia giardi,Uzbekistan,41.377491,64.585262,terrestrial
Avitellina centripunctata,Uzbekistan,41.377491,64.585262,terrestrial
Taenia hydatigena,Uzbekistan,41.377491,64.585262,terrestrial
Choanotaenia infundibulum,Uzbekistan,41.377491,64.585262,terrestrial
Taenia macrocystis,Uzbekistan,41.377491,64.585262,terrestrial
Bertiella studeri,Indonesia & Malaysia,-0.789275,113.921327,terrestrial
Diphyllobothrium dendriticum,Scotland,56.49067119999999,-4.2026458,freshwater
Neoskrjabinolepis schaldybini,Japan,36.204824,138.252924,terrestrial
Staphylocystis furcata,Japan,36.204824,138.252924,terrestrial
Amoebotaenia cuneata,Uzbekistan,41.377491,64.585262,terrestrial
Taenia taeniaeformis,Malaya,3.17,101.7,terrestrial
Taenia hydatigena,New Zealand,-40.900557,174.885971,terrestrial
Taenia pisiformis,New Zealand,-40.900557,174.885971,terrestrial
Moniezia expansa,France,46.227638,2.213749,terrestrial
Taenia hydatigena,Iraq,33.223191,43.679291,terrestrial
Dipylidium caninum,Iraq,33.223191,43.679291,terrestrial
Taenia multiceps,Iraq,33.223191,43.679291,terrestrial
Diplopylidium acanthotetra,Iraq,33.223191,43.679291,terrestrial
Joyeuxiella pasqualei,Iraq,33.223191,43.679291,terrestrial
Taenia taeniaeformis,Iraq,33.223191,43.679291,terrestrial
Bothriocephalus opsariichthydis,Iraq,33.223191,43.679291,freshwater
Valipora campylancristrota,Iraq,33.223191,43.679291,freshwater
Ligula intestinalis,Iraq,33.223191,43.679291,freshwater
Triaenophorus nodulosus,Finland,61.92410999999999,25.7481511,freshwater
Taenia crassiceps,Germany,51.165691,10.451526,terrestrial
Drepanidotaenia lanceolata,Kazakstan,48.019573,66.923684,freshwater
Sobolevicanthus octacantha,Kazakstan,48.019573,66.923684,freshwater
Diorchis ransomi,Kazakstan,48.019573,66.923684,freshwater
Flamingolepis dolguschini,Kazakstan,48.019573,66.923684,freshwater
Flamingolepis flamingo,Kazakstan,48.019573,66.923684,freshwater
Flamingolepis tengizi,Kazakstan,48.019573,66.923684,freshwater
Gastrotaenia paracygni,Kazakstan,48.019573,66.923684,freshwater
Parabisaccanthes philactes,Kazakstan,48.019573,66.923684,freshwater
Cloacotaenia megalops,Kazakstan,48.019573,66.923684,freshwater
Diorchis parvogenitalis,Kazakstan,48.019573,66.923684,freshwater
Tschertkovilepis setigera,Kazakstan,48.019573,66.923684,freshwater
Fimbriaria fasciolaris,Kazakstan,48.019573,66.923684,freshwater
Sobolevicanthus gracilis,Kazakstan,48.019573,66.923684,freshwater
Diorchis inflata,Kazakstan,48.019573,66.923684,freshwater
Echinocotyle rosseteri,Kazakstan,48.019573,66.923684,freshwater
Dicranotaenia coronula,Kazakstan,48.019573,66.923684,freshwater
Fimbriarioides tadornae,Kazakstan,48.019573,66.923684,freshwater
Microsomacanthus compressa,Kazakstan,48.019573,66.923684,freshwater
Microsomacanthus hopkinsi,Kazakstan,48.019573,66.923684,freshwater
Microsomacanthus paracompressa,Kazakstan,48.019573,66.923684,freshwater
Microsomacanthus paramicrosoma,Kazakstan,48.019573,66.923684,freshwater
Sobolevicanthus krabbeella,Kazakstan,48.019573,66.923684,freshwater
Diploposthe laevis,Kazakstan,48.019573,66.923684,freshwater
Echinocotyle clerci,Kazakstan,48.019573,66.923684,freshwater
Bothriocephalus acheilognathi,Tadzhikistan,38.861034,71.276093,freshwater
Ligula intestinalis,Tadzhikistan,38.861034,71.276093,freshwater
Taenia hydatigena,Cape Province,-33.5,20.97,terrestrial
Diorchis danutae,Kazakstan,48.019573,66.923684,freshwater
Diploposthe skrjabini,Kazakstan,48.019573,66.923684,freshwater
Microsomacanthus tuvensis,Kazakstan,48.019573,66.923684,freshwater
Aploparaksis birulai,Kazakstan,48.019573,66.923684,terrestrial
Diorchis brevis,Kazakstan,48.019573,66.923684,freshwater
Wardium fusa,Kazakstan,48.019573,66.923684,freshwater
Wardium stellorae,Kazakstan,48.019573,66.923684,freshwater
Lateriporus skrjabini,Manitoba,53.7608608,-98.8138762,freshwater
Ophryocotyle insignis,Alberta,53.9332706,-116.5765035,marine
Ophryocotyle insignis,Manitoba,53.7608608,-98.8138762,marine
Ophryocotyle insignis,Florida,27.6648274,-81.5157535,marine
Ophryocotyle insignis,Louisiana,30.9842977,-91.96233269999999,marine
Taenia pisiformis,Tennessee,35.5174913,-86.5804473,terrestrial
Taenia pisiformis,Alberta,53.9332706,-116.5765035,terrestrial
Taenia pisiformis,Manitoba,53.7608608,-98.8138762,terrestrial
Taenia multiceps,Alberta,53.9332706,-116.5765035,terrestrial
Taenia taeniaeformis,Alberta,53.9332706,-116.5765035,terrestrial
Taenia twitchelli,Alberta,53.9332706,-116.5765035,terrestrial
Taenia twitchelli,Manitoba,53.7608608,-98.8138762,terrestrial
Echinococcus granulosus,Alberta,53.9332706,-116.5765035,terrestrial
Echinococcus granulosus,Manitoba,53.7608608,-98.8138762,terrestrial
Echinococcus multilocularis,Manitoba,53.7608608,-98.8138762,terrestrial
Paradilepis scolecina,Greece,39.074208,21.824312,freshwater
Echinococcus multilocularis,East Germany (!! USE Germany),51.165691,10.451526,terrestrial
Fimbriaria fasciolaris,East Germany (!! USE Germany),51.165691,10.451526,freshwater
Sobolevicanthus gracilis,East Germany (!! USE Germany),51.165691,10.451526,freshwater
Tschertkovilepis setigera,East Germany (!! USE Germany),51.165691,10.451526,freshwater
Taenia saginata,Malagasay,-20,47,terrestrial
Bothriocephalus gregarius,Mediterranean,34.5531284,18.0480105,marine
Bothriocephalus barbatus,Mediterranean,34.5531284,18.0480105,marine
Aporhynchus norvegicus,Northeast Atlantic,39.370134,-77.40677199999999,marine
Diphyllobothrium latum,Iraq,33.223191,43.679291,terrestrial
Proteocephalus osculatus,Iraq,33.223191,43.679291,freshwater
Triaenophorus nodulosus,Manitoba,53.7608608,-98.8138762,freshwater
Atriotaenia procyonis,Kansas,39.011902,-98.4842465,terrestrial
Bothriocephalus acheilognathi,Mexico,23.634501,-102.552784,freshwater
Ligula intestinalis,Mexico,23.634501,-102.552784,freshwater
Cladotaenia globifera,"Ukraine, incl. Moldavia",48.379433,31.1655799,terrestrial
Davainea proglottina,"Ukraine, incl. Moldavia",48.379433,31.1655799,terrestrial
Raillietina tetragona,"Ukraine, incl. Moldavia",48.379433,31.1655799,terrestrial
Raillietina echinobothrida,"Ukraine, incl. Moldavia",48.379433,31.1655799,terrestrial
Diphyllobothrium dendriticum,Alberta,53.9332706,-116.5765035,freshwater
Polyonchobothrium clarias,Transvaal,-23.59,29.13,freshwater
Ophryocotyle proteus,"Ukraine, incl. Moldavia",48.379433,31.1655799,marine
Paruterina candelabraria,"Ukraine, incl. Moldavia",48.379433,31.1655799,terrestrial
Diphyllobothrium latum,European USSR (CIS),54.5259614,15.2551187,terrestrial
Anoplotaenia dasyuri,District of Columbia/Delaware/New Jersey/Maryland,39.0457549,-76.64127119999999,terrestrial
Oochoristica anolis,Louisiana,30.9842977,-91.96233269999999,terrestrial
Proteocephalus ambloplitis,Indiana,40.2671941,-86.1349019,freshwater
Glaridacris catostomi,Indiana,40.2671941,-86.1349019,freshwater
Biacetabulum biloculoides,Indiana,40.2671941,-86.1349019,freshwater
Corallobothrium fimbriatum,Indiana,40.2671941,-86.1349019,freshwater
Bertiella studeri,Transvaal,-23.59,29.13,terrestrial
Joyeuxiella pasqualei,Spain + Andalusia,37.5442706,-4.7277528,terrestrial
Bothriocephalus acheilognathi,Utah,39.3209801,-111.0937311,freshwater
Bothriocephalus acheilognathi,Arizona,34.0489281,-111.0937311,freshwater
Bothriocephalus acheilognathi,Nevada,38.8026097,-116.419389,freshwater
Diphyllobothrium ditremum,Lake Superior,47.723087,-86.940716,freshwater
Triaenophorus crassus,Lake Superior,47.723087,-86.940716,freshwater
Eubothrium salvelini,Lake Superior,47.723087,-86.940716,freshwater
Cyathocephalus truncatus,Lake Superior,47.723087,-86.940716,freshwater
Atriotaenia procyonis,Canada,56.130366,-106.346771,terrestrial
Avitellina arctica,Canada,56.130366,-106.346771,terrestrial
Moniezia benedeni,Canada,56.130366,-106.346771,terrestrial
Moniezia expansa,Canada,56.130366,-106.346771,terrestrial
Dipylidium caninum,Canada,56.130366,-106.346771,terrestrial
Paruterina candelabraria,Canada,56.130366,-106.346771,terrestrial
Paruterina rauschi,Canada,56.130366,-106.346771,terrestrial
Hymenolepis citelli,Canada,56.130366,-106.346771,terrestrial
Hymenolepis diminuta,Canada,56.130366,-106.346771,terrestrial
Cladotaenia circi,Canada,56.130366,-106.346771,terrestrial
Cladotaenia globifera,Canada,56.130366,-106.346771,terrestrial
Echinococcus granulosus,Canada,56.130366,-106.346771,terrestrial
Echinococcus multilocularis,Canada,56.130366,-106.346771,terrestrial
Taenia crassiceps,Canada,56.130366,-106.346771,terrestrial
Triaenophorus nodulosus,Lake Superior,47.723087,-86.940716,freshwater
Taenia hydatigena,Canada,56.130366,-106.346771,terrestrial
Taenia laticollis,Canada,56.130366,-106.346771,terrestrial
Taenia macrocystis,Canada,56.130366,-106.346771,terrestrial
Taenia martis,Canada,56.130366,-106.346771,terrestrial
Taenia multiceps,Canada,56.130366,-106.346771,terrestrial
Taenia mustelae,Canada,56.130366,-106.346771,terrestrial
Taenia omissa,Canada,56.130366,-106.346771,terrestrial
Taenia pisiformis,Canada,56.130366,-106.346771,terrestrial
Taenia polyacantha,Canada,56.130366,-106.346771,terrestrial
Taenia rileyi,Canada,56.130366,-106.346771,terrestrial
Taenia serialis,Canada,56.130366,-106.346771,terrestrial
Taenia taeniaeformis,Canada,56.130366,-106.346771,terrestrial
Taenia taxidiensis,Canada,56.130366,-106.346771,terrestrial
Taenia twitchelli,Canada,56.130366,-106.346771,terrestrial
Diphyllobothrium latum,Canada,56.130366,-106.346771,terrestrial
Schistocephalus solidus,Canada,56.130366,-106.346771,freshwater
Cyathocephalus truncatus,Lake Baikal,53.5587003,108.1649965,freshwater
Diorchis inflata,Iraq,33.223191,43.679291,freshwater
Ligula intestinalis,Lake Superior,47.723087,-86.940716,freshwater
Schistocephalus solidus,Lake Baikal,53.5587003,108.1649965,freshwater
Eubothrium crassum,Lake Baikal,53.5587003,108.1649965,freshwater
Glaridacris catostomi,Lake Superior,47.723087,-86.940716,freshwater
Corallobothrium fimbriatum,Lake Superior,47.723087,-86.940716,freshwater
Eubothrium rugosum,Lake Superior,47.723087,-86.940716,freshwater
Proteocephalus pearsei,Lake Superior,47.723087,-86.940716,freshwater
Bothriocephalus cuspidatus,Lake Superior,47.723087,-86.940716,freshwater
Taenia hydatigena,Kazakstan,48.019573,66.923684,terrestrial
Taenia crassiceps,Kazakstan,48.019573,66.923684,terrestrial
Taenia pisiformis,Kazakstan,48.019573,66.923684,terrestrial
Cladotaenia circi,Kazakstan,48.019573,66.923684,terrestrial
Paruterina candelabraria,Kazakstan,48.019573,66.923684,terrestrial
Triaenophorus nodulosus,Lake Huron,45.0521793,-82.48509399999999,freshwater
Diphyllobothrium ditremum,Lake Huron,45.0521793,-82.48509399999999,freshwater
Triaenophorus crassus,Lake Huron,45.0521793,-82.48509399999999,freshwater
Cyathocephalus truncatus,Lake Huron,45.0521793,-82.48509399999999,freshwater
Paranoplocephala omphalodes,European USSR (CIS),54.5259614,15.2551187,terrestrial
Mathevotaenia symmetrica,European USSR (CIS),54.5259614,15.2551187,terrestrial
Hymenolepis diminuta,European USSR (CIS),54.5259614,15.2551187,terrestrial
Rodentolepis asymmetrica,European USSR (CIS),54.5259614,15.2551187,terrestrial
Rodentolepis microstoma,European USSR (CIS),54.5259614,15.2551187,terrestrial
Rodentolepis straminea,European USSR (CIS),54.5259614,15.2551187,terrestrial
Bothriocephalus scorpii,Mediterranean,34.5531284,18.0480105,marine
Bothriocephalus scorpii,Southwest Indian Ocean,-33.137551,81.826172,marine
Staphylocystis furcata,European USSR (CIS),54.5259614,15.2551187,terrestrial
Triodontolepis bifurca,European USSR (CIS),54.5259614,15.2551187,freshwater
Triodontolepis hamanni,European USSR (CIS),54.5259614,15.2551187,freshwater
Vigisolepis spinulosa,European USSR (CIS),54.5259614,15.2551187,terrestrial
Neoskrjabinolepis schaldybini,European USSR (CIS),54.5259614,15.2551187,terrestrial
Dilepis undula,European USSR (CIS),54.5259614,15.2551187,terrestrial
Taenia crassiceps,European USSR (CIS),54.5259614,15.2551187,terrestrial
Taenia hydatigena,European USSR (CIS),54.5259614,15.2551187,terrestrial
Taenia pisiformis,European USSR (CIS),54.5259614,15.2551187,terrestrial
Taenia mustelae,European USSR (CIS),54.5259614,15.2551187,terrestrial
Taenia martis,European USSR (CIS),54.5259614,15.2551187,terrestrial
Hymenolepis diminuta,South Australia,-30.0002315,136.2091547,terrestrial
Hymenolepis diminuta,Victoria,-37.01,144.75,terrestrial
Taenia solium,European USSR (CIS),54.5259614,15.2551187,terrestrial
Cladotaenia globifera,European USSR (CIS),54.5259614,15.2551187,terrestrial
Eubothrium salvelini,Lake Huron,45.0521793,-82.48509399999999,freshwater
Ligula intestinalis,Lake Huron,45.0521793,-82.48509399999999,freshwater
Bothriocephalus acheilognathi,Japan,36.204824,138.252924,freshwater
Diphyllobothrium dendriticum,Japan,36.204824,138.252924,freshwater
Corallobothrium fimbriatum,Tennessee,35.5174913,-86.5804473,freshwater
Glaridacris catostomi,Lake Huron,45.0521793,-82.48509399999999,freshwater
Nybelinia surmenicola,Sea of Japan,38.848848,135,marine
Diphyllobothrium latum,Sea of Japan,38.848848,135,terrestrial
Ctenotaenia marmotae,Kazakstan,48.019573,66.923684,terrestrial
Paranoplocephala omphalodes,Kazakstan,48.019573,66.923684,terrestrial
Hymenolepis diminuta,Kazakstan,48.019573,66.923684,terrestrial
Rodentolepis straminea,Kazakstan,48.019573,66.923684,terrestrial
Corallobothrium fimbriatum,Lake Huron,45.0521793,-82.48509399999999,freshwater
Corallotaenia minutia,Lake Huron,45.0521793,-82.48509399999999,freshwater
Megathylacoides giganteum,Lake Huron,45.0521793,-82.48509399999999,freshwater
Eubothrium rugosum,Lake Huron,45.0521793,-82.48509399999999,freshwater
Schistocephalus solidus,Lake Huron,45.0521793,-82.48509399999999,freshwater
Proteocephalus ambloplitis,Lake Huron,45.0521793,-82.48509399999999,freshwater
Bothriocephalus claviceps,Lake Huron,45.0521793,-82.48509399999999,freshwater
Proteocephalus fluviatilis,Lake Huron,45.0521793,-82.48509399999999,freshwater
Bothriocephalus cuspidatus,Lake Huron,45.0521793,-82.48509399999999,freshwater
Proteocephalus pearsei,Lake Huron,45.0521793,-82.48509399999999,freshwater
Haplobothrium globuliforme,Wisconsin,43.7844397,-88.7878678,freshwater
Proteocephalus percae,Wisconsin,43.7844397,-88.7878678,freshwater
Lacistorhynchus tenuis,California,36.778261,-119.4179324,marine
Lacistorhynchus dollfusi,California,36.778261,-119.4179324,marine
Echinococcus granulosus,Armenia,40.069099,45.038189,terrestrial
Taenia pisiformis,Armenia,40.069099,45.038189,terrestrial
Lateriporus clerci,Armenia,40.069099,45.038189,freshwater
Bothriocephalus acheilognathi,Armenia,40.069099,45.038189,freshwater
Ligula intestinalis,Armenia,40.069099,45.038189,freshwater
Triaenophorus nodulosus,Lake Erie,42.0668852,-81.3399414,freshwater
Glaridacris catostomi,Lake Erie,42.0668852,-81.3399414,freshwater
Ligula intestinalis,Lake Erie,42.0668852,-81.3399414,freshwater
Corallobothrium fimbriatum,Lake Erie,42.0668852,-81.3399414,freshwater
Proteocephalus ambloplitis,Lake Erie,42.0668852,-81.3399414,freshwater
Proteocephalus pearsei,Lake Erie,42.0668852,-81.3399414,freshwater
Bothriocephalus cuspidatus,Lake Erie,42.0668852,-81.3399414,freshwater
Proteocephalus fluviatilis,Lake Erie,42.0668852,-81.3399414,freshwater
Triaenophorus stizostedionis,Lake Erie,42.0668852,-81.3399414,freshwater
Bothriocephalus claviceps,Lake Erie,42.0668852,-81.3399414,freshwater
Triaenophorus nodulosus,Lake Ontario,43.6333482,-77.82706689999999,freshwater
Proteocephalus ambloplitis,Lake Ontario,43.6333482,-77.82706689999999,freshwater
Haplobothrium globuliforme,Lake Ontario,43.6333482,-77.82706689999999,freshwater
Proteocephalus macrocephalus,Lake Ontario,43.6333482,-77.82706689999999,freshwater
Bothriocephalus claviceps,Lake Ontario,43.6333482,-77.82706689999999,freshwater
Hymenolepis diminuta,France,46.227638,2.213749,terrestrial
Diphyllobothrium ditremum,Lake Ontario,43.6333482,-77.82706689999999,freshwater
Cyathocephalus truncatus,Lake Ontario,43.6333482,-77.82706689999999,freshwater
Triaenophorus crassus,Lake Ontario,43.6333482,-77.82706689999999,freshwater
Eubothrium salvelini,Lake Ontario,43.6333482,-77.82706689999999,freshwater
Taenia solium,Azerbaidzan,40.143105,47.576927,terrestrial
Cloacotaenia megalops,Italy,41.87194,12.56738,freshwater
Diorchis ransomi,Italy,41.87194,12.56738,freshwater
Glaridacris catostomi,Lake Ontario,43.6333482,-77.82706689999999,freshwater
Ligula intestinalis,Lake Ontario,43.6333482,-77.82706689999999,freshwater
Hunterella nodulosa,Lake Ontario,43.6333482,-77.82706689999999,freshwater
Corallobothrium fimbriatum,Lake Ontario,43.6333482,-77.82706689999999,freshwater
Megathylacoides giganteum,Lake Ontario,43.6333482,-77.82706689999999,freshwater
Triaenophorus stizostedionis,Lake Ontario,43.6333482,-77.82706689999999,freshwater
Bothriocephalus cuspidatus,Lake Ontario,43.6333482,-77.82706689999999,freshwater
Proteocephalus pearsei,Lake Ontario,43.6333482,-77.82706689999999,freshwater
Proteocephalus fluviatilis,Lake Ontario,43.6333482,-77.82706689999999,freshwater
Aploparaksis furcigera,Kazakstan,48.019573,66.923684,terrestrial
Moniezia expansa,Senegal,14.497401,-14.452362,terrestrial
Ophiotaenia ranae,Japan,36.204824,138.252924,freshwater
Triaenophorus crassus,Norway,60.47202399999999,8.468945999999999,freshwater
Diphyllobothrium ditremum,Norway,60.47202399999999,8.468945999999999,freshwater
Eubothrium salvelini,Norway,60.47202399999999,8.468945999999999,freshwater
Cyathocephalus truncatus,Norway,60.47202399999999,8.468945999999999,freshwater
Triaenophorus nodulosus,Norway,60.47202399999999,8.468945999999999,freshwater
Bothriocephalus gregarius,Northeast Atlantic,39.370134,-77.40677199999999,marine
Diphyllobothrium dendriticum,European USSR (CIS),54.5259614,15.2551187,freshwater
Diphyllobothrium ditremum,European USSR (CIS),54.5259614,15.2551187,freshwater
Catenotaenia pusilla,European USSR (CIS),54.5259614,15.2551187,terrestrial
Taenia hydatigena,Turkmenistan,38.969719,59.556278,terrestrial
Joyeuxiella echinorhynchoides,Turkmenistan,38.969719,59.556278,terrestrial
Echinococcus granulosus,Lebanon,33.854721,35.862285,terrestrial
Diphyllobothrium dendriticum,Finno-Karelian ASSR,63.15587019999999,32.9905552,freshwater
Diphyllobothrium ditremum,Finno-Karelian ASSR,63.15587019999999,32.9905552,freshwater
Eubothrium salvelini,Finno-Karelian ASSR,63.15587019999999,32.9905552,freshwater
Triaenophorus crassus,Finno-Karelian ASSR,63.15587019999999,32.9905552,freshwater
Proteocephalus ambloplitis,Saskatchewan,52.9399159,-106.4508639,freshwater
Anoplocephala perfoliata,Uzbekistan,41.377491,64.585262,terrestrial
Anoplocephala magna,Uzbekistan,41.377491,64.585262,terrestrial
Taenia omissa,Florida,27.6648274,-81.5157535,terrestrial
Taenia hydatigena,Florida,27.6648274,-81.5157535,terrestrial
Cyathocephalus truncatus,Finno-Karelian ASSR,63.15587019999999,32.9905552,freshwater
Cyathocephalus truncatus,European USSR (CIS),54.5259614,15.2551187,freshwater
Eubothrium salvelini,European USSR (CIS),54.5259614,15.2551187,freshwater
Proteocephalus thymalli,European USSR (CIS),54.5259614,15.2551187,freshwater
Proteocephalus longicollis,European USSR (CIS),54.5259614,15.2551187,freshwater
Dipylidium caninum,Uzbekistan,41.377491,64.585262,terrestrial
Haplobothrium globuliforme,Nearctic,53.569001,-113.571487,freshwater
Diphyllobothrium latum,Finno-Karelian ASSR,63.15587019999999,32.9905552,terrestrial
Ligula intestinalis,Finno-Karelian ASSR,63.15587019999999,32.9905552,freshwater
Caryophyllaeus laticeps,Finno-Karelian ASSR,63.15587019999999,32.9905552,freshwater
Eubothrium rugosum,Finno-Karelian ASSR,63.15587019999999,32.9905552,freshwater
Hymenolepis nana,Iran,32.427908,53.688046,terrestrial
Taenia saginata,Iran,32.427908,53.688046,terrestrial
Echinococcus granulosus,Sardinia,40.1208752,9.012892599999999,terrestrial
Schistocephalus solidus,Finno-Karelian ASSR,63.15587019999999,32.9905552,freshwater
Flamingolepis liguloides,Sardinia,40.1208752,9.012892599999999,freshwater
Proteocephalus longicollis,Finland,61.92410999999999,25.7481511,freshwater
Eubothrium rugosum,Finland,61.92410999999999,25.7481511,freshwater
Proteocephalus filicollis,Finland,61.92410999999999,25.7481511,freshwater
Proteocephalus ambiguus,Finland,61.92410999999999,25.7481511,freshwater
Bothriocephalus barbatus,Northeast Atlantic,39.370134,-77.40677199999999,marine
Bothriocephalus barbatus,Western Mediterranean,34.5531284,18.0480105,marine
Ligula intestinalis,Italy,41.87194,12.56738,freshwater
Taenia hydatigena,Italy,41.87194,12.56738,terrestrial
Echinococcus granulosus,Italy,41.87194,12.56738,terrestrial
Taenia solium,Uzbekistan,41.377491,64.585262,terrestrial
Hymenolepis diminuta,Uzbekistan,41.377491,64.585262,terrestrial
Dilepis undula,Belgium + Luxembourg,50.0546886,5.467698299999999,terrestrial
Taenia crassiceps,East Germany (!! USE Germany),51.165691,10.451526,terrestrial
Taenia polyacantha,East Germany (!! USE Germany),51.165691,10.451526,terrestrial
Eubothrium crassum,Sweden,60.12816100000001,18.643501,freshwater
Mathevotaenia symmetrica,Mongolia,46.862496,103.846656,terrestrial
Flamingolepis liguloides,Mediterranean,34.5531284,18.0480105,freshwater
Platyscolex ciliata,Manitoba,53.7608608,-98.8138762,freshwater
Echinococcus granulosus,"Ukraine, incl. Moldavia",48.379433,31.1655799,terrestrial
Taenia hydatigena,"Ukraine, incl. Moldavia",48.379433,31.1655799,terrestrial
Choanotaenia infundibulum,Armenia,40.069099,45.038189,terrestrial
Raillietina echinobothrida,Armenia,40.069099,45.038189,terrestrial
Raillietina tetragona,Armenia,40.069099,45.038189,terrestrial
Drepanidotaenia lanceolata,Armenia,40.069099,45.038189,freshwater
Tschertkovilepis setigera,Armenia,40.069099,45.038189,freshwater
Bothriocephalus acheilognathi,"England, Wales + Isle of Man",54.236107,-4.548056,freshwater
Taenia polyacantha,Japan,36.204824,138.252924,terrestrial
Hymenolepis diminuta,"England, Wales + Isle of Man",54.236107,-4.548056,terrestrial
Cyathocephalus truncatus,Kazakstan,48.019573,66.923684,freshwater
Eubothrium salvelini,British Columbia,53.7266683,-127.6476205,freshwater
Raillietina cesticillus,Cuba,21.521757,-77.781167,terrestrial
Oochoristica scelopori,Arizona,34.0489281,-111.0937311,terrestrial
Taenia pisiformis,Oklahoma,35.0077519,-97.092877,terrestrial
Mosgovoyia pectinata,Oklahoma,35.0077519,-97.092877,terrestrial
Taenia mustelae,District of Columbia/Delaware/New Jersey/Maryland,39.0457549,-76.64127119999999,terrestrial
Taenia martis,District of Columbia/Delaware/New Jersey/Maryland,39.0457549,-76.64127119999999,terrestrial
Taenia hydatigena,Alberta,53.9332706,-116.5765035,terrestrial
Taenia omissa,Alberta,53.9332706,-116.5765035,terrestrial
Grillotia erinaceus,Sea of Okhotsk,52.87362299999999,149.3658173,marine
Nybelinia surmenicola,Sea of Okhotsk,52.87362299999999,149.3658173,marine
Catenotaenia pusilla,Uzbekistan,41.377491,64.585262,terrestrial
Rodentolepis straminea,Uzbekistan,41.377491,64.585262,terrestrial
Taenia pisiformis,Uzbekistan,41.377491,64.585262,terrestrial
Taenia polyacantha,Uzbekistan,41.377491,64.585262,terrestrial
Joyeuxiella echinorhynchoides,Uzbekistan,41.377491,64.585262,terrestrial
Triaenophorus nodulosus,France,46.227638,2.213749,freshwater
Ophiotaenia europaea,Armenia,40.069099,45.038189,freshwater
Caryophyllaeus laticeps,Azerbaidzan,40.143105,47.576927,freshwater
Ligula intestinalis,Azerbaidzan,40.143105,47.576927,freshwater
Proteocephalus osculatus,Azerbaidzan,40.143105,47.576927,freshwater
Paradilepis scolecina,Azerbaidzan,40.143105,47.576927,freshwater
Diphyllobothrium dendriticum,Alaska,64.2008413,-149.4936733,freshwater
Taenia crassiceps,Alaska,64.2008413,-149.4936733,terrestrial
Cloacotaenia megalops,Kashmir + Jammu,32.7266016,74.8570259,freshwater
Taenia pisiformis,Arizona,34.0489281,-111.0937311,terrestrial
Taenia multiceps,Arizona,34.0489281,-111.0937311,terrestrial
Hymenolepis diminuta,Georgia (USSR),42.315407,43.35689199999999,terrestrial
Rodentolepis straminea,Georgia (USSR),42.315407,43.35689199999999,terrestrial
Taenia solium,Armenia,40.069099,45.038189,terrestrial
Diorchis inflata,Armenia,40.069099,45.038189,freshwater
Confluaria podicipina,Armenia,40.069099,45.038189,freshwater
Cloacotaenia megalops,Armenia,40.069099,45.038189,freshwater
Triaenophorus nodulosus,Mongolia,46.862496,103.846656,freshwater
Eubothrium salvelini,Mongolia,46.862496,103.846656,freshwater
Diphyllobothrium dendriticum,Mongolia,46.862496,103.846656,freshwater
Ligula intestinalis,Mongolia,46.862496,103.846656,freshwater
Proteocephalus percae,Mongolia,46.862496,103.846656,freshwater
Proteocephalus thymalli,Mongolia,46.862496,103.846656,freshwater
Proteocephalus torulosus,Mongolia,46.862496,103.846656,freshwater
Paradilepis scolecina,Mongolia,46.862496,103.846656,freshwater
Valipora campylancristrota,Mongolia,46.862496,103.846656,freshwater
Echinococcus multilocularis,Germany,51.165691,10.451526,terrestrial
Echinococcus multilocularis,Switzerland + Lichtenstein,47.3682887,8.5374552,terrestrial
Echinococcus granulosus,Switzerland + Lichtenstein,47.3682887,8.5374552,terrestrial
Echinococcus granulosus,Germany,51.165691,10.451526,terrestrial
Anoplocephala perfoliata,European USSR (CIS),54.5259614,15.2551187,terrestrial
Anoplocephala magna,European USSR (CIS),54.5259614,15.2551187,terrestrial
Taenia taeniaeformis,Switzerland + Lichtenstein,47.3682887,8.5374552,terrestrial
Grillotia erinaceus,Northeast Atlantic,39.370134,-77.40677199999999,marine
Dilepis undula,Armenia,40.069099,45.038189,terrestrial
Passerilepis stylosa,Armenia,40.069099,45.038189,terrestrial
Hymenolepis nana,Mexico,23.634501,-102.552784,terrestrial
Avitellina centripunctata,Kazakstan,48.019573,66.923684,terrestrial
Moniezia expansa,Zaire,-6.2649292,14.2343282,terrestrial
Thysaniezia giardi,Zaire,-6.2649292,14.2343282,terrestrial
Polyonchobothrium clarias,Egypt,26.820553,30.802498,freshwater
Taenia hydatigena,Kenya,-0.023559,37.906193,terrestrial
Taenia saginata,Kenya,-0.023559,37.906193,terrestrial
Taenia pisiformis,Belgium + Luxembourg,50.0546886,5.467698299999999,terrestrial
Dipylidium caninum,Belgium + Luxembourg,50.0546886,5.467698299999999,terrestrial
Glaridacris catostomi,United States,37.09024,-95.712891,freshwater
Lateriporus clerci,Kazakstan,48.019573,66.923684,freshwater
Taenia taeniaeformis,Scotland,56.49067119999999,-4.2026458,terrestrial
Taenia saginata,Ethiopian Region,9.145000000000001,40.489673,terrestrial
Taenia solium,Ethiopian Region,9.145000000000001,40.489673,terrestrial
Diorchis inflata,Iran,32.427908,53.688046,freshwater
Diploposthe laevis,Iran,32.427908,53.688046,freshwater
Diphyllobothrium latum,Baltic Sea,58.48795200000001,19.863281,terrestrial
Grillotia erinaceus,North Sea,56.511018,3.515625,marine
Moniezia expansa,Iran,32.427908,53.688046,terrestrial
Avitellina centripunctata,Iran,32.427908,53.688046,terrestrial
Stilesia globipunctata,Iran,32.427908,53.688046,terrestrial
Ophryocotyle proteus,Spain + Andalusia,37.5442706,-4.7277528,marine
Cladotaenia circi,"Ukraine, incl. Moldavia",48.379433,31.1655799,terrestrial
Taenia crassiceps,"Ukraine, incl. Moldavia",48.379433,31.1655799,terrestrial
Taenia mustelae,"Ukraine, incl. Moldavia",48.379433,31.1655799,terrestrial
Taenia parva,Spain + Andalusia,37.5442706,-4.7277528,terrestrial
Bothriocephalus scorpii,Black Sea,43.41302899999999,34.299316,marine
Taenia multiceps,Spain + Andalusia,37.5442706,-4.7277528,terrestrial
Eurycestus avoceti,Kazakstan,48.019573,66.923684,freshwater
Triodontolepis bifurca,"Ukraine, incl. Moldavia",48.379433,31.1655799,freshwater
Spirometra mansonoides,Ecuador,-1.831239,-78.18340599999999,terrestrial
Aploparaksis rissae,United States,37.09024,-95.712891,terrestrial
Ophiotaenia europaea,Spain + Andalusia,37.5442706,-4.7277528,freshwater
Hymenolepis diminuta,United States,37.09024,-95.712891,terrestrial
Catenotaenia pusilla,Spain + Andalusia,37.5442706,-4.7277528,terrestrial
Hymenolepis diminuta,Spain + Andalusia,37.5442706,-4.7277528,terrestrial
Diplogonoporus balaenopterae,Northeast Atlantic,39.370134,-77.40677199999999,marine
Eubothrium salvelini,Quebec,52.9399159,-73.5491361,freshwater
Ligula intestinalis,Canada,56.130366,-106.346771,freshwater
Raillietina cesticillus,Florida,27.6648274,-81.5157535,terrestrial
Atriotaenia procyonis,Pennsylvania,41.2033216,-77.1945247,terrestrial
Oochoristica scelopori,California,36.778261,-119.4179324,terrestrial
Proteocephalus fluviatilis,Japan,36.204824,138.252924,freshwater
Proteocephalus macrocephalus,"England, Wales + Isle of Man",54.236107,-4.548056,freshwater
Diphyllobothrium dendriticum,"England, Wales + Isle of Man",54.236107,-4.548056,freshwater
Diphyllobothrium ditremum,"England, Wales + Isle of Man",54.236107,-4.548056,freshwater
Diphyllobothrium dendriticum,Norway,60.47202399999999,8.468945999999999,freshwater
Dilepis undula,Switzerland + Lichtenstein,47.3682887,8.5374552,terrestrial
Cladotaenia globifera,Switzerland + Lichtenstein,47.3682887,8.5374552,terrestrial
Echinococcus multilocularis,Austria,47.516231,14.550072,terrestrial
Taenia parva,Balearic Islands,39.3587759,2.7356328,terrestrial
Cladotaenia globifera,Balearic Islands,39.3587759,2.7356328,terrestrial
Catenotaenia pusilla,Balearic Islands,39.3587759,2.7356328,terrestrial
Pseudhymenolepis redonica,Balearic Islands,39.3587759,2.7356328,terrestrial
Eubothrium crassum,Greece,39.074208,21.824312,freshwater
Bothriocephalus opsariichthydis,European USSR (CIS),54.5259614,15.2551187,freshwater
Diphyllobothrium ditremum,Lake Baikal,53.5587003,108.1649965,freshwater
Anoplocephala magna,Kazakstan,48.019573,66.923684,terrestrial
Anoplocephala perfoliata,Kazakstan,48.019573,66.923684,terrestrial
Echinococcus granulosus,Kazakstan,48.019573,66.923684,terrestrial
Moniezia benedeni,Kazakstan,48.019573,66.923684,terrestrial
Moniezia expansa,Kazakstan,48.019573,66.923684,terrestrial
Dicranotaenia coronula,Alberta,53.9332706,-116.5765035,freshwater
Nybelinia surmenicola,Japan,36.204824,138.252924,marine
Diplogonoporus balaenopterae,Japan,36.204824,138.252924,marine
Mathevotaenia symmetrica,Thailand,15.870032,100.992541,terrestrial
Diphyllobothrium latum,Alaska,64.2008413,-149.4936733,terrestrial
Echinococcus granulosus,Estonia + Latvia,56.95962400000001,24.1016552,terrestrial
Bothriocephalus acheilognathi,European USSR (CIS),54.5259614,15.2551187,freshwater
Anoplocephala perfoliata,East Germany (!! USE Germany),51.165691,10.451526,terrestrial
Schistocephalus solidus,Japan,36.204824,138.252924,freshwater
Tetrabothrius erostris,Japan,36.204824,138.252924,marine
Raillietina echinobothrida,Japan,36.204824,138.252924,terrestrial
Raillietina cesticillus,Japan,36.204824,138.252924,terrestrial
Amoebotaenia cuneata,Japan,36.204824,138.252924,terrestrial
Paradilepis scolecina,Japan,36.204824,138.252924,freshwater
Choanotaenia infundibulum,Japan,36.204824,138.252924,terrestrial
Fimbriaria fasciolaris,Japan,36.204824,138.252924,freshwater
Cloacotaenia megalops,Japan,36.204824,138.252924,freshwater
Diorchis nyrocae,Japan,36.204824,138.252924,freshwater
Microsomacanthus ductilis,Japan,36.204824,138.252924,marine
Sobolevicanthus gracilis,Japan,36.204824,138.252924,freshwater
Variolepis farciminosa,Japan,36.204824,138.252924,terrestrial
Diploposthe laevis,Japan,36.204824,138.252924,freshwater
Echinococcus granulosus,Byelorussia,53.709807,27.953389,terrestrial
Echinococcus granulosus,Georgia (USSR),42.315407,43.35689199999999,terrestrial
Taenia taeniaeformis,Azerbaidzan,40.143105,47.576927,terrestrial
Echinococcus granulosus,Yakut ASSR,66.7613451,124.123753,terrestrial
Moniezia expansa,Lesser Antilles,14.4122148,-64.7627955,terrestrial
Taenia taeniaeformis,Victoria,-37.01,144.75,terrestrial
Moniezia expansa,Ghana,7.946527,-1.023194,terrestrial
Dicranotaenia coronula,New Zealand,-40.900557,174.885971,freshwater
Hymenolepis nana,Laos,19.85627,102.495496,terrestrial
Hymenolepis diminuta,Thailand,15.870032,100.992541,terrestrial
Hymenolepis nana,Thailand,15.870032,100.992541,terrestrial
Taenia taeniaeformis,Indonesia & Malaysia,-0.789275,113.921327,terrestrial
Hymenolepis diminuta,Indonesia & Malaysia,-0.789275,113.921327,terrestrial
Taenia taeniaeformis,Islands of Western Pacific,-8.783195,-124.508523,terrestrial
Hymenolepis diminuta,Marshall Islands,7.131474,171.184478,terrestrial
Hymenolepis diminuta,Fijian Islands,-17.713371,178.065032,terrestrial
Hymenolepis diminuta,Islands of Pacific Ocean,-8.783195,-124.508523,terrestrial
Hymenolepis diminuta,Samoa Islands,-12.798491,-170.477306,terrestrial
Hymenolepis nana,Samoa Islands,-12.798491,-170.477306,terrestrial
Hymenolepis diminuta,New Zealand,-40.900557,174.885971,terrestrial
Taenia taeniaeformis,New Zealand,-40.900557,174.885971,terrestrial
Ophiotaenia europaea,Turkmenistan,38.969719,59.556278,freshwater
Diplopylidium acanthotetra,Turkmenistan,38.969719,59.556278,terrestrial
Echinococcus granulosus,Argentina,-38.416097,-63.61667199999999,terrestrial
Diphyllobothrium latum,Europe,54.5259614,15.2551187,terrestrial
Diphyllobothrium dendriticum,Europe,54.5259614,15.2551187,freshwater
Diphyllobothrium ditremum,Europe,54.5259614,15.2551187,freshwater
Diphyllobothrium latum,Argentina,-38.416097,-63.61667199999999,terrestrial
Echinococcus granulosus,Pakistan,30.375321,69.34511599999999,terrestrial
Taenia taeniaeformis,California,36.778261,-119.4179324,terrestrial
Taenia omissa,District of Columbia/Delaware/New Jersey/Maryland,39.0457549,-76.64127119999999,terrestrial
Diphyllobothrium dendriticum,Argentina,-38.416097,-63.61667199999999,freshwater
Raillietina tetragona,Azerbaidzan,40.143105,47.576927,terrestrial
Raillietina echinobothrida,Azerbaidzan,40.143105,47.576927,terrestrial
Caryophyllaeus laticeps,European USSR (CIS),54.5259614,15.2551187,freshwater
Dipylidium caninum,Jordan,30.585164,36.238414,terrestrial
Diphyllobothrium latum,Jordan,30.585164,36.238414,terrestrial
Paranoplocephala omphalodes,Kirgizia,41.20438,74.766098,terrestrial
Paranoplocephala macrocephala,Kirgizia,41.20438,74.766098,terrestrial
Catenotaenia pusilla,Kirgizia,41.20438,74.766098,terrestrial
Mathevotaenia symmetrica,Kirgizia,41.20438,74.766098,terrestrial
Hymenolepis diminuta,Kirgizia,41.20438,74.766098,terrestrial
Rodentolepis straminea,Kirgizia,41.20438,74.766098,terrestrial
Rodentolepis microstoma,Kirgizia,41.20438,74.766098,terrestrial
Bothriocephalus cuspidatus,Wisconsin,43.7844397,-88.7878678,freshwater
Echinococcus vogeli,Ecuador,-1.831239,-78.18340599999999,terrestrial
Echinococcus granulosus,United States,37.09024,-95.712891,terrestrial
Flamingolepis liguloides,France,46.227638,2.213749,freshwater
Flamingolepis flamingo,France,46.227638,2.213749,freshwater
Gynandrotaenia stammeri,France,46.227638,2.213749,freshwater
Eurycestus avoceti,France,46.227638,2.213749,freshwater
Bothriocephalus opsariichthydis,Azerbaidzan,40.143105,47.576927,freshwater
Khawia sinensis,Azerbaidzan,40.143105,47.576927,freshwater
Bothriocephalus acheilognathi,Azerbaidzan,40.143105,47.576927,freshwater
Taenia hydatigena,Azerbaidzan,40.143105,47.576927,terrestrial
Choanotaenia infundibulum,Azerbaidzan,40.143105,47.576927,terrestrial
Dipylidium caninum,Japan,36.204824,138.252924,terrestrial
Hymenolepis nana,Ecuador,-1.831239,-78.18340599999999,terrestrial
Cladotaenia globifera,Denmark,56.26392,9.501785,terrestrial
Taenia mustelae,Denmark,56.26392,9.501785,terrestrial
Taenia polyacantha,Denmark,56.26392,9.501785,terrestrial
Taenia taeniaeformis,Denmark,56.26392,9.501785,terrestrial
Paranoplocephala omphalodes,Denmark,56.26392,9.501785,terrestrial
Microsomacanthus microskrjabini,"Ukraine, incl. Moldavia",48.379433,31.1655799,freshwater
Fimbriarioides intermedia,"Ukraine, incl. Moldavia",48.379433,31.1655799,freshwater
Triaenophorus nodulosus,"England, Wales + Isle of Man",54.236107,-4.548056,freshwater
Atriotaenia procyonis,Arkansas,35.20105,-91.8318334,terrestrial
Bothriocephalus acheilognathi,"Ukraine, incl. Moldavia",48.379433,31.1655799,freshwater
Anoplocephala manubriata,Vietnam,14.058324,108.277199,terrestrial
Anoplocephala perfoliata,Vietnam,14.058324,108.277199,terrestrial
Bertiella studeri,Vietnam,14.058324,108.277199,terrestrial
Moniezia benedeni,Vietnam,14.058324,108.277199,terrestrial
Moniezia expansa,Vietnam,14.058324,108.277199,terrestrial
Mosgovoyia pectinata,Vietnam,14.058324,108.277199,terrestrial
Pseudanoplocephala crawfordi,Vietnam,14.058324,108.277199,terrestrial
Avitellina centripunctata,Vietnam,14.058324,108.277199,terrestrial
Diphyllobothrium latum,Switzerland + Lichtenstein,47.3682887,8.5374552,terrestrial
Hymenolepis diminuta,Switzerland + Lichtenstein,47.3682887,8.5374552,terrestrial
Moniezia expansa,Cape Province,-33.5,20.97,terrestrial
Metroliasthes lucida,France,46.227638,2.213749,terrestrial
Choanotaenia infundibulum,France,46.227638,2.213749,terrestrial
Proteocephalus ambloplitis,Louisiana,30.9842977,-91.96233269999999,freshwater
Proteocephalus filicollis,"England, Wales + Isle of Man",54.236107,-4.548056,freshwater
Bothriocephalus claviceps,Europe,54.5259614,15.2551187,freshwater
Diphyllobothrium ditremum,Eire + N. Ireland,54.7877149,-6.4923145,freshwater
Taenia saginata,Germany,51.165691,10.451526,terrestrial
Triaenophorus crassus,Alaska,64.2008413,-149.4936733,freshwater
Hymenolepis nana,Florida,27.6648274,-81.5157535,terrestrial
Hymenolepis nana,Iraq,33.223191,43.679291,terrestrial
Hymenolepis diminuta,Iraq,33.223191,43.679291,terrestrial
Triaenophorus crassus,Canada,56.130366,-106.346771,freshwater
Paricterotaenia porosa,Iraq,33.223191,43.679291,freshwater
Wardium fusa,Iraq,33.223191,43.679291,freshwater
Mosgovoyia pectinata,Finland,61.92410999999999,25.7481511,terrestrial
Echinococcus granulosus,Iran,32.427908,53.688046,terrestrial
Taenia hydatigena,Iran,32.427908,53.688046,terrestrial
Taenia solium,Iran,32.427908,53.688046,terrestrial
Diphyllobothrium nihonkaiense,Sea of Japan,38.848848,135,terrestrial
Taenia hydatigena,Scotland,56.49067119999999,-4.2026458,terrestrial
Anoplocephala perfoliata,Germany,51.165691,10.451526,terrestrial
Caryophyllaeus laticeps,Austria,47.516231,14.550072,freshwater
Triaenophorus crassus,Austria,47.516231,14.550072,freshwater
Eubothrium crassum,Austria,47.516231,14.550072,freshwater
Ligula intestinalis,Austria,47.516231,14.550072,freshwater
Bothriocephalus acheilognathi,Austria,47.516231,14.550072,freshwater
Proteocephalus macrocephalus,Austria,47.516231,14.550072,freshwater
Proteocephalus percae,Austria,47.516231,14.550072,freshwater
Moniezia expansa,Rwanda,-1.940278,29.873888,terrestrial
Echinococcus multilocularis,"England, Wales + Isle of Man",54.236107,-4.548056,terrestrial
Taenia martis,Germany,51.165691,10.451526,terrestrial
Raillietina tetragona,Bangladesh,23.684994,90.356331,terrestrial
Raillietina echinobothrida,Bangladesh,23.684994,90.356331,terrestrial
Raillietina cesticillus,Bangladesh,23.684994,90.356331,terrestrial
Echinococcus granulosus,Ethiopian Region,9.145000000000001,40.489673,terrestrial
Echinococcus granulosus,Nearctic,53.569001,-113.571487,terrestrial
Echinococcus granulosus,Neotropical,28.9337826,-95.30845339999999,terrestrial
Dipylidium caninum,Arkansas,35.20105,-91.8318334,terrestrial
Corallobothrium fimbriatum,Wisconsin,43.7844397,-88.7878678,freshwater
Triaenophorus nodulosus,Wisconsin,43.7844397,-88.7878678,freshwater
Dipylidium caninum,Laos,19.85627,102.495496,terrestrial
Diphyllobothrium latum,Russia (Asian),61.52401,105.318756,terrestrial
Taenia saginata,Indonesia & Malaysia,-0.789275,113.921327,terrestrial
Taenia solium,Indonesia & Malaysia,-0.789275,113.921327,terrestrial
Taenia solium,New South Wales,-31.2532183,146.921099,terrestrial
Echinococcus multilocularis,Kenya,-0.023559,37.906193,terrestrial
Taenia crassiceps,Kenya,-0.023559,37.906193,terrestrial
Taenia hydatigena,South Australia,-30.0002315,136.2091547,terrestrial
Diploposthe skrjabini,Azerbaidzan,40.143105,47.576927,freshwater
Spirometra erinacei,New South Wales,-31.2532183,146.921099,terrestrial
Spirometra erinacei,Australia,-25.274398,133.775136,terrestrial
Spirometra mansonoides,Japan,36.204824,138.252924,terrestrial
Lateriporus skrjabini,Yakut ASSR,66.7613451,124.123753,freshwater
Joyeuxiella echinorhynchoides,Spain + Andalusia,37.5442706,-4.7277528,terrestrial
Raillietina tetragona,Iraq,33.223191,43.679291,terrestrial
Raillietina echinobothrida,Iraq,33.223191,43.679291,terrestrial
Raillietina cesticillus,Iraq,33.223191,43.679291,terrestrial
Hymenolepis carioca,Iraq,33.223191,43.679291,terrestrial
Choanotaenia infundibulum,Iraq,33.223191,43.679291,terrestrial
Taenia hydatigena,"England, Wales + Isle of Man",54.236107,-4.548056,terrestrial
Taenia pisiformis,"England, Wales + Isle of Man",54.236107,-4.548056,terrestrial
Taenia multiceps,"England, Wales + Isle of Man",54.236107,-4.548056,terrestrial
Taenia serialis,"England, Wales + Isle of Man",54.236107,-4.548056,terrestrial
Dipylidium caninum,"England, Wales + Isle of Man",54.236107,-4.548056,terrestrial
Taenia polyacantha,"England, Wales + Isle of Man",54.236107,-4.548056,terrestrial
Microsomacanthus hopkinsi,Manitoba,53.7608608,-98.8138762,freshwater
Microsomacanthus hopkinsi,New Brunswick,46.5653163,-66.46191639999999,freshwater
Hymenolepis nana,Manitoba,53.7608608,-98.8138762,terrestrial
Schistocephalus solidus,Iceland,64.963051,-19.020835,freshwater
Ligula intestinalis,Finland,61.92410999999999,25.7481511,freshwater
Anoplocephala perfoliata,Iceland,64.963051,-19.020835,terrestrial
Taenia taeniaeformis,Corsica,42.0396042,9.012892599999999,terrestrial
Triaenophorus nodulosus,Lake Baikal,53.5587003,108.1649965,freshwater
Proteocephalus percae,Lake Baikal,53.5587003,108.1649965,freshwater
Cephalochlamys namaquensis,Eire + N. Ireland,54.7877149,-6.4923145,freshwater
Khawia sinensis,"Ukraine, incl. Moldavia",48.379433,31.1655799,freshwater
Fimbriaria fasciolaris,Canada,56.130366,-106.346771,freshwater
Fimbriarioides intermedia,Canada,56.130366,-106.346771,freshwater
Aploparaksis furcigera,Canada,56.130366,-106.346771,terrestrial
Cloacotaenia megalops,Canada,56.130366,-106.346771,freshwater
Dicranotaenia coronula,Canada,56.130366,-106.346771,freshwater
Diorchis asiatica,Canada,56.130366,-106.346771,freshwater
Diorchis bulbodes,Canada,56.130366,-106.346771,freshwater
Diorchis inflata,Canada,56.130366,-106.346771,freshwater
Diorchis nyrocae,Canada,56.130366,-106.346771,freshwater
Diorchis ransomi,Canada,56.130366,-106.346771,freshwater
Drepanidotaenia lanceolata,Canada,56.130366,-106.346771,freshwater
Echinocotyle rosseteri,Canada,56.130366,-106.346771,freshwater
Microsomacanthus compressa,Canada,56.130366,-106.346771,freshwater
Microsomacanthus hopkinsi,Canada,56.130366,-106.346771,freshwater
Microsomacanthus microskrjabini,Canada,56.130366,-106.346771,freshwater
Microsomacanthus paracompressa,Canada,56.130366,-106.346771,freshwater
Microsomacanthus spiralibursata,Canada,56.130366,-106.346771,freshwater
Microsomacanthus tuvensis,Canada,56.130366,-106.346771,freshwater
Parabisaccanthes philactes,Canada,56.130366,-106.346771,freshwater
Retinometra venusta,Canada,56.130366,-106.346771,freshwater
Sobolevicanthus gracilis,Canada,56.130366,-106.346771,freshwater
Sobolevicanthus octacantha,Canada,56.130366,-106.346771,freshwater
Tschertkovilepis setigera,Canada,56.130366,-106.346771,freshwater
Diploposthe laevis,Canada,56.130366,-106.346771,freshwater
Lateriporus mathevossianae,Canada,56.130366,-106.346771,freshwater
Lateriporus skrjabini,Canada,56.130366,-106.346771,freshwater
Lateriporus teres,Canada,56.130366,-106.346771,marine
Platyscolex ciliata,Canada,56.130366,-106.346771,freshwater
Moniezia benedeni,New Brunswick,46.5653163,-66.46191639999999,terrestrial
Moniezia benedeni,Quebec,52.9399159,-73.5491361,terrestrial
Taenia hydatigena,Quebec,52.9399159,-73.5491361,terrestrial
Moniezia expansa,Newfoundland,53.1355091,-57.6604364,terrestrial
Moniezia expansa,Quebec,52.9399159,-73.5491361,terrestrial
Moniezia expansa,Nova Scotia,44.68198659999999,-63.744311,terrestrial
Echinococcus granulosus,Ontario,51.253775,-85.323214,terrestrial
Taenia solium,Manitoba,53.7608608,-98.8138762,terrestrial
Taenia solium,Ontario,51.253775,-85.323214,terrestrial
Taenia solium,Saskatchewan,52.9399159,-106.4508639,terrestrial
Taenia hydatigena,Saskatchewan,52.9399159,-106.4508639,terrestrial
Diphyllobothrium latum,Alberta,53.9332706,-116.5765035,terrestrial
Diphyllobothrium latum,Newfoundland,53.1355091,-57.6604364,terrestrial
Diphyllobothrium latum,Quebec,52.9399159,-73.5491361,terrestrial
Diphyllobothrium latum,Saskatchewan,52.9399159,-106.4508639,terrestrial
Dipylidium caninum,New Brunswick,46.5653163,-66.46191639999999,terrestrial
Dipylidium caninum,Newfoundland,53.1355091,-57.6604364,terrestrial
Dipylidium caninum,Northwest Territories,64.8255441,-124.8457334,terrestrial
Dipylidium caninum,Ontario,51.253775,-85.323214,terrestrial
Taenia crassiceps,Ontario,51.253775,-85.323214,terrestrial
Taenia hydatigena,Newfoundland,53.1355091,-57.6604364,terrestrial
Taenia pisiformis,Newfoundland,53.1355091,-57.6604364,terrestrial
Taenia pisiformis,Northwest Territories,64.8255441,-124.8457334,terrestrial
Taenia pisiformis,Ontario,51.253775,-85.323214,terrestrial
Taenia pisiformis,Quebec,52.9399159,-73.5491361,terrestrial
Taenia serialis,Alberta,53.9332706,-116.5765035,terrestrial
Taenia serialis,Northwest Territories,64.8255441,-124.8457334,terrestrial
Anoplocephala magna,Ontario,51.253775,-85.323214,terrestrial
Anoplocephala magna,Quebec,52.9399159,-73.5491361,terrestrial
Anoplocephala perfoliata,Newfoundland,53.1355091,-57.6604364,terrestrial
Anoplocephala perfoliata,Ontario,51.253775,-85.323214,terrestrial
Staphylocystis furcata,Taiwan,23.69781,120.960515,terrestrial
Diphyllobothrium ditremum,Nova Scotia,44.68198659999999,-63.744311,freshwater
Schistocephalus pungitii,Nova Scotia,44.68198659999999,-63.744311,freshwater
Proteocephalus ambloplitis,New Hampshire/Vermont/Massachusetts/Connecticut/Rhode Is.,43.2509279,-71.9273024,freshwater
Rodentolepis asymmetrica,"Ukraine, incl. Moldavia",48.379433,31.1655799,terrestrial
Diplogonoporus balaenopterae,Atlantic Ocean,-14.5994134,-28.6731465,marine
Diplogonoporus balaenopterae,Arctic Ocean,65.2481624,-60.4620977,marine
Taenia taeniaeformis,France,46.227638,2.213749,terrestrial
Taenia mustelae,France,46.227638,2.213749,terrestrial
Spirometra mansonoides,Florida,27.6648274,-81.5157535,terrestrial
Sobolevicanthus krabbeella,Denmark,56.26392,9.501785,freshwater
Taenia hydatigena,Japan,36.204824,138.252924,terrestrial
Bertiella studeri,Sumatra,-0.589724,101.3431058,terrestrial
Bothriocephalus opsariichthydis,Japan,36.204824,138.252924,freshwater
Khawia sinensis,"England, Wales + Isle of Man",54.236107,-4.548056,freshwater
Clistobothrium carcharodoni,Pacific coast of USA,62.4113634,-149.0729714,marine
Diplopylidium acanthotetra,Balearic Islands,39.3587759,2.7356328,terrestrial
Taenia multiceps,Iran,32.427908,53.688046,terrestrial
Taenia taeniaeformis,Iran,32.427908,53.688046,terrestrial
Taenia endothoracicus,Iran,32.427908,53.688046,terrestrial
Taenia pisiformis,Iran,32.427908,53.688046,terrestrial
Dipylidium caninum,Iran,32.427908,53.688046,terrestrial
Spirometra mansonoides,Iran,32.427908,53.688046,terrestrial
Echinococcus granulosus,Uruguay,-32.522779,-55.765835,terrestrial
Hymenolepis nana,Sudan,12.862807,30.217636,terrestrial
Taenia saginata,Burma [Myanmar],21.916221,95.955974,terrestrial
Ligula intestinalis,"Ukraine, incl. Moldavia",48.379433,31.1655799,freshwater
Echinococcus granulosus,Mali,17.570692,-3.996166,terrestrial
Moniezia expansa,Tennessee,35.5174913,-86.5804473,terrestrial
Taenia taeniaeformis,Chile,-35.675147,-71.542969,terrestrial
Spathebothrium simplex,Sea of Okhotsk,52.87362299999999,149.3658173,marine
Bothriocephalus scorpii,Sea of Okhotsk,52.87362299999999,149.3658173,marine
Raillietina echinobothrida,Malaya,3.17,101.7,terrestrial
Raillietina tetragona,Malaya,3.17,101.7,terrestrial
Hymenolepis carioca,Malaya,3.17,101.7,terrestrial
Davainea proglottina,Malaya,3.17,101.7,terrestrial
Amoebotaenia cuneata,Malaya,3.17,101.7,terrestrial
Taenia martis,Spain + Andalusia,37.5442706,-4.7277528,terrestrial
Echinococcus granulosus,Niger,17.607789,8.081666,terrestrial
Echinococcus multilocularis,Belgium + Luxembourg,50.0546886,5.467698299999999,terrestrial
Dipylidium caninum,Yugoslavia,37.09024,-95.712891,terrestrial
Hymenolepis nana,Guinea,9.945587,-9.696645,terrestrial
Echinococcus multilocularis,Indiana,40.2671941,-86.1349019,terrestrial
Bothriocephalus claviceps,Baltic Sea,58.48795200000001,19.863281,freshwater
Proteocephalus macrocephalus,Baltic Sea,58.48795200000001,19.863281,freshwater
Eubothrium crassum,Norwegian Sea,68.8773537,3.13966,freshwater
Sobolevicanthus gracilis,"England, Wales + Isle of Man",54.236107,-4.548056,freshwater
Fimbriaria fasciolaris,"England, Wales + Isle of Man",54.236107,-4.548056,freshwater
Diorchis nyrocae,"England, Wales + Isle of Man",54.236107,-4.548056,freshwater
Nematoparataenia southwelli,"England, Wales + Isle of Man",54.236107,-4.548056,freshwater
Dicranotaenia coronula,"England, Wales + Isle of Man",54.236107,-4.548056,freshwater
Thysaniezia giardi,Orange Free State,-28.4541105,26.7967849,terrestrial
Hymenolepis diminuta,Guinea-Bissau,11.803749,-15.180413,terrestrial
Echinococcus granulosus,Guinea-Bissau,11.803749,-15.180413,terrestrial
Dipylidium caninum,Guinea-Bissau,11.803749,-15.180413,terrestrial
Taenia saginata,Guinea-Bissau,11.803749,-15.180413,terrestrial
Taenia solium,Guinea-Bissau,11.803749,-15.180413,terrestrial
Bertiella studeri,Guinea-Bissau,11.803749,-15.180413,terrestrial
Taenia saginata,Angola,-11.202692,17.873887,terrestrial
Taenia solium,Angola,-11.202692,17.873887,terrestrial
Echinococcus granulosus,Mozambique,-18.665695,35.529562,terrestrial
Hymenolepis nana,Mozambique,-18.665695,35.529562,terrestrial
Dipylidium caninum,Armenia,40.069099,45.038189,terrestrial
Khawia armeniaca,Armenia,40.069099,45.038189,freshwater
Diphyllobothrium latum,Mozambique,-18.665695,35.529562,terrestrial
Dipylidium caninum,Mozambique,-18.665695,35.529562,terrestrial
Taenia saginata,Mozambique,-18.665695,35.529562,terrestrial
Taenia solium,Mozambique,-18.665695,35.529562,terrestrial
Anoplocephala perfoliata,Ethiopia (incl. Dhibouti),11.59516,43.146473,terrestrial
Anoplocephala perfoliata,Japan,36.204824,138.252924,terrestrial
Dipylidium caninum,Spain + Andalusia,37.5442706,-4.7277528,terrestrial
Anoplocephala perfoliata,Morocco,31.791702,-7.092619999999999,terrestrial
Anoplocephala magna,Morocco,31.791702,-7.092619999999999,terrestrial
Moniezia expansa,Yugoslavia,37.09024,-95.712891,terrestrial
Davainea proglottina,Iraq,33.223191,43.679291,terrestrial
Lateriporus teres,Iraq,33.223191,43.679291,marine
Drepanidotaenia lanceolata,Iraq,33.223191,43.679291,freshwater
Nematoparataenia southwelli,Yugoslavia,37.09024,-95.712891,freshwater
Staphylocystis furcata,Burma [Myanmar],21.916221,95.955974,terrestrial
Dilepis undula,British Columbia,53.7266683,-127.6476205,terrestrial
Dilepis undula,Finland,61.92410999999999,25.7481511,terrestrial
Hymenolepis nana,Taiwan,23.69781,120.960515,terrestrial
Hymenolepis diminuta,North Carolina,35.7595731,-79.01929969999999,terrestrial
Taenia polyacantha,Finland,61.92410999999999,25.7481511,terrestrial
Taenia pisiformis,Colorado,39.5500507,-105.7820674,terrestrial
Taenia serialis,Colorado,39.5500507,-105.7820674,terrestrial
Mosgovoyia pectinata,Colorado,39.5500507,-105.7820674,terrestrial
Corallobothrium parafimbriatum,Italy,41.87194,12.56738,freshwater
Amphilina foliacea,Georgia (USSR),42.315407,43.35689199999999,freshwater
Bothrimonus fallax,Georgia (USSR),42.315407,43.35689199999999,marine
Eubothrium crassum,Georgia (USSR),42.315407,43.35689199999999,freshwater
Triaenophorus nodulosus,Georgia (USSR),42.315407,43.35689199999999,freshwater
Proteocephalus percae,Georgia (USSR),42.315407,43.35689199999999,freshwater
Caryophyllaeus laticeps,Georgia (USSR),42.315407,43.35689199999999,freshwater
Ligula intestinalis,Georgia (USSR),42.315407,43.35689199999999,freshwater
Paradilepis scolecina,Georgia (USSR),42.315407,43.35689199999999,freshwater
Proteocephalus torulosus,Georgia (USSR),42.315407,43.35689199999999,freshwater
Taenia saginata,Norway,60.47202399999999,8.468945999999999,terrestrial
Anoplocephala perfoliata,Sweden,60.12816100000001,18.643501,terrestrial
Khawia armeniaca,Georgia (USSR),42.315407,43.35689199999999,freshwater
Moniezia expansa,Eire + N. Ireland,54.7877149,-6.4923145,terrestrial
Hymenolepis nana,Egypt,26.820553,30.802498,terrestrial
Anoplocephala perfoliata,Italy,41.87194,12.56738,terrestrial
Monobothrium hunteri,Lake Superior,47.723087,-86.940716,freshwater
Proteocephalus macrocephalus,Nova Scotia,44.68198659999999,-63.744311,freshwater
Bothriocephalus claviceps,Nova Scotia,44.68198659999999,-63.744311,freshwater
Bothriocephalus acheilognathi,Italy,41.87194,12.56738,freshwater
Cyathocephalus truncatus,Italy,41.87194,12.56738,freshwater
Triaenophorus nodulosus,Italy,41.87194,12.56738,freshwater
Ligula intestinalis,Sardinia,40.1208752,9.012892599999999,freshwater
Proteocephalus percae,Italy,41.87194,12.56738,freshwater
Caryophyllaeus laticeps,Italy,41.87194,12.56738,freshwater
Proteocephalus osculatus,Georgia (USSR),42.315407,43.35689199999999,freshwater
Moniezia benedeni,The Gambia,13.443182,-15.310139,terrestrial
Amoebotaenia cuneata,Southeast Asia,-2.2179704,115.66283,terrestrial
Ophiotaenia gracilis,Nearctic,53.569001,-113.571487,freshwater
Spirometra mansonoides,Nearctic,53.569001,-113.571487,terrestrial
Austramphilina elongata,South Australia,-30.0002315,136.2091547,freshwater
Grillotia erinaceus,Atlantic Ocean,-14.5994134,-28.6731465,marine
Echinococcus granulosus,Crete,35.240117,24.8092691,terrestrial
Moniezia expansa,United States,37.09024,-95.712891,terrestrial
Taenia hydatigena,United States,37.09024,-95.712891,terrestrial
Proteocephalus ambiguus,Finno-Karelian ASSR,63.15587019999999,32.9905552,freshwater
Neoctenotaenia ctenoides,United States,37.09024,-95.712891,terrestrial
Taenia pisiformis,United States,37.09024,-95.712891,terrestrial
Joyeuxiella pasqualei,Egypt,26.820553,30.802498,terrestrial
Echinococcus granulosus,New Zealand,-40.900557,174.885971,terrestrial
Anoplocephala magna,Iran,32.427908,53.688046,terrestrial
Dipylidium caninum,Austria,47.516231,14.550072,terrestrial
Taenia serialis,Germany,51.165691,10.451526,terrestrial
Taenia pisiformis,Germany,51.165691,10.451526,terrestrial
Taenia polyacantha,Germany,51.165691,10.451526,terrestrial
Taenia taeniaeformis,Germany,51.165691,10.451526,terrestrial
Raillietina echinobothrida,Egypt,26.820553,30.802498,terrestrial
Choanotaenia infundibulum,Egypt,26.820553,30.802498,terrestrial
Hymenolepis diminuta,Eire + N. Ireland,54.7877149,-6.4923145,terrestrial
Bothriocephalus acheilognathi,Louisiana,30.9842977,-91.96233269999999,freshwater
Taenia solium,Guatemala,15.783471,-90.23075899999999,terrestrial
Taenia serialis,United States,37.09024,-95.712891,terrestrial
Variolepis farciminosa,Ivory Coast,7.539988999999999,-5.547079999999999,terrestrial
Avitellina centripunctata,Senegal,14.497401,-14.452362,terrestrial
Cloacotaenia megalops,Florida,27.6648274,-81.5157535,freshwater
Cittotaenia denticulata,"England, Wales + Isle of Man",54.236107,-4.548056,terrestrial
Mosgovoyia pectinata,"England, Wales + Isle of Man",54.236107,-4.548056,terrestrial
Echinococcus granulosus,Costa Rica,9.748916999999999,-83.753428,terrestrial
Echinococcus oligarthrus,Costa Rica,9.748916999999999,-83.753428,terrestrial
Echinococcus granulosus,Mexico,23.634501,-102.552784,terrestrial
Echinococcus granulosus,Belgium + Luxembourg,50.0546886,5.467698299999999,terrestrial
Hymenolepis nana,Peru,-9.189967,-75.015152,terrestrial
Taenia taeniaeformis,Taiwan,23.69781,120.960515,terrestrial
Hymenolepis diminuta,Taiwan,23.69781,120.960515,terrestrial
Aploparaksis filum,United States,37.09024,-95.712891,terrestrial
Davainea tetraoensis,Finland,61.92410999999999,25.7481511,terrestrial
Catenotaenia pusilla,Japan,36.204824,138.252924,terrestrial
Taenia crassiceps,Lithuania,55.169438,23.881275,terrestrial
Taenia mustelae,Lithuania,55.169438,23.881275,terrestrial
Echinococcus granulosus,District of Columbia/Delaware/New Jersey/Maryland,39.0457549,-76.64127119999999,terrestrial
Hymenolepis nana,Paraguay,-23.442503,-58.443832,terrestrial
Hymenolepis nana,Pakistan,30.375321,69.34511599999999,terrestrial
Caryophyllaeus laticeps,France,46.227638,2.213749,freshwater
Khawia sinensis,France,46.227638,2.213749,freshwater
Ligula intestinalis,France,46.227638,2.213749,freshwater
Ligula intestinalis,Scotland,56.49067119999999,-4.2026458,freshwater
Nybelinia surmenicola,Coast of Japan,35.4543846,139.644207,marine
Diphyllobothrium ditremum,Ontario,51.253775,-85.323214,freshwater
Eubothrium salvelini,Ontario,51.253775,-85.323214,freshwater
Ligula intestinalis,Ontario,51.253775,-85.323214,freshwater
Proteocephalus ambloplitis,Ontario,51.253775,-85.323214,freshwater
Hunterella nodulosa,Ontario,51.253775,-85.323214,freshwater
Schistocephalus solidus,Ontario,51.253775,-85.323214,freshwater
Bothriocephalus scorpii,Norway,60.47202399999999,8.468945999999999,marine
Proteocephalus filicollis,Norway,60.47202399999999,8.468945999999999,freshwater
Taenia multiceps,Italy,41.87194,12.56738,terrestrial
Taenia pisiformis,Italy,41.87194,12.56738,terrestrial
Dipylidium caninum,Italy,41.87194,12.56738,terrestrial
Taenia parenchymatosa,Yakut ASSR,66.7613451,124.123753,terrestrial
Taenia hyaenae,Southern Africa,-24.3570767,19.5687103,terrestrial
Taenia gonyamai,Ethiopian Region,9.145000000000001,40.489673,terrestrial
Catenotaenia pusilla,France,46.227638,2.213749,terrestrial
Catenotaenia pusilla,Italy,41.87194,12.56738,terrestrial
Catenotaenia pusilla,"England, Wales + Isle of Man",54.236107,-4.548056,terrestrial
Echinococcus multilocularis,United States,37.09024,-95.712891,terrestrial
Hymenolepis diminuta,Egypt,26.820553,30.802498,terrestrial
Mathevotaenia symmetrica,Iraq,33.223191,43.679291,terrestrial
Taenia taeniaeformis,Italy,41.87194,12.56738,terrestrial
Taenia taeniaeformis,"England, Wales + Isle of Man",54.236107,-4.548056,terrestrial
Taenia taeniaeformis,Spain + Andalusia,37.5442706,-4.7277528,terrestrial
Taenia taeniaeformis,Egypt,26.820553,30.802498,terrestrial
Taenia taeniaeformis,District of Columbia/Delaware/New Jersey/Maryland,39.0457549,-76.64127119999999,terrestrial
Taenia asiatica,Taiwan,23.69781,120.960515,terrestrial
Lacistorhynchus tenuis,Western Mediterranean,34.5531284,18.0480105,marine
Cyclustera capito,Florida,27.6648274,-81.5157535,freshwater
Mosgovoyia pectinata,Eire + N. Ireland,54.7877149,-6.4923145,terrestrial
Cittotaenia denticulata,Eire + N. Ireland,54.7877149,-6.4923145,terrestrial
Coronacanthus vassilevi,"Ukraine, incl. Moldavia",48.379433,31.1655799,terrestrial
Coronacanthus omissa,"Ukraine, incl. Moldavia",48.379433,31.1655799,terrestrial
Hymenolepis diminuta,Lithuania,55.169438,23.881275,terrestrial
Rodentolepis straminea,Lithuania,55.169438,23.881275,terrestrial
Cladotaenia globifera,Lithuania,55.169438,23.881275,terrestrial
Paranoplocephala omphalodes,Lithuania,55.169438,23.881275,terrestrial
Taenia martis,Lithuania,55.169438,23.881275,terrestrial
Proteocephalus osculatus,"England, Wales + Isle of Man",54.236107,-4.548056,freshwater
Diphyllobothrium dendriticum,Baltic Sea,58.48795200000001,19.863281,freshwater
Diphyllobothrium latum,Estonia + Latvia,56.95962400000001,24.1016552,terrestrial
Diphyllobothrium dendriticum,Estonia + Latvia,56.95962400000001,24.1016552,freshwater
Taenia hydatigena,Estonia + Latvia,56.95962400000001,24.1016552,terrestrial
Moniezia expansa,Estonia + Latvia,56.95962400000001,24.1016552,terrestrial
Moniezia benedeni,Estonia + Latvia,56.95962400000001,24.1016552,terrestrial
Moniezia expansa,Transvaal,-23.59,29.13,terrestrial
Taenia hydatigena,Transvaal,-23.59,29.13,terrestrial
Moniezia expansa,Germany,51.165691,10.451526,terrestrial
Bothriocephalus scorpii,Western Iberian coast,40.4830106,-4.087557299999999,marine
Moniezia expansa,Iraq,33.223191,43.679291,terrestrial
Hymenolepis nana,Bangladesh,23.684994,90.356331,terrestrial
Amphilina foliacea,Mediterranean,34.5531284,18.0480105,freshwater
Eubothrium salvelini,Spitzbergen (Svalbard),78.90136,13.4838877,freshwater
Anoplocephala perfoliata,Cape Province,-33.5,20.97,terrestrial
Aploparaksis brachyphallos,New Brunswick,46.5653163,-66.46191639999999,terrestrial
Hymenolepis diminuta,Manitoba,53.7608608,-98.8138762,terrestrial
Dipylidium caninum,Germany,51.165691,10.451526,terrestrial
Molluscotaenia crassiscolex,"Ukraine, incl. Moldavia",48.379433,31.1655799,terrestrial
Neoskrjabinolepis schaldybini,"Ukraine, incl. Moldavia",48.379433,31.1655799,terrestrial
Staphylocystis furcata,"Ukraine, incl. Moldavia",48.379433,31.1655799,terrestrial
Urocystis prolifer,"Ukraine, incl. Moldavia",48.379433,31.1655799,terrestrial
Joyeuxiella pasqualei,Iran,32.427908,53.688046,terrestrial
Taenia solium,Nearctic,53.569001,-113.571487,terrestrial
Hymenolepis nana,Armenia,40.069099,45.038189,terrestrial
Dipylidium caninum,Morocco,31.791702,-7.092619999999999,terrestrial
Taenia crassiceps,Morocco,31.791702,-7.092619999999999,terrestrial
Echinococcus granulosus,Yugoslavia,37.09024,-95.712891,terrestrial
Taenia hydatigena,Yugoslavia,37.09024,-95.712891,terrestrial
Taenia multiceps,Yugoslavia,37.09024,-95.712891,terrestrial
Taenia pisiformis,Yugoslavia,37.09024,-95.712891,terrestrial
Echinococcus multilocularis,Iran,32.427908,53.688046,terrestrial
Paranoplocephala omphalodes,Alaska,64.2008413,-149.4936733,terrestrial
Proteocephalus percae,"England, Wales + Isle of Man",54.236107,-4.548056,freshwater
Eubothrium crassum,Yugoslavia,37.09024,-95.712891,freshwater
Cyathocephalus truncatus,Yugoslavia,37.09024,-95.712891,freshwater
Diphyllobothrium latum,Yugoslavia,37.09024,-95.712891,terrestrial
Paranoplocephala omphalodes,Finland,61.92410999999999,25.7481511,terrestrial
Taenia mustelae,Finland,61.92410999999999,25.7481511,terrestrial
Taenia taeniaeformis,Finland,61.92410999999999,25.7481511,terrestrial
Eubothrium crassum,Japan,36.204824,138.252924,freshwater
Bothriocephalus acheilognathi,Hawaiian Islands,19.8967662,-155.5827818,freshwater
Echinococcus granulosus,Nepal,28.394857,84.12400799999999,terrestrial
Triaenophorus crassus,Ontario,51.253775,-85.323214,freshwater
Triaenophorus nodulosus,Ontario,51.253775,-85.323214,freshwater
Triaenophorus stizostedionis,Ontario,51.253775,-85.323214,freshwater
Echinococcus multilocularis,New Brunswick,46.5653163,-66.46191639999999,terrestrial
Spirometra erinacei,Victoria,-37.01,144.75,terrestrial
Ophiotaenia filaroides,Mexico,23.634501,-102.552784,freshwater
Schistocephalus solidus,Finland,61.92410999999999,25.7481511,freshwater
Ligula intestinalis,European USSR (CIS),54.5259614,15.2551187,freshwater
Grillotia erinaceus,Irish Sea,53.8276917,-4.465836599999999,marine
Ophryocotyle proteus,European USSR (CIS),54.5259614,15.2551187,marine
Bothrimonus fallax,Black Sea,43.41302899999999,34.299316,marine
Echinococcus granulosus,Greece,39.074208,21.824312,terrestrial
Echinococcus granulosus,Eire + N. Ireland,54.7877149,-6.4923145,terrestrial
Echinococcus multilocularis,Nearctic,53.569001,-113.571487,terrestrial
Bertiella studeri,Japan,36.204824,138.252924,terrestrial
Hymenolepis nana,Tunisia,33.886917,9.537499,terrestrial
Taenia saginata,Tunisia,33.886917,9.537499,terrestrial
Taenia saginata,Iraq,33.223191,43.679291,terrestrial
Diphyllobothrium latum,Austria,47.516231,14.550072,terrestrial
Hymenolepis diminuta,Austria,47.516231,14.550072,terrestrial
Echinococcus granulosus,Austria,47.516231,14.550072,terrestrial
Taenia solium,Austria,47.516231,14.550072,terrestrial
Taenia saginata,Austria,47.516231,14.550072,terrestrial
Diorchis brevis,Iraq,33.223191,43.679291,freshwater
Diorchis ransomi,Iraq,33.223191,43.679291,freshwater
Diploposthe laevis,Iraq,33.223191,43.679291,freshwater
Taenia parva,Southern Africa,-24.3570767,19.5687103,terrestrial
Taenia solium,Ecuador,-1.831239,-78.18340599999999,terrestrial
Triaenophorus crassus,Quebec,52.9399159,-73.5491361,freshwater
Taenia solium,Peru,-9.189967,-75.015152,terrestrial
Taenia solium,Rwanda,-1.940278,29.873888,terrestrial
Echinococcus granulosus,Peru,-9.189967,-75.015152,terrestrial
Raillietina echinobothrida,Senegal,14.497401,-14.452362,terrestrial
Hymenolepis diminuta,New Hampshire/Vermont/Massachusetts/Connecticut/Rhode Is.,43.2509279,-71.9273024,terrestrial
Eubothrium crassum,Scotland,56.49067119999999,-4.2026458,freshwater
Staphylocystis brusatae,Turkmenistan,38.969719,59.556278,terrestrial
Bothriocephalus scorpii,Adriatic Sea,41.85509039999999,17.2902839,marine
Anoplocephala perfoliata,Victoria,-37.01,144.75,terrestrial
Taenia hydatigena,Uruguay,-32.522779,-55.765835,terrestrial
Gangesia parasiluri,Iraq,33.223191,43.679291,freshwater
Khawia armeniaca,Iraq,33.223191,43.679291,freshwater
Echinococcus granulosus,Lithuania,55.169438,23.881275,terrestrial
Anomotaenia constricta,Spain + Andalusia,37.5442706,-4.7277528,terrestrial
Passerilepis stylosa,Spain + Andalusia,37.5442706,-4.7277528,terrestrial
Variolepis farciminosa,Spain + Andalusia,37.5442706,-4.7277528,terrestrial
Proteocephalus longicollis,Greenland,71.706936,-42.604303,freshwater
Eubothrium salvelini,Greenland,71.706936,-42.604303,freshwater
Diphyllobothrium ditremum,Greenland,71.706936,-42.604303,freshwater
Diphyllobothrium dendriticum,Greenland,71.706936,-42.604303,freshwater
Fimbriaria fasciolaris,Indian Region,22,79,freshwater
Moniezia benedeni,New Zealand,-40.900557,174.885971,terrestrial
Moniezia expansa,New Zealand,-40.900557,174.885971,terrestrial
Hymenolepis carioca,Indian Region,22,79,terrestrial
Cyathocephalus truncatus,Scotland,56.49067119999999,-4.2026458,freshwater
Echinococcus granulosus,Indian Region,22,79,terrestrial
Taenia solium,Indian Region,22,79,terrestrial
Taenia saginata,Indian Region,22,79,terrestrial
Taenia hydatigena,Indian Region,22,79,terrestrial
Taenia pisiformis,Indian Region,22,79,terrestrial
Taenia taeniaeformis,Indian Region,22,79,terrestrial
Moniezia expansa,Indian Region,22,79,terrestrial
Moniezia benedeni,Indian Region,22,79,terrestrial
Bertiella studeri,Indian Region,22,79,terrestrial
Hymenolepis nana,"England, Wales + Isle of Man",54.236107,-4.548056,terrestrial
Avitellina centripunctata,Indian Region,22,79,terrestrial
Avitellina lahorea,Indian Region,22,79,terrestrial
Stilesia globipunctata,Indian Region,22,79,terrestrial
Raillietina tetragona,Indian Region,22,79,terrestrial
Raillietina echinobothrida,Indian Region,22,79,terrestrial
Choanotaenia infundibulum,Indian Region,22,79,terrestrial
Dipylidium caninum,Indian Region,22,79,terrestrial
Joyeuxiella pasqualei,Indian Region,22,79,terrestrial
Hymenolepis diminuta,Indian Region,22,79,terrestrial
Hymenolepis nana,Indian Region,22,79,terrestrial
Diphyllobothrium latum,Indian Region,22,79,terrestrial
Glaridacris catostomi,Canada,56.130366,-106.346771,freshwater
Glaridacris catostomi,Manitoba,53.7608608,-98.8138762,freshwater
Glaridacris catostomi,Ontario,51.253775,-85.323214,freshwater
Glaridacris catostomi,Saskatchewan,52.9399159,-106.4508639,freshwater
Glaridacris vogei,British Columbia,53.7266683,-127.6476205,freshwater
Hunterella nodulosa,Canada,56.130366,-106.346771,freshwater
Monobothrium hunteri,Manitoba,53.7608608,-98.8138762,freshwater
Corallobothrium fimbriatum,Ontario,51.253775,-85.323214,freshwater
Corallotaenia minutia,Ontario,51.253775,-85.323214,freshwater
Megathylacoides giganteum,Ontario,51.253775,-85.323214,freshwater
Proteocephalus filicollis,Manitoba,53.7608608,-98.8138762,freshwater
Proteocephalus filicollis,Alberta,53.9332706,-116.5765035,freshwater
Proteocephalus fluviatilis,Ontario,51.253775,-85.323214,freshwater
Proteocephalus longicollis,Canada,56.130366,-106.346771,freshwater
Proteocephalus macrocephalus,Canada,56.130366,-106.346771,freshwater
Proteocephalus pearsei,Ontario,51.253775,-85.323214,freshwater
Eubothrium crassum,Ontario,51.253775,-85.323214,freshwater
Eubothrium crassum,Newfoundland,53.1355091,-57.6604364,freshwater
Eubothrium crassum,New Brunswick,46.5653163,-66.46191639999999,freshwater
Eubothrium rugosum,Canada,56.130366,-106.346771,freshwater
Archigetes sieboldi,European USSR (CIS),54.5259614,15.2551187,freshwater
Khawia sinensis,Byelorussia,53.709807,27.953389,freshwater
Schistocephalus solidus,"England, Wales + Isle of Man",54.236107,-4.548056,freshwater
Eubothrium salvelini,Labrador + Newfoundland,53.1355091,-57.6604364,freshwater
Bothriocephalus claviceps,Ontario,51.253775,-85.323214,freshwater
Bothriocephalus claviceps,Canada,56.130366,-106.346771,freshwater
Bothriocephalus cuspidatus,Canada,56.130366,-106.346771,freshwater
Bothriocephalus cuspidatus,Ontario,51.253775,-85.323214,freshwater
Bothriocephalus opsariichthydis,British Columbia,53.7266683,-127.6476205,freshwater
Echinococcus granulosus,Eastern & Central Europe,48.66,19.5,terrestrial
Dipylidium caninum,Eastern & Central Europe,48.66,19.5,terrestrial
Triaenophorus nodulosus,Canada,56.130366,-106.346771,freshwater
Triaenophorus nodulosus,Alberta,53.9332706,-116.5765035,freshwater
Triaenophorus stizostedionis,Canada,56.130366,-106.346771,freshwater
Lacistorhynchus tenuis,Atlantic Ocean,-14.5994134,-28.6731465,marine
Haplobothrium globuliforme,Ontario,51.253775,-85.323214,freshwater
Diphyllobothrium dendriticum,Yukon + Northwest Territories,60.71795149999999,-135.0498961,freshwater
Diphyllobothrium dendriticum,Ontario,51.253775,-85.323214,freshwater
Diphyllobothrium dendriticum,Quebec,52.9399159,-73.5491361,freshwater
Diphyllobothrium dendriticum,Nova Scotia,44.68198659999999,-63.744311,freshwater
Diphyllobothrium ditremum,Yukon + Northwest Territories,60.71795149999999,-135.0498961,freshwater
Ligula intestinalis,British Columbia,53.7266683,-127.6476205,freshwater
Ligula intestinalis,Saskatchewan,52.9399159,-106.4508639,freshwater
Schistocephalus solidus,British Columbia,53.7266683,-127.6476205,freshwater
Schistocephalus solidus,Manitoba,53.7608608,-98.8138762,freshwater
Schistocephalus solidus,Saskatchewan,52.9399159,-106.4508639,freshwater
Cyathocephalus truncatus,Ontario,51.253775,-85.323214,freshwater
Cyathocephalus truncatus,Yukon + Northwest Territories,60.71795149999999,-135.0498961,freshwater
Cyathocephalus truncatus,Manitoba,53.7608608,-98.8138762,freshwater
Cyathocephalus truncatus,British Columbia,53.7266683,-127.6476205,freshwater
Cyathocephalus truncatus,Alberta,53.9332706,-116.5765035,freshwater
Taenia pisiformis,Japan,36.204824,138.252924,terrestrial
Taenia serialis,Japan,36.204824,138.252924,terrestrial
Diphyllobothrium ditremum,Quebec,52.9399159,-73.5491361,freshwater
Hymenolepis nana,Chile,-35.675147,-71.542969,terrestrial
Echinococcus granulosus,Chile,-35.675147,-71.542969,terrestrial
Eubothrium crassum,Eire + N. Ireland,54.7877149,-6.4923145,freshwater
Dipylidium caninum,Chile,-35.675147,-71.542969,terrestrial
Taenia saginata,Chile,-35.675147,-71.542969,terrestrial
Spathebothrium simplex,Coast of Japan,35.4543846,139.644207,marine
Bothriocephalus scorpii,Coast of Japan,35.4543846,139.644207,marine
Taenia mustelae,Japan,36.204824,138.252924,terrestrial
Bothriocephalus scorpii,North Sea,56.511018,3.515625,marine
Bothriocephalus barbatus,France,46.227638,2.213749,marine
Bothriocephalus gregarius,France,46.227638,2.213749,marine
Eubothrium crassum,Denmark,56.26392,9.501785,freshwater
Triaenophorus crassus,Denmark,56.26392,9.501785,freshwater
Taenia saginata,United States,37.09024,-95.712891,terrestrial
Taenia crassiceps,United States,37.09024,-95.712891,terrestrial
Taenia macrocystis,Venezuela,6.42375,-66.58973,terrestrial
Taenia multiceps,Uruguay,-32.522779,-55.765835,terrestrial
Taenia pisiformis,Uruguay,-32.522779,-55.765835,terrestrial
Dipylidium caninum,Uruguay,-32.522779,-55.765835,terrestrial
Taenia crassiceps,Spain + Andalusia,37.5442706,-4.7277528,terrestrial
Dipylidium caninum,Estonia + Latvia,56.95962400000001,24.1016552,terrestrial
Eubothrium salvelini,Scotland,56.49067119999999,-4.2026458,freshwater
Paranoplocephala macrocephala,Arizona,34.0489281,-111.0937311,terrestrial
Hymenolepis diminuta,Indiana,40.2671941,-86.1349019,terrestrial
Grillotia erinaceus,West Coast of Norway,60.4121981,5.3222701,marine
Ligula intestinalis,Kazakstan,48.019573,66.923684,freshwater
Bothriocephalus acheilognathi,Norway,60.47202399999999,8.468945999999999,freshwater
Proteocephalus torulosus,Austria,47.516231,14.550072,freshwater
Bothriocephalus scorpii,South China Sea,15.488092,114.404754,marine
Triaenophorus nodulosus,Russia (Asian),61.52401,105.318756,freshwater
Triaenophorus crassus,Russia (Asian),61.52401,105.318756,freshwater
Eubothrium rugosum,Russia (Asian),61.52401,105.318756,freshwater
Eubothrium salvelini,Russia (Asian),61.52401,105.318756,freshwater
Eubothrium crassum,Russia (Asian),61.52401,105.318756,freshwater
Diphyllobothrium dendriticum,Russia (Asian),61.52401,105.318756,freshwater
Diphyllobothrium ditremum,Russia (Asian),61.52401,105.318756,freshwater
Ligula intestinalis,Russia (Asian),61.52401,105.318756,freshwater
Schistocephalus pungitii,Russia (Asian),61.52401,105.318756,freshwater
Cyathocephalus truncatus,Russia (Asian),61.52401,105.318756,freshwater
Diplocotyle olrikii,Russia (Asian),61.52401,105.318756,marine
Proteocephalus percae,Russia (Asian),61.52401,105.318756,freshwater
Proteocephalus cernuae,Russia (Asian),61.52401,105.318756,freshwater
Proteocephalus torulosus,Russia (Asian),61.52401,105.318756,freshwater
Proteocephalus filicollis,Russia (Asian),61.52401,105.318756,freshwater
Amphilina foliacea,Italy,41.87194,12.56738,freshwater
Diphyllobothrium latum,Italy,41.87194,12.56738,terrestrial
Schistocephalus solidus,Italy,41.87194,12.56738,freshwater
Tetrabothrius erostris,Italy,41.87194,12.56738,marine
Anoplocephala magna,Italy,41.87194,12.56738,terrestrial
Avitellina centripunctata,Italy,41.87194,12.56738,terrestrial
Cittotaenia denticulata,Italy,41.87194,12.56738,terrestrial
Ctenotaenia marmotae,Italy,41.87194,12.56738,terrestrial
Moniezia benedeni,Italy,41.87194,12.56738,terrestrial
Moniezia expansa,Italy,41.87194,12.56738,terrestrial
Mosgovoyia pectinata,Italy,41.87194,12.56738,terrestrial
Paranoplocephala omphalodes,Italy,41.87194,12.56738,terrestrial
Stilesia globipunctata,Italy,41.87194,12.56738,terrestrial
Cladotaenia globifera,France,46.227638,2.213749,terrestrial
Schistocephalus solidus,Switzerland + Lichtenstein,47.3682887,8.5374552,freshwater
Bothriocephalus acheilognathi,Iran,32.427908,53.688046,freshwater
Ligula intestinalis,Iran,32.427908,53.688046,freshwater
Davainea proglottina,Italy,41.87194,12.56738,terrestrial
Ophryocotyle proteus,Italy,41.87194,12.56738,marine
Raillietina echinobothrida,Italy,41.87194,12.56738,terrestrial
Raillietina tetragona,Italy,41.87194,12.56738,terrestrial
Amoebotaenia cuneata,Italy,41.87194,12.56738,terrestrial
Dilepis undula,Italy,41.87194,12.56738,terrestrial
Multitesticulata filamentosa,Italy,41.87194,12.56738,terrestrial
Neogryporhynchus cheilancristrotus,Italy,41.87194,12.56738,freshwater
Paricterotaenia porosa,Italy,41.87194,12.56738,freshwater
Diplopylidium acanthotetra,Italy,41.87194,12.56738,terrestrial
Joyeuxiella echinorhynchoides,Italy,41.87194,12.56738,terrestrial
Joyeuxiella pasqualei,Italy,41.87194,12.56738,terrestrial
Cladotaenia globifera,Italy,41.87194,12.56738,terrestrial
Fimbriarioides intermedia,Black Sea,43.41302899999999,34.299316,freshwater
Microsomacanthus microskrjabini,Black Sea,43.41302899999999,34.299316,freshwater
Platyscolex ciliata,Black Sea,43.41302899999999,34.299316,freshwater
Paruterina candelabraria,Italy,41.87194,12.56738,terrestrial
Aploparaksis filum,Italy,41.87194,12.56738,terrestrial
Aploparaksis furcigera,Italy,41.87194,12.56738,terrestrial
Dicranotaenia coronula,Italy,41.87194,12.56738,freshwater
Diorchis inflata,Italy,41.87194,12.56738,freshwater
Diploposthe laevis,Italy,41.87194,12.56738,freshwater
Drepanidotaenia lanceolata,Italy,41.87194,12.56738,freshwater
Echinocotyle rosseteri,Italy,41.87194,12.56738,freshwater
Fimbriaria fasciolaris,Italy,41.87194,12.56738,freshwater
Hymenolepis diminuta,Italy,41.87194,12.56738,terrestrial
Passerilepis stylosa,Italy,41.87194,12.56738,terrestrial
Pseudhymenolepis redonica,Italy,41.87194,12.56738,terrestrial
Rodentolepis asymmetrica,Italy,41.87194,12.56738,terrestrial
Rodentolepis straminea,Italy,41.87194,12.56738,terrestrial
Sobolevicanthus gracilis,Italy,41.87194,12.56738,freshwater
Staphylocystis pistillum,Italy,41.87194,12.56738,terrestrial
Staphylocystis scalaris,Italy,41.87194,12.56738,terrestrial
Taenia crassiceps,Italy,41.87194,12.56738,terrestrial
Taenia polyacantha,Italy,41.87194,12.56738,terrestrial
Taenia saginata,Italy,41.87194,12.56738,terrestrial
Taenia serialis,Italy,41.87194,12.56738,terrestrial
Taenia solium,Italy,41.87194,12.56738,terrestrial
Cephalochlamys namaquensis,Cape Province,-33.5,20.97,freshwater
Molluscotaenia crassiscolex,Kazakstan,48.019573,66.923684,terrestrial
Lineolepis scutigera,Kazakstan,48.019573,66.923684,terrestrial
Neoskrjabinolepis schaldybini,Kazakstan,48.019573,66.923684,terrestrial
Staphylocystis brusatae,Kazakstan,48.019573,66.923684,terrestrial
Staphylocystis furcata,Kazakstan,48.019573,66.923684,terrestrial
Urocystis prolifer,Kazakstan,48.019573,66.923684,terrestrial
Diphyllobothrium latum,"Ukraine, incl. Moldavia",48.379433,31.1655799,terrestrial
Oochoristica scelopori,Mexico,23.634501,-102.552784,terrestrial
Staphylocystis furcata,Borneo,0.9618833999999999,114.5548495,terrestrial
Moniezia expansa,NW African coast,-8.783195,34.508523,terrestrial
Proteocephalus percae,European USSR (CIS),54.5259614,15.2551187,freshwater
Proteocephalus cernuae,European USSR (CIS),54.5259614,15.2551187,freshwater
Oochoristica scelopori,United States,37.09024,-95.712891,terrestrial
Calliobothrium verticillatum,Adriatic Sea,41.85509039999999,17.2902839,marine
Proteocephalus filicollis,Scotland,56.49067119999999,-4.2026458,freshwater
Khawia sinensis,European USSR (CIS),54.5259614,15.2551187,freshwater
Valipora campylancristrota,European USSR (CIS),54.5259614,15.2551187,freshwater
Cyathocephalus truncatus,Great Lakes,45.0522366,-82.4846115,freshwater
Eubothrium crassum,Great Lakes,45.0522366,-82.4846115,freshwater
Eubothrium salvelini,Great Lakes,45.0522366,-82.4846115,freshwater
Triaenophorus crassus,Great Lakes,45.0522366,-82.4846115,freshwater
Triaenophorus nodulosus,Great Lakes,45.0522366,-82.4846115,freshwater
Lacistorhynchus tenuis,Northeast Atlantic,39.370134,-77.40677199999999,marine
Nybelinia surmenicola,Chilean coast,-32.98,-71.00999999999999,marine
Lacistorhynchus dollfusi,Chilean coast,-32.98,-71.00999999999999,marine
Dipylidium caninum,European USSR (CIS),54.5259614,15.2551187,terrestrial
Caryophyllaeus laticeps,Norway,60.47202399999999,8.468945999999999,freshwater
Ligula intestinalis,Norway,60.47202399999999,8.468945999999999,freshwater
Proteocephalus percae,Norway,60.47202399999999,8.468945999999999,freshwater
Corallobothrium fimbriatum,Arizona,34.0489281,-111.0937311,freshwater
Proteocephalus ambloplitis,Arizona,34.0489281,-111.0937311,freshwater
Oochoristica anolis,Nearctic,53.569001,-113.571487,terrestrial
Oochoristica osheroffi,Nearctic,53.569001,-113.571487,terrestrial
Oochoristica scelopori,Nearctic,53.569001,-113.571487,terrestrial
Hymenolepis citelli,Idaho,44.0682019,-114.7420408,terrestrial
Cyclustera ibisae,Florida,27.6648274,-81.5157535,freshwater
Raillietina echinobothrida,Vietnam,14.058324,108.277199,terrestrial
Raillietina tetragona,Vietnam,14.058324,108.277199,terrestrial
Raillietina cesticillus,Vietnam,14.058324,108.277199,terrestrial
Diorchis brevis,Vietnam,14.058324,108.277199,freshwater
Diploposthe laevis,Vietnam,14.058324,108.277199,freshwater
Fimbriaria fasciolaris,Vietnam,14.058324,108.277199,freshwater
Hymenolepis diminuta,Vietnam,14.058324,108.277199,terrestrial
Rodentolepis straminea,Vietnam,14.058324,108.277199,terrestrial
Dipylidium caninum,Vietnam,14.058324,108.277199,terrestrial
Taenia laticollis,Vietnam,14.058324,108.277199,terrestrial
Taenia solium,Vietnam,14.058324,108.277199,terrestrial
Caryophyllaeus laticeps,Iraq,33.223191,43.679291,freshwater
Taenia saginata,Peru,-9.189967,-75.015152,terrestrial
Taenia saginata,Guatemala,15.783471,-90.23075899999999,terrestrial
Taenia hydatigena,Vietnam,14.058324,108.277199,terrestrial
Taenia martis,Balearic Islands,39.3587759,2.7356328,terrestrial
Echinococcus oligarthrus,Mexico,23.634501,-102.552784,terrestrial
Bothriocephalus gregarius,Black Sea,43.41302899999999,34.299316,marine
Ligula intestinalis,Uganda,1.373333,32.290275,freshwater
Dicranotaenia coronula,Florida,27.6648274,-81.5157535,freshwater
Diorchis bulbodes,Florida,27.6648274,-81.5157535,freshwater
Diploposthe laevis,Florida,27.6648274,-81.5157535,freshwater
Fimbriaria fasciolaris,Florida,27.6648274,-81.5157535,freshwater
Microsomacanthus compressa,Florida,27.6648274,-81.5157535,freshwater
Microsomacanthus hopkinsi,Florida,27.6648274,-81.5157535,freshwater
Platyscolex ciliata,Florida,27.6648274,-81.5157535,freshwater
Sobolevicanthus gracilis,Florida,27.6648274,-81.5157535,freshwater
Taenia acinonyxi,Zaire,-6.2649292,14.2343282,terrestrial
Taenia hydatigena,Iceland,64.963051,-19.020835,terrestrial
Taenia parenchymatosa,Russia (Asian),61.52401,105.318756,terrestrial
Taenia laticollis,Alberta,53.9332706,-116.5765035,terrestrial
Taenia pisiformis,Switzerland + Lichtenstein,47.3682887,8.5374552,terrestrial
Taenia regis,Zaire,-6.2649292,14.2343282,terrestrial
Taenia solium,Switzerland + Lichtenstein,47.3682887,8.5374552,terrestrial
Taenia parva,Switzerland + Lichtenstein,47.3682887,8.5374552,terrestrial
Ligula intestinalis,Quebec,52.9399159,-73.5491361,freshwater
Thysaniezia giardi,Pakistan,30.375321,69.34511599999999,terrestrial
Moniezia benedeni,Pakistan,30.375321,69.34511599999999,terrestrial
Avitellina centripunctata,Pakistan,30.375321,69.34511599999999,terrestrial
Stilesia globipunctata,Pakistan,30.375321,69.34511599999999,terrestrial
Raillietina tetragona,Pakistan,30.375321,69.34511599999999,terrestrial
Raillietina echinobothrida,Pakistan,30.375321,69.34511599999999,terrestrial
Choanotaenia infundibulum,Pakistan,30.375321,69.34511599999999,terrestrial
Hymenolepis diminuta,Finland,61.92410999999999,25.7481511,terrestrial
Moniezia expansa,Sumatra,-0.589724,101.3431058,terrestrial
Hymenolepis nana,Italy,41.87194,12.56738,terrestrial
Raillietina cesticillus,Italy,41.87194,12.56738,terrestrial
Taenia asiatica,Japan,36.204824,138.252924,terrestrial
Retinometra venusta,Armenia,40.069099,45.038189,freshwater
Microsomacanthus paramicrosoma,Armenia,40.069099,45.038189,freshwater
Aploparaksis filum,Armenia,40.069099,45.038189,terrestrial
Anoplocephala perfoliata,"England, Wales + Isle of Man",54.236107,-4.548056,terrestrial
Paradilepis scolecina,Italy,41.87194,12.56738,freshwater
Molluscotaenia crassiscolex,Germany,51.165691,10.451526,terrestrial
Lineolepis scutigera,Germany,51.165691,10.451526,terrestrial
Neoskrjabinolepis schaldybini,Germany,51.165691,10.451526,terrestrial
Urocystis prolifer,Germany,51.165691,10.451526,terrestrial
Vigisolepis spinulosa,Germany,51.165691,10.451526,terrestrial
Diphyllobothrium latum,Japan,36.204824,138.252924,terrestrial
Taenia pisiformis,Southwest Europe,41.2745004,-1.2121322,terrestrial
Cittotaenia denticulata,Southwest Europe,41.2745004,-1.2121322,terrestrial
Neoctenotaenia ctenoides,Southwest Europe,41.2745004,-1.2121322,terrestrial
Proteocephalus percae,Switzerland + Lichtenstein,47.3682887,8.5374552,freshwater
Taenia solium,California,36.778261,-119.4179324,terrestrial
Schizorchis altaica,Lake Baikal,53.5587003,108.1649965,terrestrial
Mosgovoyia pectinata,Lake Baikal,53.5587003,108.1649965,terrestrial
Paranoplocephala omphalodes,Lake Baikal,53.5587003,108.1649965,terrestrial
Anoplocephala magna,Lake Baikal,53.5587003,108.1649965,terrestrial
Anoplocephala perfoliata,Lake Baikal,53.5587003,108.1649965,terrestrial
Moniezia expansa,Lake Baikal,53.5587003,108.1649965,terrestrial
Moniezia benedeni,Lake Baikal,53.5587003,108.1649965,terrestrial
Avitellina centripunctata,Lake Baikal,53.5587003,108.1649965,terrestrial
Avitellina arctica,Lake Baikal,53.5587003,108.1649965,terrestrial
Thysaniezia giardi,Lake Baikal,53.5587003,108.1649965,terrestrial
Catenotaenia pusilla,Lake Baikal,53.5587003,108.1649965,terrestrial
Mathevotaenia symmetrica,Lake Baikal,53.5587003,108.1649965,terrestrial
Hymenolepis diminuta,Lake Baikal,53.5587003,108.1649965,terrestrial
Rodentolepis straminea,Lake Baikal,53.5587003,108.1649965,terrestrial
Urocystis prolifer,Lake Baikal,53.5587003,108.1649965,terrestrial
Dipylidium caninum,Lake Baikal,53.5587003,108.1649965,terrestrial
Cladotaenia globifera,Lake Baikal,53.5587003,108.1649965,terrestrial
Taenia solium,Lake Baikal,53.5587003,108.1649965,terrestrial
Taenia hydatigena,Lake Baikal,53.5587003,108.1649965,terrestrial
Taenia mustelae,Lake Baikal,53.5587003,108.1649965,terrestrial
Taenia martis,Lake Baikal,53.5587003,108.1649965,terrestrial
Taenia crassiceps,Lake Baikal,53.5587003,108.1649965,terrestrial
Taenia pisiformis,Lake Baikal,53.5587003,108.1649965,terrestrial
Echinococcus granulosus,Lake Baikal,53.5587003,108.1649965,terrestrial
Fimbriarioides intermedia,Iceland,64.963051,-19.020835,freshwater
Lateriporus teres,Iceland,64.963051,-19.020835,marine
Diphyllobothrium latum,Atlantic Ocean,-14.5994134,-28.6731465,terrestrial
Diplogonoporus balaenopterae,Indian Ocean,-33.137551,81.826172,marine
Hymenolepis nana,Mali,17.570692,-3.996166,terrestrial
Taenia saginata,Pakistan,30.375321,69.34511599999999,terrestrial
Bothriocephalus claviceps,Nearctic,53.569001,-113.571487,freshwater
Bothriocephalus cuspidatus,Nearctic,53.569001,-113.571487,freshwater
Bothriocephalus acheilognathi,Nearctic,53.569001,-113.571487,freshwater
Proteocephalus longicollis,Denmark,56.26392,9.501785,freshwater
Triaenophorus nodulosus,Denmark,56.26392,9.501785,freshwater
Echinococcus granulosus,Bangladesh,23.684994,90.356331,terrestrial
Diphyllobothrium latum,Black Sea,43.41302899999999,34.299316,terrestrial
Proteocephalus macrocephalus,Belgium + Luxembourg,50.0546886,5.467698299999999,freshwater
Bothriocephalus claviceps,Belgium + Luxembourg,50.0546886,5.467698299999999,freshwater
Bothriocephalus acheilognathi,Australia,-25.274398,133.775136,freshwater
Anoplocephala magna,Germany,51.165691,10.451526,terrestrial
Bothriocephalus acheilognathi,Arkansas,35.20105,-91.8318334,freshwater
Microsomacanthus ductilis,Islands of the Arctic Ocean,65.2481624,-60.4620977,marine
Tetrabothrius erostris,Islands of the Arctic Ocean,65.2481624,-60.4620977,marine
Taenia saginata,Southeast Asia,-2.2179704,115.66283,terrestrial
Bothriocephalus acheilognathi,Greece,39.074208,21.824312,freshwater
Khawia sinensis,Greece,39.074208,21.824312,freshwater
Taenia polyacantha,Spain + Andalusia,37.5442706,-4.7277528,terrestrial
Spirometra erinacei,Byelorussia,53.709807,27.953389,terrestrial
Taenia mustelae,Byelorussia,53.709807,27.953389,terrestrial
Drepanidotaenia lanceolata,Yugoslavia,37.09024,-95.712891,freshwater
Bothriocephalus acheilognathi,Georgia (USSR),42.315407,43.35689199999999,freshwater
Bothriocephalus scorpii,Sea of Japan,38.848848,135,marine
Staphylocystis furcata,"England, Wales + Isle of Man",54.236107,-4.548056,terrestrial
Staphylocystis scalaris,"England, Wales + Isle of Man",54.236107,-4.548056,terrestrial
Rodentolepis microstoma,"England, Wales + Isle of Man",54.236107,-4.548056,terrestrial
Rodentolepis straminea,"England, Wales + Isle of Man",54.236107,-4.548056,terrestrial
Taenia martis,"England, Wales + Isle of Man",54.236107,-4.548056,terrestrial
Dilepis undula,"England, Wales + Isle of Man",54.236107,-4.548056,terrestrial
Moniezia benedeni,"England, Wales + Isle of Man",54.236107,-4.548056,terrestrial
Moniezia expansa,"England, Wales + Isle of Man",54.236107,-4.548056,terrestrial
Taenia hydatigena,Mongolia,46.862496,103.846656,terrestrial
Echinococcus granulosus,Mongolia,46.862496,103.846656,terrestrial
Diplogonoporus balaenopterae,North Korea,40.339852,127.510093,marine
Bothriocephalus acheilognathi,New South Wales,-31.2532183,146.921099,freshwater
Proteocephalus macrocephalus,Eire + N. Ireland,54.7877149,-6.4923145,freshwater
Bothriocephalus claviceps,Eire + N. Ireland,54.7877149,-6.4923145,freshwater
Diphyllobothrium ditremum,Northeast Atlantic,39.370134,-77.40677199999999,freshwater
Eubothrium crassum,Northeast Atlantic,39.370134,-77.40677199999999,freshwater
Catenotaenia pusilla,Eire + N. Ireland,54.7877149,-6.4923145,terrestrial
Bertiella studeri,Spain + Andalusia,37.5442706,-4.7277528,terrestrial
Paradilepis caballeroi,Gulf of Mexico,25.304304,-90.065918,freshwater
Dipylidium caninum,France,46.227638,2.213749,terrestrial
Hymenolepis diminuta,New South Wales,-31.2532183,146.921099,terrestrial
Taenia asiatica,Indonesia & Malaysia,-0.789275,113.921327,terrestrial
Joyeuxiella echinorhynchoides,Greece,39.074208,21.824312,terrestrial
Dipylidium caninum,Greece,39.074208,21.824312,terrestrial
Taenia hydatigena,Greece,39.074208,21.824312,terrestrial
Taenia pisiformis,Greece,39.074208,21.824312,terrestrial
Taenia taeniaeformis,Greece,39.074208,21.824312,terrestrial
Taenia crassiceps,Greece,39.074208,21.824312,terrestrial
Cladotaenia globifera,Spain + Andalusia,37.5442706,-4.7277528,terrestrial
Taenia solium,Malagasay,-20,47,terrestrial
Taenia solium,Burundi,-3.373056,29.918886,terrestrial
Raillietina tetragona,Yugoslavia,37.09024,-95.712891,terrestrial
Raillietina echinobothrida,Yugoslavia,37.09024,-95.712891,terrestrial
Davainea proglottina,Yugoslavia,37.09024,-95.712891,terrestrial
Ligula intestinalis,Lake Baikal,53.5587003,108.1649965,freshwater
Avitellina centripunctata,France,46.227638,2.213749,terrestrial
Moniezia benedeni,France,46.227638,2.213749,terrestrial
Taenia mustelae,Spain + Andalusia,37.5442706,-4.7277528,terrestrial
Hymenolepis diminuta,Mexico,23.634501,-102.552784,terrestrial
Taenia saginata,Mexico,23.634501,-102.552784,terrestrial
Diphyllobothrium latum,Norway,60.47202399999999,8.468945999999999,terrestrial
Proteocephalus ambiguus,Norway,60.47202399999999,8.468945999999999,freshwater
Diplocotyle olrikii,Norway,60.47202399999999,8.468945999999999,marine
Eubothrium salvelini,France,46.227638,2.213749,freshwater
Dipylidium caninum,Taiwan,23.69781,120.960515,terrestrial
Diphyllobothrium latum,Taiwan,23.69781,120.960515,terrestrial
Taenia pisiformis,Taiwan,23.69781,120.960515,terrestrial
Spirometra mansonoides,Taiwan,23.69781,120.960515,terrestrial
Hymenolepis nana,Uruguay,-32.522779,-55.765835,terrestrial
Triaenophorus nodulosus,Switzerland + Lichtenstein,47.3682887,8.5374552,freshwater
Wardium fryei,Sea of Okhotsk,52.87362299999999,149.3658173,marine
Fimbriaria fasciolaris,Egypt,26.820553,30.802498,freshwater
Fimbriaria fasciolaris,Kenya,-0.023559,37.906193,freshwater
Cloacotaenia megalops,Kenya,-0.023559,37.906193,freshwater
Eubothrium crassum,Lake Michigan,43.4501005,-87.22201869999999,freshwater
Eubothrium salvelini,Lake Michigan,43.4501005,-87.22201869999999,freshwater
Echinococcus multilocularis,Quebec,52.9399159,-73.5491361,terrestrial
Sobolevicanthus octacantha,Egypt,26.820553,30.802498,freshwater
Sobolevicanthus octacantha,Zaire,-6.2649292,14.2343282,freshwater
Diploposthe laevis,Zaire,-6.2649292,14.2343282,freshwater
Diploposthe laevis,Kenya,-0.023559,37.906193,freshwater
Diploposthe laevis,Ethiopia (incl. Dhibouti),11.59516,43.146473,freshwater
Diploposthe laevis,Egypt,26.820553,30.802498,freshwater
Bothriocephalus acheilognathi,Europe,54.5259614,15.2551187,freshwater
Eubothrium crassum,Europe,54.5259614,15.2551187,freshwater
Cyathocephalus truncatus,Europe,54.5259614,15.2551187,freshwater
Proteocephalus torulosus,Europe,54.5259614,15.2551187,freshwater
Ligula intestinalis,Greece,39.074208,21.824312,freshwater
Bothriocephalus rarus,New Hampshire/Vermont/Massachusetts/Connecticut/Rhode Is.,43.2509279,-71.9273024,freshwater
Taenia mustelae,United States,37.09024,-95.712891,terrestrial
Cladotaenia circi,United States,37.09024,-95.712891,terrestrial
Paranoplocephala omphalodes,Germany,51.165691,10.451526,terrestrial
Taenia crassiceps,Austria,47.516231,14.550072,terrestrial
Taenia polyacantha,Austria,47.516231,14.550072,terrestrial
Taenia taeniaeformis,Austria,47.516231,14.550072,terrestrial
Taenia serialis,Austria,47.516231,14.550072,terrestrial
Eubothrium salvelini,Austria,47.516231,14.550072,freshwater
Proteocephalus longicollis,Austria,47.516231,14.550072,freshwater
Triaenophorus nodulosus,Austria,47.516231,14.550072,freshwater
Diphyllobothrium dendriticum,Australia,-25.274398,133.775136,freshwater
Bothriocephalus acheilognathi,Puerto Rico,18.220833,-66.590149,freshwater
Proteocephalus ambloplitis,Puerto Rico,18.220833,-66.590149,freshwater
Caryophyllaeus laticeps,Switzerland + Lichtenstein,47.3682887,8.5374552,freshwater
Catenotaenia pusilla,Switzerland + Lichtenstein,47.3682887,8.5374552,terrestrial
Taenia hydatigena,Peru,-9.189967,-75.015152,terrestrial
Taenia multiceps,Peru,-9.189967,-75.015152,terrestrial
Dipylidium caninum,Peru,-9.189967,-75.015152,terrestrial
Molluscotaenia crassiscolex,France,46.227638,2.213749,terrestrial
Neogryporhynchus cheilancristrotus,"Ukraine, incl. Moldavia",48.379433,31.1655799,freshwater
Paricterotaenia porosa,"Ukraine, incl. Moldavia",48.379433,31.1655799,freshwater
Diorchis brevis,"Ukraine, incl. Moldavia",48.379433,31.1655799,freshwater
Diploposthe laevis,"Ukraine, incl. Moldavia",48.379433,31.1655799,freshwater
Rodentolepis asymmetrica,Switzerland + Lichtenstein,47.3682887,8.5374552,terrestrial
Staphylocystis furcata,Switzerland + Lichtenstein,47.3682887,8.5374552,terrestrial
Vigisolepis spinulosa,France,46.227638,2.213749,terrestrial
Ophiotaenia europaea,"Ukraine, incl. Moldavia",48.379433,31.1655799,freshwater
Eubothrium crassum,Switzerland + Lichtenstein,47.3682887,8.5374552,freshwater
Cyathocephalus truncatus,Switzerland + Lichtenstein,47.3682887,8.5374552,freshwater
Tetrabothrius erostris,"Ukraine, incl. Moldavia",48.379433,31.1655799,marine
Anoplocephala perfoliata,Spain + Andalusia,37.5442706,-4.7277528,terrestrial
Tschertkovilepis setigera,Finno-Karelian ASSR,63.15587019999999,32.9905552,freshwater
Molluscotaenia crassiscolex,European USSR (CIS),54.5259614,15.2551187,terrestrial
Mosgovoyia pectinata,European USSR (CIS),54.5259614,15.2551187,terrestrial
Paruterina candelabraria,European USSR (CIS),54.5259614,15.2551187,terrestrial
Taenia parenchymatosa,European USSR (CIS),54.5259614,15.2551187,terrestrial
Pseudhymenolepis redonica,Spain + Andalusia,37.5442706,-4.7277528,terrestrial
Caryophyllaeus laticeps,Egypt,26.820553,30.802498,freshwater
Caryophyllaeus laticeps,Morocco,31.791702,-7.092619999999999,freshwater
Thysaniezia giardi,Spain + Andalusia,37.5442706,-4.7277528,terrestrial
Polyonchobothrium clarias,Gabon,-0.803689,11.609444,freshwater
Polyonchobothrium clarias,Sudan,12.862807,30.217636,freshwater
Polyonchobothrium clarias,Senegal,14.497401,-14.452362,freshwater
Polyonchobothrium clarias,Uganda,1.373333,32.290275,freshwater
Ligula intestinalis,Zaire,-6.2649292,14.2343282,freshwater
Amirthalingamia macracantha,Sudan,12.862807,30.217636,freshwater
Proteocephalus longicollis,Baltic Sea,58.48795200000001,19.863281,freshwater
Proteocephalus percae,Baltic Sea,58.48795200000001,19.863281,freshwater
Eubothrium crassum,European USSR (CIS),54.5259614,15.2551187,freshwater
Diplocotyle olrikii,European USSR (CIS),54.5259614,15.2551187,marine
Anoplocephala perfoliata,Chile,-35.675147,-71.542969,terrestrial
Anoplocephala magna,Chile,-35.675147,-71.542969,terrestrial
Anoplocephala perfoliata,Belgium + Luxembourg,50.0546886,5.467698299999999,terrestrial
Taenia hydatigena,Nearctic,53.569001,-113.571487,terrestrial
Moniezia benedeni,Nearctic,53.569001,-113.571487,terrestrial
Moniezia expansa,Nearctic,53.569001,-113.571487,terrestrial
Triaenophorus nodulosus,Russia (European),54.5259614,15.2551187,freshwater
Diphyllobothrium ditremum,Russia (European),54.5259614,15.2551187,freshwater
Diphyllobothrium dendriticum,Russia (European),54.5259614,15.2551187,freshwater
Bertiella studeri,Sri Lanka,7.873053999999999,80.77179699999999,terrestrial
Dipylidium caninum,Sri Lanka,7.873053999999999,80.77179699999999,terrestrial
Oochoristica anolis,Lesser Antilles,14.4122148,-64.7627955,terrestrial
Raillietina cesticillus,Ethiopia (incl. Dhibouti),11.59516,43.146473,terrestrial
Raillietina tetragona,Ethiopia (incl. Dhibouti),11.59516,43.146473,terrestrial
Choanotaenia infundibulum,Ethiopia (incl. Dhibouti),11.59516,43.146473,terrestrial
Raillietina echinobothrida,Ethiopia (incl. Dhibouti),11.59516,43.146473,terrestrial
Hymenolepis carioca,Ethiopia (incl. Dhibouti),11.59516,43.146473,terrestrial
Anoplocephala perfoliata,France,46.227638,2.213749,terrestrial
Anoplocephala magna,France,46.227638,2.213749,terrestrial
Schistocephalus solidus,Baltic Sea,58.48795200000001,19.863281,freshwater
Spirometra mansonoides,Nebraska,41.4925374,-99.9018131,terrestrial
Anoplocephala magna,Mexico,23.634501,-102.552784,terrestrial
Anoplocephala perfoliata,Mexico,23.634501,-102.552784,terrestrial
Moniezia expansa,Mexico,23.634501,-102.552784,terrestrial
Oochoristica osheroffi,Mexico,23.634501,-102.552784,terrestrial
Glaridacris confusa,Mexico,23.634501,-102.552784,freshwater
Dipylidium caninum,Mexico,23.634501,-102.552784,terrestrial
Variolepis farciminosa,Mexico,23.634501,-102.552784,terrestrial
Ophiotaenia perspicua,Mexico,23.634501,-102.552784,freshwater
Taenia hydatigena,Mexico,23.634501,-102.552784,terrestrial
Taenia multiceps,Mexico,23.634501,-102.552784,terrestrial
Taenia pisiformis,Mexico,23.634501,-102.552784,terrestrial
Taenia serialis,Mexico,23.634501,-102.552784,terrestrial
Taenia taeniaeformis,Mexico,23.634501,-102.552784,terrestrial
Paranoplocephala omphalodes,"Ukraine, incl. Moldavia",48.379433,31.1655799,terrestrial
Mosgovoyia pectinata,"Ukraine, incl. Moldavia",48.379433,31.1655799,terrestrial
Catenotaenia pusilla,"Ukraine, incl. Moldavia",48.379433,31.1655799,terrestrial
Lineolepis scutigera,"Ukraine, incl. Moldavia",48.379433,31.1655799,terrestrial
Rodentolepis straminea,"Ukraine, incl. Moldavia",48.379433,31.1655799,terrestrial
Dilepis undula,"Ukraine, incl. Moldavia",48.379433,31.1655799,terrestrial
Spirometra erinacei,"Ukraine, incl. Moldavia",48.379433,31.1655799,terrestrial
Echinococcus granulosus,Kashmir + Jammu,32.7266016,74.8570259,terrestrial
Bertiella studeri,Equatorial Guinea,1.650801,10.267895,terrestrial
Proteocephalus torulosus,Germany,51.165691,10.451526,freshwater
Hymenolepis nana,Argentina,-38.416097,-63.61667199999999,terrestrial
Echinococcus granulosus,Norway,60.47202399999999,8.468945999999999,terrestrial
Echinococcus granulosus,Sweden,60.12816100000001,18.643501,terrestrial
Echinococcus granulosus,Finland,61.92410999999999,25.7481511,terrestrial
Valipora campylancristrota,Italy,41.87194,12.56738,freshwater
Echinococcus granulosus,Cyprus,35.126413,33.429859,terrestrial
Diphyllobothrium dendriticum,Eire + N. Ireland,54.7877149,-6.4923145,freshwater
Rodentolepis straminea,Spain + Andalusia,37.5442706,-4.7277528,terrestrial
Caryophyllaeus laticeps,Eire + N. Ireland,54.7877149,-6.4923145,freshwater
Diphyllobothrium latum,Eire + N. Ireland,54.7877149,-6.4923145,terrestrial
Eubothrium salvelini,Eire + N. Ireland,54.7877149,-6.4923145,freshwater
Proteocephalus filicollis,Eire + N. Ireland,54.7877149,-6.4923145,freshwater
Schistocephalus solidus,Eire + N. Ireland,54.7877149,-6.4923145,freshwater
Cyathocephalus truncatus,Mongolia,46.862496,103.846656,freshwater
Hymenolepis diminuta,Puerto Rico,18.220833,-66.590149,terrestrial
Hymenolepis nana,Sulawesi,-1.8479,120.5279,terrestrial
Proteocephalus ambiguus,"England, Wales + Isle of Man",54.236107,-4.548056,freshwater
Proteocephalus ambiguus,France,46.227638,2.213749,freshwater
Proteocephalus ambiguus,Europe,54.5259614,15.2551187,freshwater
Triaenophorus nodulosus,"Ukraine, incl. Moldavia",48.379433,31.1655799,freshwater
Moniezia benedeni,Yugoslavia,37.09024,-95.712891,terrestrial
Taenia serialis,Yugoslavia,37.09024,-95.712891,terrestrial
Proteocephalus cernuae,Europe,54.5259614,15.2551187,freshwater
Proteocephalus filicollis,Europe,54.5259614,15.2551187,freshwater
Proteocephalus longicollis,Europe,54.5259614,15.2551187,freshwater
Proteocephalus macrocephalus,Europe,54.5259614,15.2551187,freshwater
Proteocephalus macrocephalus,Nearctic,53.569001,-113.571487,freshwater
Taenia hydatigena,Jordan,30.585164,36.238414,terrestrial
Caryophyllaeus laticeps,"England, Wales + Isle of Man",54.236107,-4.548056,freshwater
Proteocephalus osculatus,Europe,54.5259614,15.2551187,freshwater
Proteocephalus percae,Europe,54.5259614,15.2551187,freshwater
Proteocephalus thymalli,Europe,54.5259614,15.2551187,freshwater
Proteocephalus torulosus,Iraq,33.223191,43.679291,freshwater
Cladotaenia globifera,Byelorussia,53.709807,27.953389,terrestrial
Oochoristica javaensis,Islands of Western Pacific,-8.783195,-124.508523,terrestrial
Oochoristica javaensis,Java,-7.29,109.9,terrestrial
Diplogonoporus balaenopterae,Sea of Okhotsk,52.87362299999999,149.3658173,marine
Echinococcus granulosus,Japan,36.204824,138.252924,terrestrial
Glossocercus caribaensis,Florida,27.6648274,-81.5157535,freshwater
Aploparaksis filum,Spain + Andalusia,37.5442706,-4.7277528,terrestrial
Aploparaksis pseudofilum,Spain + Andalusia,37.5442706,-4.7277528,terrestrial
Archigetes sieboldi,Spain + Andalusia,37.5442706,-4.7277528,freshwater
Avitellina centripunctata,Spain + Andalusia,37.5442706,-4.7277528,terrestrial
Bothriocephalus claviceps,Western Mediterranean,34.5531284,18.0480105,freshwater
Bothriocephalus scorpii,Western Mediterranean,34.5531284,18.0480105,marine
Calliobothrium verticillatum,Off Azores/Canary/Cape Verde Isles,28.2915637,-16.6291304,marine
Caryophyllaeus laticeps,Spain + Andalusia,37.5442706,-4.7277528,freshwater
Choanotaenia infundibulum,Spain + Andalusia,37.5442706,-4.7277528,terrestrial
Cittotaenia denticulata,Spain + Andalusia,37.5442706,-4.7277528,terrestrial
Cloacotaenia megalops,Spain + Andalusia,37.5442706,-4.7277528,freshwater
Davainea proglottina,Spain + Andalusia,37.5442706,-4.7277528,terrestrial
Dilepis undula,Spain + Andalusia,37.5442706,-4.7277528,terrestrial
Diorchis inflata,Spain + Andalusia,37.5442706,-4.7277528,freshwater
Diorchis nyrocae,Spain + Andalusia,37.5442706,-4.7277528,freshwater
Diorchis parvogenitalis,Spain + Andalusia,37.5442706,-4.7277528,freshwater
Diphyllobothrium latum,Spain + Andalusia,37.5442706,-4.7277528,terrestrial
Diploposthe laevis,Spain + Andalusia,37.5442706,-4.7277528,freshwater
Triaenophorus crassus,Alberta,53.9332706,-116.5765035,freshwater
Drepanidotaenia lanceolata,Spain + Andalusia,37.5442706,-4.7277528,freshwater
Fimbriaria fasciolaris,Spain + Andalusia,37.5442706,-4.7277528,freshwater
Flamingolepis liguloides,Spain + Andalusia,37.5442706,-4.7277528,freshwater
Flamingolepis flamingo,Spain + Andalusia,37.5442706,-4.7277528,freshwater
Lacistorhynchus tenuis,Spain + Andalusia,37.5442706,-4.7277528,marine
Ligula intestinalis,Spain + Andalusia,37.5442706,-4.7277528,freshwater
Microsomacanthus compressa,Spain + Andalusia,37.5442706,-4.7277528,freshwater
Moniezia benedeni,Spain + Andalusia,37.5442706,-4.7277528,terrestrial
Moniezia expansa,Spain + Andalusia,37.5442706,-4.7277528,terrestrial
Mosgovoyia pectinata,Spain + Andalusia,37.5442706,-4.7277528,terrestrial
Echinococcus multilocularis,Eastern & Central Europe,48.66,19.5,terrestrial
Neoctenotaenia ctenoides,Spain + Andalusia,37.5442706,-4.7277528,terrestrial
Ophryocotyle proteus,Canary Islands,28.2915637,-16.6291304,marine
Paruterina candelabraria,Spain + Andalusia,37.5442706,-4.7277528,terrestrial
Proteocephalus macrocephalus,Balearic Islands,39.3587759,2.7356328,freshwater
Proteocephalus macrocephalus,Spain + Andalusia,37.5442706,-4.7277528,freshwater
Proteocephalus percae,Spain + Andalusia,37.5442706,-4.7277528,freshwater
Schistocephalus solidus,Spain + Andalusia,37.5442706,-4.7277528,freshwater
Sobolevicanthus gracilis,Spain + Andalusia,37.5442706,-4.7277528,freshwater
Stilesia globipunctata,Spain + Andalusia,37.5442706,-4.7277528,terrestrial
Taenia solium,Spain + Andalusia,37.5442706,-4.7277528,terrestrial
Tschertkovilepis setigera,Spain + Andalusia,37.5442706,-4.7277528,freshwater
Echinococcus granulosus,Tunisia,33.886917,9.537499,terrestrial
Proteocephalus longicollis,Eire + N. Ireland,54.7877149,-6.4923145,freshwater
Gangesia parasiluri,Japan,36.204824,138.252924,freshwater
Proteocephalus longicollis,Lake Michigan,43.4501005,-87.22201869999999,freshwater
Taenia saginata,France,46.227638,2.213749,terrestrial
Echinococcus granulosus,Iceland,64.963051,-19.020835,terrestrial
Diplogonoporus balaenopterae,Coast of Japan,35.4543846,139.644207,marine
Taenia solium,Hawaiian Islands,19.8967662,-155.5827818,terrestrial
Anoplotaenia dasyuri,Australia,-25.274398,133.775136,terrestrial
Taenia hydatigena,Australia,-25.274398,133.775136,terrestrial
Haplobothrium globuliforme,Canada,56.130366,-106.346771,freshwater
Moniezia expansa,Iceland,64.963051,-19.020835,terrestrial
Eubothrium crassum,France,46.227638,2.213749,freshwater
Diphyllobothrium dendriticum,Nearctic,53.569001,-113.571487,freshwater
Diphyllobothrium latum,Nearctic,53.569001,-113.571487,terrestrial
Schistocephalus solidus,Nearctic,53.569001,-113.571487,freshwater
Bertiella mucronata,Neotropical,28.9337826,-95.30845339999999,terrestrial
Taenia taeniaeformis,Neotropical,28.9337826,-95.30845339999999,terrestrial
Eubothrium crassum,Western coast of British Isles,56.41323389999999,-5.472362899999999,freshwater
Diphyllobothrium dendriticum,Western coast of British Isles,56.41323389999999,-5.472362899999999,freshwater
Catenotaenia pusilla,Germany,51.165691,10.451526,terrestrial
Dilepis undula,Germany,51.165691,10.451526,terrestrial
Diploposthe laevis,Germany,51.165691,10.451526,freshwater
Hymenolepis diminuta,Germany,51.165691,10.451526,terrestrial
Mosgovoyia pectinata,Germany,51.165691,10.451526,terrestrial
Taenia solium,Germany,51.165691,10.451526,terrestrial
Echinococcus granulosus,Egypt,26.820553,30.802498,terrestrial
Dipylidium caninum,Egypt,26.820553,30.802498,terrestrial
Grillotia erinaceus,Western coast of British Isles,56.41323389999999,-5.472362899999999,marine
Echinococcus multilocularis,Egypt,26.820553,30.802498,terrestrial
Diplocotyle olrikii,Northeast Atlantic,39.370134,-77.40677199999999,marine
Caryophyllaeus laticeps,Northeast Atlantic,39.370134,-77.40677199999999,freshwater
Bothriocephalus claviceps,Northeast Atlantic,39.370134,-77.40677199999999,freshwater
Eubothrium salvelini,Northeast Atlantic,39.370134,-77.40677199999999,freshwater
Triaenophorus nodulosus,Northeast Atlantic,39.370134,-77.40677199999999,freshwater
Diphyllobothrium dendriticum,Northeast Atlantic,39.370134,-77.40677199999999,freshwater
Diphyllobothrium latum,Northeast Atlantic,39.370134,-77.40677199999999,terrestrial
Taenia mustelae,Mongolia,46.862496,103.846656,terrestrial
Taenia polyacantha,Mongolia,46.862496,103.846656,terrestrial
Taenia endothoracicus,Mongolia,46.862496,103.846656,terrestrial
Cladotaenia globifera,Mongolia,46.862496,103.846656,terrestrial
Ligula intestinalis,Transvaal,-23.59,29.13,freshwater
Paradilepis scolecina,Transvaal,-23.59,29.13,freshwater
Amirthalingamia macracantha,Transvaal,-23.59,29.13,freshwater
Ligula intestinalis,Northeast Atlantic,39.370134,-77.40677199999999,freshwater
Schistocephalus pungitii,Northeast Atlantic,39.370134,-77.40677199999999,freshwater
Schistocephalus solidus,Northeast Atlantic,39.370134,-77.40677199999999,freshwater
Proteocephalus ambiguus,Northeast Atlantic,39.370134,-77.40677199999999,freshwater
Proteocephalus filicollis,Northeast Atlantic,39.370134,-77.40677199999999,freshwater
Proteocephalus longicollis,Northeast Atlantic,39.370134,-77.40677199999999,freshwater
Proteocephalus macrocephalus,Northeast Atlantic,39.370134,-77.40677199999999,freshwater
Proteocephalus percae,Northeast Atlantic,39.370134,-77.40677199999999,freshwater
Cladotaenia globifera,Japan,36.204824,138.252924,terrestrial
Hymenolepis diminuta,Morocco,31.791702,-7.092619999999999,terrestrial
Hymenolepis nana,Morocco,31.791702,-7.092619999999999,terrestrial
Catenotaenia pusilla,Europe,54.5259614,15.2551187,terrestrial
Moniezia expansa,Armenia,40.069099,45.038189,terrestrial
Moniezia benedeni,Armenia,40.069099,45.038189,terrestrial
Thysaniezia giardi,Armenia,40.069099,45.038189,terrestrial
Schistocephalus pungitii,Baltic Sea,58.48795200000001,19.863281,freshwater
Diplocotyle olrikii,Baltic Sea,58.48795200000001,19.863281,marine
Proteocephalus filicollis,Baltic Sea,58.48795200000001,19.863281,freshwater
Paranoplocephala omphalodes,Russia (Asian),61.52401,105.318756,terrestrial
Hymenolepis diminuta,Russia (Asian),61.52401,105.318756,terrestrial
Catenotaenia pusilla,Russia (Asian),61.52401,105.318756,terrestrial
Taenia hydatigena,Russia (Asian),61.52401,105.318756,terrestrial
Rodentolepis straminea,Russia (Asian),61.52401,105.318756,terrestrial
Dipylidium caninum,Sweden,60.12816100000001,18.643501,terrestrial
Hymenolepis diminuta,Byelorussia,53.709807,27.953389,terrestrial
Taenia crassiceps,Byelorussia,53.709807,27.953389,terrestrial
Taenia hydatigena,Byelorussia,53.709807,27.953389,terrestrial
Taenia polyacantha,Byelorussia,53.709807,27.953389,terrestrial
Taenia taeniaeformis,Byelorussia,53.709807,27.953389,terrestrial
Hymenolepis diminuta,Guinea,9.945587,-9.696645,terrestrial
Duplicibothrium minutum,Gulf of Mexico,25.304304,-90.065918,marine
Archigetes sieboldi,Japan,36.204824,138.252924,freshwater
Khawia japonensis,Japan,36.204824,138.252924,freshwater
Lateriporus mathevossianae,Yakut ASSR,66.7613451,124.123753,freshwater
Moniezia expansa,Sweden,60.12816100000001,18.643501,terrestrial
Taenia pisiformis,Egypt,26.820553,30.802498,terrestrial
Taenia hydatigena,Egypt,26.820553,30.802498,terrestrial
Moniezia expansa,Egypt,26.820553,30.802498,terrestrial
Avitellina centripunctata,Egypt,26.820553,30.802498,terrestrial
Dipylidium caninum,Saskatchewan,52.9399159,-106.4508639,terrestrial
Proteocephalus ambloplitis,Nearctic,53.569001,-113.571487,freshwater
Proteocephalus pearsei,Nearctic,53.569001,-113.571487,freshwater
Aploparaksis brachyphallos,Alaska,64.2008413,-149.4936733,terrestrial
Aploparaksis rissae,Alaska,64.2008413,-149.4936733,terrestrial
Microsomacanthus ductilis,Alaska,64.2008413,-149.4936733,marine
Paricterotaenia porosa,Alaska,64.2008413,-149.4936733,freshwater
Wardium fryei,Alaska,64.2008413,-149.4936733,marine
Proteocephalus longicollis,France,46.227638,2.213749,freshwater
Proteocephalus longicollis,Switzerland + Lichtenstein,47.3682887,8.5374552,freshwater
Proteocephalus percae,France,46.227638,2.213749,freshwater
Proteocephalus torulosus,Switzerland + Lichtenstein,47.3682887,8.5374552,freshwater
Proteocephalus ambloplitis,Mississippi,32.3546679,-89.3985283,freshwater
Ophiotaenia europaea,France,46.227638,2.213749,freshwater
Bothriocephalus acheilognathi,Iraq,33.223191,43.679291,freshwater
Taenia solium,Ghana,7.946527,-1.023194,terrestrial
Taenia hydatigena,Ghana,7.946527,-1.023194,terrestrial
Bothriocephalus claviceps,Norway,60.47202399999999,8.468945999999999,freshwater
Eubothrium rugosum,Norway,60.47202399999999,8.468945999999999,freshwater
Proteocephalus macrocephalus,Norway,60.47202399999999,8.468945999999999,freshwater
Dipylidium caninum,Byelorussia,53.709807,27.953389,terrestrial
Taenia pisiformis,Byelorussia,53.709807,27.953389,terrestrial
Taenia saginata,Australia,-25.274398,133.775136,terrestrial
Diphyllobothrium latum,New South Wales,-31.2532183,146.921099,terrestrial
Dipylidium caninum,Australia,-25.274398,133.775136,terrestrial
Echinococcus multilocularis,New South Wales,-31.2532183,146.921099,terrestrial
Anoplocephala perfoliata,New South Wales,-31.2532183,146.921099,terrestrial
Confluaria furcifera,Denmark,56.26392,9.501785,freshwater
Confluaria furcifera,Germany,51.165691,10.451526,freshwater
Confluaria furcifera,Quebec,52.9399159,-73.5491361,freshwater
Confluaria furcifera,Alberta,53.9332706,-116.5765035,freshwater
Schistocephalus solidus,Alaska,64.2008413,-149.4936733,freshwater
Hymenolepis diminuta,Nebraska,41.4925374,-99.9018131,terrestrial
Taenia taeniaeformis,South Dakota,43.9695148,-99.9018131,terrestrial
Lateriporus clerci,European USSR (CIS),54.5259614,15.2551187,freshwater
Austramphilina elongata,Australia,-25.274398,133.775136,freshwater
Echinococcus granulosus,Falkland Islands,-51.796253,-59.523613,terrestrial
Echinococcus multilocularis,South Dakota,43.9695148,-99.9018131,terrestrial
Taenia acinonyxi,Ethiopian Region,9.145000000000001,40.489673,terrestrial
Taenia crocutae,Ethiopian Region,9.145000000000001,40.489673,terrestrial
Taenia hyaenae,Ethiopian Region,9.145000000000001,40.489673,terrestrial
Taenia madoquae,Ethiopian Region,9.145000000000001,40.489673,terrestrial
Taenia martis,Europe,54.5259614,15.2551187,terrestrial
Taenia olngojinei,Ethiopian Region,9.145000000000001,40.489673,terrestrial
Taenia omissa,Nearctic,53.569001,-113.571487,terrestrial
Taenia rileyi,Nearctic,53.569001,-113.571487,terrestrial
Taenia serialis,Ethiopian Region,9.145000000000001,40.489673,terrestrial
Taenia simbae,Ethiopian Region,9.145000000000001,40.489673,terrestrial
Taenia taxidiensis,Nearctic,53.569001,-113.571487,terrestrial
Moniezia expansa,Chile,-35.675147,-71.542969,terrestrial
Moniezia benedeni,Chile,-35.675147,-71.542969,terrestrial
Taenia hydatigena,Chile,-35.675147,-71.542969,terrestrial
Taenia pisiformis,Chile,-35.675147,-71.542969,terrestrial
Taenia multiceps,Chile,-35.675147,-71.542969,terrestrial
Taenia serialis,Chile,-35.675147,-71.542969,terrestrial
Choanotaenia infundibulum,Chile,-35.675147,-71.542969,terrestrial
Davainea proglottina,Chile,-35.675147,-71.542969,terrestrial
Raillietina cesticillus,Chile,-35.675147,-71.542969,terrestrial
Hymenolepis carioca,Chile,-35.675147,-71.542969,terrestrial
Bertiella studeri,Kenya,-0.023559,37.906193,terrestrial
Ophiotaenia europaea,Byelorussia,53.709807,27.953389,freshwater
Proteocephalus torulosus,Mexico,23.634501,-102.552784,freshwater
Taenia taeniaeformis,Sri Lanka,7.873053999999999,80.77179699999999,terrestrial
Bothriocephalus scorpii,East China Sea/ Yellow Sea,35.4942771,123.7964613,marine
Moniezia expansa,Jordan,30.585164,36.238414,terrestrial
Nybelinia surmenicola,Russia (Asian),61.52401,105.318756,marine
Bothriocephalus acheilognathi,Victoria,-37.01,144.75,freshwater
Tetrabothrius erostris,Spain + Andalusia,37.5442706,-4.7277528,marine
Raillietina tetragona,United States,37.09024,-95.712891,terrestrial
Taenia saginata,Yemen,15.552727,48.516388,terrestrial
Taenia solium,Yemen,15.552727,48.516388,terrestrial
Wardium fryei,Washington,47.7510741,-120.7401385,marine
Triaenophorus nodulosus,Europe,54.5259614,15.2551187,freshwater
Triaenophorus crassus,Europe,54.5259614,15.2551187,freshwater
Eubothrium salvelini,Europe,54.5259614,15.2551187,freshwater
Proteocephalus longicollis,Finno-Karelian ASSR,63.15587019999999,32.9905552,freshwater
Lateriporus clerci,Russia (Asian),61.52401,105.318756,freshwater
Lateriporus teres,Russia (Asian),61.52401,105.318756,marine
Paricterotaenia porosa,Russia (Asian),61.52401,105.318756,freshwater
Aploparaksis furcigera,Russia (Asian),61.52401,105.318756,terrestrial
Wardium fusa,Russia (Asian),61.52401,105.318756,freshwater
Hymenolepis nana,New Hampshire/Vermont/Massachusetts/Connecticut/Rhode Is.,43.2509279,-71.9273024,terrestrial
Calliobothrium verticillatum,Mediterranean,34.5531284,18.0480105,marine
Taenia taeniaeformis,Jordan,30.585164,36.238414,terrestrial
Rodentolepis asymmetrica,Europe,54.5259614,15.2551187,terrestrial
Taenia solium,Thailand,15.870032,100.992541,terrestrial
Taenia saginata,Thailand,15.870032,100.992541,terrestrial
Molluscotaenia crassiscolex,Austria,47.516231,14.550072,terrestrial
Neoskrjabinolepis schaldybini,Austria,47.516231,14.550072,terrestrial
Neogryporhynchus cheilancristrotus,Germany,51.165691,10.451526,freshwater
Hymenolepis diminuta,Malawi,-13.254308,34.301525,terrestrial
Paranoplocephala omphalodes,Austria,47.516231,14.550072,terrestrial
Paranoplocephala omphalodes,United States,37.09024,-95.712891,terrestrial
Cyclustera capito,Mexico,23.634501,-102.552784,freshwater
Glossocercus caribaensis,Mexico,23.634501,-102.552784,freshwater
Paradilepis caballeroi,Mexico,23.634501,-102.552784,freshwater
Parvitaenia cochlearii,Mexico,23.634501,-102.552784,freshwater
Valipora campylancristrota,Mexico,23.634501,-102.552784,freshwater
Valipora mutabilis,Mexico,23.634501,-102.552784,freshwater
Valipora minuta,Mexico,23.634501,-102.552784,freshwater
Eubothrium crassum,Western Europe,46.2021848,1.2643875,freshwater
Eubothrium salvelini,Western Europe,46.2021848,1.2643875,freshwater
Diphyllobothrium latum,Germany,51.165691,10.451526,terrestrial
Tetrabothrius erostris,Sri Lanka,7.873053999999999,80.77179699999999,marine
Cyathocephalus truncatus,Germany,51.165691,10.451526,freshwater
Diphyllobothrium ditremum,Germany,51.165691,10.451526,freshwater
Proteocephalus osculatus,Germany,51.165691,10.451526,freshwater
Hymenolepis diminuta,Ethiopia (incl. Dhibouti),11.59516,43.146473,terrestrial
Hymenolepis diminuta,Tennessee,35.5174913,-86.5804473,terrestrial
Raillietina australis,South Australia,-30.0002315,136.2091547,terrestrial
Raillietina australis,Victoria,-37.01,144.75,terrestrial
Raillietina australis,New South Wales,-31.2532183,146.921099,terrestrial
Raillietina beveridgei,South Australia,-30.0002315,136.2091547,terrestrial
Raillietina beveridgei,Victoria,-37.01,144.75,terrestrial
Raillietina chiltoni,South Australia,-30.0002315,136.2091547,terrestrial
Raillietina dromaius,South Australia,-30.0002315,136.2091547,terrestrial
Raillietina dromaius,New South Wales,-31.2532183,146.921099,terrestrial
Raillietina dromaius,Victoria,-37.01,144.75,terrestrial
Raillietina mitchelli,South Australia,-30.0002315,136.2091547,terrestrial
Proteocephalus torulosus,Italy,41.87194,12.56738,freshwater
Raillietina tetragona,Egypt,26.820553,30.802498,terrestrial
Triaenophorus crassus,Russia (European),54.5259614,15.2551187,freshwater
Choanotaenia infundibulum,Ghana,7.946527,-1.023194,terrestrial
Raillietina cesticillus,Ghana,7.946527,-1.023194,terrestrial
Raillietina echinobothrida,Ghana,7.946527,-1.023194,terrestrial
Raillietina tetragona,Ghana,7.946527,-1.023194,terrestrial
Nippotaenia mogurndae,Russia (Asian),61.52401,105.318756,freshwater
Khawia sinensis,Armenia,40.069099,45.038189,freshwater
Microsomacanthus diorchis,Spitzbergen (Svalbard),78.90136,13.4838877,marine
Microsomacanthus ductilis,Spitzbergen (Svalbard),78.90136,13.4838877,marine
Bothriocephalus cuspidatus,Manitoba,53.7608608,-98.8138762,freshwater
Proteocephalus pearsei,Manitoba,53.7608608,-98.8138762,freshwater
Proteocephalus pearsei,Wisconsin,43.7844397,-88.7878678,freshwater
Khawia sinensis,Yugoslavia,37.09024,-95.712891,freshwater
Bothriocephalus acheilognathi,Yugoslavia,37.09024,-95.712891,freshwater
Diphyllobothrium latum,Russia (European),54.5259614,15.2551187,terrestrial
Hymenolepis nana,Iceland,64.963051,-19.020835,terrestrial
Proteocephalus cernuae,Russia (European),54.5259614,15.2551187,freshwater
Cyathocephalus truncatus,Yakut ASSR,66.7613451,124.123753,freshwater
Diplocotyle olrikii,Yakut ASSR,66.7613451,124.123753,marine
Eubothrium crassum,Yakut ASSR,66.7613451,124.123753,freshwater
Eubothrium salvelini,Yakut ASSR,66.7613451,124.123753,freshwater
Triaenophorus crassus,Yakut ASSR,66.7613451,124.123753,freshwater
Prochristianella hispida,Gulf of Mexico,25.304304,-90.065918,marine
Mosgovoyia pectinata,Byelorussia,53.709807,27.953389,terrestrial
Caryophyllaeus laticeps,Russia (European),54.5259614,15.2551187,freshwater
Eubothrium rugosum,Russia (European),54.5259614,15.2551187,freshwater
Eubothrium crassum,Russia (European),54.5259614,15.2551187,freshwater
Ligula intestinalis,Russia (European),54.5259614,15.2551187,freshwater
Schistocephalus pungitii,Russia (European),54.5259614,15.2551187,freshwater
Cyathocephalus truncatus,Russia (European),54.5259614,15.2551187,freshwater
Diplocotyle olrikii,Russia (European),54.5259614,15.2551187,marine
Proteocephalus percae,Russia (European),54.5259614,15.2551187,freshwater
Proteocephalus thymalli,Russia (European),54.5259614,15.2551187,freshwater
Proteocephalus filicollis,Russia (European),54.5259614,15.2551187,freshwater
Proteocephalus longicollis,Russia (European),54.5259614,15.2551187,freshwater
Proteocephalus torulosus,Russia (European),54.5259614,15.2551187,freshwater
Khawia sinensis,Finno-Karelian ASSR,63.15587019999999,32.9905552,freshwater
Eubothrium crassum,Finno-Karelian ASSR,63.15587019999999,32.9905552,freshwater
Bothriocephalus claviceps,Finno-Karelian ASSR,63.15587019999999,32.9905552,freshwater
Bothriocephalus opsariichthydis,Finno-Karelian ASSR,63.15587019999999,32.9905552,freshwater
Proteocephalus cernuae,Finno-Karelian ASSR,63.15587019999999,32.9905552,freshwater
Proteocephalus macrocephalus,Finno-Karelian ASSR,63.15587019999999,32.9905552,freshwater
Proteocephalus thymalli,Finno-Karelian ASSR,63.15587019999999,32.9905552,freshwater
Echinococcus vogeli,Switzerland + Lichtenstein,47.3682887,8.5374552,terrestrial
Lacistorhynchus dollfusi,Pacific coast of USA,62.4113634,-149.0729714,marine
Oochoristica javaensis,Thailand,15.870032,100.992541,terrestrial
Nybelinia surmenicola,Pacific coast of USA,62.4113634,-149.0729714,marine
Proteocephalus macrocephalus,Adriatic Sea,41.85509039999999,17.2902839,freshwater
Bothriocephalus scorpii,New Zealand coast,-42.6919232,171.3399414,marine
Lacistorhynchus tenuis,New Zealand coast,-42.6919232,171.3399414,marine
Hymenolepis diminuta,Denmark,56.26392,9.501785,terrestrial
Nippotaenia mogurndae,Japan,36.204824,138.252924,freshwater
Acanthobothrium brevissime,Gulf of Mexico,25.304304,-90.065918,marine
Cyclustera ralli,Mexico,23.634501,-102.552784,freshwater
Calliobothrium verticillatum,Coast of Japan,35.4543846,139.644207,marine
Cephalochlamys namaquensis,Transvaal,-23.59,29.13,freshwater
Cephalochlamys namaquensis,Uganda,1.373333,32.290275,freshwater
Cephalochlamys namaquensis,Kenya,-0.023559,37.906193,freshwater
Cephalochlamys namaquensis,Rwanda,-1.940278,29.873888,freshwater
Cephalochlamys namaquensis,California,36.778261,-119.4179324,freshwater
Cephalochlamys namaquensis,"England, Wales + Isle of Man",54.236107,-4.548056,freshwater
Oochoristica javaensis,Louisiana,30.9842977,-91.96233269999999,terrestrial
Taenia omissa,Costa Rica,9.748916999999999,-83.753428,terrestrial
Taenia pisiformis,Peru,-9.189967,-75.015152,terrestrial
Hymenolepis nana,Nepal,28.394857,84.12400799999999,terrestrial
Rodentolepis microstoma,Spain + Andalusia,37.5442706,-4.7277528,terrestrial
Rodentolepis straminea,France,46.227638,2.213749,terrestrial
Aploparaksis pseudofilum,Colorado,39.5500507,-105.7820674,terrestrial
Dipylidium caninum,Tunisia,33.886917,9.537499,terrestrial
Taenia hydatigena,Tunisia,33.886917,9.537499,terrestrial
Taenia serialis,Tunisia,33.886917,9.537499,terrestrial
Taenia multiceps,Tunisia,33.886917,9.537499,terrestrial
Taenia pisiformis,Tunisia,33.886917,9.537499,terrestrial
Cyclustera ibisae,Mexico,23.634501,-102.552784,freshwater
Neogryporhynchus cheilancristrotus,Mexico,23.634501,-102.552784,freshwater
Grillotia erinaceus,Norwegian Sea,68.8773537,3.13966,marine
Eubothrium salvelini,Sea of Okhotsk,52.87362299999999,149.3658173,freshwater
Variolepis farciminosa,"Ukraine, incl. Moldavia",48.379433,31.1655799,terrestrial
Dipylidium caninum,"Ukraine, incl. Moldavia",48.379433,31.1655799,terrestrial
Taenia pisiformis,"Ukraine, incl. Moldavia",48.379433,31.1655799,terrestrial
Joyeuxiella pasqualei,Germany,51.165691,10.451526,terrestrial
Diphyllobothrium latum,Mexico,23.634501,-102.552784,terrestrial
Khawia sinensis,Japan,36.204824,138.252924,freshwater
Khawia parva,Japan,36.204824,138.252924,freshwater
Hymenolepis nana,Venezuela,6.42375,-66.58973,terrestrial
Confluaria podicipina,"Ukraine, incl. Moldavia",48.379433,31.1655799,freshwater
Confluaria furcifera,"Ukraine, incl. Moldavia",48.379433,31.1655799,freshwater
Anoplocephala perfoliata,Louisiana,30.9842977,-91.96233269999999,terrestrial
Hymenolepis diminuta,Wisconsin,43.7844397,-88.7878678,terrestrial
Diplocotyle olrikii,Atlantic Ocean,-14.5994134,-28.6731465,marine
Spathebothrium simplex,Atlantic Ocean,-14.5994134,-28.6731465,marine
Diplopylidium acanthotetra,Canary Islands,28.2915637,-16.6291304,terrestrial
Taenia multiceps,Egypt,26.820553,30.802498,terrestrial
Taenia solium,Kenya,-0.023559,37.906193,terrestrial
Dipylidium caninum,Sudan,12.862807,30.217636,terrestrial
Bothriocephalus claviceps,France,46.227638,2.213749,freshwater
Cyathocephalus truncatus,Finland,61.92410999999999,25.7481511,freshwater
Oochoristica javaensis,Sumatra,-0.589724,101.3431058,terrestrial
Dilepis undula,Byelorussia,53.709807,27.953389,terrestrial
Molluscotaenia crassiscolex,Byelorussia,53.709807,27.953389,terrestrial
Staphylocystis furcata,Byelorussia,53.709807,27.953389,terrestrial
Vigisolepis spinulosa,Byelorussia,53.709807,27.953389,terrestrial
Taenia martis,Byelorussia,53.709807,27.953389,terrestrial
Eubothrium crassum,Spain + Andalusia,37.5442706,-4.7277528,freshwater
Hymenolepis diminuta,Iran,32.427908,53.688046,terrestrial
Drepanidotaenia lanceolata,Iran,32.427908,53.688046,freshwater
Corallobothrium fimbriatum,Mexico,23.634501,-102.552784,freshwater
Megathylacoides giganteum,Mexico,23.634501,-102.552784,freshwater
Taenia hydatigena,New South Wales,-31.2532183,146.921099,terrestrial
Taenia hydatigena,Victoria,-37.01,144.75,terrestrial
Taenia pisiformis,New South Wales,-31.2532183,146.921099,terrestrial
Taenia pisiformis,Victoria,-37.01,144.75,terrestrial
Gangesia parasiluri,Russia (Asian),61.52401,105.318756,freshwater
Paradilepis scolecina,Russia (Asian),61.52401,105.318756,freshwater
Joyeuxilepis acanthorhyncha,"Ukraine, incl. Moldavia",48.379433,31.1655799,freshwater
Joyeuxilepis octacantha,"Ukraine, incl. Moldavia",48.379433,31.1655799,freshwater
Taenia crassiceps,Northwest Territories,64.8255441,-124.8457334,terrestrial
Taenia crassiceps,District of Columbia/Delaware/New Jersey/Maryland,39.0457549,-76.64127119999999,terrestrial
Taenia endothoracicus,North Africa,23.4162027,25.66283,terrestrial
Taenia endothoracicus,European USSR (CIS),54.5259614,15.2551187,terrestrial
Taenia hydatigena,California,36.778261,-119.4179324,terrestrial
Taenia hydatigena,District of Columbia/Delaware/New Jersey/Maryland,39.0457549,-76.64127119999999,terrestrial
Taenia hydatigena,Sudan,12.862807,30.217636,terrestrial
Taenia hydatigena,Northwest Territories,64.8255441,-124.8457334,terrestrial
Taenia laticollis,United States,37.09024,-95.712891,terrestrial
Taenia martis,United States,37.09024,-95.712891,terrestrial
Taenia multiceps,Germany,51.165691,10.451526,terrestrial
Taenia multiceps,France,46.227638,2.213749,terrestrial
Taenia multiceps,New Hampshire/Vermont/Massachusetts/Connecticut/Rhode Is.,43.2509279,-71.9273024,terrestrial
Taenia mustelae,Germany,51.165691,10.451526,terrestrial
Taenia mustelae,Alaska,64.2008413,-149.4936733,terrestrial
Taenia olngojinei,Central African Republic,6.611110999999999,20.939444,terrestrial
Taenia olngojinei,Kenya,-0.023559,37.906193,terrestrial
Taenia omissa,Lake Tanganyika,-6.2555679,29.5107708,terrestrial
Taenia pisiformis,Louisiana,30.9842977,-91.96233269999999,terrestrial
Taenia pisiformis,Austria,47.516231,14.550072,terrestrial
Taenia pisiformis,Australia,-25.274398,133.775136,terrestrial
Taenia polyacantha,Northwest Territories,64.8255441,-124.8457334,terrestrial
Taenia polyacantha,Norway,60.47202399999999,8.468945999999999,terrestrial
Taenia regis,Ethiopian Region,9.145000000000001,40.489673,terrestrial
Taenia regis,Central African Republic,6.611110999999999,20.939444,terrestrial
Taenia regis,Sudan,12.862807,30.217636,terrestrial
Taenia rileyi,Alaska,64.2008413,-149.4936733,terrestrial
Taenia saginata,Alaska,64.2008413,-149.4936733,terrestrial
Taenia serialis,Australia,-25.274398,133.775136,terrestrial
Taenia serialis,Argentina,-38.416097,-63.61667199999999,terrestrial
Taenia serialis,Spain + Andalusia,37.5442706,-4.7277528,terrestrial
Taenia serialis,Louisiana,30.9842977,-91.96233269999999,terrestrial
Taenia taeniaeformis,Louisiana,30.9842977,-91.96233269999999,terrestrial
Taenia taeniaeformis,Yugoslavia,37.09024,-95.712891,terrestrial
Taenia taeniaeformis,Montana,46.8796822,-110.3625658,terrestrial
Taenia taeniaeformis,Uzbekistan,41.377491,64.585262,terrestrial
Taenia taxidiensis,United States,37.09024,-95.712891,terrestrial
Taenia taxidiensis,Saskatchewan,52.9399159,-106.4508639,terrestrial
Taenia taxidiensis,Utah,39.3209801,-111.0937311,terrestrial
Taenia taxidiensis,Montana,46.8796822,-110.3625658,terrestrial
Taenia twitchelli,Alaska,64.2008413,-149.4936733,terrestrial
Echinococcus granulosus,Central African Republic,6.611110999999999,20.939444,terrestrial
Echinococcus granulosus,Uganda,1.373333,32.290275,terrestrial
Echinococcus multilocularis,Northwest Territories,64.8255441,-124.8457334,terrestrial
Echinococcus multilocularis,Nebraska,41.4925374,-99.9018131,terrestrial
Echinococcus multilocularis,Wisconsin,43.7844397,-88.7878678,terrestrial
Echinococcus multilocularis,North Dakota,47.5514926,-101.0020119,terrestrial
Echinococcus vogeli,Venezuela,6.42375,-66.58973,terrestrial
Bothriocephalus claviceps,Japan,36.204824,138.252924,freshwater
Proteocephalus ambloplitis,Utah,39.3209801,-111.0937311,freshwater
Oochoristica osheroffi,California,36.778261,-119.4179324,terrestrial
Hymenolepis citelli,United States,37.09024,-95.712891,terrestrial
Bothriocephalus acheilognathi,United States,37.09024,-95.712891,freshwater
Cittotaenia denticulata,Scotland,56.49067119999999,-4.2026458,terrestrial
Dipylidium caninum,Orange Free State,-28.4541105,26.7967849,terrestrial
Bothriocephalus acheilognathi,Colorado,39.5500507,-105.7820674,freshwater
Bothriocephalus acheilognathi,California,36.778261,-119.4179324,freshwater
Bothriocephalus acheilognathi,Kashmir + Jammu,32.7266016,74.8570259,freshwater
Thysaniezia giardi,Indian Region,22,79,terrestrial
Joyeuxiella echinorhynchoides,Indian Region,22,79,terrestrial
Raillietina cesticillus,Indian Region,22,79,terrestrial
Caryophyllaeus laticeps,Caspian Sea,41.934977,50.66894500000001,freshwater
Khawia sinensis,Caspian Sea,41.934977,50.66894500000001,freshwater
Khawia japonensis,Caspian Sea,41.934977,50.66894500000001,freshwater
Paradilepis scolecina,Kazakstan,48.019573,66.923684,freshwater
Taenia saginata,Ecuador,-1.831239,-78.18340599999999,terrestrial
Proteocephalus macrocephalus,Iceland,64.963051,-19.020835,freshwater
Bothriocephalus gregarius,Baltic Sea,58.48795200000001,19.863281,marine
Rodentolepis asymmetrica,Spain + Andalusia,37.5442706,-4.7277528,terrestrial
Rodentolepis asymmetrica,France,46.227638,2.213749,terrestrial
Taenia saginata,Senegal,14.497401,-14.452362,terrestrial
Cyathocephalus truncatus,Sweden,60.12816100000001,18.643501,freshwater
Cyathocephalus truncatus,Kirgizia,41.20438,74.766098,freshwater
Cyathocephalus truncatus,Western Europe,46.2021848,1.2643875,freshwater
Cyathocephalus truncatus,Nearctic,53.569001,-113.571487,freshwater
Diplocotyle olrikii,Finno-Karelian ASSR,63.15587019999999,32.9905552,marine
Diplocotyle olrikii,Black Sea,43.41302899999999,34.299316,marine
Diplocotyle olrikii,Scotland,56.49067119999999,-4.2026458,marine
Diplocotyle olrikii,Yugoslavia,37.09024,-95.712891,marine
Diplocotyle olrikii,Sweden,60.12816100000001,18.643501,marine
Cyathocephalus truncatus,United States,37.09024,-95.712891,freshwater
Cyathocephalus truncatus,Tadzhikistan,38.861034,71.276093,freshwater
Cyathocephalus truncatus,Zaire,-6.2649292,14.2343282,freshwater
Cyclustera ibisae,United States,37.09024,-95.712891,freshwater
Cyathocephalus truncatus,Wisconsin,43.7844397,-88.7878678,freshwater
Cyathocephalus truncatus,Northwest Territories,64.8255441,-124.8457334,freshwater
Diplocotyle olrikii,Alaska,64.2008413,-149.4936733,marine
Diplocotyle olrikii,Canada,56.130366,-106.346771,marine
Drepanidotaenia lanceolata,Northwest Territories,64.8255441,-124.8457334,freshwater
Spirometra erinacei,Indian Region,22,79,terrestrial
Spirometra mansonoides,Indian Region,22,79,terrestrial
Bothrimonus fallax,Europe,54.5259614,15.2551187,marine
Spathebothrium simplex,Europe,54.5259614,15.2551187,marine
Sobolevicanthus gracilis,European USSR (CIS),54.5259614,15.2551187,freshwater
Paranoplocephala omphalodes,Byelorussia,53.709807,27.953389,terrestrial
Echinococcus multilocularis,Byelorussia,53.709807,27.953389,terrestrial
Microsomacanthus hopkinsi,Quebec,52.9399159,-73.5491361,freshwater
Bothriocephalus scorpii,Pacific coast of USA,62.4113634,-149.0729714,marine
Diphyllobothrium latum,Northern Europe,62.27864750000001,12.3401709,terrestrial
Diphyllobothrium latum,Uganda,1.373333,32.290275,terrestrial
Taenia solium,Lithuania,55.169438,23.881275,terrestrial
Taenia solium,Estonia + Latvia,56.95962400000001,24.1016552,terrestrial
Taenia saginata,Lithuania,55.169438,23.881275,terrestrial
Taenia saginata,Estonia + Latvia,56.95962400000001,24.1016552,terrestrial
Hymenolepis nana,Estonia + Latvia,56.95962400000001,24.1016552,terrestrial
Hymenolepis nana,Lithuania,55.169438,23.881275,terrestrial
Anoplocephala magna,Louisiana,30.9842977,-91.96233269999999,terrestrial
Lacistorhynchus tenuis,Pacific coast of USA,62.4113634,-149.0729714,marine
Bothriocephalus scorpii,Irish Sea,53.8276917,-4.465836599999999,marine
Bothriocephalus scorpii,Arctic Ocean,65.2481624,-60.4620977,marine
Paranoplocephala macrocephala,Alaska,64.2008413,-149.4936733,terrestrial
Caryophyllaeus laticeps,Aral Sea,45.3963063,59.6134113,freshwater
Bothriocephalus opsariichthydis,Aral Sea,45.3963063,59.6134113,freshwater
Proteocephalus osculatus,Aral Sea,45.3963063,59.6134113,freshwater
Aporhynchus norvegicus,Norwegian Sea,68.8773537,3.13966,marine
Lacistorhynchus tenuis,Norwegian Sea,68.8773537,3.13966,marine
Bothriocephalus cuspidatus,Bangladesh,23.684994,90.356331,freshwater
Diphyllobothrium latum,Coast of Bangladesh,21.4275547,91.9789563,terrestrial
Ligula intestinalis,Bangladesh,23.684994,90.356331,freshwater
Moniezia benedeni,Byelorussia,53.709807,27.953389,terrestrial
Hymenolepis nana,Malaya,3.17,101.7,terrestrial
Hymenolepis diminuta,Malaya,3.17,101.7,terrestrial
Archigetes sieboldi,Russia (European),54.5259614,15.2551187,freshwater
Khawia sinensis,Kirgizia,41.20438,74.766098,freshwater
Eubothrium rugosum,Scotland,56.49067119999999,-4.2026458,freshwater
Hymenolepis nana,French Guiana,3.933889,-53.125782,terrestrial
Taenia taeniaeformis,Balearic Islands,39.3587759,2.7356328,terrestrial
Hymenolepis diminuta,Balearic Islands,39.3587759,2.7356328,terrestrial
Paradilepis caballeroi,Florida,27.6648274,-81.5157535,freshwater
Rodentolepis straminea,Corsica,42.0396042,9.012892599999999,terrestrial
Diphyllobothrium dendriticum,Germany,51.165691,10.451526,freshwater
Paradilepis scolecina,Germany,51.165691,10.451526,freshwater
Paricterotaenia porosa,Germany,51.165691,10.451526,freshwater
Ophryocotyle proteus,Germany,51.165691,10.451526,marine
Aploparaksis brachyphallos,Germany,51.165691,10.451526,terrestrial
Dicranotaenia coronula,Germany,51.165691,10.451526,freshwater
Fimbriaria fasciolaris,Germany,51.165691,10.451526,freshwater
Microsomacanthus ductilis,Germany,51.165691,10.451526,marine
Microsomacanthus paracompressa,Germany,51.165691,10.451526,freshwater
Sobolevicanthus gracilis,Germany,51.165691,10.451526,freshwater
Tschertkovilepis setigera,Germany,51.165691,10.451526,freshwater
Rodentolepis straminea,Eastern & Central Europe,48.66,19.5,terrestrial
Taenia taeniaeformis,Eastern & Central Europe,48.66,19.5,terrestrial
Taenia polyacantha,Eastern & Central Europe,48.66,19.5,terrestrial
Joyeuxiella pasqualei,Balearic Islands,39.3587759,2.7356328,terrestrial
Neogryporhynchus cheilancristrotus,Florida,27.6648274,-81.5157535,freshwater
Valipora mutabilis,Florida,27.6648274,-81.5157535,freshwater
Taenia pisiformis,Jordan,30.585164,36.238414,terrestrial
Raillietina tetragona,Spain + Andalusia,37.5442706,-4.7277528,terrestrial
Dilepis undula,Lithuania,55.169438,23.881275,terrestrial
Dipylidium caninum,New Hampshire/Vermont/Massachusetts/Connecticut/Rhode Is.,43.2509279,-71.9273024,terrestrial
Taenia pisiformis,Florida,27.6648274,-81.5157535,terrestrial
Eubothrium crassum,Canada,56.130366,-106.346771,freshwater
Eubothrium crassum,United States,37.09024,-95.712891,freshwater
Proteocephalus pearsei,Canada,56.130366,-106.346771,freshwater
Proteocephalus pearsei,United States,37.09024,-95.712891,freshwater
Rodentolepis straminea,Balearic Islands,39.3587759,2.7356328,terrestrial
Rodentolepis microstoma,Balearic Islands,39.3587759,2.7356328,terrestrial
Eubothrium crassum,Iceland,64.963051,-19.020835,freshwater
Eubothrium salvelini,Switzerland + Lichtenstein,47.3682887,8.5374552,freshwater
Bothriocephalus claviceps,Austria,47.516231,14.550072,freshwater
Cladotaenia globifera,Florida,27.6648274,-81.5157535,terrestrial
Hymenolepis carioca,Florida,27.6648274,-81.5157535,terrestrial
Raillietina tetragona,Florida,27.6648274,-81.5157535,terrestrial
Metroliasthes lucida,Florida,27.6648274,-81.5157535,terrestrial
Raillietina georgiensis,Florida,27.6648274,-81.5157535,terrestrial
Diorchis ransomi,Florida,27.6648274,-81.5157535,freshwater
Joyeuxilepis decacantha,Sweden,60.12816100000001,18.643501,freshwater
Joyeuxilepis decacantha,Ethiopian Region,9.145000000000001,40.489673,freshwater
Vaucherilepis trichophorus,"Ukraine, incl. Moldavia",48.379433,31.1655799,terrestrial
Caryophyllaeus laticeps,Iran,32.427908,53.688046,freshwater
Bothriocephalus claviceps,Yugoslavia,37.09024,-95.712891,freshwater
Proteocephalus macrocephalus,Yugoslavia,37.09024,-95.712891,freshwater
Paradilepis scolecina,Yugoslavia,37.09024,-95.712891,freshwater
Lacistorhynchus tenuis,North Sea,56.511018,3.515625,marine
Proteocephalus longicollis,Channel Islands,49.4466698,-2.342378,freshwater
Bothriocephalus rarus,Arkansas,35.20105,-91.8318334,freshwater
Bothriocephalus rarus,United States,37.09024,-95.712891,freshwater
Bothriocephalus rarus,California,36.778261,-119.4179324,freshwater
Cloacotaenia megalops,Gulf of Mexico,25.304304,-90.065918,freshwater
Echinococcus granulosus,Mauritania,21.00789,-10.940835,terrestrial
Joyeuxilepis acanthorhyncha,Taiwan,23.69781,120.960515,freshwater
Joyeuxilepis acanthorhyncha,"England, Wales + Isle of Man",54.236107,-4.548056,freshwater
Dipylidium caninum,Argentina,-38.416097,-63.61667199999999,terrestrial
Taenia pisiformis,Canary Islands,28.2915637,-16.6291304,terrestrial
Moniezia benedeni,Norway,60.47202399999999,8.468945999999999,terrestrial
Moniezia expansa,Faroes,61.89263500000001,-6.9118061,terrestrial
Moniezia expansa,Norway,60.47202399999999,8.468945999999999,terrestrial
Joyeuxiella echinorhynchoides,Iran,32.427908,53.688046,terrestrial
Hymenolepis peromysci,California,36.778261,-119.4179324,terrestrial
Taenia taeniaeformis,Laos,19.85627,102.495496,terrestrial
Joyeuxiella echinorhynchoides,Corsica,42.0396042,9.012892599999999,terrestrial
Joyeuxiella pasqualei,Senegal,14.497401,-14.452362,terrestrial
Paranoplocephala omphalodes,Finno-Karelian ASSR,63.15587019999999,32.9905552,terrestrial
Hymenolepis diminuta,Finno-Karelian ASSR,63.15587019999999,32.9905552,terrestrial
Lineolepis scutigera,Finno-Karelian ASSR,63.15587019999999,32.9905552,terrestrial
Neoskrjabinolepis schaldybini,Finno-Karelian ASSR,63.15587019999999,32.9905552,terrestrial
Staphylocystis furcata,Finno-Karelian ASSR,63.15587019999999,32.9905552,terrestrial
Vigisolepis spinulosa,Finno-Karelian ASSR,63.15587019999999,32.9905552,terrestrial
Dilepis undula,Finno-Karelian ASSR,63.15587019999999,32.9905552,terrestrial
Molluscotaenia crassiscolex,Finno-Karelian ASSR,63.15587019999999,32.9905552,terrestrial
Taenia martis,Finno-Karelian ASSR,63.15587019999999,32.9905552,terrestrial
Taenia mustelae,Finno-Karelian ASSR,63.15587019999999,32.9905552,terrestrial
Cladotaenia globifera,Finno-Karelian ASSR,63.15587019999999,32.9905552,terrestrial
Aploparaksis furcigera,Armenia,40.069099,45.038189,terrestrial
Diorchis brevis,Armenia,40.069099,45.038189,freshwater
Diorchis ransomi,Armenia,40.069099,45.038189,freshwater
Fimbriaria fasciolaris,Armenia,40.069099,45.038189,freshwater
Megathylacoides giganteum,Manitoba,53.7608608,-98.8138762,freshwater
Davainea proglottina,Ethiopia (incl. Dhibouti),11.59516,43.146473,terrestrial
Trichostrongylus colubriformis,Kuwait,29.31166,47.481766,terrestrial
Trichostrongylus vitrinus,Kuwait,29.31166,47.481766,terrestrial
Physocephalus sexalatus,Kuwait,29.31166,47.481766,terrestrial
Haemonchus contortus,Kuwait,29.31166,47.481766,terrestrial
Ascaris lumbricoides,Bahrain,26.0667,50.5577,terrestrial
Hedruris spinigera,North Sea,56.511018,3.515625,freshwater
Hedruris spinigera,"England, Wales + Isle of Man",54.236107,-4.548056,freshwater
Camallanus cotti,Vietnam,14.058324,108.277199,freshwater
Spinitectus ranae,Vietnam,14.058324,108.277199,freshwater
Angiostrongylus cantonensis,Louisiana,30.9842977,-91.96233269999999,terrestrial
Enterobius vermicularis,"England, Wales + Isle of Man",54.236107,-4.548056,terrestrial
Diplotriaena tridens,Spain + Andalusia,37.5442706,-4.7277528,terrestrial
Eustrongylides tubifex,Ontario,51.253775,-85.323214,freshwater
Eustrongylides tubifex,Europe,54.5259614,15.2551187,freshwater
Eustrongylides tubifex,Germany,51.165691,10.451526,freshwater
Eustrongylides tubifex,Lake Erie,42.0668852,-81.3399414,freshwater
Eustrongylides tubifex,Alaska,64.2008413,-149.4936733,freshwater
Eustrongylides tubifex,British Columbia,53.7266683,-127.6476205,freshwater
Eustrongylides tubifex,"England, Wales + Isle of Man",54.236107,-4.548056,freshwater
Eustrongylides ignotus,Florida,27.6648274,-81.5157535,freshwater
Toxocara canis,Greece,39.074208,21.824312,terrestrial
Toxascaris leonina,Greece,39.074208,21.824312,terrestrial
Uncinaria stenocephala,Greece,39.074208,21.824312,terrestrial
Trichuris vulpis,Greece,39.074208,21.824312,terrestrial
Spirocerca lupi,Greece,39.074208,21.824312,terrestrial
Trichuris muris,Eire + N. Ireland,54.7877149,-6.4923145,terrestrial
Physaloptera rara,Arkansas,35.20105,-91.8318334,terrestrial
Toxocara cati,Arkansas,35.20105,-91.8318334,terrestrial
Thelastoma bulhoesi,United States,37.09024,-95.712891,terrestrial
Hammerschmidtiella diesingi,United States,37.09024,-95.712891,terrestrial
Pterygodermatites coloradensis,Nevada,38.8026097,-116.419389,terrestrial
Muellerius capillaris,Morocco,31.791702,-7.092619999999999,terrestrial
Neostrongylus linearis,Morocco,31.791702,-7.092619999999999,terrestrial
Angiostrongylus cantonensis,Japan,36.204824,138.252924,terrestrial
Ascarophis arctica,Baltic Sea,58.48795200000001,19.863281,marine
Anisakis simplex,Sea of Okhotsk,52.87362299999999,149.3658173,marine
Otostrongylus circumlitus,Sea of Okhotsk,52.87362299999999,149.3658173,marine
Philonema agubernaculum,British Columbia,53.7266683,-127.6476205,freshwater
Philonema oncorhynchi,British Columbia,53.7266683,-127.6476205,freshwater
Elaphostrongylus rangiferi,Norway,60.47202399999999,8.468945999999999,terrestrial
Cystidicoloides tenuissima,"England, Wales + Isle of Man",54.236107,-4.548056,freshwater
Paraquimperia tenerrima,"England, Wales + Isle of Man",54.236107,-4.548056,freshwater
Echinocephalus overstreeti,South Australia,-30.0002315,136.2091547,marine
Ostertagia ostertagi,United States,37.09024,-95.712891,terrestrial
Ostertagia ostertagi,"England, Wales + Isle of Man",54.236107,-4.548056,terrestrial
Ostertagia ostertagi,South Dakota,43.9695148,-99.9018131,terrestrial
Teladorsagia circumcincta,South Dakota,43.9695148,-99.9018131,terrestrial
Teladorsagia circumcincta,California,36.778261,-119.4179324,terrestrial
Teladorsagia circumcincta,"England, Wales + Isle of Man",54.236107,-4.548056,terrestrial
Teladorsagia circumcincta,Canada,56.130366,-106.346771,terrestrial
Teladorsagia circumcincta,Alaska,64.2008413,-149.4936733,terrestrial
Teladorsagia circumcincta,United States,37.09024,-95.712891,terrestrial
Eustrongylides ignotus,New Zealand,-40.900557,174.885971,freshwater
Eustrongylides ignotus,California,36.778261,-119.4179324,freshwater
Oesophagostomum bifurcum,Benin + Togo + Ghana,9.30769,2.315834,terrestrial
Toxascaris leonina,Spain + Andalusia,37.5442706,-4.7277528,terrestrial
Uncinaria stenocephala,Spain + Andalusia,37.5442706,-4.7277528,terrestrial
Toxocara canis,Spain + Andalusia,37.5442706,-4.7277528,terrestrial
Trichuris vulpis,Spain + Andalusia,37.5442706,-4.7277528,terrestrial
Haemonchus contortus,Mexico,23.634501,-102.552784,terrestrial
Eustrongylides excisus,Europe,54.5259614,15.2551187,freshwater
Eustrongylides excisus,Taiwan,23.69781,120.960515,freshwater
Ophidascaris baylisi,Malaya,3.17,101.7,terrestrial
Ophidascaris baylisi,Thailand,15.870032,100.992541,terrestrial
Ophidascaris moreliae,Australia,-25.274398,133.775136,terrestrial
Ophidascaris pyrrhus,New South Wales,-31.2532183,146.921099,terrestrial
Ophidascaris pyrrhus,Australia,-25.274398,133.775136,terrestrial
Ophidascaris pyrrhus,Papua New Guinea,-6.314992999999999,143.95555,terrestrial
Toxocara canis,Japan,36.204824,138.252924,terrestrial
Dracunculus medinensis,Mali + Burkina Faso,12.6309457,-8.0146451,terrestrial
Trichostrongylus tenuis,Scotland,56.49067119999999,-4.2026458,terrestrial
Trichostrongylus tenuis,"England, Wales + Isle of Man",54.236107,-4.548056,terrestrial
Heligmosomoides polygyrus,Canada,56.130366,-106.346771,terrestrial
Aspiculuris tetraptera,Canada,56.130366,-106.346771,terrestrial
Hysterothylacium aduncum,Western Mediterranean,34.5531284,18.0480105,marine
Ostertagia ostertagi,Louisiana,30.9842977,-91.96233269999999,terrestrial
Dictyocaulus viviparus,Ontario,51.253775,-85.323214,terrestrial
Trichuris ovis,Ontario,51.253775,-85.323214,terrestrial
Trichuris discolor,Ontario,51.253775,-85.323214,terrestrial
Toxocara canis,"England, Wales + Isle of Man",54.236107,-4.548056,terrestrial
Ostertagia ostertagi,Maine,45.253783,-69.4454689,terrestrial
Dictyocaulus arnfieldi,"England, Wales + Isle of Man",54.236107,-4.548056,terrestrial
Dictyocaulus arnfieldi,Paraguay,-23.442503,-58.443832,terrestrial
Dictyocaulus filaria,Ethiopia (incl. Dhibouti),11.59516,43.146473,terrestrial
Dictyocaulus filaria,"England, Wales + Isle of Man",54.236107,-4.548056,terrestrial
Dictyocaulus filaria,Iraq,33.223191,43.679291,terrestrial
Dictyocaulus viviparus,"England, Wales + Isle of Man",54.236107,-4.548056,terrestrial
Dictyocaulus eckerti,"England, Wales + Isle of Man",54.236107,-4.548056,terrestrial
Dracunculus insignis,United States,37.09024,-95.712891,terrestrial
Ollulanus tricuspis,Quebec,52.9399159,-73.5491361,terrestrial
Oslerus osleri,United States,37.09024,-95.712891,terrestrial
Angiostrongylus cantonensis,Islands of Pacific Ocean,-8.783195,-124.508523,terrestrial
Echinocephalus overstreeti,Hawaiian Islands,19.8967662,-155.5827818,marine
Ascaris lumbricoides,Switzerland + Lichtenstein,47.3682887,8.5374552,terrestrial
Trichuris trichiura,Switzerland + Lichtenstein,47.3682887,8.5374552,terrestrial
Enterobius vermicularis,Switzerland + Lichtenstein,47.3682887,8.5374552,terrestrial
Gnathostoma hispidum,Japan,36.204824,138.252924,terrestrial
Trichuris vulpis,Japan,36.204824,138.252924,terrestrial
Tetrameres fissispina,Bangladesh,23.684994,90.356331,freshwater
Echinuria uncinata,Bangladesh,23.684994,90.356331,freshwater
Capillaria anatis,Bangladesh,23.684994,90.356331,terrestrial
Amidostomum anseris,Bangladesh,23.684994,90.356331,freshwater
Angiostrongylus costaricensis,Japan,36.204824,138.252924,terrestrial
Angiostrongylus siamensis,Japan,36.204824,138.252924,terrestrial
Heterakis spumosa,Japan,36.204824,138.252924,terrestrial
Camallanus lacustris,Finno-Karelian ASSR,63.15587019999999,32.9905552,freshwater
Trichostrongylus vitrinus,Scotland,56.49067119999999,-4.2026458,terrestrial
Haemonchus contortus,Mauritania,21.00789,-10.940835,terrestrial
Trichostrongylus colubriformis,Mauritania,21.00789,-10.940835,terrestrial
Oesophagostomum columbianum,Mauritania,21.00789,-10.940835,terrestrial
Skrjabinema ovis,Mauritania,21.00789,-10.940835,terrestrial
Anisakis simplex,Faroes,61.89263500000001,-6.9118061,marine
Gnathostoma doloresi,Japan,36.204824,138.252924,terrestrial
Angiostrongylus cantonensis,Thailand,15.870032,100.992541,terrestrial
Angiostrongylus cantonensis,Taiwan,23.69781,120.960515,terrestrial
Gnathostoma spinigerum,Thailand,15.870032,100.992541,terrestrial
Gnathostoma spinigerum,Japan,36.204824,138.252924,terrestrial
Ascaris lumbricoides,Ivory Coast,7.539988999999999,-5.547079999999999,terrestrial
Enterobius vermicularis,Ivory Coast,7.539988999999999,-5.547079999999999,terrestrial
Trichuris trichiura,Ivory Coast,7.539988999999999,-5.547079999999999,terrestrial
Trichuris trichiura,Italy,41.87194,12.56738,terrestrial
Enterobius vermicularis,Iraq,33.223191,43.679291,terrestrial
Ascaris lumbricoides,Yugoslavia,37.09024,-95.712891,terrestrial
Trichuris trichiura,Yugoslavia,37.09024,-95.712891,terrestrial
Enterobius vermicularis,Yugoslavia,37.09024,-95.712891,terrestrial
Haemonchus contortus,Sierra Leone,8.460555,-11.779889,terrestrial
Dracunculus insignis,Ontario,51.253775,-85.323214,terrestrial
Anisakis simplex,Atlantic Ocean,-14.5994134,-28.6731465,marine
Heligmosomoides laevis,Spain + Andalusia,37.5442706,-4.7277528,terrestrial
Trichostrongylus retortaeformis,Spain + Andalusia,37.5442706,-4.7277528,terrestrial
Mastophorus muris,Spain + Andalusia,37.5442706,-4.7277528,terrestrial
Heligmosomoides polygyrus,"England, Wales + Isle of Man",54.236107,-4.548056,terrestrial
Gnathostoma hispidum,Vietnam,14.058324,108.277199,terrestrial
Chabertia ovina,Belgium + Luxembourg,50.0546886,5.467698299999999,terrestrial
Oesophagostomum venulosum,Belgium + Luxembourg,50.0546886,5.467698299999999,terrestrial
Oesophagostomum radiatum,Belgium + Luxembourg,50.0546886,5.467698299999999,terrestrial
Trichostrongylus colubriformis,Belgium + Luxembourg,50.0546886,5.467698299999999,terrestrial
Trichostrongylus vitrinus,Belgium + Luxembourg,50.0546886,5.467698299999999,terrestrial
Ostertagia ostertagi,Belgium + Luxembourg,50.0546886,5.467698299999999,terrestrial
Cooperia pectinata,Belgium + Luxembourg,50.0546886,5.467698299999999,terrestrial
Haemonchus contortus,Belgium + Luxembourg,50.0546886,5.467698299999999,terrestrial
Nematodirus filicollis,Belgium + Luxembourg,50.0546886,5.467698299999999,terrestrial
Trichostrongylus colubriformis,New Zealand,-40.900557,174.885971,terrestrial
Ascaris suum,Italy,41.87194,12.56738,terrestrial
Anisakis simplex,Washington,47.7510741,-120.7401385,marine
Gnathostoma nipponicum,Japan,36.204824,138.252924,terrestrial
Dictyocaulus viviparus,France,46.227638,2.213749,terrestrial
Triodontophorus tenuicollis,Italy,41.87194,12.56738,terrestrial
Cyathostomum catinatum,Italy,41.87194,12.56738,terrestrial
Cylicocyclus nassatus,Italy,41.87194,12.56738,terrestrial
Cylicostephanus longibursatus,Italy,41.87194,12.56738,terrestrial
Heligmosomum mixtum,Finland,61.92410999999999,25.7481511,terrestrial
Mastophorus muris,Finland,61.92410999999999,25.7481511,terrestrial
Enterobius vermicularis,France,46.227638,2.213749,terrestrial
Pseudocapillaria tomentosa,Denmark,56.26392,9.501785,freshwater
Paraquimperia tenerrima,Denmark,56.26392,9.501785,freshwater
Raphidascaris acus,Denmark,56.26392,9.501785,freshwater
Camallanus lacustris,Denmark,56.26392,9.501785,freshwater
Heligmosomoides laevis,Georgia (USSR),42.315407,43.35689199999999,terrestrial
Heligmosomoides polygyrus,Georgia (USSR),42.315407,43.35689199999999,terrestrial
Oswaldocruzia filiformis,Sweden,60.12816100000001,18.643501,terrestrial
Oswaldocruzia filiformis,Sardinia,40.1208752,9.012892599999999,terrestrial
Trichostrongylus axei,United States,37.09024,-95.712891,terrestrial
Haemonchus contortus,United States,37.09024,-95.712891,terrestrial
Anisakis simplex,Mediterranean,34.5531284,18.0480105,marine
Anisakis physeteris,Mediterranean,34.5531284,18.0480105,marine
Hysterothylacium aduncum,Mediterranean,34.5531284,18.0480105,marine
Toxocara canis,Lithuania,55.169438,23.881275,terrestrial
Trichuris ovis,Pakistan,30.375321,69.34511599999999,terrestrial
Uncinaria stenocephala,Pennsylvania,41.2033216,-77.1945247,terrestrial
Trichuris vulpis,Pennsylvania,41.2033216,-77.1945247,terrestrial
Toxocara cati,Pennsylvania,41.2033216,-77.1945247,terrestrial
Toxascaris leonina,Pennsylvania,41.2033216,-77.1945247,terrestrial
Parelaphostrongylus tenuis,Wisconsin,43.7844397,-88.7878678,terrestrial
Trichostrongylus retortaeformis,Scotland,56.49067119999999,-4.2026458,terrestrial
Raphidascaris acus,Spain + Andalusia,37.5442706,-4.7277528,freshwater
Aplectana macintoshii,Spain + Andalusia,37.5442706,-4.7277528,terrestrial
Camallanus lacustris,Baltic Sea,58.48795200000001,19.863281,freshwater
Dictyocaulus filaria,Germany,51.165691,10.451526,terrestrial
Hysterothylacium aduncum,Denmark,56.26392,9.501785,marine
Contracaecum rudolphii,Denmark,56.26392,9.501785,freshwater
Paracuaria adunca,Denmark,56.26392,9.501785,marine
Cosmocephalus obvelatus,Denmark,56.26392,9.501785,freshwater
Philometra ovata,Denmark,56.26392,9.501785,freshwater
Anisakis simplex,United States,37.09024,-95.712891,marine
Toxascaris leonina,"England, Wales + Isle of Man",54.236107,-4.548056,terrestrial
Eustrongylides tubifex,Canada,56.130366,-106.346771,freshwater
Camallanus oxycephalus,Wisconsin,43.7844397,-88.7878678,freshwater
Camallanus lacustris,"England, Wales + Isle of Man",54.236107,-4.548056,freshwater
Syngamus trachea,Georgia (USSR),42.315407,43.35689199999999,terrestrial
Ascaridia galli,Georgia (USSR),42.315407,43.35689199999999,terrestrial
Heterakis gallinarum,Georgia (USSR),42.315407,43.35689199999999,terrestrial
Dispharynx nasuta,Georgia (USSR),42.315407,43.35689199999999,terrestrial
Acuaria hamulosa,Georgia (USSR),42.315407,43.35689199999999,terrestrial
Porrocaecum crassum,Georgia (USSR),42.315407,43.35689199999999,freshwater
Physocephalus sexalatus,Georgia (USSR),42.315407,43.35689199999999,terrestrial
Raphidascaris acus,Italy,41.87194,12.56738,freshwater
Physocephalus sexalatus,Transvaal,-23.59,29.13,terrestrial
Philonema oncorhynchi,Iceland,64.963051,-19.020835,freshwater
Ascaridia columbae,Spain + Andalusia,37.5442706,-4.7277528,terrestrial
Baruscapillaria obsignata,Spain + Andalusia,37.5442706,-4.7277528,terrestrial
Trichuris trichiura,Guinea-Bissau,11.803749,-15.180413,terrestrial
Ascaris lumbricoides,Guinea-Bissau,11.803749,-15.180413,terrestrial
Dracunculus medinensis,Uganda,1.373333,32.290275,terrestrial
Anisakis simplex,Southwest Atlantic,-14.5994134,-28.6731465,marine
Hysterothylacium aduncum,Southwest Atlantic,-14.5994134,-28.6731465,marine
Trichostrongylus colubriformis,Australia,-25.274398,133.775136,terrestrial
Muellerius capillaris,Spain + Andalusia,37.5442706,-4.7277528,terrestrial
Oswaldocruzia filiformis,Spain + Andalusia,37.5442706,-4.7277528,terrestrial
Enterobius vermicularis,Spain + Andalusia,37.5442706,-4.7277528,terrestrial
Eustrongylides excisus,Caspian Sea,41.934977,50.66894500000001,freshwater
Contracaecum rudolphii,Caspian Sea,41.934977,50.66894500000001,freshwater
Hysterothylacium aduncum,Scotland,56.49067119999999,-4.2026458,marine
Skrjabinoclava morrisoni,Nova Scotia,44.68198659999999,-63.744311,marine
Skrjabinoclava morrisoni,Alberta,53.9332706,-116.5765035,marine
Skrjabinoclava morrisoni,New Brunswick,46.5653163,-66.46191639999999,marine
Skrjabinoclava morrisoni,Ontario,51.253775,-85.323214,marine
Skrjabinoclava morrisoni,Saskatchewan,52.9399159,-106.4508639,marine
Skrjabinoclava morrisoni,Manitoba,53.7608608,-98.8138762,marine
Toxascaris leonina,France,46.227638,2.213749,terrestrial
Toxocara canis,France,46.227638,2.213749,terrestrial
Uncinaria stenocephala,France,46.227638,2.213749,terrestrial
Trichuris vulpis,France,46.227638,2.213749,terrestrial
Pterygodermatites affinis,France,46.227638,2.213749,terrestrial
Ascaris lumbricoides,Jordan,30.585164,36.238414,terrestrial
Trichuris trichiura,Jordan,30.585164,36.238414,terrestrial
Enterobius vermicularis,Jordan,30.585164,36.238414,terrestrial
Philometra rischta,Lithuania,55.169438,23.881275,freshwater
Philometra ovata,Lithuania,55.169438,23.881275,freshwater
Oswaldocruzia filiformis,Eire + N. Ireland,54.7877149,-6.4923145,terrestrial
Philometra abdominalis,Lithuania,55.169438,23.881275,freshwater
Philometra obturans,Lithuania,55.169438,23.881275,freshwater
Camallanus lacustris,Lithuania,55.169438,23.881275,freshwater
Camallanus truncatus,Lithuania,55.169438,23.881275,freshwater
Raphidascaris acus,Lithuania,55.169438,23.881275,freshwater
Cystidicoloides tenuissima,Lithuania,55.169438,23.881275,freshwater
Cystidicola farionis,Lithuania,55.169438,23.881275,freshwater
Rhabdochona denudata,Lithuania,55.169438,23.881275,freshwater
Goezia ascaroides,Lithuania,55.169438,23.881275,freshwater
Ascaris lumbricoides,Thailand,15.870032,100.992541,terrestrial
Trichuris trichiura,Thailand,15.870032,100.992541,terrestrial
Trichostrongylus vitrinus,South Australia,-30.0002315,136.2091547,terrestrial
Trichostrongylus colubriformis,South Australia,-30.0002315,136.2091547,terrestrial
Trichostrongylus rugatus,South Australia,-30.0002315,136.2091547,terrestrial
Nematodirus spathiger,South Australia,-30.0002315,136.2091547,terrestrial
Nematodirus abnormalis,South Australia,-30.0002315,136.2091547,terrestrial
Nematodirus filicollis,South Australia,-30.0002315,136.2091547,terrestrial
Chabertia ovina,South Australia,-30.0002315,136.2091547,terrestrial
Oesophagostomum venulosum,South Australia,-30.0002315,136.2091547,terrestrial
Trichuris skrjabini,South Australia,-30.0002315,136.2091547,terrestrial
Angiostrongylus cantonensis,Papua New Guinea,-6.314992999999999,143.95555,terrestrial
Gnathostoma spinigerum,Papua New Guinea,-6.314992999999999,143.95555,terrestrial
Toxocara pteropodis,Australia,-25.274398,133.775136,terrestrial
Skrjabinoptera phrynosoma,Arizona,34.0489281,-111.0937311,terrestrial
Raphidascaris acus,European USSR (CIS),54.5259614,15.2551187,freshwater
Trichuris trichiura,Pennsylvania,41.2033216,-77.1945247,terrestrial
Ascaris lumbricoides,Ethiopia (incl. Dhibouti),11.59516,43.146473,terrestrial
Trichuris trichiura,Ethiopia (incl. Dhibouti),11.59516,43.146473,terrestrial
Haemonchus contortus,District of Columbia/Delaware/New Jersey/Maryland,39.0457549,-76.64127119999999,terrestrial
Teladorsagia circumcincta,New South Wales,-31.2532183,146.921099,terrestrial
Trichostrongylus colubriformis,Pennsylvania,41.2033216,-77.1945247,terrestrial
Strongylus edentatus,Louisiana,30.9842977,-91.96233269999999,terrestrial
Elaphostrongylus cervi,Sweden,60.12816100000001,18.643501,terrestrial
Elaphostrongylus rangiferi,Sweden,60.12816100000001,18.643501,terrestrial
Elaphostrongylus alces,Sweden,60.12816100000001,18.643501,terrestrial
Pneumostrongylus calcaratus,Swaziland,-26.522503,31.465866,terrestrial
Dictyocaulus viviparus,Louisiana,30.9842977,-91.96233269999999,terrestrial
Trichuris muris,"England, Wales + Isle of Man",54.236107,-4.548056,terrestrial
Raphidascaris acus,Manitoba,53.7608608,-98.8138762,freshwater
Neostrongylus linearis,Spain + Andalusia,37.5442706,-4.7277528,terrestrial
Haemonchus contortus,Australia,-25.274398,133.775136,terrestrial
Camallanus cotti,Japan,36.204824,138.252924,freshwater
Rhabdochona denudata,Japan,36.204824,138.252924,freshwater
Anisakis simplex,Japan,36.204824,138.252924,marine
Pseudocapillaria tomentosa,Japan,36.204824,138.252924,freshwater
Skrjabinocerca prima,Alberta,53.9332706,-116.5765035,terrestrial
Streptocara crassicauda,Alberta,53.9332706,-116.5765035,freshwater
Capillaria anatis,Manitoba,53.7608608,-98.8138762,terrestrial
Otostrongylus circumlitus,Arctic Ocean,65.2481624,-60.4620977,marine
Cooperia pectinata,Hawaiian Islands,19.8967662,-155.5827818,terrestrial
Cooperia punctata,Hawaiian Islands,19.8967662,-155.5827818,terrestrial
Dictyocaulus viviparus,Hawaiian Islands,19.8967662,-155.5827818,terrestrial
Gongylonema pulchrum,Hawaiian Islands,19.8967662,-155.5827818,terrestrial
Haemonchus contortus,Hawaiian Islands,19.8967662,-155.5827818,terrestrial
Metastrongylus apri,Hawaiian Islands,19.8967662,-155.5827818,terrestrial
Metastrongylus pudendotectus,Hawaiian Islands,19.8967662,-155.5827818,terrestrial
Oesophagostomum dentatum,Hawaiian Islands,19.8967662,-155.5827818,terrestrial
Oesophagostomum quadrispinulatum,Hawaiian Islands,19.8967662,-155.5827818,terrestrial
Oesophagostomum radiatum,Hawaiian Islands,19.8967662,-155.5827818,terrestrial
Ostertagia ostertagi,Hawaiian Islands,19.8967662,-155.5827818,terrestrial
Physocephalus sexalatus,Hawaiian Islands,19.8967662,-155.5827818,terrestrial
Stephanurus dentatus,Hawaiian Islands,19.8967662,-155.5827818,terrestrial
Trichostrongylus axei,Hawaiian Islands,19.8967662,-155.5827818,terrestrial
Trichuris suis,Hawaiian Islands,19.8967662,-155.5827818,terrestrial
Didelphostrongylus hayesi,Tennessee,35.5174913,-86.5804473,terrestrial
Elaphostrongylus cervi,Norway,60.47202399999999,8.468945999999999,terrestrial
Dracunculus medinensis,Japan,36.204824,138.252924,terrestrial
Haemonchus contortus,Lesser Antilles,14.4122148,-64.7627955,terrestrial
Oesophagostomum columbianum,Lesser Antilles,14.4122148,-64.7627955,terrestrial
Trichostrongylus colubriformis,Lesser Antilles,14.4122148,-64.7627955,terrestrial
Dictyocaulus filaria,Denmark,56.26392,9.501785,terrestrial
Syngamus trachea,Finland,61.92410999999999,25.7481511,terrestrial
Toxocara cati,Finland,61.92410999999999,25.7481511,terrestrial
Toxascaris leonina,Finland,61.92410999999999,25.7481511,terrestrial
Aelurostrongylus abstrusus,Finland,61.92410999999999,25.7481511,terrestrial
Enterobius vermicularis,Denmark,56.26392,9.501785,terrestrial
Muellerius capillaris,East Germany (!! USE Germany),51.165691,10.451526,terrestrial
Hysterothylacium aduncum,North Sea,56.511018,3.515625,marine
Ascaris lumbricoides,Tennessee,35.5174913,-86.5804473,terrestrial
Enterobius vermicularis,Tennessee,35.5174913,-86.5804473,terrestrial
Trichuris trichiura,Japan,36.204824,138.252924,terrestrial
Cystidicola farionis,Finland,61.92410999999999,25.7481511,freshwater
Ascarophis filiformis,Northeast Atlantic,39.370134,-77.40677199999999,marine
Hysterothylacium aduncum,Southwest Indian Ocean,-33.137551,81.826172,marine
Cystidicoloides tenuissima,Newfoundland,53.1355091,-57.6604364,freshwater
Anisakis simplex,Baltic Sea,58.48795200000001,19.863281,marine
Toxocara canis,Sweden,60.12816100000001,18.643501,terrestrial
Crenosoma striatum,"England, Wales + Isle of Man",54.236107,-4.548056,terrestrial
Crenosoma striatum,Scotland,56.49067119999999,-4.2026458,terrestrial
Protospirura numidica,Argentina,-38.416097,-63.61667199999999,terrestrial
Protospirura numidica,Peru,-9.189967,-75.015152,terrestrial
Trichuris trichiura,Guatemala,15.783471,-90.23075899999999,terrestrial
Ascaris lumbricoides,Guatemala,15.783471,-90.23075899999999,terrestrial
Haemonchus contortus,Papua New Guinea,-6.314992999999999,143.95555,terrestrial
Cooperia curticei,Papua New Guinea,-6.314992999999999,143.95555,terrestrial
Oesophagostomum columbianum,Papua New Guinea,-6.314992999999999,143.95555,terrestrial
Trichostrongylus axei,Papua New Guinea,-6.314992999999999,143.95555,terrestrial
Trichostrongylus colubriformis,Papua New Guinea,-6.314992999999999,143.95555,terrestrial
Anisakis simplex,Norway,60.47202399999999,8.468945999999999,marine
Metastrongylus pudendotectus,France,46.227638,2.213749,terrestrial
Metastrongylus salmi,France,46.227638,2.213749,terrestrial
Ascarops strongylina,France,46.227638,2.213749,terrestrial
Physocephalus sexalatus,France,46.227638,2.213749,terrestrial
Cooperia fuelleborni,Transvaal,-23.59,29.13,terrestrial
Nematodirus abnormalis,Cape Province,-33.5,20.97,terrestrial
Nematodirus filicollis,Cape Province,-33.5,20.97,terrestrial
Nematodirus spathiger,Cape Province,-33.5,20.97,terrestrial
Parelaphostrongylus andersoni,Canada,56.130366,-106.346771,terrestrial
Elaphostrongylus cervi,Newfoundland,53.1355091,-57.6604364,terrestrial
Ostertagia ostertagi,Ontario,51.253775,-85.323214,terrestrial
Nematodirus helvetianus,Ontario,51.253775,-85.323214,terrestrial
Cooperia punctata,Ontario,51.253775,-85.323214,terrestrial
Cooperia oncophora,Ontario,51.253775,-85.323214,terrestrial
Trichostrongylus axei,Canada,56.130366,-106.346771,terrestrial
Trichostrongylus axei,Ontario,51.253775,-85.323214,terrestrial
Trichostrongylus vitrinus,Ontario,51.253775,-85.323214,terrestrial
Haemonchus contortus,Ontario,51.253775,-85.323214,terrestrial
Oesophagostomum venulosum,Ontario,51.253775,-85.323214,terrestrial
Dictyocaulus viviparus,Canada,56.130366,-106.346771,terrestrial
Anisakis simplex,North Sea,56.511018,3.515625,marine
Raphidascaris acus,Yugoslavia,37.09024,-95.712891,freshwater
Trichostrongylus tenuis,Western Europe,46.2021848,1.2643875,terrestrial
Streptocara crassicauda,Canada,56.130366,-106.346771,freshwater
Camallanus truncatus,Yugoslavia,37.09024,-95.712891,freshwater
Camallanus lacustris,Yugoslavia,37.09024,-95.712891,freshwater
Gongylonema pulchrum,Mexico,23.634501,-102.552784,terrestrial
Parafilaroides decorus,North Sea,56.511018,3.515625,marine
Otostrongylus circumlitus,North Sea,56.511018,3.515625,marine
Parelaphostrongylus tenuis,Indiana,40.2671941,-86.1349019,terrestrial
Philometra rischta,Finno-Karelian ASSR,63.15587019999999,32.9905552,freshwater
Raphidascaris acus,Finland,61.92410999999999,25.7481511,freshwater
Proleptus obtusus,Northeast Atlantic,39.370134,-77.40677199999999,marine
Anisakis simplex,Northeast Atlantic,39.370134,-77.40677199999999,marine
Hysterothylacium aduncum,Northeast Atlantic,39.370134,-77.40677199999999,marine
Cucullanus heterochrous,Northeast Atlantic,39.370134,-77.40677199999999,marine
Trichostrongylus retortaeformis,Finland,61.92410999999999,25.7481511,terrestrial
Skrjabingylus nasicola,Finland,61.92410999999999,25.7481511,terrestrial
Graphidium strigosum,Scotland,56.49067119999999,-4.2026458,terrestrial
Rabbium paradoxus,Florida,27.6648274,-81.5157535,terrestrial
Quadriplotriaena hypsokysta,Alberta,53.9332706,-116.5765035,terrestrial
Procyrnea zorillae,Turkmenistan,38.969719,59.556278,terrestrial
Dracunculus medinensis,Pakistan,30.375321,69.34511599999999,terrestrial
Cystidicoloides tenuissima,Labrador,48.66,-56.22,freshwater
Philonema agubernaculum,Labrador,48.66,-56.22,freshwater
Strongylus vulgaris,Transvaal,-23.59,29.13,terrestrial
Strongylus edentatus,Transvaal,-23.59,29.13,terrestrial
Strongylus equinus,Transvaal,-23.59,29.13,terrestrial
Oxyuris equi,Transvaal,-23.59,29.13,terrestrial
Cylicostephanus longibursatus,Transvaal,-23.59,29.13,terrestrial
Cylicocyclus nassatus,Transvaal,-23.59,29.13,terrestrial
Cyathostomum catinatum,Transvaal,-23.59,29.13,terrestrial
Anisakis simplex,Arctic Ocean,65.2481624,-60.4620977,marine
Pharurus pallasii,Arctic Ocean,65.2481624,-60.4620977,marine
Toxocara cati,Transvaal,-23.59,29.13,terrestrial
Toxocara canis,Transvaal,-23.59,29.13,terrestrial
Physaloptera praeputialis,Transvaal,-23.59,29.13,terrestrial
Aelurostrongylus abstrusus,Transvaal,-23.59,29.13,terrestrial
Epomidiostomum uncinatum,Mexico,23.634501,-102.552784,freshwater
Hammerschmidtiella diesingi,British Columbia,53.7266683,-127.6476205,terrestrial
Leidynema appendiculata,British Columbia,53.7266683,-127.6476205,terrestrial
Blatticola blattae,British Columbia,53.7266683,-127.6476205,terrestrial
Pseudalius inflexus,North Sea,56.511018,3.515625,marine
Haemonchus contortus,Transvaal,-23.59,29.13,terrestrial
Oesophagostomum columbianum,Transvaal,-23.59,29.13,terrestrial
Trichostrongylus colubriformis,Transvaal,-23.59,29.13,terrestrial
Enterobius vermicularis,Taiwan,23.69781,120.960515,terrestrial
Muellerius capillaris,Zaire,-6.2649292,14.2343282,terrestrial
Abbreviata antarctica,Australia,-25.274398,133.775136,terrestrial
Trichuris skrjabini,Uzbekistan,41.377491,64.585262,terrestrial
Chabertia ovina,Uzbekistan,41.377491,64.585262,terrestrial
Oesophagostomum venulosum,Uzbekistan,41.377491,64.585262,terrestrial
Oesophagostomum columbianum,Uzbekistan,41.377491,64.585262,terrestrial
Skrjabinema ovis,Uzbekistan,41.377491,64.585262,terrestrial
Haemonchus contortus,Uzbekistan,41.377491,64.585262,terrestrial
Nematodirus abnormalis,Uzbekistan,41.377491,64.585262,terrestrial
Nematodirus helvetianus,Uzbekistan,41.377491,64.585262,terrestrial
Nematodirus spathiger,Uzbekistan,41.377491,64.585262,terrestrial
Dictyocaulus filaria,Uzbekistan,41.377491,64.585262,terrestrial
Muellerius capillaris,Uzbekistan,41.377491,64.585262,terrestrial
Cystocaulus ocreatus,Uzbekistan,41.377491,64.585262,terrestrial
Gongylonema pulchrum,Uzbekistan,41.377491,64.585262,terrestrial
Acuaria hamulosa,Uzbekistan,41.377491,64.585262,terrestrial
Gongylonema problematicum,Uzbekistan,41.377491,64.585262,terrestrial
Abbreviata turkomanica,Uzbekistan,41.377491,64.585262,terrestrial
Streptopharagus kutassi,Uzbekistan,41.377491,64.585262,terrestrial
Physocephalus sexalatus,Uzbekistan,41.377491,64.585262,terrestrial
Toxascaris leonina,Uzbekistan,41.377491,64.585262,terrestrial
Physaloptera praeputialis,Uzbekistan,41.377491,64.585262,terrestrial
Toxascaris leonina,Malaya,3.17,101.7,terrestrial
Cosmocephalus obvelatus,Chile,-35.675147,-71.542969,freshwater
Acuaria anthuris,Uzbekistan,41.377491,64.585262,terrestrial
Syngamus trachea,Uzbekistan,41.377491,64.585262,terrestrial
Ascaridia galli,Uzbekistan,41.377491,64.585262,terrestrial
Streptopharagus pigmentatus,Japan,36.204824,138.252924,terrestrial
Teladorsagia circumcincta,France,46.227638,2.213749,terrestrial
Haemonchus contortus,France,46.227638,2.213749,terrestrial
Trichostrongylus colubriformis,France,46.227638,2.213749,terrestrial
Spirocerca lupi,Iraq,33.223191,43.679291,terrestrial
Toxocara cati,Iraq,33.223191,43.679291,terrestrial
Physaloptera praeputialis,Iraq,33.223191,43.679291,terrestrial
Ascaris lumbricoides,Malaya,3.17,101.7,terrestrial
Trichuris trichiura,Malaya,3.17,101.7,terrestrial
Echinocephalus uncinatus,Iraq,33.223191,43.679291,marine
Rhabdochona denudata,Tadzhikistan,38.861034,71.276093,freshwater
Rhabdochona hellichi,Tadzhikistan,38.861034,71.276093,freshwater
Teladorsagia circumcincta,Cape Province,-33.5,20.97,terrestrial
Trichostrongylus rugatus,Cape Province,-33.5,20.97,terrestrial
Trichostrongylus axei,Cape Province,-33.5,20.97,terrestrial
Haemonchus contortus,Cape Province,-33.5,20.97,terrestrial
Oesophagostomum venulosum,Cape Province,-33.5,20.97,terrestrial
Ostertagia ostertagi,Cape Province,-33.5,20.97,terrestrial
Raphidascaris acus,"England, Wales + Isle of Man",54.236107,-4.548056,freshwater
Spinitectus inermis,"England, Wales + Isle of Man",54.236107,-4.548056,freshwater
Haemonchus contortus,Louisiana,30.9842977,-91.96233269999999,terrestrial
Trichostrongylus axei,Arkansas,35.20105,-91.8318334,terrestrial
Trichuris vulpis,Tennessee,35.5174913,-86.5804473,terrestrial
Physaloptera rara,Tennessee,35.5174913,-86.5804473,terrestrial
Physaloptera rara,Manitoba,53.7608608,-98.8138762,terrestrial
Uncinaria stenocephala,Alberta,53.9332706,-116.5765035,terrestrial
Uncinaria stenocephala,Manitoba,53.7608608,-98.8138762,terrestrial
Toxascaris leonina,Tennessee,35.5174913,-86.5804473,terrestrial
Toxascaris leonina,Alberta,53.9332706,-116.5765035,terrestrial
Toxascaris leonina,Manitoba,53.7608608,-98.8138762,terrestrial
Toxocara canis,Alberta,53.9332706,-116.5765035,terrestrial
Chabertia ovina,Spain + Andalusia,37.5442706,-4.7277528,terrestrial
Blatticola blattae,European USSR (CIS),54.5259614,15.2551187,terrestrial
Anguillicola crassus,"England, Wales + Isle of Man",54.236107,-4.548056,freshwater
Nematodirus battus,Scotland,56.49067119999999,-4.2026458,terrestrial
Dictyocaulus filaria,Scotland,56.49067119999999,-4.2026458,terrestrial
Ascaris lumbricoides,Sierra Leone,8.460555,-11.779889,terrestrial
Trichuris trichiura,Sierra Leone,8.460555,-11.779889,terrestrial
Angiostrongylus cantonensis,Bahamas,25.03428,-77.39627999999999,terrestrial
Hexametra quadricornis,Japan,36.204824,138.252924,terrestrial
Ostertagia ostertagi,Japan,36.204824,138.252924,terrestrial
Trichostrongylus axei,Japan,36.204824,138.252924,terrestrial
Cooperia oncophora,Japan,36.204824,138.252924,terrestrial
Cooperia punctata,Japan,36.204824,138.252924,terrestrial
Nematodirus helvetianus,Japan,36.204824,138.252924,terrestrial
Philometra rischta,European USSR (CIS),54.5259614,15.2551187,freshwater
Rhabdochona hellichi,Iraq,33.223191,43.679291,freshwater
Anguillicola crassus,France,46.227638,2.213749,freshwater
Baylisascaris procyonis,Kansas,39.011902,-98.4842465,terrestrial
Molineus barbatus,Kansas,39.011902,-98.4842465,terrestrial
Physaloptera rara,Kansas,39.011902,-98.4842465,terrestrial
Spinitectus carolini,Mexico,23.634501,-102.552784,freshwater
Trichuris muris,Tunisia,33.886917,9.537499,terrestrial
Trichuris muris,Egypt,26.820553,30.802498,terrestrial
Trichuris ovis,Tunisia,33.886917,9.537499,terrestrial
Trichuris trichiura,Tunisia,33.886917,9.537499,terrestrial
Trichosomoides crassicauda,Tunisia,33.886917,9.537499,terrestrial
Strongylus equinus,Tunisia,33.886917,9.537499,terrestrial
Strongylus edentatus,Tunisia,33.886917,9.537499,terrestrial
Strongylus vulgaris,Tunisia,33.886917,9.537499,terrestrial
Acuaria gruveli,Tunisia,33.886917,9.537499,terrestrial
Ascaridia galli,Tunisia,33.886917,9.537499,terrestrial
Heterakis gallinarum,Tunisia,33.886917,9.537499,terrestrial
Cyrnea eurycerca,Tunisia,33.886917,9.537499,terrestrial
Acuaria anthuris,Tunisia,33.886917,9.537499,terrestrial
Diplotriaena tricuspis,Tunisia,33.886917,9.537499,terrestrial
Serratospiculum tendo,Tunisia,33.886917,9.537499,terrestrial
Hadjelia truncata,Tunisia,33.886917,9.537499,terrestrial
Sicarius dipterum,Tunisia,33.886917,9.537499,terrestrial
Porrocaecum semiteres,Tunisia,33.886917,9.537499,terrestrial
Skrjabinocerca prima,Ontario,51.253775,-85.323214,terrestrial
Skrjabinoclava inornatae,Louisiana,30.9842977,-91.96233269999999,marine
Uncinaria stenocephala,Tunisia,33.886917,9.537499,terrestrial
Dictyocaulus filaria,Tunisia,33.886917,9.537499,terrestrial
Metastrongylus salmi,Tunisia,33.886917,9.537499,terrestrial
Trichostrongylus colubriformis,Tunisia,33.886917,9.537499,terrestrial
Trichostrongylus retortaeformis,Tunisia,33.886917,9.537499,terrestrial
Trichostrongylus retortaeformis,Belgium + Luxembourg,50.0546886,5.467698299999999,terrestrial
Trichostrongylus vitrinus,Tunisia,33.886917,9.537499,terrestrial
Syngamus trachea,Arkansas,35.20105,-91.8318334,terrestrial
Dispharynx nasuta,Arkansas,35.20105,-91.8318334,terrestrial
Camallanus oxycephalus,North Carolina,35.7595731,-79.01929969999999,freshwater
Spinitectus gracilis,North Carolina,35.7595731,-79.01929969999999,freshwater
Spinitectus micracanthus,Indiana,40.2671941,-86.1349019,freshwater
Philometra cylindracea,Lake Erie,42.0668852,-81.3399414,freshwater
Camallanus oxycephalus,Lake Erie,42.0668852,-81.3399414,freshwater
Enterobius vermicularis,Transvaal,-23.59,29.13,terrestrial
Oesophagostomum bifurcum,Transvaal,-23.59,29.13,terrestrial
Streptopharagus pigmentatus,Transvaal,-23.59,29.13,terrestrial
Trichuris trichiura,Transvaal,-23.59,29.13,terrestrial
Physocephalus sexalatus,Turkmenistan,38.969719,59.556278,terrestrial
Dictyocaulus filaria,Spain + Andalusia,37.5442706,-4.7277528,terrestrial
Tetrameres fissispina,Spain + Andalusia,37.5442706,-4.7277528,freshwater
Dispharynx nasuta,Spain + Andalusia,37.5442706,-4.7277528,terrestrial
Ascaridia galli,Spain + Andalusia,37.5442706,-4.7277528,terrestrial
Spinitectus gracilis,Lake Superior,47.723087,-86.940716,freshwater
Cystidicola farionis,Lake Superior,47.723087,-86.940716,freshwater
Philonema oncorhynchi,Lake Superior,47.723087,-86.940716,freshwater
Cystidicola cristivomeri,Lake Superior,47.723087,-86.940716,freshwater
Spinitectus carolini,Lake Superior,47.723087,-86.940716,freshwater
Rhabdochona canadensis,Lake Superior,47.723087,-86.940716,freshwater
Amidostomum fulicae,Iraq,33.223191,43.679291,freshwater
Ornithostrongylus quadriradiatus,Vietnam,14.058324,108.277199,terrestrial
Ascaridia galli,Vietnam,14.058324,108.277199,terrestrial
Contracaecum microcephalum,Vietnam,14.058324,108.277199,freshwater
Porrocaecum ensicaudatum,Vietnam,14.058324,108.277199,terrestrial
Acuaria anthuris,Vietnam,14.058324,108.277199,terrestrial
Eucoleus annulatus,Vietnam,14.058324,108.277199,terrestrial
Trichosomoides crassicauda,Canada,56.130366,-106.346771,terrestrial
Trichuris muris,Canada,56.130366,-106.346771,terrestrial
Trichuris ovis,Canada,56.130366,-106.346771,terrestrial
Trichuris vulpis,Canada,56.130366,-106.346771,terrestrial
Baylisascaris columnaris,Canada,56.130366,-106.346771,terrestrial
Baylisascaris devosi,Canada,56.130366,-106.346771,terrestrial
Baylisascaris laevis,Canada,56.130366,-106.346771,terrestrial
Baylisascaris transfuga,Canada,56.130366,-106.346771,terrestrial
Toxascaris leonina,Canada,56.130366,-106.346771,terrestrial
Toxocara canis,Canada,56.130366,-106.346771,terrestrial
Toxocara cati,Canada,56.130366,-106.346771,terrestrial
Heterakis spumosa,Canada,56.130366,-106.346771,terrestrial
Skrjabinema ovis,Canada,56.130366,-106.346771,terrestrial
Dracunculus insignis,Canada,56.130366,-106.346771,terrestrial
Physaloptera maxillaris,Canada,56.130366,-106.346771,terrestrial
Physaloptera praeputialis,Canada,56.130366,-106.346771,terrestrial
Physaloptera rara,Canada,56.130366,-106.346771,terrestrial
Spirocerca lupi,Canada,56.130366,-106.346771,terrestrial
Spirura infundibuliformis,Canada,56.130366,-106.346771,terrestrial
Placoconus lotoris,Canada,56.130366,-106.346771,terrestrial
Aelurostrongylus pridhami,Canada,56.130366,-106.346771,terrestrial
Andersonstrongylus captivensis,Canada,56.130366,-106.346771,terrestrial
Angiostrongylus vasorum,Canada,56.130366,-106.346771,terrestrial
Trilobostrongylus bioccai,Canada,56.130366,-106.346771,terrestrial
Crenosoma mephitidis,Canada,56.130366,-106.346771,terrestrial
Crenosoma petrowi,Canada,56.130366,-106.346771,terrestrial
Crenosoma vulpis,Canada,56.130366,-106.346771,terrestrial
Filaroides martis,Canada,56.130366,-106.346771,terrestrial
Cystidicola farionis,Lake Baikal,53.5587003,108.1649965,freshwater
Philonema sibirica,Lake Baikal,53.5587003,108.1649965,freshwater
Raphidascaris acus,Lake Superior,47.723087,-86.940716,freshwater
Camallanus oxycephalus,Lake Superior,47.723087,-86.940716,freshwater
Ostertagia ostertagi,Tunisia,33.886917,9.537499,terrestrial
Oslerus osleri,Canada,56.130366,-106.346771,terrestrial
Elaphostrongylus cervi,Canada,56.130366,-106.346771,terrestrial
Parelaphostrongylus odocoilei,Canada,56.130366,-106.346771,terrestrial
Parelaphostrongylus tenuis,Canada,56.130366,-106.346771,terrestrial
Protostrongylus boughtoni,Canada,56.130366,-106.346771,terrestrial
Varestrongylus alpenae,Canada,56.130366,-106.346771,terrestrial
Skrjabingylus chitwoodorum,Canada,56.130366,-106.346771,terrestrial
Skrjabingylus lutrae,Canada,56.130366,-106.346771,freshwater
Skrjabingylus nasicola,Canada,56.130366,-106.346771,terrestrial
Oesophagostomum venulosum,Canada,56.130366,-106.346771,terrestrial
Dictyocaulus filaria,Canada,56.130366,-106.346771,terrestrial
Nematodirus filicollis,Canada,56.130366,-106.346771,terrestrial
Nematodirus helvetianus,Canada,56.130366,-106.346771,terrestrial
Cooperia oncophora,Canada,56.130366,-106.346771,terrestrial
Haemonchus contortus,Canada,56.130366,-106.346771,terrestrial
Haemonchus placei,Canada,56.130366,-106.346771,terrestrial
Ostertagia ostertagi,Canada,56.130366,-106.346771,terrestrial
Spinitectus gracilis,Lake Huron,45.0521793,-82.48509399999999,freshwater
Spinitectus carolini,Lake Huron,45.0521793,-82.48509399999999,freshwater
Cystidicola farionis,Lake Huron,45.0521793,-82.48509399999999,freshwater
Cystidicoloides tenuissima,Lake Huron,45.0521793,-82.48509399999999,freshwater
Rhabdochona cascadilla,Lake Huron,45.0521793,-82.48509399999999,freshwater
Raphidascaris acus,Lake Huron,45.0521793,-82.48509399999999,freshwater
Baylisascaris procyonis,Nebraska,41.4925374,-99.9018131,terrestrial
Gnathostoma spinigerum,Bangladesh,23.684994,90.356331,terrestrial
Hysterothylacium haze,Japan,36.204824,138.252924,marine
Philonema oncorhynchi,Japan,36.204824,138.252924,freshwater
Ascarops strongylina,"Ukraine, incl. Moldavia",48.379433,31.1655799,terrestrial
Physocephalus sexalatus,"Ukraine, incl. Moldavia",48.379433,31.1655799,terrestrial
Anguillicola crassus,Belgium + Luxembourg,50.0546886,5.467698299999999,freshwater
Rhabdochona canadensis,Lake Huron,45.0521793,-82.48509399999999,freshwater
Hysterothylacium aduncum,Japan,36.204824,138.252924,marine
Spinitectus gracilis,Tennessee,35.5174913,-86.5804473,freshwater
Salvelinema salmonicola,Japan,36.204824,138.252924,freshwater
Philometroides nodulosa,Lake Huron,45.0521793,-82.48509399999999,freshwater
Hysterothylacium aduncum,Adriatic Sea,41.85509039999999,17.2902839,marine
Aspiculuris tetraptera,Kazakstan,48.019573,66.923684,terrestrial
Trichostrongylus colubriformis,Kazakstan,48.019573,66.923684,terrestrial
Mastophorus muris,Kazakstan,48.019573,66.923684,terrestrial
Streptopharagus kutassi,Kazakstan,48.019573,66.923684,terrestrial
Gongylonema problematicum,Kazakstan,48.019573,66.923684,terrestrial
Trichosomoides crassicauda,European USSR (CIS),54.5259614,15.2551187,terrestrial
Crenosoma striatum,European USSR (CIS),54.5259614,15.2551187,terrestrial
Heligmosomoides laevis,European USSR (CIS),54.5259614,15.2551187,terrestrial
Heligmosomoides polygyrus,European USSR (CIS),54.5259614,15.2551187,terrestrial
Eustrongylides tubifex,Lake Huron,45.0521793,-82.48509399999999,freshwater
Hysterothylacium aduncum,Sea of Japan,38.848848,135,marine
Sterliadochona ephemeridarum,Japan,36.204824,138.252924,freshwater
Rhabdochona oncorhynchi,Japan,36.204824,138.252924,freshwater
Camallanus oxycephalus,Lake Huron,45.0521793,-82.48509399999999,freshwater
Philometra cylindracea,Lake Huron,45.0521793,-82.48509399999999,freshwater
Muellerius capillaris,Mexico,23.634501,-102.552784,terrestrial
Trichostrongylus vitrinus,Armenia,40.069099,45.038189,terrestrial
Cooperia oncophora,Armenia,40.069099,45.038189,terrestrial
Nematodirus helvetianus,Armenia,40.069099,45.038189,terrestrial
Parascaris equorum,Armenia,40.069099,45.038189,terrestrial
Toxascaris leonina,Armenia,40.069099,45.038189,terrestrial
Contracaecum micropapillatum,Armenia,40.069099,45.038189,freshwater
Toxocara canis,Armenia,40.069099,45.038189,terrestrial
Oxyuris equi,Armenia,40.069099,45.038189,terrestrial
Dicheilonema rheae,Armenia,40.069099,45.038189,terrestrial
Echinocephalus uncinatus,South China Sea,15.488092,114.404754,marine
Chabertia ovina,Armenia,40.069099,45.038189,terrestrial
Oesophagostomum venulosum,Armenia,40.069099,45.038189,terrestrial
Ascaridia galli,Armenia,40.069099,45.038189,terrestrial
Heterakis gallinarum,Armenia,40.069099,45.038189,terrestrial
Trichuris muris,Corsica,42.0396042,9.012892599999999,terrestrial
Mastophorus muris,Corsica,42.0396042,9.012892599999999,terrestrial
Trichosomoides crassicauda,Corsica,42.0396042,9.012892599999999,terrestrial
Spinitectus carolini,Lake Erie,42.0668852,-81.3399414,freshwater
Spinitectus gracilis,Lake Erie,42.0668852,-81.3399414,freshwater
Muellerius capillaris,France,46.227638,2.213749,terrestrial
Trichostrongylus colubriformis,European USSR (CIS),54.5259614,15.2551187,terrestrial
Trichostrongylus skrjabini,European USSR (CIS),54.5259614,15.2551187,terrestrial
Passalurus ambiguus,European USSR (CIS),54.5259614,15.2551187,terrestrial
Aspiculuris tetraptera,European USSR (CIS),54.5259614,15.2551187,terrestrial
Spinitectus gracilis,Lake Ontario,43.6333482,-77.82706689999999,freshwater
Nematodirus filicollis,Italy,41.87194,12.56738,terrestrial
Cystidicoloides tenuissima,Lake Ontario,43.6333482,-77.82706689999999,freshwater
Cystidicola farionis,Lake Ontario,43.6333482,-77.82706689999999,freshwater
Camallanus oxycephalus,Lake Ontario,43.6333482,-77.82706689999999,freshwater
Raphidascaris acus,Lake Ontario,43.6333482,-77.82706689999999,freshwater
Metastrongylus salmi,Azerbaidzan,40.143105,47.576927,terrestrial
Metastrongylus pudendotectus,Azerbaidzan,40.143105,47.576927,terrestrial
Trichostrongylus axei,Azerbaidzan,40.143105,47.576927,terrestrial
Physocephalus sexalatus,Azerbaidzan,40.143105,47.576927,terrestrial
Ascaris suum,Azerbaidzan,40.143105,47.576927,terrestrial
Oesophagostomum dentatum,Azerbaidzan,40.143105,47.576927,terrestrial
Gongylonema pulchrum,Azerbaidzan,40.143105,47.576927,terrestrial
Gongylonema neoplasticum,European USSR (CIS),54.5259614,15.2551187,terrestrial
Gongylonema pulchrum,European USSR (CIS),54.5259614,15.2551187,terrestrial
Rictularia cristata,European USSR (CIS),54.5259614,15.2551187,terrestrial
Physocephalus sexalatus,European USSR (CIS),54.5259614,15.2551187,terrestrial
Spirocerca lupi,European USSR (CIS),54.5259614,15.2551187,terrestrial
Mastophorus muris,European USSR (CIS),54.5259614,15.2551187,terrestrial
Spirura talpae,European USSR (CIS),54.5259614,15.2551187,terrestrial
Spirura rytipleurites,European USSR (CIS),54.5259614,15.2551187,terrestrial
Streptopharagus kutassi,European USSR (CIS),54.5259614,15.2551187,terrestrial
Oesophagostomum radiatum,Iran,32.427908,53.688046,terrestrial
Ostertagia ostertagi,Spain + Andalusia,37.5442706,-4.7277528,terrestrial
Trichostrongylus axei,Spain + Andalusia,37.5442706,-4.7277528,terrestrial
Trichostrongylus vitrinus,Spain + Andalusia,37.5442706,-4.7277528,terrestrial
Trichostrongylus colubriformis,Spain + Andalusia,37.5442706,-4.7277528,terrestrial
Haemonchus contortus,Spain + Andalusia,37.5442706,-4.7277528,terrestrial
Nematodirus battus,Spain + Andalusia,37.5442706,-4.7277528,terrestrial
Nematodirus filicollis,Spain + Andalusia,37.5442706,-4.7277528,terrestrial
Nematodirus spathiger,Spain + Andalusia,37.5442706,-4.7277528,terrestrial
Nematodirus helvetianus,Spain + Andalusia,37.5442706,-4.7277528,terrestrial
Cooperia oncophora,Spain + Andalusia,37.5442706,-4.7277528,terrestrial
Oesophagostomum venulosum,Spain + Andalusia,37.5442706,-4.7277528,terrestrial
Trichuris ovis,Spain + Andalusia,37.5442706,-4.7277528,terrestrial
Amidostomum acutum,Italy,41.87194,12.56738,freshwater
Amidostomum anseris,Italy,41.87194,12.56738,freshwater
Amidostomum fulicae,Italy,41.87194,12.56738,freshwater
Capillaria anatis,Italy,41.87194,12.56738,terrestrial
Rhabdochona canadensis,Lake Ontario,43.6333482,-77.82706689999999,freshwater
Philometroides nodulosa,Lake Ontario,43.6333482,-77.82706689999999,freshwater
Eustrongylides tubifex,Lake Ontario,43.6333482,-77.82706689999999,freshwater
Spinitectus carolini,Lake Ontario,43.6333482,-77.82706689999999,freshwater
Philometra cylindracea,Lake Ontario,43.6333482,-77.82706689999999,freshwater
Ancyracanthopsis winegardi,Alberta,53.9332706,-116.5765035,terrestrial
Ancyracanthopsis winegardi,Manitoba,53.7608608,-98.8138762,terrestrial
Ancyracanthopsis winegardi,Florida,27.6648274,-81.5157535,terrestrial
Ancyracanthopsis winegardi,Louisiana,30.9842977,-91.96233269999999,terrestrial
Ancyracanthopsis winegardi,Peru,-9.189967,-75.015152,terrestrial
Gongylonema pulchrum,Turkmenistan,38.969719,59.556278,terrestrial
Skrjabinema ovis,Turkmenistan,38.969719,59.556278,terrestrial
Chabertia ovina,Turkmenistan,38.969719,59.556278,terrestrial
Trichostrongylus colubriformis,Turkmenistan,38.969719,59.556278,terrestrial
Trichostrongylus vitrinus,Turkmenistan,38.969719,59.556278,terrestrial
Nematodirus spathiger,Turkmenistan,38.969719,59.556278,terrestrial
Raphidascaris acus,Finno-Karelian ASSR,63.15587019999999,32.9905552,freshwater
Cystidicoloides tenuissima,Finno-Karelian ASSR,63.15587019999999,32.9905552,freshwater
Cystidicola farionis,Finno-Karelian ASSR,63.15587019999999,32.9905552,freshwater
Camallanus truncatus,Finno-Karelian ASSR,63.15587019999999,32.9905552,freshwater
Trichostrongylus axei,Uzbekistan,41.377491,64.585262,terrestrial
Ostertagia ostertagi,Uzbekistan,41.377491,64.585262,terrestrial
Protostrongylus hobmaieri,Uzbekistan,41.377491,64.585262,terrestrial
Trichuris suis,Uzbekistan,41.377491,64.585262,terrestrial
Oesophagostomum dentatum,Uzbekistan,41.377491,64.585262,terrestrial
Ascaris suum,Uzbekistan,41.377491,64.585262,terrestrial
Ascarops strongylina,Uzbekistan,41.377491,64.585262,terrestrial
Strongylus equinus,Uzbekistan,41.377491,64.585262,terrestrial
Triodontophorus tenuicollis,Uzbekistan,41.377491,64.585262,terrestrial
Cylicocyclus nassatus,Uzbekistan,41.377491,64.585262,terrestrial
Dictyocaulus arnfieldi,Uzbekistan,41.377491,64.585262,terrestrial
Oxyuris equi,Uzbekistan,41.377491,64.585262,terrestrial
Parascaris equorum,Uzbekistan,41.377491,64.585262,terrestrial
Cystidicoloides tenuissima,European USSR (CIS),54.5259614,15.2551187,freshwater
Camallanus lacustris,European USSR (CIS),54.5259614,15.2551187,freshwater
Mastophorus muris,Uzbekistan,41.377491,64.585262,terrestrial
Spirocerca lupi,Uzbekistan,41.377491,64.585262,terrestrial
Microtetrameres corax,Uzbekistan,41.377491,64.585262,terrestrial
Philometra obturans,Finno-Karelian ASSR,63.15587019999999,32.9905552,freshwater
Rhabdochona denudata,Finno-Karelian ASSR,63.15587019999999,32.9905552,freshwater
Philometra ovata,Finno-Karelian ASSR,63.15587019999999,32.9905552,freshwater
Ascaris lumbricoides,Iran,32.427908,53.688046,terrestrial
Trichuris trichiura,Iran,32.427908,53.688046,terrestrial
Comephoronema oschmarini,Finno-Karelian ASSR,63.15587019999999,32.9905552,freshwater
Gnathostoma spinigerum,Laos,19.85627,102.495496,terrestrial
Porrocaecum ensicaudatum,Canada,56.130366,-106.346771,terrestrial
Metastrongylus pudendotectus,Italy,41.87194,12.56738,terrestrial
Metastrongylus salmi,Italy,41.87194,12.56738,terrestrial
Metastrongylus apri,Italy,41.87194,12.56738,terrestrial
Physocephalus sexalatus,Italy,41.87194,12.56738,terrestrial
Trichuris suis,Italy,41.87194,12.56738,terrestrial
Contracaecum rudolphii,Italy,41.87194,12.56738,freshwater
Trichostrongylus axei,Italy,41.87194,12.56738,terrestrial
Oesophagostomum venulosum,Italy,41.87194,12.56738,terrestrial
Ostertagia ostertagi,Italy,41.87194,12.56738,terrestrial
Oesophagostomum radiatum,Italy,41.87194,12.56738,terrestrial
Trichuris ovis,Italy,41.87194,12.56738,terrestrial
Haemonchus contortus,Italy,41.87194,12.56738,terrestrial
Filaroides hirthi,Italy,41.87194,12.56738,terrestrial
Dictyocaulus eckerti,Italy,41.87194,12.56738,terrestrial
Ascaridia compar,Kazakstan,48.019573,66.923684,terrestrial
Baylisascaris laevis,Uzbekistan,41.377491,64.585262,terrestrial
Trichuris vulpis,Iran,32.427908,53.688046,terrestrial
Syngamus trachea,Belgium + Luxembourg,50.0546886,5.467698299999999,terrestrial
Porrocaecum ensicaudatum,Belgium + Luxembourg,50.0546886,5.467698299999999,terrestrial
Ascaris lumbricoides,East Germany (!! USE Germany),51.165691,10.451526,terrestrial
Hassalstrongylus musculi,Mexico,23.634501,-102.552784,terrestrial
Aelurostrongylus abstrusus,Austria,47.516231,14.550072,terrestrial
Mastophorus muris,Mongolia,46.862496,103.846656,terrestrial
Ascaris lumbricoides,Uganda,1.373333,32.290275,terrestrial
Trichuris trichiura,Uganda,1.373333,32.290275,terrestrial
Toxocara canis,Canary Islands,28.2915637,-16.6291304,terrestrial
Amidostomum acutum,Manitoba,53.7608608,-98.8138762,freshwater
Streptocara crassicauda,Manitoba,53.7608608,-98.8138762,freshwater
Amidostomum anseris,Azerbaidzan,40.143105,47.576927,freshwater
Amidostomum acutum,Azerbaidzan,40.143105,47.576927,freshwater
Contracaecum microcephalum,Azerbaidzan,40.143105,47.576927,freshwater
Streptocara crassicauda,Azerbaidzan,40.143105,47.576927,freshwater
Tetrameres fissispina,Azerbaidzan,40.143105,47.576927,freshwater
Echinuria uncinata,Azerbaidzan,40.143105,47.576927,freshwater
Avioserpens galliardi,Azerbaidzan,40.143105,47.576927,freshwater
Uncinaria stenocephala,"Ukraine, incl. Moldavia",48.379433,31.1655799,terrestrial
Hysterothylacium aduncum,Baltic Sea,58.48795200000001,19.863281,marine
Cucullanus cirratus,North Sea,56.511018,3.515625,marine
Ascaridia compar,Armenia,40.069099,45.038189,terrestrial
Syngamus trachea,Armenia,40.069099,45.038189,terrestrial
Amidostomum anseris,Armenia,40.069099,45.038189,freshwater
Hystrichis tricolor,Armenia,40.069099,45.038189,freshwater
Angiostrongylus costaricensis,Costa Rica,9.748916999999999,-83.753428,terrestrial
Teladorsagia circumcincta,South Australia,-30.0002315,136.2091547,terrestrial
Toxascaris leonina,Finno-Karelian ASSR,63.15587019999999,32.9905552,terrestrial
Trichostrongylus vitrinus,Uzbekistan,41.377491,64.585262,terrestrial
Cooperia oncophora,Uzbekistan,41.377491,64.585262,terrestrial
Baylisascaris devosi,District of Columbia/Delaware/New Jersey/Maryland,39.0457549,-76.64127119999999,terrestrial
Soboliphyme baturini,District of Columbia/Delaware/New Jersey/Maryland,39.0457549,-76.64127119999999,terrestrial
Dictyocaulus viviparus,Alberta,53.9332706,-116.5765035,terrestrial
Ascaridia dissimilis,Arkansas,35.20105,-91.8318334,terrestrial
Heterakis gallinarum,Arkansas,35.20105,-91.8318334,terrestrial
Oesophagostomum radiatum,Uzbekistan,41.377491,64.585262,terrestrial
Gongylonema neoplasticum,Uzbekistan,41.377491,64.585262,terrestrial
Toxocara canis,Uzbekistan,41.377491,64.585262,terrestrial
Uncinaria stenocephala,Uzbekistan,41.377491,64.585262,terrestrial
Microtetrameres helix,Uzbekistan,41.377491,64.585262,terrestrial
Dispharynx nasuta,Uzbekistan,41.377491,64.585262,terrestrial
Eucoleus annulatus,European USSR (CIS),54.5259614,15.2551187,terrestrial
Eucoleus annulatus,Cuba,21.521757,-77.781167,terrestrial
Toxocara canis,Libya,26.3351,17.228331,terrestrial
Toxocara canis,Morocco,31.791702,-7.092619999999999,terrestrial
Toxocara canis,Zaire,-6.2649292,14.2343282,terrestrial
Toxocara canis,Iran,32.427908,53.688046,terrestrial
Toxocara canis,Louisiana,30.9842977,-91.96233269999999,terrestrial
Toxocara canis,District of Columbia/Delaware/New Jersey/Maryland,39.0457549,-76.64127119999999,terrestrial
Toxocara canis,Italy,41.87194,12.56738,terrestrial
Toxascaris leonina,Morocco,31.791702,-7.092619999999999,terrestrial
Toxascaris leonina,Zaire,-6.2649292,14.2343282,terrestrial
Toxascaris leonina,Iran,32.427908,53.688046,terrestrial
Toxocara canis,Niger,17.607789,8.081666,terrestrial
Toxascaris leonina,Niger,17.607789,8.081666,terrestrial
Toxascaris leonina,Indiana,40.2671941,-86.1349019,terrestrial
Toxascaris leonina,District of Columbia/Delaware/New Jersey/Maryland,39.0457549,-76.64127119999999,terrestrial
Toxascaris leonina,Scotland,56.49067119999999,-4.2026458,terrestrial
Trichuris vulpis,Zaire,-6.2649292,14.2343282,terrestrial
Trichuris vulpis,Niger,17.607789,8.081666,terrestrial
Trichuris vulpis,Louisiana,30.9842977,-91.96233269999999,terrestrial
Camallanus lacustris,France,46.227638,2.213749,freshwater
Philometra ovata,France,46.227638,2.213749,freshwater
Ascarops strongylina,Armenia,40.069099,45.038189,terrestrial
Physocephalus sexalatus,Armenia,40.069099,45.038189,terrestrial
Spirura rytipleurites,Turkmenistan,38.969719,59.556278,terrestrial
Mastophorus muris,Turkmenistan,38.969719,59.556278,terrestrial
Protospirura muricola,Turkmenistan,38.969719,59.556278,terrestrial
Microtetrameres corax,Turkmenistan,38.969719,59.556278,terrestrial
Physaloptera hispida,Turkmenistan,38.969719,59.556278,terrestrial
Physaloptera rara,Turkmenistan,38.969719,59.556278,terrestrial
Acuaria hamulosa,Turkmenistan,38.969719,59.556278,terrestrial
Gongylonema problematicum,Turkmenistan,38.969719,59.556278,terrestrial
Soboliphyme baturini,Alaska,64.2008413,-149.4936733,terrestrial
Toxascaris leonina,Alaska,64.2008413,-149.4936733,terrestrial
Physaloptera praeputialis,Alaska,64.2008413,-149.4936733,terrestrial
Crenosoma vulpis,Alaska,64.2008413,-149.4936733,terrestrial
Uncinaria stenocephala,Alaska,64.2008413,-149.4936733,terrestrial
Syngamus trachea,Kashmir + Jammu,32.7266016,74.8570259,terrestrial
Passalurus ambiguus,Arizona,34.0489281,-111.0937311,terrestrial
Trichostrongylus colubriformis,Armenia,40.069099,45.038189,terrestrial
Trichostrongylus skrjabini,Armenia,40.069099,45.038189,terrestrial
Blatticola blattae,New Zealand,-40.900557,174.885971,terrestrial
Elaphostrongylus cervi,European USSR (CIS),54.5259614,15.2551187,terrestrial
Ascaris suum,Georgia (USSR),42.315407,43.35689199999999,terrestrial
Aplectana macintoshii,Uganda,1.373333,32.290275,terrestrial
Ascaridia galli,California,36.778261,-119.4179324,terrestrial
Camallanus cotti,"England, Wales + Isle of Man",54.236107,-4.548056,freshwater
Ascaridia galli,Azerbaidzan,40.143105,47.576927,terrestrial
Toxocara vitulorum,Sri Lanka,7.873053999999999,80.77179699999999,terrestrial
Protostrongylus hobmaieri,Azerbaidzan,40.143105,47.576927,terrestrial
Cystocaulus ocreatus,Azerbaidzan,40.143105,47.576927,terrestrial
Strongylus equinus,European USSR (CIS),54.5259614,15.2551187,terrestrial
Triodontophorus tenuicollis,European USSR (CIS),54.5259614,15.2551187,terrestrial
Cylicocyclus nassatus,European USSR (CIS),54.5259614,15.2551187,terrestrial
Trichostrongylus axei,European USSR (CIS),54.5259614,15.2551187,terrestrial
Dictyocaulus arnfieldi,European USSR (CIS),54.5259614,15.2551187,terrestrial
Parascaris equorum,European USSR (CIS),54.5259614,15.2551187,terrestrial
Oxyuris equi,European USSR (CIS),54.5259614,15.2551187,terrestrial
Trichuris skrjabini,Mississippi,32.3546679,-89.3985283,terrestrial
Cystocaulus ocreatus,Spain + Andalusia,37.5442706,-4.7277528,terrestrial
Baylisascaris transfuga,Italy,41.87194,12.56738,terrestrial
Skrjabingylus nasicola,Eire + N. Ireland,54.7877149,-6.4923145,terrestrial
Cooperia oncophora,Tunisia,33.886917,9.537499,terrestrial
Cooperia punctata,Tunisia,33.886917,9.537499,terrestrial
Graphidium strigosum,Tunisia,33.886917,9.537499,terrestrial
Haemonchus contortus,Tunisia,33.886917,9.537499,terrestrial
Nematodirus abnormalis,Tunisia,33.886917,9.537499,terrestrial
Nematodirus filicollis,Tunisia,33.886917,9.537499,terrestrial
Nematodirus helvetianus,Tunisia,33.886917,9.537499,terrestrial
Nematodirus spathiger,Tunisia,33.886917,9.537499,terrestrial
Nematodiroides zembrae,Tunisia,33.886917,9.537499,terrestrial
Oxyuris equi,Tunisia,33.886917,9.537499,terrestrial
Enterobius vermicularis,Tunisia,33.886917,9.537499,terrestrial
Passalurus ambiguus,Tunisia,33.886917,9.537499,terrestrial
Aspiculuris tetraptera,Tunisia,33.886917,9.537499,terrestrial
Maupasina weissi,Tunisia,33.886917,9.537499,terrestrial
Ascaris lumbricoides,Tunisia,33.886917,9.537499,terrestrial
Ascaris suum,Tunisia,33.886917,9.537499,terrestrial
Parascaris equorum,Tunisia,33.886917,9.537499,terrestrial
Toxascaris leonina,Tunisia,33.886917,9.537499,terrestrial
Toxocara canis,Tunisia,33.886917,9.537499,terrestrial
Spirura rytipleurites,Tunisia,33.886917,9.537499,terrestrial
Porrocaecum ensicaudatum,Armenia,40.069099,45.038189,terrestrial
Acuaria anthuris,Armenia,40.069099,45.038189,terrestrial
Spirocerca lupi,Tunisia,33.886917,9.537499,terrestrial
Protospirura numidica,Tunisia,33.886917,9.537499,terrestrial
Gongylonema brevispiculum,Tunisia,33.886917,9.537499,terrestrial
Gongylonema neoplasticum,Tunisia,33.886917,9.537499,terrestrial
Gongylonema pulchrum,Tunisia,33.886917,9.537499,terrestrial
Streptopharagus kutassi,Tunisia,33.886917,9.537499,terrestrial
Physocephalus sexalatus,Tunisia,33.886917,9.537499,terrestrial
Rictularia proni,Tunisia,33.886917,9.537499,terrestrial
Seuratum cadarachense,Tunisia,33.886917,9.537499,terrestrial
Trichuris trichiura,Mexico,23.634501,-102.552784,terrestrial
Ascaris lumbricoides,Mexico,23.634501,-102.552784,terrestrial
Enterobius vermicularis,Mexico,23.634501,-102.552784,terrestrial
Elaphostrongylus cervi,"England, Wales + Isle of Man",54.236107,-4.548056,terrestrial
Elaphostrongylus alces,Norway,60.47202399999999,8.468945999999999,terrestrial
Trichuris trichiura,Jamaica,18.109581,-77.297508,terrestrial
Skrjabinema ovis,Kazakstan,48.019573,66.923684,terrestrial
Nematodirus abnormalis,Kazakstan,48.019573,66.923684,terrestrial
Haemonchus contortus,Zaire,-6.2649292,14.2343282,terrestrial
Trichostrongylus axei,Zaire,-6.2649292,14.2343282,terrestrial
Trichostrongylus colubriformis,Zaire,-6.2649292,14.2343282,terrestrial
Cooperia pectinata,Zaire,-6.2649292,14.2343282,terrestrial
Cooperia punctata,Zaire,-6.2649292,14.2343282,terrestrial
Oesophagostomum columbianum,Zaire,-6.2649292,14.2343282,terrestrial
Ascarops strongylina,Zaire,-6.2649292,14.2343282,terrestrial
Physocephalus sexalatus,Zaire,-6.2649292,14.2343282,terrestrial
Hyostrongylus rubidus,Zaire,-6.2649292,14.2343282,terrestrial
Oesophagostomum dentatum,Zaire,-6.2649292,14.2343282,terrestrial
Oesophagostomum quadrispinulatum,Zaire,-6.2649292,14.2343282,terrestrial
Trichuris suis,Zaire,-6.2649292,14.2343282,terrestrial
Ascaris suum,Zaire,-6.2649292,14.2343282,terrestrial
Metastrongylus salmi,Zaire,-6.2649292,14.2343282,terrestrial
Metastrongylus pudendotectus,Zaire,-6.2649292,14.2343282,terrestrial
Spirocerca lupi,Zaire,-6.2649292,14.2343282,terrestrial
Anguillicola crassus,Western Europe,46.2021848,1.2643875,freshwater
Soboliphyme soricis,France,46.227638,2.213749,terrestrial
Porrocaecum ensicaudatum,France,46.227638,2.213749,terrestrial
Trichostrongylus vitrinus,France,46.227638,2.213749,terrestrial
Nematodirus filicollis,France,46.227638,2.213749,terrestrial
Streptocara crassicauda,Tadzhikistan,38.861034,71.276093,freshwater
Eustrongylides tubifex,Tadzhikistan,38.861034,71.276093,freshwater
Contracaecum microcephalum,Tadzhikistan,38.861034,71.276093,freshwater
Contracaecum micropapillatum,Tadzhikistan,38.861034,71.276093,freshwater
Contracaecum rudolphii,Tadzhikistan,38.861034,71.276093,freshwater
Desportesius brevicaudatus,Tadzhikistan,38.861034,71.276093,freshwater
Avioserpens galliardi,Tadzhikistan,38.861034,71.276093,freshwater
Diplotriaena tricuspis,Tadzhikistan,38.861034,71.276093,terrestrial
Desportesius invaginatus,Tadzhikistan,38.861034,71.276093,terrestrial
Amidostomum anseris,Tadzhikistan,38.861034,71.276093,freshwater
Heterakis gallinarum,Tadzhikistan,38.861034,71.276093,terrestrial
Trichostrongylus tenuis,Tadzhikistan,38.861034,71.276093,terrestrial
Amidostomum acutum,Tadzhikistan,38.861034,71.276093,freshwater
Epomidiostomum uncinatum,Tadzhikistan,38.861034,71.276093,freshwater
Eucoleus contortus,Tadzhikistan,38.861034,71.276093,terrestrial
Hystrichis tricolor,Tadzhikistan,38.861034,71.276093,freshwater
Ascaridia galli,Tadzhikistan,38.861034,71.276093,terrestrial
Echinuria uncinata,Tadzhikistan,38.861034,71.276093,freshwater
Dictyocaulus viviparus,Germany,51.165691,10.451526,terrestrial
Neostrongylus linearis,France,46.227638,2.213749,terrestrial
Porrocaecum crassum,Tadzhikistan,38.861034,71.276093,freshwater
Porrocaecum angusticolle,Tadzhikistan,38.861034,71.276093,terrestrial
Hadjelia truncata,Tadzhikistan,38.861034,71.276093,terrestrial
Dispharynx nasuta,Tadzhikistan,38.861034,71.276093,terrestrial
Serratospiculum tendo,Tadzhikistan,38.861034,71.276093,terrestrial
Physocephalus sexalatus,Tadzhikistan,38.861034,71.276093,terrestrial
Spirocerca lupi,Tadzhikistan,38.861034,71.276093,terrestrial
Toxocara canis,Belgium + Luxembourg,50.0546886,5.467698299999999,terrestrial
Toxascaris leonina,Belgium + Luxembourg,50.0546886,5.467698299999999,terrestrial
Uncinaria stenocephala,Belgium + Luxembourg,50.0546886,5.467698299999999,terrestrial
Trichuris vulpis,Belgium + Luxembourg,50.0546886,5.467698299999999,terrestrial
Toxocara cati,Belgium + Luxembourg,50.0546886,5.467698299999999,terrestrial
Protostrongylus boughtoni,Alberta,53.9332706,-116.5765035,terrestrial
Skrjabinoclava morrisoni,District of Columbia/Delaware/New Jersey/Maryland,39.0457549,-76.64127119999999,marine
Skrjabinoclava inornatae,Alberta,53.9332706,-116.5765035,marine
Skrjabinoclava inornatae,Manitoba,53.7608608,-98.8138762,marine
Skrjabinoclava inornatae,California,36.778261,-119.4179324,marine
Skrjabinoclava inornatae,Florida,27.6648274,-81.5157535,marine
Skrjabinoclava inornatae,Peru,-9.189967,-75.015152,marine
Eucoleus annulatus,Tadzhikistan,38.861034,71.276093,terrestrial
Acuaria hamulosa,Tadzhikistan,38.861034,71.276093,terrestrial
Cyrnea eurycerca,Tadzhikistan,38.861034,71.276093,terrestrial
Acuaria gruveli,Tadzhikistan,38.861034,71.276093,terrestrial
Microtetrameres inermis,Tadzhikistan,38.861034,71.276093,terrestrial
Amidostomum fulicae,Tadzhikistan,38.861034,71.276093,freshwater
Porrocaecum ensicaudatum,Tadzhikistan,38.861034,71.276093,terrestrial
Cosmocephalus obvelatus,Tadzhikistan,38.861034,71.276093,freshwater
Pseudalius inflexus,Black Sea,43.41302899999999,34.299316,marine
Echinuria uncinata,Iran,32.427908,53.688046,freshwater
Hysterothylacium aduncum,Black Sea,43.41302899999999,34.299316,marine
Nematodirus helvetianus,Iran,32.427908,53.688046,terrestrial
Nematodirus abnormalis,Iran,32.427908,53.688046,terrestrial
Nematodirus spathiger,Iran,32.427908,53.688046,terrestrial
Ostertagia ostertagi,Iran,32.427908,53.688046,terrestrial
Haemonchus contortus,Iran,32.427908,53.688046,terrestrial
Haemonchus placei,Iran,32.427908,53.688046,terrestrial
Cooperia oncophora,Iran,32.427908,53.688046,terrestrial
Oesophagostomum venulosum,Iran,32.427908,53.688046,terrestrial
Chabertia ovina,Iran,32.427908,53.688046,terrestrial
Skrjabinema ovis,Iran,32.427908,53.688046,terrestrial
Trichuris skrjabini,Iran,32.427908,53.688046,terrestrial
Trichuris ovis,Iran,32.427908,53.688046,terrestrial
Gongylonema pulchrum,Iran,32.427908,53.688046,terrestrial
Gongylonema pulchrum,"Ukraine, incl. Moldavia",48.379433,31.1655799,terrestrial
Spirocerca lupi,"Ukraine, incl. Moldavia",48.379433,31.1655799,terrestrial
Sicarius dipterum,Tadzhikistan,38.861034,71.276093,terrestrial
Goezia ascaroides,Northern Indian Ocean,-33.137551,81.826172,freshwater
Trichosomoides crassicauda,Greece,39.074208,21.824312,terrestrial
Dichelyne minutus,Black Sea,43.41302899999999,34.299316,marine
Acuaria anthuris,Tadzhikistan,38.861034,71.276093,terrestrial
Heligmosomoides polygyrus,Spain + Andalusia,37.5442706,-4.7277528,terrestrial
Anisakis simplex,Sea of Japan,38.848848,135,marine
Syngamus trachea,Tadzhikistan,38.861034,71.276093,terrestrial
Microtetrameres helix,Tadzhikistan,38.861034,71.276093,terrestrial
Dicheilonema rheae,Tadzhikistan,38.861034,71.276093,terrestrial
Ascaris lumbricoides,Japan,36.204824,138.252924,terrestrial
Echinocephalus uncinatus,Arabian Sea,12.2501506,64.33717,marine
Proleptus obtusus,Northern Indian Ocean,-33.137551,81.826172,marine
Gnathostoma spinigerum,Pakistan,30.375321,69.34511599999999,terrestrial
Aonchotheca erinacei,Balearic Islands,39.3587759,2.7356328,terrestrial
Crenosoma striatum,Balearic Islands,39.3587759,2.7356328,terrestrial
Gongylonema mucronatum,Balearic Islands,39.3587759,2.7356328,terrestrial
Anguillicola crassus,Germany,51.165691,10.451526,freshwater
Seuratum cadarachense,Balearic Islands,39.3587759,2.7356328,terrestrial
Spirura rytipleurites,Balearic Islands,39.3587759,2.7356328,terrestrial
Trichuris muris,Spain + Andalusia,37.5442706,-4.7277528,terrestrial
Rictularia proni,Spain + Andalusia,37.5442706,-4.7277528,terrestrial
Aspiculuris tetraptera,Spain + Andalusia,37.5442706,-4.7277528,terrestrial
Anisakis simplex,Adriatic Sea,41.85509039999999,17.2902839,marine
Anisakis physeteris,Adriatic Sea,41.85509039999999,17.2902839,marine
Proleptus obtusus,Adriatic Sea,41.85509039999999,17.2902839,marine
Anisakis typica,Mediterranean,34.5531284,18.0480105,marine
Anisakis typica,Northeast Atlantic,39.370134,-77.40677199999999,marine
Anisakis physeteris,Northeast Atlantic,39.370134,-77.40677199999999,marine
Pseudalius inflexus,Northeast Atlantic,39.370134,-77.40677199999999,marine
Philonema agubernaculum,Canada,56.130366,-106.346771,freshwater
Sterliadochona ephemeridarum,Canada,56.130366,-106.346771,freshwater
Cystidicola farionis,Canada,56.130366,-106.346771,freshwater
Philometra cylindracea,Canada,56.130366,-106.346771,freshwater
Philonema oncorhynchi,Canada,56.130366,-106.346771,freshwater
Raphidascaris acus,Canada,56.130366,-106.346771,freshwater
Truttaedacnitis truttae,Canada,56.130366,-106.346771,freshwater
Cheilospirura spinosa,Florida,27.6648274,-81.5157535,terrestrial
Dispharynx nasuta,Florida,27.6648274,-81.5157535,terrestrial
Tetrameres pattersoni,Florida,27.6648274,-81.5157535,terrestrial
Trichostrongylus tenuis,Florida,27.6648274,-81.5157535,terrestrial
Gongylonema ingluvicola,Florida,27.6648274,-81.5157535,terrestrial
Heterakis gallinarum,Florida,27.6648274,-81.5157535,terrestrial
Cyrnea colini,Florida,27.6648274,-81.5157535,terrestrial
Parelaphostrongylus tenuis,Arkansas,35.20105,-91.8318334,terrestrial
Parelaphostrongylus tenuis,Florida,27.6648274,-81.5157535,terrestrial
Parelaphostrongylus tenuis,Louisiana,30.9842977,-91.96233269999999,terrestrial
Parelaphostrongylus tenuis,District of Columbia/Delaware/New Jersey/Maryland,39.0457549,-76.64127119999999,terrestrial
Parelaphostrongylus tenuis,Mississippi,32.3546679,-89.3985283,terrestrial
Parelaphostrongylus tenuis,North Carolina,35.7595731,-79.01929969999999,terrestrial
Parelaphostrongylus tenuis,Tennessee,35.5174913,-86.5804473,terrestrial
Parelaphostrongylus tenuis,West Virginia,38.5976262,-80.4549026,terrestrial
Contracaecum rudolphii,Chile,-35.675147,-71.542969,freshwater
Parelaphostrongylus tenuis,Oklahoma,35.0077519,-97.092877,terrestrial
Hysterothylacium aduncum,Norway,60.47202399999999,8.468945999999999,marine
Angiostrongylus cantonensis,Hawaiian Islands,19.8967662,-155.5827818,terrestrial
Philometra ovata,Estonia + Latvia,56.95962400000001,24.1016552,freshwater
Philometra abdominalis,Estonia + Latvia,56.95962400000001,24.1016552,freshwater
Anisakis simplex,Australia,-25.274398,133.775136,marine
Parascaris equorum,Finland,61.92410999999999,25.7481511,terrestrial
Porrocaecum ensicaudatum,Finland,61.92410999999999,25.7481511,terrestrial
Toxocara canis,Finland,61.92410999999999,25.7481511,terrestrial
Raphidascaris acus,Baltic Sea,58.48795200000001,19.863281,freshwater
Trichosomoides crassicauda,Balearic Islands,39.3587759,2.7356328,terrestrial
Heligmosomoides polygyrus,Balearic Islands,39.3587759,2.7356328,terrestrial
Streptopharagus kutassi,Balearic Islands,39.3587759,2.7356328,terrestrial
Mastophorus muris,Balearic Islands,39.3587759,2.7356328,terrestrial
Raphidascaris acus,Greece,39.074208,21.824312,freshwater
Camallanus lacustris,Greece,39.074208,21.824312,freshwater
Oxyuris equi,Kazakstan,48.019573,66.923684,terrestrial
Parascaris equorum,Kazakstan,48.019573,66.923684,terrestrial
Dictyocaulus arnfieldi,Kazakstan,48.019573,66.923684,terrestrial
Gongylonema pulchrum,Kazakstan,48.019573,66.923684,terrestrial
Triodontophorus tenuicollis,Kazakstan,48.019573,66.923684,terrestrial
Chabertia ovina,Kazakstan,48.019573,66.923684,terrestrial
Cooperia oncophora,Kazakstan,48.019573,66.923684,terrestrial
Dictyocaulus filaria,Kazakstan,48.019573,66.923684,terrestrial
Haemonchus contortus,Kazakstan,48.019573,66.923684,terrestrial
Nematodirus spathiger,Kazakstan,48.019573,66.923684,terrestrial
Physocephalus sexalatus,Kazakstan,48.019573,66.923684,terrestrial
Dracunculus medinensis,Uzbekistan,41.377491,64.585262,terrestrial
Enterobius vermicularis,Japan,36.204824,138.252924,terrestrial
Anisakis physeteris,Japan,36.204824,138.252924,marine
Cyclodontostomum purvisi,Thailand,15.870032,100.992541,terrestrial
Skrjabingylus nasicola,Japan,36.204824,138.252924,terrestrial
Filaroides martis,Japan,36.204824,138.252924,terrestrial
Anguillicola crassus,Sweden,60.12816100000001,18.643501,freshwater
Ascaris suum,Estonia + Latvia,56.95962400000001,24.1016552,terrestrial
Oesophagostomum dentatum,Estonia + Latvia,56.95962400000001,24.1016552,terrestrial
Metastrongylus pudendotectus,Estonia + Latvia,56.95962400000001,24.1016552,terrestrial
Physocephalus sexalatus,Estonia + Latvia,56.95962400000001,24.1016552,terrestrial
Hyostrongylus rubidus,Estonia + Latvia,56.95962400000001,24.1016552,terrestrial
Metastrongylus salmi,Estonia + Latvia,56.95962400000001,24.1016552,terrestrial
Oesophagostomum dentatum,Lithuania,55.169438,23.881275,terrestrial
Ascaris suum,Lithuania,55.169438,23.881275,terrestrial
Dracunculus medinensis,Benin,9.30769,2.315834,terrestrial
Rhabdochona hellichi,Georgia (USSR),42.315407,43.35689199999999,freshwater
Cystidicoloides tenuissima,Georgia (USSR),42.315407,43.35689199999999,freshwater
Protostrongylus rufescens,France,46.227638,2.213749,terrestrial
Enterobius vermicularis,United States,37.09024,-95.712891,terrestrial
Rhabdochona denudata,Iraq,33.223191,43.679291,freshwater
Camallanus corderoi,Chile,-35.675147,-71.542969,freshwater
Syngamus trachea,Japan,36.204824,138.252924,terrestrial
Capillaria anatis,Japan,36.204824,138.252924,terrestrial
Heterakis gallinarum,Japan,36.204824,138.252924,terrestrial
Ascaridia columbae,Japan,36.204824,138.252924,terrestrial
Ascaridia galli,Japan,36.204824,138.252924,terrestrial
Contracaecum microcephalum,Japan,36.204824,138.252924,freshwater
Porrocaecum angusticolle,Japan,36.204824,138.252924,terrestrial
Tetrameres fissispina,Japan,36.204824,138.252924,freshwater
Ornithostrongylus quadriradiatus,Japan,36.204824,138.252924,terrestrial
Acuaria anthuris,Japan,36.204824,138.252924,terrestrial
Cosmocephalus obvelatus,Japan,36.204824,138.252924,freshwater
Echinuria uncinata,Japan,36.204824,138.252924,freshwater
Diplotriaena bargusinica,Japan,36.204824,138.252924,terrestrial
Serratospiculum tendo,Japan,36.204824,138.252924,terrestrial
Hartertia obesa,Turkmenistan,38.969719,59.556278,terrestrial
Baylisascaris procyonis,United States,37.09024,-95.712891,terrestrial
Toxocara pteropodis,New Hebrides,-15.38,166.9,terrestrial
Aelurostrongylus abstrusus,Yugoslavia,37.09024,-95.712891,terrestrial
Spirocerca lupi,Italy,41.87194,12.56738,terrestrial
Ascaris lumbricoides,Indonesia & Malaysia,-0.789275,113.921327,terrestrial
Trichuris trichiura,Indonesia & Malaysia,-0.789275,113.921327,terrestrial
Haemonchus placei,Lesser Antilles,14.4122148,-64.7627955,terrestrial
Trichostrongylus axei,Lesser Antilles,14.4122148,-64.7627955,terrestrial
Toxocara vitulorum,Lesser Antilles,14.4122148,-64.7627955,terrestrial
Enterobius vermicularis,Italy,41.87194,12.56738,terrestrial
Ascaris lumbricoides,Italy,41.87194,12.56738,terrestrial
Trichuris trichiura,Sri Lanka,7.873053999999999,80.77179699999999,terrestrial
Streptopharagus pigmentatus,Sri Lanka,7.873053999999999,80.77179699999999,terrestrial
Aspiculuris tetraptera,Victoria,-37.01,144.75,terrestrial
Toxocara canis,Egypt,26.820553,30.802498,terrestrial
Toxocara vitulorum,Egypt,26.820553,30.802498,terrestrial
Toxascaris leonina,Egypt,26.820553,30.802498,terrestrial
Haemonchus contortus,Ghana,7.946527,-1.023194,terrestrial
Trichostrongylus colubriformis,Ghana,7.946527,-1.023194,terrestrial
Trichostrongylus axei,Ghana,7.946527,-1.023194,terrestrial
Trichostrongylus vitrinus,Ghana,7.946527,-1.023194,terrestrial
Oesophagostomum venulosum,Ghana,7.946527,-1.023194,terrestrial
Trichuris ovis,Ghana,7.946527,-1.023194,terrestrial
Ostertagia ostertagi,France,46.227638,2.213749,terrestrial
Cooperia oncophora,France,46.227638,2.213749,terrestrial
Chabertia ovina,France,46.227638,2.213749,terrestrial
Ascaris suum,Denmark,56.26392,9.501785,terrestrial
Trichuris suis,Denmark,56.26392,9.501785,terrestrial
Anguillicola crassus,Europe,54.5259614,15.2551187,freshwater
Trichuris trichiura,Laos,19.85627,102.495496,terrestrial
Ascaris lumbricoides,Laos,19.85627,102.495496,terrestrial
Hepatojarakus malayae,Indonesia & Malaysia,-0.789275,113.921327,terrestrial
Angiostrongylus cantonensis,Islands of Western Pacific,-8.783195,-124.508523,terrestrial
Protospirura muricola,Islands of Western Pacific,-8.783195,-124.508523,terrestrial
Gongylonema neoplasticum,Marshall Islands,7.131474,171.184478,terrestrial
Mastophorus muris,Marshall Islands,7.131474,171.184478,terrestrial
Protospirura muricola,Marshall Islands,7.131474,171.184478,terrestrial
Angiostrongylus cantonensis,Fijian Islands,-17.713371,178.065032,terrestrial
Gongylonema neoplasticum,Fijian Islands,-17.713371,178.065032,terrestrial
Gongylonema neoplasticum,Islands of Pacific Ocean,-8.783195,-124.508523,terrestrial
Protospirura muricola,Islands of Pacific Ocean,-8.783195,-124.508523,terrestrial
Angiostrongylus cantonensis,Samoa Islands,-12.798491,-170.477306,terrestrial
Angiostrongylus cantonensis,Cook Islands,-21.236736,-159.777671,terrestrial
Heterakis spumosa,New Zealand,-40.900557,174.885971,terrestrial
Mastophorus muris,New Zealand,-40.900557,174.885971,terrestrial
Heligmosomoides polygyrus,New Zealand,-40.900557,174.885971,terrestrial
Trichosomoides crassicauda,New Zealand,-40.900557,174.885971,terrestrial
Trichuris vulpis,Argentina,-38.416097,-63.61667199999999,terrestrial
Spirocerca lupi,Turkmenistan,38.969719,59.556278,terrestrial
Haemonchus contortus,Pennsylvania,41.2033216,-77.1945247,terrestrial
Trichuris suis,Japan,36.204824,138.252924,terrestrial
Stephanurus dentatus,Japan,36.204824,138.252924,terrestrial
Metastrongylus apri,Japan,36.204824,138.252924,terrestrial
Metastrongylus pudendotectus,Japan,36.204824,138.252924,terrestrial
Metastrongylus salmi,Japan,36.204824,138.252924,terrestrial
Rictularia cristata,Japan,36.204824,138.252924,terrestrial
Paracuaria adunca,Turkmenistan,38.969719,59.556278,marine
Cosmocephalus obvelatus,Turkmenistan,38.969719,59.556278,freshwater
Streptocara crassicauda,Turkmenistan,38.969719,59.556278,freshwater
Physaloptera praeputialis,Turkmenistan,38.969719,59.556278,terrestrial
Skrjabinoclava inornatae,Ontario,51.253775,-85.323214,marine
Haemonchus contortus,The Gambia,13.443182,-15.310139,terrestrial
Contracaecum rudolphii,Japan,36.204824,138.252924,freshwater
Enterobius vermicularis,Peru,-9.189967,-75.015152,terrestrial
Cucullanus cirratus,Northeast Atlantic,39.370134,-77.40677199999999,marine
Angiostrongylus vasorum,Italy,41.87194,12.56738,terrestrial
Blatticola blattae,North Africa,23.4162027,25.66283,terrestrial
Blatticola blattae,Europe,54.5259614,15.2551187,terrestrial
Hammerschmidtiella diesingi,Germany,51.165691,10.451526,terrestrial
Hammerschmidtiella diesingi,Western Europe,46.2021848,1.2643875,terrestrial
Hammerschmidtiella diesingi,Nearctic,53.569001,-113.571487,terrestrial
Hammerschmidtiella diesingi,Malagasay,-20,47,terrestrial
Leidynema appendiculata,United States,37.09024,-95.712891,terrestrial
Thelastoma bulhoesi,Nearctic,53.569001,-113.571487,terrestrial
Parelaphostrongylus tenuis,Alberta,53.9332706,-116.5765035,terrestrial
Toxocara cati,District of Columbia/Delaware/New Jersey/Maryland,39.0457549,-76.64127119999999,terrestrial
Ollulanus tricuspis,District of Columbia/Delaware/New Jersey/Maryland,39.0457549,-76.64127119999999,terrestrial
Heterakis gallinarum,Azerbaidzan,40.143105,47.576927,terrestrial
Toxocara canis,Jordan,30.585164,36.238414,terrestrial
Trichuris vulpis,Jordan,30.585164,36.238414,terrestrial
Cyathostoma lari,Newfoundland,53.1355091,-57.6604364,terrestrial
Cyathostoma lari,"England, Wales + Isle of Man",54.236107,-4.548056,terrestrial
Desportesius invaginatus,Cuba,21.521757,-77.781167,terrestrial
Contracaecum micropapillatum,Cuba,21.521757,-77.781167,freshwater
Haemonchus placei,Cuba,21.521757,-77.781167,terrestrial
Raphidascaris acus,Azerbaidzan,40.143105,47.576927,freshwater
Rhabdochona denudata,Azerbaidzan,40.143105,47.576927,freshwater
Rhabdochona ergensi,Azerbaidzan,40.143105,47.576927,freshwater
Philometra rischta,Azerbaidzan,40.143105,47.576927,freshwater
Ascarops strongylina,Azerbaidzan,40.143105,47.576927,terrestrial
Philometra ovata,Azerbaidzan,40.143105,47.576927,freshwater
Syngamus trachea,Azerbaidzan,40.143105,47.576927,terrestrial
Toxocara cati,Japan,36.204824,138.252924,terrestrial
Trichuris trichiura,Ecuador,-1.831239,-78.18340599999999,terrestrial
Ascaris lumbricoides,Ecuador,-1.831239,-78.18340599999999,terrestrial
Heligmosomoides polygyrus,Denmark,56.26392,9.501785,terrestrial
Heligmosomum mixtum,Denmark,56.26392,9.501785,terrestrial
Tetrameres fissispina,"Ukraine, incl. Moldavia",48.379433,31.1655799,freshwater
Rhabdochona kidderi,Mexico,23.634501,-102.552784,freshwater
Nematodirus helvetianus,Cape Province,-33.5,20.97,terrestrial
Dracunculus insignis,Arkansas,35.20105,-91.8318334,terrestrial
Gnathostoma procyonis,Arkansas,35.20105,-91.8318334,terrestrial
Molineus barbatus,Arkansas,35.20105,-91.8318334,terrestrial
Cooperia pectinata,Cape Province,-33.5,20.97,terrestrial
Trichostrongylus colubriformis,Cape Province,-33.5,20.97,terrestrial
Cooperia punctata,Cape Province,-33.5,20.97,terrestrial
Cystidicola farionis,Norway,60.47202399999999,8.468945999999999,freshwater
Ascaridia compar,France,46.227638,2.213749,terrestrial
Heterakis gallinarum,France,46.227638,2.213749,terrestrial
Acuaria hamulosa,France,46.227638,2.213749,terrestrial
Ascaris lumbricoides,Bangladesh,23.684994,90.356331,terrestrial
Paracuaria adunca,Nova Scotia,44.68198659999999,-63.744311,marine
Cosmocephalus obvelatus,Nova Scotia,44.68198659999999,-63.744311,freshwater
Ostertagia ostertagi,Denmark,56.26392,9.501785,terrestrial
Cooperia oncophora,Denmark,56.26392,9.501785,terrestrial
Parafilaroides gymnurus,North Sea,56.511018,3.515625,marine
Aelurostrongylus abstrusus,Spain + Andalusia,37.5442706,-4.7277528,terrestrial
Sterliadochona ephemeridarum,Newfoundland,53.1355091,-57.6604364,freshwater
Philonema agubernaculum,Newfoundland,53.1355091,-57.6604364,freshwater
Pterygodermatites peromysci,Florida,27.6648274,-81.5157535,terrestrial
Physaloptera hispida,Florida,27.6648274,-81.5157535,terrestrial
Protospirura numidica,Florida,27.6648274,-81.5157535,terrestrial
Trichuris muris,Iraq,33.223191,43.679291,terrestrial
Ascaridia columbae,Bangladesh,23.684994,90.356331,terrestrial
Cystidicoloides tenuissima,Canada,56.130366,-106.346771,freshwater
Parelaphostrongylus andersoni,Maine,45.253783,-69.4454689,terrestrial
Thelastoma bulhoesi,British Columbia,53.7266683,-127.6476205,terrestrial
Ascarops strongylina,Iran,32.427908,53.688046,terrestrial
Physocephalus sexalatus,Iran,32.427908,53.688046,terrestrial
Ascaris suum,Iran,32.427908,53.688046,terrestrial
Oesophagostomum dentatum,Iran,32.427908,53.688046,terrestrial
Trichuris suis,Iran,32.427908,53.688046,terrestrial
Metastrongylus apri,Iran,32.427908,53.688046,terrestrial
Metastrongylus pudendotectus,Iran,32.427908,53.688046,terrestrial
Metastrongylus salmi,Iran,32.427908,53.688046,terrestrial
Trichosomoides crassicauda,Japan,36.204824,138.252924,terrestrial
Teladorsagia circumcincta,Spain + Andalusia,37.5442706,-4.7277528,terrestrial
Angiostrongylus cantonensis,Australia,-25.274398,133.775136,terrestrial
Nematodirus filicollis,Scotland,56.49067119999999,-4.2026458,terrestrial
Nematodirus helvetianus,Scotland,56.49067119999999,-4.2026458,terrestrial
Ostertagia ostertagi,Australia,-25.274398,133.775136,terrestrial
Oesophagostomum venulosum,Australia,-25.274398,133.775136,terrestrial
Dictyocaulus viviparus,Australia,-25.274398,133.775136,terrestrial
Raphidascaris acus,Austria,47.516231,14.550072,freshwater
Philometra ovata,Austria,47.516231,14.550072,freshwater
Camallanus lacustris,Austria,47.516231,14.550072,freshwater
Hedruris androphora,Austria,47.516231,14.550072,freshwater
Haemonchus placei,Rwanda,-1.940278,29.873888,terrestrial
Oesophagostomum radiatum,Rwanda,-1.940278,29.873888,terrestrial
Trichostrongylus axei,Rwanda,-1.940278,29.873888,terrestrial
Cooperia punctata,Rwanda,-1.940278,29.873888,terrestrial
Ostertagia ostertagi,Rwanda,-1.940278,29.873888,terrestrial
Nematodirus spathiger,Rwanda,-1.940278,29.873888,terrestrial
Toxocara vitulorum,Rwanda,-1.940278,29.873888,terrestrial
Crenosoma striatum,Austria,47.516231,14.550072,terrestrial
Cyathostoma bronchialis,Germany,51.165691,10.451526,terrestrial
Rhabdochona cascadilla,Ontario,51.253775,-85.323214,freshwater
Haemonchus contortus,New South Wales,-31.2532183,146.921099,terrestrial
Trichostrongylus colubriformis,New South Wales,-31.2532183,146.921099,terrestrial
Crenosoma vulpis,Germany,51.165691,10.451526,terrestrial
Ornithostrongylus quadriradiatus,Bangladesh,23.684994,90.356331,terrestrial
Trichostrongylus axei,Maine,45.253783,-69.4454689,terrestrial
Toxascaris leonina,Arkansas,35.20105,-91.8318334,terrestrial
Ostertagia ostertagi,District of Columbia/Delaware/New Jersey/Maryland,39.0457549,-76.64127119999999,terrestrial
Ostertagia ostertagi,Montana,46.8796822,-110.3625658,terrestrial
Teladorsagia circumcincta,Indiana,40.2671941,-86.1349019,terrestrial
Teladorsagia circumcincta,District of Columbia/Delaware/New Jersey/Maryland,39.0457549,-76.64127119999999,terrestrial
Heligmosomoides kurilensis,Japan,36.204824,138.252924,terrestrial
Trichuris trichiura,"Ukraine, incl. Moldavia",48.379433,31.1655799,terrestrial
Angiostrongylus costaricensis,Nicaragua,12.865416,-85.207229,terrestrial
Angiostrongylus schmidti,Florida,27.6648274,-81.5157535,terrestrial
Angiostrongylus malaysiensis,Malaya,3.17,101.7,terrestrial
Angiostrongylus costaricensis,Central America,12.7690126,-85.60236429999999,terrestrial
Angiostrongylus siamensis,Thailand,15.870032,100.992541,terrestrial
Dictyocaulus viviparus,New Caledonia,-20.904305,165.618042,terrestrial
Passalurus ambiguus,New Caledonia,-20.904305,165.618042,terrestrial
Anisakis simplex,South China Sea,15.488092,114.404754,marine
Ascaris lumbricoides,Jamaica,18.109581,-77.297508,terrestrial
Anisakis simplex,Coast of Japan,35.4543846,139.644207,marine
Physocephalus sexalatus,New South Wales,-31.2532183,146.921099,terrestrial
Gnathostoma spinigerum,Ecuador,-1.831239,-78.18340599999999,terrestrial
Contracaecum rudolphii,Yugoslavia,37.09024,-95.712891,freshwater
Filaroides martis,Germany,51.165691,10.451526,terrestrial
Spirocerca lupi,Spain + Andalusia,37.5442706,-4.7277528,terrestrial
Lagochilascaris minor,Venezuela,6.42375,-66.58973,terrestrial
Dictyocaulus arnfieldi,Iraq,33.223191,43.679291,terrestrial
Oesophagostomum radiatum,New Caledonia,-20.904305,165.618042,terrestrial
Toxocara canis,Iraq,33.223191,43.679291,terrestrial
Toxascaris leonina,Iraq,33.223191,43.679291,terrestrial
Ascaridia galli,Iraq,33.223191,43.679291,terrestrial
Heterakis gallinarum,Iraq,33.223191,43.679291,terrestrial
Trichosomoides crassicauda,Spain + Andalusia,37.5442706,-4.7277528,terrestrial
Heterakis spumosa,Spain + Andalusia,37.5442706,-4.7277528,terrestrial
Cucullanus heterochrous,Baltic Sea,58.48795200000001,19.863281,marine
Dichelyne minutus,Baltic Sea,58.48795200000001,19.863281,marine
Ostertagia ostertagi,Argentina,-38.416097,-63.61667199999999,terrestrial
Haemonchus placei,Argentina,-38.416097,-63.61667199999999,terrestrial
Trichostrongylus axei,Argentina,-38.416097,-63.61667199999999,terrestrial
Cooperia oncophora,Argentina,-38.416097,-63.61667199999999,terrestrial
Cooperia punctata,Argentina,-38.416097,-63.61667199999999,terrestrial
Haemonchus contortus,Malaya,3.17,101.7,terrestrial
Oswaldocruzia filiformis,Greece,39.074208,21.824312,terrestrial
Toxascaris leonina,Iceland,64.963051,-19.020835,terrestrial
Toxocara canis,Iceland,64.963051,-19.020835,terrestrial
Uncinaria stenocephala,Iceland,64.963051,-19.020835,terrestrial
Baylisascaris procyonis,Japan,36.204824,138.252924,terrestrial
Syphacia muris,Taiwan,23.69781,120.960515,terrestrial
Heterakis spumosa,Taiwan,23.69781,120.960515,terrestrial
Mastophorus muris,Taiwan,23.69781,120.960515,terrestrial
Ascarops strongylina,Taiwan,23.69781,120.960515,terrestrial
Angiostrongylus malaysiensis,Japan,36.204824,138.252924,terrestrial
Philometra ovata,Finland,61.92410999999999,25.7481511,freshwater
Cyathostomum catinatum,Iceland,64.963051,-19.020835,terrestrial
Cylicocyclus nassatus,Iceland,64.963051,-19.020835,terrestrial
Cylicostephanus longibursatus,Iceland,64.963051,-19.020835,terrestrial
Strongylus edentatus,Iceland,64.963051,-19.020835,terrestrial
Strongylus equinus,Iceland,64.963051,-19.020835,terrestrial
Strongylus vulgaris,Iceland,64.963051,-19.020835,terrestrial
Triodontophorus tenuicollis,Iceland,64.963051,-19.020835,terrestrial
Trichostrongylus axei,Iceland,64.963051,-19.020835,terrestrial
Parascaris equorum,Iceland,64.963051,-19.020835,terrestrial
Oxyuris equi,Iceland,64.963051,-19.020835,terrestrial
Teladorsagia circumcincta,Italy,41.87194,12.56738,terrestrial
Hyostrongylus rubidus,Belize,17.189877,-88.49765,terrestrial
Physocephalus sexalatus,Belize,17.189877,-88.49765,terrestrial
Trichostrongylus colubriformis,Belize,17.189877,-88.49765,terrestrial
Ascarops strongylina,Belize,17.189877,-88.49765,terrestrial
Ascaris suum,Belize,17.189877,-88.49765,terrestrial
Trichuris suis,Belize,17.189877,-88.49765,terrestrial
Stephanurus dentatus,Belize,17.189877,-88.49765,terrestrial
Syphacia muris,Corsica,42.0396042,9.012892599999999,terrestrial
Raphidascaris acus,Lake Baikal,53.5587003,108.1649965,freshwater
Camallanus lacustris,Lake Baikal,53.5587003,108.1649965,freshwater
Nematodirus spathiger,France,46.227638,2.213749,terrestrial
Triodontophorus tenuicollis,"Ukraine, incl. Moldavia",48.379433,31.1655799,terrestrial
Cylicostephanus longibursatus,"Ukraine, incl. Moldavia",48.379433,31.1655799,terrestrial
Cylicocyclus nassatus,"Ukraine, incl. Moldavia",48.379433,31.1655799,terrestrial
Oxyuris equi,"Ukraine, incl. Moldavia",48.379433,31.1655799,terrestrial
Parascaris equorum,"Ukraine, incl. Moldavia",48.379433,31.1655799,terrestrial
Trichostrongylus axei,"Ukraine, incl. Moldavia",48.379433,31.1655799,terrestrial
Eustrongylides tubifex,New Brunswick,46.5653163,-66.46191639999999,freshwater
Paracuaria adunca,British Columbia,53.7266683,-127.6476205,marine
Contracaecum pelagicum,British Columbia,53.7266683,-127.6476205,marine
Syncuaria squamata,Ontario,51.253775,-85.323214,freshwater
Contracaecum microcephalum,Newfoundland,53.1355091,-57.6604364,freshwater
Trichostrongylus tenuis,Ontario,51.253775,-85.323214,terrestrial
Amidostomum anseris,Ontario,51.253775,-85.323214,freshwater
Amidostomum anseris,British Columbia,53.7266683,-127.6476205,freshwater
Cyathostoma bronchialis,Ontario,51.253775,-85.323214,terrestrial
Trichostrongylus tenuis,Northwest Territories,64.8255441,-124.8457334,terrestrial
Echinuria uncinata,Manitoba,53.7608608,-98.8138762,freshwater
Amidostomum anseris,Manitoba,53.7608608,-98.8138762,freshwater
Epomidiostomum uncinatum,Manitoba,53.7608608,-98.8138762,freshwater
Streptocara crassicauda,British Columbia,53.7266683,-127.6476205,freshwater
Amidostomum acutum,New Brunswick,46.5653163,-66.46191639999999,freshwater
Amidostomum acutum,Nova Scotia,44.68198659999999,-63.744311,freshwater
Epomidiostomum uncinatum,New Brunswick,46.5653163,-66.46191639999999,freshwater
Epomidiostomum uncinatum,Nova Scotia,44.68198659999999,-63.744311,freshwater
Streptocara crassicauda,Newfoundland,53.1355091,-57.6604364,freshwater
Tetrameres crami,Ontario,51.253775,-85.323214,freshwater
Tetrameres crami,Quebec,52.9399159,-73.5491361,freshwater
Echinuria uncinata,Alberta,53.9332706,-116.5765035,freshwater
Amidostomum acutum,Newfoundland,53.1355091,-57.6604364,freshwater
Amidostomum acutum,Ontario,51.253775,-85.323214,freshwater
Capillaria anatis,New Brunswick,46.5653163,-66.46191639999999,terrestrial
Capillaria anatis,Newfoundland,53.1355091,-57.6604364,terrestrial
Capillaria anatis,Ontario,51.253775,-85.323214,terrestrial
Capillaria anatis,Quebec,52.9399159,-73.5491361,terrestrial
Epomidiostomum uncinatum,Newfoundland,53.1355091,-57.6604364,freshwater
Tetrameres fissispina,New Brunswick,46.5653163,-66.46191639999999,freshwater
Tetrameres fissispina,Newfoundland,53.1355091,-57.6604364,freshwater
Tetrameres fissispina,Ontario,51.253775,-85.323214,freshwater
Streptocara crassicauda,Ontario,51.253775,-85.323214,freshwater
Amidostomum acutum,British Columbia,53.7266683,-127.6476205,freshwater
Streptocara crassicauda,New Brunswick,46.5653163,-66.46191639999999,freshwater
Tetrameres fissispina,British Columbia,53.7266683,-127.6476205,freshwater
Capillaria anatis,British Columbia,53.7266683,-127.6476205,terrestrial
Echinuria uncinata,Newfoundland,53.1355091,-57.6604364,freshwater
Paracuaria adunca,Newfoundland,53.1355091,-57.6604364,marine
Syngamus trachea,Ontario,51.253775,-85.323214,terrestrial
Syngamus trachea,Quebec,52.9399159,-73.5491361,terrestrial
Ascaridia galli,Ontario,51.253775,-85.323214,terrestrial
Cheilospirura spinosa,Ontario,51.253775,-85.323214,terrestrial
Ascaridia galli,Manitoba,53.7608608,-98.8138762,terrestrial
Heterakis gallinarum,Manitoba,53.7608608,-98.8138762,terrestrial
Heterakis gallinarum,Saskatchewan,52.9399159,-106.4508639,terrestrial
Ascaridia compar,Newfoundland,53.1355091,-57.6604364,terrestrial
Cheilospirura spinosa,British Columbia,53.7266683,-127.6476205,terrestrial
Geopetitia aspiculata,Manitoba,53.7608608,-98.8138762,terrestrial
Dispharynx nasuta,Alberta,53.9332706,-116.5765035,terrestrial
Physocephalus sexalatus,Alberta,53.9332706,-116.5765035,terrestrial
Physocephalus sexalatus,Manitoba,53.7608608,-98.8138762,terrestrial
Echinuria uncinata,New Brunswick,46.5653163,-66.46191639999999,freshwater
Echinuria uncinata,Saskatchewan,52.9399159,-106.4508639,freshwater
Cosmocephalus obvelatus,Alberta,53.9332706,-116.5765035,freshwater
Cosmocephalus obvelatus,Newfoundland,53.1355091,-57.6604364,freshwater
Cosmocephalus obvelatus,Quebec,52.9399159,-73.5491361,freshwater
Porrocaecum semiteres,Newfoundland,53.1355091,-57.6604364,terrestrial
Cosmocephalus obvelatus,Ontario,51.253775,-85.323214,freshwater
Paracuaria adunca,Ontario,51.253775,-85.323214,marine
Paracuaria adunca,New Brunswick,46.5653163,-66.46191639999999,marine
Ornithostrongylus quadriradiatus,Ontario,51.253775,-85.323214,terrestrial
Ornithostrongylus quadriradiatus,Canada,56.130366,-106.346771,terrestrial
Acuaria anthuris,Ontario,51.253775,-85.323214,terrestrial
Acuaria anthuris,Quebec,52.9399159,-73.5491361,terrestrial
Diplotriaena tricuspis,Ontario,51.253775,-85.323214,terrestrial
Microtetrameres helix,Manitoba,53.7608608,-98.8138762,terrestrial
Microtetrameres helix,Quebec,52.9399159,-73.5491361,terrestrial
Porrocaecum ensicaudatum,Quebec,52.9399159,-73.5491361,terrestrial
Diplotriaena bargusinica,Ontario,51.253775,-85.323214,terrestrial
Porrocaecum ensicaudatum,Ontario,51.253775,-85.323214,terrestrial
Diplotriaena agelaius,Ontario,51.253775,-85.323214,terrestrial
Syngamus trachea,Newfoundland,53.1355091,-57.6604364,terrestrial
Diplotriaena bargusinica,Manitoba,53.7608608,-98.8138762,terrestrial
Dispharynx nasuta,Manitoba,53.7608608,-98.8138762,terrestrial
Dispharynx nasuta,Quebec,52.9399159,-73.5491361,terrestrial
Porrocaecum ensicaudatum,Manitoba,53.7608608,-98.8138762,terrestrial
Oswaldocruzia filiformis,Canary Islands,28.2915637,-16.6291304,terrestrial
Megalobatrachonema terdentatum,Spain + Andalusia,37.5442706,-4.7277528,freshwater
Ascaris lumbricoides,Ontario,51.253775,-85.323214,terrestrial
Ascaris suum,Ontario,51.253775,-85.323214,terrestrial
Cooperia oncophora,New Brunswick,46.5653163,-66.46191639999999,terrestrial
Cooperia oncophora,Newfoundland,53.1355091,-57.6604364,terrestrial
Dictyocaulus viviparus,Newfoundland,53.1355091,-57.6604364,terrestrial
Dictyocaulus viviparus,Quebec,52.9399159,-73.5491361,terrestrial
Haemonchus contortus,Quebec,52.9399159,-73.5491361,terrestrial
Nematodirus helvetianus,New Brunswick,46.5653163,-66.46191639999999,terrestrial
Oesophagostomum radiatum,New Brunswick,46.5653163,-66.46191639999999,terrestrial
Oesophagostomum radiatum,Newfoundland,53.1355091,-57.6604364,terrestrial
Oesophagostomum radiatum,Ontario,51.253775,-85.323214,terrestrial
Oesophagostomum radiatum,Quebec,52.9399159,-73.5491361,terrestrial
Ostertagia ostertagi,New Brunswick,46.5653163,-66.46191639999999,terrestrial
Ostertagia ostertagi,Quebec,52.9399159,-73.5491361,terrestrial
Trichostrongylus axei,New Brunswick,46.5653163,-66.46191639999999,terrestrial
Trichostrongylus axei,Quebec,52.9399159,-73.5491361,terrestrial
Trichuris discolor,New Brunswick,46.5653163,-66.46191639999999,terrestrial
Trichuris discolor,Quebec,52.9399159,-73.5491361,terrestrial
Trichuris ovis,New Brunswick,46.5653163,-66.46191639999999,terrestrial
Trichuris ovis,Quebec,52.9399159,-73.5491361,terrestrial
Muellerius capillaris,Ontario,51.253775,-85.323214,terrestrial
Ascaris suum,Quebec,52.9399159,-73.5491361,terrestrial
Chabertia ovina,Canada,56.130366,-106.346771,terrestrial
Chabertia ovina,Nova Scotia,44.68198659999999,-63.744311,terrestrial
Chabertia ovina,Ontario,51.253775,-85.323214,terrestrial
Chabertia ovina,Quebec,52.9399159,-73.5491361,terrestrial
Cooperia curticei,Canada,56.130366,-106.346771,terrestrial
Cooperia curticei,Nova Scotia,44.68198659999999,-63.744311,terrestrial
Cooperia curticei,Ontario,51.253775,-85.323214,terrestrial
Cooperia curticei,Quebec,52.9399159,-73.5491361,terrestrial
Cooperia oncophora,Nova Scotia,44.68198659999999,-63.744311,terrestrial
Cooperia oncophora,Quebec,52.9399159,-73.5491361,terrestrial
Dictyocaulus filaria,Alberta,53.9332706,-116.5765035,terrestrial
Dictyocaulus filaria,Newfoundland,53.1355091,-57.6604364,terrestrial
Dictyocaulus filaria,Ontario,51.253775,-85.323214,terrestrial
Dictyocaulus filaria,Quebec,52.9399159,-73.5491361,terrestrial
Gongylonema pulchrum,Canada,56.130366,-106.346771,terrestrial
Gongylonema pulchrum,Ontario,51.253775,-85.323214,terrestrial
Haemonchus contortus,Nova Scotia,44.68198659999999,-63.744311,terrestrial
Muellerius capillaris,Canada,56.130366,-106.346771,terrestrial
Nematodirus abnormalis,Newfoundland,53.1355091,-57.6604364,terrestrial
Nematodirus battus,Nova Scotia,44.68198659999999,-63.744311,terrestrial
Nematodirus filicollis,Nova Scotia,44.68198659999999,-63.744311,terrestrial
Nematodirus filicollis,Ontario,51.253775,-85.323214,terrestrial
Nematodirus filicollis,Quebec,52.9399159,-73.5491361,terrestrial
Nematodirus spathiger,Canada,56.130366,-106.346771,terrestrial
Nematodirus spathiger,Newfoundland,53.1355091,-57.6604364,terrestrial
Nematodirus spathiger,Nova Scotia,44.68198659999999,-63.744311,terrestrial
Nematodirus spathiger,Ontario,51.253775,-85.323214,terrestrial
Nematodirus spathiger,Quebec,52.9399159,-73.5491361,terrestrial
Oesophagostomum columbianum,Canada,56.130366,-106.346771,terrestrial
Oesophagostomum columbianum,Nova Scotia,44.68198659999999,-63.744311,terrestrial
Oesophagostomum columbianum,Ontario,51.253775,-85.323214,terrestrial
Oesophagostomum columbianum,Quebec,52.9399159,-73.5491361,terrestrial
Oesophagostomum venulosum,Newfoundland,53.1355091,-57.6604364,terrestrial
Oesophagostomum venulosum,Nova Scotia,44.68198659999999,-63.744311,terrestrial
Oesophagostomum venulosum,Quebec,52.9399159,-73.5491361,terrestrial
Blatticola blattae,France,46.227638,2.213749,terrestrial
Ascaris lumbricoides,British Columbia,53.7266683,-127.6476205,terrestrial
Ascaris lumbricoides,Alberta,53.9332706,-116.5765035,terrestrial
Ascaris lumbricoides,Saskatchewan,52.9399159,-106.4508639,terrestrial
Ascaris lumbricoides,Manitoba,53.7608608,-98.8138762,terrestrial
Ascaris lumbricoides,Quebec,52.9399159,-73.5491361,terrestrial
Ascaris lumbricoides,Labrador,48.66,-56.22,terrestrial
Ascaris lumbricoides,Newfoundland,53.1355091,-57.6604364,terrestrial
Ascaris lumbricoides,New Brunswick,46.5653163,-66.46191639999999,terrestrial
Ascaris lumbricoides,Nova Scotia,44.68198659999999,-63.744311,terrestrial
Ascaris suum,Newfoundland,53.1355091,-57.6604364,terrestrial
Ascaris suum,Saskatchewan,52.9399159,-106.4508639,terrestrial
Hyostrongylus rubidus,Ontario,51.253775,-85.323214,terrestrial
Hyostrongylus rubidus,Quebec,52.9399159,-73.5491361,terrestrial
Metastrongylus apri,New Brunswick,46.5653163,-66.46191639999999,terrestrial
Metastrongylus pudendotectus,Ontario,51.253775,-85.323214,terrestrial
Metastrongylus salmi,Nova Scotia,44.68198659999999,-63.744311,terrestrial
Metastrongylus salmi,Ontario,51.253775,-85.323214,terrestrial
Metastrongylus salmi,Quebec,52.9399159,-73.5491361,terrestrial
Oesophagostomum dentatum,New Brunswick,46.5653163,-66.46191639999999,terrestrial
Oesophagostomum dentatum,Ontario,51.253775,-85.323214,terrestrial
Oesophagostomum dentatum,Quebec,52.9399159,-73.5491361,terrestrial
Oesophagostomum quadrispinulatum,New Brunswick,46.5653163,-66.46191639999999,terrestrial
Ollulanus tricuspis,Ontario,51.253775,-85.323214,terrestrial
Stephanurus dentatus,Manitoba,53.7608608,-98.8138762,terrestrial
Stephanurus dentatus,Nova Scotia,44.68198659999999,-63.744311,terrestrial
Parelaphostrongylus tenuis,Ontario,51.253775,-85.323214,terrestrial
Trichostrongylus axei,Nova Scotia,44.68198659999999,-63.744311,terrestrial
Trichostrongylus colubriformis,Canada,56.130366,-106.346771,terrestrial
Trichostrongylus colubriformis,Nova Scotia,44.68198659999999,-63.744311,terrestrial
Trichostrongylus colubriformis,Ontario,51.253775,-85.323214,terrestrial
Trichostrongylus colubriformis,Quebec,52.9399159,-73.5491361,terrestrial
Trichostrongylus vitrinus,Canada,56.130366,-106.346771,terrestrial
Trichostrongylus vitrinus,Nova Scotia,44.68198659999999,-63.744311,terrestrial
Trichostrongylus vitrinus,Quebec,52.9399159,-73.5491361,terrestrial
Trichuris ovis,Newfoundland,53.1355091,-57.6604364,terrestrial
Trichuris ovis,Nova Scotia,44.68198659999999,-63.744311,terrestrial
Syphacia muris,Java,-7.29,109.9,terrestrial
Trichuris suis,New Brunswick,46.5653163,-66.46191639999999,terrestrial
Trichuris suis,Ontario,51.253775,-85.323214,terrestrial
Trichuris suis,Quebec,52.9399159,-73.5491361,terrestrial
Crenosoma vulpis,Newfoundland,53.1355091,-57.6604364,terrestrial
Dracunculus insignis,Quebec,52.9399159,-73.5491361,terrestrial
Oslerus osleri,Quebec,52.9399159,-73.5491361,terrestrial
Physaloptera rara,Quebec,52.9399159,-73.5491361,terrestrial
Toxascaris leonina,New Brunswick,46.5653163,-66.46191639999999,terrestrial
Toxascaris leonina,Newfoundland,53.1355091,-57.6604364,terrestrial
Toxascaris leonina,Nova Scotia,44.68198659999999,-63.744311,terrestrial
Toxascaris leonina,Northwest Territories,64.8255441,-124.8457334,terrestrial
Toxascaris leonina,Ontario,51.253775,-85.323214,terrestrial
Toxascaris leonina,Quebec,52.9399159,-73.5491361,terrestrial
Toxascaris leonina,Saskatchewan,52.9399159,-106.4508639,terrestrial
Toxocara canis,Manitoba,53.7608608,-98.8138762,terrestrial
Toxocara canis,New Brunswick,46.5653163,-66.46191639999999,terrestrial
Toxocara canis,Newfoundland,53.1355091,-57.6604364,terrestrial
Toxocara canis,Nova Scotia,44.68198659999999,-63.744311,terrestrial
Toxocara canis,Northwest Territories,64.8255441,-124.8457334,terrestrial
Toxocara canis,Ontario,51.253775,-85.323214,terrestrial
Toxocara canis,Quebec,52.9399159,-73.5491361,terrestrial
Toxocara canis,Saskatchewan,52.9399159,-106.4508639,terrestrial
Trichuris vulpis,Newfoundland,53.1355091,-57.6604364,terrestrial
Trichuris vulpis,Ontario,51.253775,-85.323214,terrestrial
Trichuris vulpis,Quebec,52.9399159,-73.5491361,terrestrial
Uncinaria stenocephala,British Columbia,53.7266683,-127.6476205,terrestrial
Uncinaria stenocephala,Newfoundland,53.1355091,-57.6604364,terrestrial
Uncinaria stenocephala,Northwest Territories,64.8255441,-124.8457334,terrestrial
Uncinaria stenocephala,Ontario,51.253775,-85.323214,terrestrial
Uncinaria stenocephala,Quebec,52.9399159,-73.5491361,terrestrial
Cyathostomum catinatum,Alberta,53.9332706,-116.5765035,terrestrial
Cyathostomum catinatum,Newfoundland,53.1355091,-57.6604364,terrestrial
Cyathostomum catinatum,Saskatchewan,52.9399159,-106.4508639,terrestrial
Cylicocyclus nassatus,Alberta,53.9332706,-116.5765035,terrestrial
Cylicocyclus nassatus,Newfoundland,53.1355091,-57.6604364,terrestrial
Cylicocyclus nassatus,Saskatchewan,52.9399159,-106.4508639,terrestrial
Dictyocaulus arnfieldi,Ontario,51.253775,-85.323214,terrestrial
Oxyuris equi,New Brunswick,46.5653163,-66.46191639999999,terrestrial
Oxyuris equi,Newfoundland,53.1355091,-57.6604364,terrestrial
Oxyuris equi,Ontario,51.253775,-85.323214,terrestrial
Oxyuris equi,Quebec,52.9399159,-73.5491361,terrestrial
Parascaris equorum,New Brunswick,46.5653163,-66.46191639999999,terrestrial
Parascaris equorum,Newfoundland,53.1355091,-57.6604364,terrestrial
Parascaris equorum,Ontario,51.253775,-85.323214,terrestrial
Parascaris equorum,Quebec,52.9399159,-73.5491361,terrestrial
Strongylus edentatus,Alberta,53.9332706,-116.5765035,terrestrial
Strongylus edentatus,New Brunswick,46.5653163,-66.46191639999999,terrestrial
Strongylus edentatus,Newfoundland,53.1355091,-57.6604364,terrestrial
Strongylus edentatus,Ontario,51.253775,-85.323214,terrestrial
Strongylus edentatus,Quebec,52.9399159,-73.5491361,terrestrial
Strongylus edentatus,Saskatchewan,52.9399159,-106.4508639,terrestrial
Strongylus equinus,Alberta,53.9332706,-116.5765035,terrestrial
Strongylus equinus,New Brunswick,46.5653163,-66.46191639999999,terrestrial
Strongylus equinus,Ontario,51.253775,-85.323214,terrestrial
Strongylus equinus,Quebec,52.9399159,-73.5491361,terrestrial
Strongylus equinus,Saskatchewan,52.9399159,-106.4508639,terrestrial
Strongylus vulgaris,Alberta,53.9332706,-116.5765035,terrestrial
Strongylus vulgaris,New Brunswick,46.5653163,-66.46191639999999,terrestrial
Strongylus vulgaris,Newfoundland,53.1355091,-57.6604364,terrestrial
Strongylus vulgaris,Ontario,51.253775,-85.323214,terrestrial
Strongylus vulgaris,Quebec,52.9399159,-73.5491361,terrestrial
Strongylus vulgaris,Saskatchewan,52.9399159,-106.4508639,terrestrial
Triodontophorus tenuicollis,Alberta,53.9332706,-116.5765035,terrestrial
Triodontophorus tenuicollis,Saskatchewan,52.9399159,-106.4508639,terrestrial
Toxocara canis,Trinidad & Tobago,10.3757217,-61.23355919999999,terrestrial
Ascaris lumbricoides,Trinidad & Tobago,10.3757217,-61.23355919999999,terrestrial
Trichuris trichiura,Trinidad & Tobago,10.3757217,-61.23355919999999,terrestrial
Ascaris suum,Pakistan,30.375321,69.34511599999999,terrestrial
Metastrongylus apri,Pakistan,30.375321,69.34511599999999,terrestrial
Ascarops strongylina,Pakistan,30.375321,69.34511599999999,terrestrial
Procamallanus laeviconchus,Egypt,26.820553,30.802498,freshwater
Crenosoma vulpis,"England, Wales + Isle of Man",54.236107,-4.548056,terrestrial
Dictyocaulus eckerti,Finland,61.92410999999999,25.7481511,terrestrial
Ascaridia galli,Indonesia & Malaysia,-0.789275,113.921327,terrestrial
Heterakis gallinarum,Indonesia & Malaysia,-0.789275,113.921327,terrestrial
Syngamus trachea,Indonesia & Malaysia,-0.789275,113.921327,terrestrial
Hysterothylacium aduncum,Western coast of British Isles,56.41323389999999,-5.472362899999999,marine
Ascarophis morrhuae,Western coast of British Isles,56.41323389999999,-5.472362899999999,marine
Baylisascaris procyonis,Indiana,40.2671941,-86.1349019,terrestrial
Toxocara vitulorum,Japan,36.204824,138.252924,terrestrial
Ornithostrongylus quadriradiatus,District of Columbia/Delaware/New Jersey/Maryland,39.0457549,-76.64127119999999,terrestrial
Oesophagostomum dentatum,Italy,41.87194,12.56738,terrestrial
Ascarops strongylina,Italy,41.87194,12.56738,terrestrial
Gongylonema pulchrum,Italy,41.87194,12.56738,terrestrial
Hyostrongylus rubidus,Italy,41.87194,12.56738,terrestrial
Anguillicola novaezelandiae,Victoria,-37.01,144.75,freshwater
Enterobius vermicularis,District of Columbia/Delaware/New Jersey/Maryland,39.0457549,-76.64127119999999,terrestrial
Trichuris trichiura,District of Columbia/Delaware/New Jersey/Maryland,39.0457549,-76.64127119999999,terrestrial
Syphacia muris,Japan,36.204824,138.252924,terrestrial
Teladorsagia circumcincta,Syria,34.80207499999999,38.996815,terrestrial
Trichostrongylus vitrinus,Syria,34.80207499999999,38.996815,terrestrial
Dracunculus insignis,Florida,27.6648274,-81.5157535,terrestrial
Gongylonema pulchrum,Japan,36.204824,138.252924,terrestrial
Hysterothylacium aduncum,Coast of Japan,35.4543846,139.644207,marine
Philometroides cyprini,Japan,36.204824,138.252924,freshwater
Anguillicola crassus,Japan,36.204824,138.252924,freshwater
Trichospirura leptostoma,Switzerland + Lichtenstein,47.3682887,8.5374552,terrestrial
Parelaphostrongylus tenuis,Iowa,41.8780025,-93.097702,terrestrial
Hadjelia truncata,Cyprus,35.126413,33.429859,terrestrial
Crenosoma striatum,Western Europe,46.2021848,1.2643875,terrestrial
Uncinaria stenocephala,Iran,32.427908,53.688046,terrestrial
Toxocara cati,Iran,32.427908,53.688046,terrestrial
Physaloptera praeputialis,Iran,32.427908,53.688046,terrestrial
Ascaris lumbricoides,Sudan,12.862807,30.217636,terrestrial
Trichuris trichiura,Sudan,12.862807,30.217636,terrestrial
Trichuris trichiura,United States,37.09024,-95.712891,terrestrial
Ascaris lumbricoides,United States,37.09024,-95.712891,terrestrial
Trichuris trichiura,Kenya,-0.023559,37.906193,terrestrial
Ascaris lumbricoides,Kenya,-0.023559,37.906193,terrestrial
Otostrongylus circumlitus,Lake Baikal,53.5587003,108.1649965,marine
Camallanus xenentodoni,Bangladesh,23.684994,90.356331,freshwater
Metastrongylus apri,Germany,51.165691,10.451526,terrestrial
Metastrongylus salmi,Germany,51.165691,10.451526,terrestrial
Metastrongylus pudendotectus,Germany,51.165691,10.451526,terrestrial
Physocephalus sexalatus,Germany,51.165691,10.451526,terrestrial
Hyostrongylus rubidus,Germany,51.165691,10.451526,terrestrial
Ascaris suum,Germany,51.165691,10.451526,terrestrial
Trichuris suis,Germany,51.165691,10.451526,terrestrial
Oesophagostomum dentatum,Germany,51.165691,10.451526,terrestrial
Oesophagostomum quadrispinulatum,Germany,51.165691,10.451526,terrestrial
Tetrameres fissispina,Yugoslavia,37.09024,-95.712891,freshwater
Cosmocephalus obvelatus,Yugoslavia,37.09024,-95.712891,freshwater
Parelaphostrongylus tenuis,Maine,45.253783,-69.4454689,terrestrial
Thubunaea baylisi,European USSR (CIS),54.5259614,15.2551187,terrestrial
Anisakis simplex,New Brunswick,46.5653163,-66.46191639999999,marine
Cylicostephanus longibursatus,Scotland,56.49067119999999,-4.2026458,terrestrial
Cylicocyclus nassatus,Scotland,56.49067119999999,-4.2026458,terrestrial
Cyathostomum catinatum,Scotland,56.49067119999999,-4.2026458,terrestrial
Ostertagia ostertagi,California,36.778261,-119.4179324,terrestrial
Oesophagostomum venulosum,Mali,17.570692,-3.996166,terrestrial
Cooperia pectinata,Mali,17.570692,-3.996166,terrestrial
Ascaris lumbricoides,Gabon,-0.803689,11.609444,terrestrial
Trichostrongylus colubriformis,Yugoslavia,37.09024,-95.712891,terrestrial
Trichostrongylus vitrinus,Yugoslavia,37.09024,-95.712891,terrestrial
Trichostrongylus axei,Yugoslavia,37.09024,-95.712891,terrestrial
Ostertagia ostertagi,Yugoslavia,37.09024,-95.712891,terrestrial
Haemonchus contortus,Yugoslavia,37.09024,-95.712891,terrestrial
Nematodirus filicollis,Yugoslavia,37.09024,-95.712891,terrestrial
Nematodirus spathiger,Yugoslavia,37.09024,-95.712891,terrestrial
Nematodirus abnormalis,Yugoslavia,37.09024,-95.712891,terrestrial
Oesophagostomum venulosum,Yugoslavia,37.09024,-95.712891,terrestrial
Chabertia ovina,Yugoslavia,37.09024,-95.712891,terrestrial
Ostertagia ostertagi,South Australia,-30.0002315,136.2091547,terrestrial
Toxocara vitulorum,Java,-7.29,109.9,terrestrial
Ostertagia ostertagi,Tennessee,35.5174913,-86.5804473,terrestrial
Haemonchus contortus,Greece,39.074208,21.824312,terrestrial
Trichostrongylus axei,Greece,39.074208,21.824312,terrestrial
Trichostrongylus colubriformis,Greece,39.074208,21.824312,terrestrial
Nematodirus filicollis,Greece,39.074208,21.824312,terrestrial
Cooperia oncophora,Greece,39.074208,21.824312,terrestrial
Aonchotheca putorii,Spain + Andalusia,37.5442706,-4.7277528,terrestrial
Pearsonema plica,Spain + Andalusia,37.5442706,-4.7277528,terrestrial
Trichuris trichiura,Chile,-35.675147,-71.542969,terrestrial
Ascaris lumbricoides,Chile,-35.675147,-71.542969,terrestrial
Oesophagostomum radiatum,Venezuela,6.42375,-66.58973,terrestrial
Toxocara canis,Yugoslavia,37.09024,-95.712891,terrestrial
Toxascaris leonina,Yugoslavia,37.09024,-95.712891,terrestrial
Trichuris vulpis,Yugoslavia,37.09024,-95.712891,terrestrial
Uncinaria stenocephala,Yugoslavia,37.09024,-95.712891,terrestrial
Angiostrongylus cantonensis,Egypt,26.820553,30.802498,terrestrial
Enterobius vermicularis,Iran,32.427908,53.688046,terrestrial
Syphacia muris,"England, Wales + Isle of Man",54.236107,-4.548056,terrestrial
Paracamallanus cyathopharynx,Egypt,26.820553,30.802498,freshwater
Ascaris suum,South Australia,-30.0002315,136.2091547,terrestrial
Ascarops strongylina,South Australia,-30.0002315,136.2091547,terrestrial
Hyostrongylus rubidus,South Australia,-30.0002315,136.2091547,terrestrial
Oesophagostomum dentatum,South Australia,-30.0002315,136.2091547,terrestrial
Oswaldocruzia filiformis,France,46.227638,2.213749,terrestrial
Oswaldocruzia filiformis,Corsica,42.0396042,9.012892599999999,terrestrial
Oswaldocruzia filiformis,Switzerland + Lichtenstein,47.3682887,8.5374552,terrestrial
Trichuris trichiura,Guinea,9.945587,-9.696645,terrestrial
Ascaris lumbricoides,Guinea,9.945587,-9.696645,terrestrial
Trichuris trichiura,Andaman Islands,11.7400867,92.6586401,terrestrial
Trichuris vulpis,Andaman Islands,11.7400867,92.6586401,terrestrial
Camallanus truncatus,Baltic Sea,58.48795200000001,19.863281,freshwater
Hysterothylacium aduncum,Norwegian Sea,68.8773537,3.13966,marine
Anisakis simplex,Norwegian Sea,68.8773537,3.13966,marine
Anisakis simplex,Western Iberian coast,40.4830106,-4.087557299999999,marine
Trichuris discolor,Japan,36.204824,138.252924,terrestrial
Cosmocephalus obvelatus,Aral Sea,45.3963063,59.6134113,freshwater
Mastophorus muris,Japan,36.204824,138.252924,terrestrial
Haemonchus contortus,"England, Wales + Isle of Man",54.236107,-4.548056,terrestrial
Trichostrongylus axei,"England, Wales + Isle of Man",54.236107,-4.548056,terrestrial
Nematodirus battus,"England, Wales + Isle of Man",54.236107,-4.548056,terrestrial
Nematodirus filicollis,"England, Wales + Isle of Man",54.236107,-4.548056,terrestrial
Cooperia oncophora,Orange Free State,-28.4541105,26.7967849,terrestrial
Haemonchus contortus,Armenia,40.069099,45.038189,terrestrial
Nematodirus abnormalis,Armenia,40.069099,45.038189,terrestrial
Nematodirus filicollis,Armenia,40.069099,45.038189,terrestrial
Nematodirus spathiger,Armenia,40.069099,45.038189,terrestrial
Enterobius vermicularis,Guinea-Bissau,11.803749,-15.180413,terrestrial
Oesophagostomum bifurcum,Guinea-Bissau,11.803749,-15.180413,terrestrial
Ascaris lumbricoides,Mozambique,-18.665695,35.529562,terrestrial
Trichuris trichiura,Mozambique,-18.665695,35.529562,terrestrial
Oxyuris equi,Iraq,33.223191,43.679291,terrestrial
Trichostrongylus axei,Iraq,33.223191,43.679291,terrestrial
Parascaris equorum,Iraq,33.223191,43.679291,terrestrial
Ascaridia galli,Mozambique,-18.665695,35.529562,terrestrial
Ascaris suum,Mozambique,-18.665695,35.529562,terrestrial
Gnathostoma hispidum,Mozambique,-18.665695,35.529562,terrestrial
Spirocerca lupi,Mozambique,-18.665695,35.529562,terrestrial
Toxocara canis,Mozambique,-18.665695,35.529562,terrestrial
Toxocara cati,Mozambique,-18.665695,35.529562,terrestrial
Toxocara vitulorum,Mozambique,-18.665695,35.529562,terrestrial
Trichuris suis,Mozambique,-18.665695,35.529562,terrestrial
Trichuris vulpis,Mozambique,-18.665695,35.529562,terrestrial
Proleptus obtusus,Western coast of British Isles,56.41323389999999,-5.472362899999999,marine
Strongylus vulgaris,Ethiopia (incl. Dhibouti),11.59516,43.146473,terrestrial
Strongylus edentatus,Ethiopia (incl. Dhibouti),11.59516,43.146473,terrestrial
Strongylus equinus,Ethiopia (incl. Dhibouti),11.59516,43.146473,terrestrial
Trichostrongylus axei,Ethiopia (incl. Dhibouti),11.59516,43.146473,terrestrial
Oxyuris equi,Ethiopia (incl. Dhibouti),11.59516,43.146473,terrestrial
Parascaris equorum,Ethiopia (incl. Dhibouti),11.59516,43.146473,terrestrial
Nematodirus helvetianus,Saskatchewan,52.9399159,-106.4508639,terrestrial
Dictyocaulus filaria,Morocco,31.791702,-7.092619999999999,terrestrial
Parascaris equorum,Japan,36.204824,138.252924,terrestrial
Toxocara canis,Germany,51.165691,10.451526,terrestrial
Parascaris equorum,Transvaal,-23.59,29.13,terrestrial
Trichostrongylus colubriformis,Argentina,-38.416097,-63.61667199999999,terrestrial
Trichostrongylus axei,Morocco,31.791702,-7.092619999999999,terrestrial
Parascaris equorum,Morocco,31.791702,-7.092619999999999,terrestrial
Strongylus vulgaris,Morocco,31.791702,-7.092619999999999,terrestrial
Strongylus edentatus,Morocco,31.791702,-7.092619999999999,terrestrial
Oxyuris equi,Morocco,31.791702,-7.092619999999999,terrestrial
Strongylus equinus,Morocco,31.791702,-7.092619999999999,terrestrial
Dictyocaulus arnfieldi,Morocco,31.791702,-7.092619999999999,terrestrial
Cosmocephalus obvelatus,Iceland,64.963051,-19.020835,freshwater
Porrocaecum semiteres,Iceland,64.963051,-19.020835,terrestrial
Oesophagostomum columbianum,Yugoslavia,37.09024,-95.712891,terrestrial
Trichuris skrjabini,Turkmenistan,38.969719,59.556278,terrestrial
Angiostrongylus vasorum,"England, Wales + Isle of Man",54.236107,-4.548056,terrestrial
Baylisascaris procyonis,Ontario,51.253775,-85.323214,terrestrial
Angiostrongylus cantonensis,Dominican Republic,18.735693,-70.162651,terrestrial
Trichostrongylus vitrinus,Italy,41.87194,12.56738,terrestrial
Trichostrongylus colubriformis,Italy,41.87194,12.56738,terrestrial
Chabertia ovina,Italy,41.87194,12.56738,terrestrial
Trichuris skrjabini,Italy,41.87194,12.56738,terrestrial
Protostrongylus rufescens,Italy,41.87194,12.56738,terrestrial
Protostrongylus hobmaieri,Italy,41.87194,12.56738,terrestrial
Dictyocaulus filaria,Italy,41.87194,12.56738,terrestrial
Cooperia curticei,Italy,41.87194,12.56738,terrestrial
Nematodirus abnormalis,Italy,41.87194,12.56738,terrestrial
Nematodirus helvetianus,Italy,41.87194,12.56738,terrestrial
Nematodirus spathiger,Italy,41.87194,12.56738,terrestrial
Skrjabinema ovis,Italy,41.87194,12.56738,terrestrial
Varestrongylus sagittatus,Italy,41.87194,12.56738,terrestrial
Cooperia oncophora,Italy,41.87194,12.56738,terrestrial
Cooperia pectinata,Italy,41.87194,12.56738,terrestrial
Cooperia punctata,Italy,41.87194,12.56738,terrestrial
Echinuria uncinata,Iraq,33.223191,43.679291,freshwater
Hedruris spinigera,New Zealand,-40.900557,174.885971,freshwater
Cooperia punctata,United States,37.09024,-95.712891,terrestrial
Cooperia pectinata,United States,37.09024,-95.712891,terrestrial
Thelastoma bulhoesi,Colorado,39.5500507,-105.7820674,terrestrial
Hyostrongylus rubidus,District of Columbia/Delaware/New Jersey/Maryland,39.0457549,-76.64127119999999,terrestrial
Hyostrongylus rubidus,Iowa,41.8780025,-93.097702,terrestrial
Hyostrongylus rubidus,Louisiana,30.9842977,-91.96233269999999,terrestrial
Hyostrongylus rubidus,Puerto Rico,18.220833,-66.590149,terrestrial
Hyostrongylus rubidus,Florida,27.6648274,-81.5157535,terrestrial
Skrjabinoptera phrynosoma,Mexico,23.634501,-102.552784,terrestrial
Angiostrongylus vasorum,Denmark,56.26392,9.501785,terrestrial
Ascaridia galli,British Columbia,53.7266683,-127.6476205,terrestrial
Porrocaecum ensicaudatum,British Columbia,53.7266683,-127.6476205,terrestrial
Aplectana macintoshii,Japan,36.204824,138.252924,terrestrial
Parafilaroides decorus,Pacific coast of USA,62.4113634,-149.0729714,marine
Otostrongylus circumlitus,Pacific coast of USA,62.4113634,-149.0729714,marine
Oslerus osleri,Germany,51.165691,10.451526,terrestrial
Ascaris lumbricoides,Taiwan,23.69781,120.960515,terrestrial
Heterakis spumosa,Germany,51.165691,10.451526,terrestrial
Eustrongylides excisus,Georgia (USSR),42.315407,43.35689199999999,freshwater
Raphidascaris acus,Georgia (USSR),42.315407,43.35689199999999,freshwater
Camallanus truncatus,Georgia (USSR),42.315407,43.35689199999999,freshwater
Philometra rischta,Georgia (USSR),42.315407,43.35689199999999,freshwater
Philometra ovata,Georgia (USSR),42.315407,43.35689199999999,freshwater
Filaroides hirthi,France,46.227638,2.213749,terrestrial
Hyostrongylus rubidus,Denmark,56.26392,9.501785,terrestrial
Oesophagostomum dentatum,Denmark,56.26392,9.501785,terrestrial
Rhabdochona denudata,Georgia (USSR),42.315407,43.35689199999999,freshwater
Libyostrongylus douglassii,Victoria,-37.01,144.75,terrestrial
Enterobius vermicularis,Egypt,26.820553,30.802498,terrestrial
Syphacia muris,Egypt,26.820553,30.802498,terrestrial
Strongylus equinus,Italy,41.87194,12.56738,terrestrial
Strongylus edentatus,Italy,41.87194,12.56738,terrestrial
Strongylus vulgaris,Italy,41.87194,12.56738,terrestrial
Parascaris equorum,Italy,41.87194,12.56738,terrestrial
Philometroides nodulosa,Lake Superior,47.723087,-86.940716,freshwater
Paraquimperia tenerrima,Nova Scotia,44.68198659999999,-63.744311,freshwater
Ascarophis morrhuae,Florida,27.6648274,-81.5157535,marine
Hysterothylacium aduncum,Florida,27.6648274,-81.5157535,marine
Hysterothylacium aduncum,District of Columbia/Delaware/New Jersey/Maryland,39.0457549,-76.64127119999999,marine
Hysterothylacium aduncum,Nova Scotia,44.68198659999999,-63.744311,marine
Hysterothylacium aduncum,New Hampshire/Vermont/Massachusetts/Connecticut/Rhode Is.,43.2509279,-71.9273024,marine
Anguillicola crassus,Italy,41.87194,12.56738,freshwater
Camallanus lacustris,Georgia (USSR),42.315407,43.35689199999999,freshwater
Trichostrongylus axei,Scotland,56.49067119999999,-4.2026458,terrestrial
Trichuris ovis,Scotland,56.49067119999999,-4.2026458,terrestrial
Chabertia ovina,Scotland,56.49067119999999,-4.2026458,terrestrial
Protostrongylus rufescens,District of Columbia/Delaware/New Jersey/Maryland,39.0457549,-76.64127119999999,terrestrial
Parelaphostrongylus odocoilei,British Columbia,53.7266683,-127.6476205,terrestrial
Parelaphostrongylus andersoni,British Columbia,53.7266683,-127.6476205,terrestrial
Parelaphostrongylus andersoni,Northwest Territories,64.8255441,-124.8457334,terrestrial
Parelaphostrongylus andersoni,Alberta,53.9332706,-116.5765035,terrestrial
Elaphostrongylus rangiferi,Newfoundland,53.1355091,-57.6604364,terrestrial
Oesophagostomum columbianum,The Gambia,13.443182,-15.310139,terrestrial
Cooperia curticei,The Gambia,13.443182,-15.310139,terrestrial
Cooperia punctata,The Gambia,13.443182,-15.310139,terrestrial
Cooperia pectinata,The Gambia,13.443182,-15.310139,terrestrial
Trichuris ovis,The Gambia,13.443182,-15.310139,terrestrial
Ostertagia ostertagi,Nearctic,53.569001,-113.571487,terrestrial
Teladorsagia circumcincta,Nearctic,53.569001,-113.571487,terrestrial
Anisakis simplex,Chilean coast,-32.98,-71.00999999999999,marine
Anisakis physeteris,Chilean coast,-32.98,-71.00999999999999,marine
Trichuris muris,Oklahoma,35.0077519,-97.092877,terrestrial
Gyrinicola batrachiensis,Nearctic,53.569001,-113.571487,freshwater
Spinitectus gracilis,Nearctic,53.569001,-113.571487,freshwater
Gnathostoma procyonis,United States,37.09024,-95.712891,terrestrial
Cystidicola farionis,Wisconsin,43.7844397,-88.7878678,freshwater
Skrjabinoptera phrynosoma,California,36.778261,-119.4179324,terrestrial
Metastrongylus apri,"England, Wales + Isle of Man",54.236107,-4.548056,terrestrial
Ascaris suum,"England, Wales + Isle of Man",54.236107,-4.548056,terrestrial
Trichuris suis,"England, Wales + Isle of Man",54.236107,-4.548056,terrestrial
Oesophagostomum dentatum,"England, Wales + Isle of Man",54.236107,-4.548056,terrestrial
Simondsia paradoxa,"England, Wales + Isle of Man",54.236107,-4.548056,terrestrial
Cystidicola farionis,"England, Wales + Isle of Man",54.236107,-4.548056,freshwater
Ornithostrongylus quadriradiatus,"England, Wales + Isle of Man",54.236107,-4.548056,terrestrial
Oesophagostomum columbianum,United States,37.09024,-95.712891,terrestrial
Trichuris ovis,United States,37.09024,-95.712891,terrestrial
Dictyocaulus filaria,United States,37.09024,-95.712891,terrestrial
Muellerius capillaris,United States,37.09024,-95.712891,terrestrial
Cooperia oncophora,"England, Wales + Isle of Man",54.236107,-4.548056,terrestrial
Nematodirus helvetianus,"England, Wales + Isle of Man",54.236107,-4.548056,terrestrial
Trichostrongylus retortaeformis,"England, Wales + Isle of Man",54.236107,-4.548056,terrestrial
Anisakis simplex,New Zealand coast,-42.6919232,171.3399414,marine
Passalurus ambiguus,United States,37.09024,-95.712891,terrestrial
Ollulanus tricuspis,Egypt,26.820553,30.802498,terrestrial
Ascaris suum,Spain + Andalusia,37.5442706,-4.7277528,terrestrial
Ascaridia galli,Byelorussia,53.709807,27.953389,terrestrial
Porrocaecum crassum,Byelorussia,53.709807,27.953389,freshwater
Porrocaecum ensicaudatum,Byelorussia,53.709807,27.953389,terrestrial
Porrocaecum semiteres,Byelorussia,53.709807,27.953389,terrestrial
Syngamus trachea,Byelorussia,53.709807,27.953389,terrestrial
Anisakis simplex,Western coast of British Isles,56.41323389999999,-5.472362899999999,marine
Heterakis gallinarum,Byelorussia,53.709807,27.953389,terrestrial
Uncinaria stenocephala,Germany,51.165691,10.451526,terrestrial
Toxascaris leonina,Germany,51.165691,10.451526,terrestrial
Ollulanus tricuspis,Germany,51.165691,10.451526,terrestrial
Trichuris vulpis,Germany,51.165691,10.451526,terrestrial
Ascarophis arctica,North Sea,56.511018,3.515625,marine
Ascaris lumbricoides,"England, Wales + Isle of Man",54.236107,-4.548056,terrestrial
Haemonchus contortus,New Zealand,-40.900557,174.885971,terrestrial
Trichostrongylus axei,New Zealand,-40.900557,174.885971,terrestrial
Cooperia curticei,New Zealand,-40.900557,174.885971,terrestrial
Toxocara cati,"England, Wales + Isle of Man",54.236107,-4.548056,terrestrial
Gnathostoma binucleatum,Mexico,23.634501,-102.552784,terrestrial
Haemonchus placei,District of Columbia/Delaware/New Jersey/Maryland,39.0457549,-76.64127119999999,terrestrial
Cooperia oncophora,District of Columbia/Delaware/New Jersey/Maryland,39.0457549,-76.64127119999999,terrestrial
Oesophagostomum radiatum,District of Columbia/Delaware/New Jersey/Maryland,39.0457549,-76.64127119999999,terrestrial
Dracunculus medinensis,Ghana,7.946527,-1.023194,terrestrial
Ascaris lumbricoides,Egypt,26.820553,30.802498,terrestrial
Ascaris lumbricoides,Venezuela,6.42375,-66.58973,terrestrial
Trichuris trichiura,Venezuela,6.42375,-66.58973,terrestrial
Dracunculus medinensis,Sudan,12.862807,30.217636,terrestrial
Toxocara cati,France,46.227638,2.213749,terrestrial
Anisakis simplex,Scotland,56.49067119999999,-4.2026458,marine
Passalurus ambiguus,"England, Wales + Isle of Man",54.236107,-4.548056,terrestrial
Graphidium strigosum,"England, Wales + Isle of Man",54.236107,-4.548056,terrestrial
Trichuris trichiura,Bahamas,25.03428,-77.39627999999999,terrestrial
Ascaris lumbricoides,Peru,-9.189967,-75.015152,terrestrial
Trichuris trichiura,Peru,-9.189967,-75.015152,terrestrial
Protospirura muricola,Costa Rica,9.748916999999999,-83.753428,terrestrial
Gongylonema neoplasticum,Taiwan,23.69781,120.960515,terrestrial
Protospirura muricola,Taiwan,23.69781,120.960515,terrestrial
Ascaris suum,Utah,39.3209801,-111.0937311,terrestrial
Ascaridia compar,Finland,61.92410999999999,25.7481511,terrestrial
Graphidium strigosum,New South Wales,-31.2532183,146.921099,terrestrial
Gongylonema neoplasticum,Japan,36.204824,138.252924,terrestrial
Heligmosomoides polygyrus,District of Columbia/Delaware/New Jersey/Maryland,39.0457549,-76.64127119999999,terrestrial
Heligmosomoides laevis,Lithuania,55.169438,23.881275,terrestrial
Heligmosomoides polygyrus,Lithuania,55.169438,23.881275,terrestrial
Heligmosomum mixtum,Lithuania,55.169438,23.881275,terrestrial
Mastophorus muris,Lithuania,55.169438,23.881275,terrestrial
Haemonchus contortus,Florida,27.6648274,-81.5157535,terrestrial
Haemonchus contortus,Maine,45.253783,-69.4454689,terrestrial
Haemonchus contortus,Nebraska,41.4925374,-99.9018131,terrestrial
Haemonchus contortus,North Carolina,35.7595731,-79.01929969999999,terrestrial
Haemonchus contortus,New Hampshire/Vermont/Massachusetts/Connecticut/Rhode Is.,43.2509279,-71.9273024,terrestrial
Haemonchus contortus,West Virginia,38.5976262,-80.4549026,terrestrial
Haemonchus contortus,Oklahoma,35.0077519,-97.092877,terrestrial
Haemonchus contortus,Uganda,1.373333,32.290275,terrestrial
Haemonchus placei,Florida,27.6648274,-81.5157535,terrestrial
Haemonchus placei,Hawaiian Islands,19.8967662,-155.5827818,terrestrial
Haemonchus placei,Louisiana,30.9842977,-91.96233269999999,terrestrial
Haemonchus placei,Mississippi,32.3546679,-89.3985283,terrestrial
Haemonchus placei,Australia,-25.274398,133.775136,terrestrial
Amidostomum anseris,Norway,60.47202399999999,8.468945999999999,freshwater
Trichostrongylus tenuis,Norway,60.47202399999999,8.468945999999999,terrestrial
Ascaridia compar,Norway,60.47202399999999,8.468945999999999,terrestrial
Rhabdochona denudata,Yugoslavia,37.09024,-95.712891,freshwater
Anisakis physeteris,Spain + Andalusia,37.5442706,-4.7277528,marine
Dictyocaulus viviparus,Montana,46.8796822,-110.3625658,terrestrial
Ascaris lumbricoides,Paraguay,-23.442503,-58.443832,terrestrial
Trichuris trichiura,Paraguay,-23.442503,-58.443832,terrestrial
Enterobius vermicularis,Pakistan,30.375321,69.34511599999999,terrestrial
Trichuris trichiura,Pakistan,30.375321,69.34511599999999,terrestrial
Ascaris lumbricoides,Pakistan,30.375321,69.34511599999999,terrestrial
Cucullanus heterochrous,Germany,51.165691,10.451526,marine
Hysterothylacium aduncum,Germany,51.165691,10.451526,marine
Goezia ascaroides,Germany,51.165691,10.451526,freshwater
Graphidium strigosum,Spain + Andalusia,37.5442706,-4.7277528,terrestrial
Enterobius vermicularis,Papua New Guinea,-6.314992999999999,143.95555,terrestrial
Spirura infundibuliformis,Alberta,53.9332706,-116.5765035,terrestrial
Anisakis physeteris,Coast of Japan,35.4543846,139.644207,marine
Anisakis physeteris,Sea of Japan,38.848848,135,marine
Rhabdochona canadensis,Ontario,51.253775,-85.323214,freshwater
Camallanus oxycephalus,Ontario,51.253775,-85.323214,freshwater
Spinitectus gracilis,Ontario,51.253775,-85.323214,freshwater
Cooperia punctata,France,46.227638,2.213749,terrestrial
Skrjabinema ovis,France,46.227638,2.213749,terrestrial
Trichuris ovis,France,46.227638,2.213749,terrestrial
Trichuris skrjabini,France,46.227638,2.213749,terrestrial
Nematodirus helvetianus,France,46.227638,2.213749,terrestrial
Oesophagostomum venulosum,France,46.227638,2.213749,terrestrial
Ascarophis arctica,Norway,60.47202399999999,8.468945999999999,marine
Uncinaria stenocephala,Italy,41.87194,12.56738,terrestrial
Trichuris vulpis,Italy,41.87194,12.56738,terrestrial
Toxascaris leonina,Italy,41.87194,12.56738,terrestrial
Heligmosomoides polygyrus,Eire + N. Ireland,54.7877149,-6.4923145,terrestrial
Heligmosomoides polygyrus,Yugoslavia,37.09024,-95.712891,terrestrial
Heligmosomoides polygyrus,United States,37.09024,-95.712891,terrestrial
Heterakis spumosa,Tunisia,33.886917,9.537499,terrestrial
Heterakis spumosa,Australia,-25.274398,133.775136,terrestrial
Aspiculuris tetraptera,"England, Wales + Isle of Man",54.236107,-4.548056,terrestrial
Aspiculuris tetraptera,Yugoslavia,37.09024,-95.712891,terrestrial
Aspiculuris tetraptera,Italy,41.87194,12.56738,terrestrial
Aspiculuris tetraptera,Egypt,26.820553,30.802498,terrestrial
Aspiculuris tetraptera,Iraq,33.223191,43.679291,terrestrial
Aspiculuris tetraptera,Iran,32.427908,53.688046,terrestrial
Aspiculuris tetraptera,Antilles,18.53,-72.33,terrestrial
Aspiculuris tetraptera,Australia,-25.274398,133.775136,terrestrial
Gongylonema neoplasticum,Denmark,56.26392,9.501785,terrestrial
Gongylonema neoplasticum,Antilles,18.53,-72.33,terrestrial
Trichuris muris,Belgium + Luxembourg,50.0546886,5.467698299999999,terrestrial
Trichuris muris,Yugoslavia,37.09024,-95.712891,terrestrial
Trichuris muris,Australia,-25.274398,133.775136,terrestrial
Trichosomoides crassicauda,Australia,-25.274398,133.775136,terrestrial
Trichosomoides crassicauda,Egypt,26.820553,30.802498,terrestrial
Anisakis physeteris,Western Mediterranean,34.5531284,18.0480105,marine
Baylisascaris transfuga,New Brunswick,46.5653163,-66.46191639999999,terrestrial
Crenosoma vulpis,Japan,36.204824,138.252924,terrestrial
Haemonchus placei,New South Wales,-31.2532183,146.921099,terrestrial
Anguillicola crassus,Morocco,31.791702,-7.092619999999999,freshwater
Anguillicola crassus,United States,37.09024,-95.712891,freshwater
Anguillicola crassus,Denmark,56.26392,9.501785,freshwater
Anguillicola crassus,Baltic Sea,58.48795200000001,19.863281,freshwater
Anguillicola crassus,Austria,47.516231,14.550072,freshwater
Anguillicola crassus,Taiwan,23.69781,120.960515,freshwater
Anguillicola globiceps,Japan,36.204824,138.252924,freshwater
Anguillicola globiceps,Taiwan,23.69781,120.960515,freshwater
Contracaecum multipapillatum,Florida,27.6648274,-81.5157535,marine
Cosmocephalus obvelatus,Florida,27.6648274,-81.5157535,freshwater
Toxocara cati,Scotland,56.49067119999999,-4.2026458,terrestrial
Trichostrongylus retortaeformis,Eire + N. Ireland,54.7877149,-6.4923145,terrestrial
Passalurus ambiguus,Eire + N. Ireland,54.7877149,-6.4923145,terrestrial
Graphidium strigosum,Eire + N. Ireland,54.7877149,-6.4923145,terrestrial
Aelurostrongylus abstrusus,Italy,41.87194,12.56738,terrestrial
Syphacia obvelata,Lithuania,55.169438,23.881275,terrestrial
Hammerschmidtiella diesingi,Cuba,21.521757,-77.781167,terrestrial
Megalobatrachonema terdentatum,Greece,39.074208,21.824312,freshwater
Brevimulticaecum tenuicolle,Louisiana,30.9842977,-91.96233269999999,freshwater
Trichosomoides crassicauda,Lithuania,55.169438,23.881275,terrestrial
Trichostrongylus colubriformis,Lithuania,55.169438,23.881275,terrestrial
Trichostrongylus retortaeformis,Lithuania,55.169438,23.881275,terrestrial
Aspiculuris tetraptera,Lithuania,55.169438,23.881275,terrestrial
Oswaldocruzia filiformis,Lithuania,55.169438,23.881275,terrestrial
Capillaria phasianina,Estonia + Latvia,56.95962400000001,24.1016552,terrestrial
Baruscapillaria obsignata,Estonia + Latvia,56.95962400000001,24.1016552,terrestrial
Aonchotheca bursata,Estonia + Latvia,56.95962400000001,24.1016552,terrestrial
Aonchotheca erinacei,Estonia + Latvia,56.95962400000001,24.1016552,terrestrial
Dictyocaulus viviparus,Estonia + Latvia,56.95962400000001,24.1016552,terrestrial
Nematodirus filicollis,Estonia + Latvia,56.95962400000001,24.1016552,terrestrial
Chabertia ovina,Estonia + Latvia,56.95962400000001,24.1016552,terrestrial
Cooperia curticei,Estonia + Latvia,56.95962400000001,24.1016552,terrestrial
Oesophagostomum venulosum,Estonia + Latvia,56.95962400000001,24.1016552,terrestrial
Muellerius capillaris,Estonia + Latvia,56.95962400000001,24.1016552,terrestrial
Dictyocaulus filaria,Estonia + Latvia,56.95962400000001,24.1016552,terrestrial
Leidynema appendiculata,Japan,36.204824,138.252924,terrestrial
Hammerschmidtiella diesingi,Japan,36.204824,138.252924,terrestrial
Blatticola blattae,Japan,36.204824,138.252924,terrestrial
Oesophagostomum radiatum,Estonia + Latvia,56.95962400000001,24.1016552,terrestrial
Trichostrongylus colubriformis,Estonia + Latvia,56.95962400000001,24.1016552,terrestrial
Haemonchus contortus,Estonia + Latvia,56.95962400000001,24.1016552,terrestrial
Dictyocaulus eckerti,Estonia + Latvia,56.95962400000001,24.1016552,terrestrial
Varestrongylus capreoli,Estonia + Latvia,56.95962400000001,24.1016552,terrestrial
Baruscapillaria obsignata,Lithuania,55.169438,23.881275,terrestrial
Cooperia pectinata,Transvaal,-23.59,29.13,terrestrial
Paracamallanus cyathopharynx,Transvaal,-23.59,29.13,freshwater
Chabertia ovina,Iraq,33.223191,43.679291,terrestrial
Muellerius capillaris,Iraq,33.223191,43.679291,terrestrial
Trichuris trichiura,Hong Kong,22.396428,114.109497,terrestrial
Ascaris lumbricoides,Hong Kong,22.396428,114.109497,terrestrial
Enterobius vermicularis,Hong Kong,22.396428,114.109497,terrestrial
Trichuris trichiura,Bangladesh,23.684994,90.356331,terrestrial
Enterobius vermicularis,Bangladesh,23.684994,90.356331,terrestrial
Enterobius vermicularis,Thailand,15.870032,100.992541,terrestrial
Cyathostomum catinatum,Cape Province,-33.5,20.97,terrestrial
Cylicocyclus nassatus,Cape Province,-33.5,20.97,terrestrial
Goezia ascaroides,Pakistan,30.375321,69.34511599999999,freshwater
Crenosoma petrowi,Ontario,51.253775,-85.323214,terrestrial
Hysterothylacium haze,Coast of Japan,35.4543846,139.644207,marine
Enterobius vermicularis,European USSR (CIS),54.5259614,15.2551187,terrestrial
Trichostrongylus retortaeformis,Italy,41.87194,12.56738,terrestrial
Passalurus ambiguus,Italy,41.87194,12.56738,terrestrial
Parascaris equorum,Germany,51.165691,10.451526,terrestrial
Oxyuris equi,Germany,51.165691,10.451526,terrestrial
Dictyocaulus arnfieldi,Germany,51.165691,10.451526,terrestrial
Aelurostrongylus abstrusus,Germany,51.165691,10.451526,terrestrial
Crenosoma striatum,Germany,51.165691,10.451526,terrestrial
Elaphostrongylus cervi,Scotland,56.49067119999999,-4.2026458,terrestrial
Crenosoma striatum,"Ukraine, incl. Moldavia",48.379433,31.1655799,terrestrial
Gongylonema mucronatum,"Ukraine, incl. Moldavia",48.379433,31.1655799,terrestrial
Angiostrongylus costaricensis,Neotropical,28.9337826,-95.30845339999999,terrestrial
Angiostrongylus cantonensis,Nearctic,53.569001,-113.571487,terrestrial
Parelaphostrongylus tenuis,Nearctic,53.569001,-113.571487,terrestrial
Trichuris trichiura,Cuba,21.521757,-77.781167,terrestrial
Trichostrongylus axei,Iran,32.427908,53.688046,terrestrial
Ascaris lumbricoides,Guinea + Sierra Leone + Liberia,6.9294578,-11.5006548,terrestrial
Trichuris trichiura,Guinea + Sierra Leone + Liberia,6.9294578,-11.5006548,terrestrial
Baylisascaris transfuga,Spain + Andalusia,37.5442706,-4.7277528,terrestrial
Oswaldocruzia filiformis,Kuwait,29.31166,47.481766,terrestrial
Haemonchus placei,Mauritania,21.00789,-10.940835,terrestrial
Toxocara canis,Mexico,23.634501,-102.552784,terrestrial
Uncinaria stenocephala,Morocco,31.791702,-7.092619999999999,terrestrial
Spirocerca lupi,Morocco,31.791702,-7.092619999999999,terrestrial
Trichuris vulpis,Morocco,31.791702,-7.092619999999999,terrestrial
Heligmosomoides polygyrus,Uzbekistan,41.377491,64.585262,terrestrial
Syphacia obvelata,Iran,32.427908,53.688046,terrestrial
Pseudalius inflexus,"England, Wales + Isle of Man",54.236107,-4.548056,marine
Syngamus trachea,"England, Wales + Isle of Man",54.236107,-4.548056,terrestrial
Oesophagostomum radiatum,Denmark,56.26392,9.501785,terrestrial
Pseudalius inflexus,West Coast of Norway,60.4121981,5.3222701,marine
Protostrongylus rufescens,Morocco,31.791702,-7.092619999999999,terrestrial
Cystocaulus ocreatus,Morocco,31.791702,-7.092619999999999,terrestrial
Cystidicoloides tenuissima,Yugoslavia,37.09024,-95.712891,freshwater
Heligmosomoides laevis,Finland,61.92410999999999,25.7481511,terrestrial
Ascaridia galli,Pakistan,30.375321,69.34511599999999,terrestrial
Anguillicola novaezelandiae,Italy,41.87194,12.56738,freshwater
Cucullanus heterochrous,Western coast of British Isles,56.41323389999999,-5.472362899999999,marine
Cucullanus heterochrous,Norwegian Sea,68.8773537,3.13966,marine
Cooperia oncophora,Victoria,-37.01,144.75,terrestrial
Nematodirus spathiger,Victoria,-37.01,144.75,terrestrial
Camallanus cotti,Hawaiian Islands,19.8967662,-155.5827818,freshwater
Contracaecum multipapillatum,Mexico,23.634501,-102.552784,marine
Anisakis simplex,Argentina,-38.416097,-63.61667199999999,marine
Cyclodontostomum purvisi,Borneo,0.9618833999999999,114.5548495,terrestrial
Cyclodontostomum purvisi,Sulawesi,-1.8479,120.5279,terrestrial
Trichostrongylus tenuis,Manitoba,53.7608608,-98.8138762,terrestrial
Trichuris trichiura,Lesser Antilles,14.4122148,-64.7627955,terrestrial
Oslerus osleri,France,46.227638,2.213749,terrestrial
Anisakis simplex,West Coast of Norway,60.4121981,5.3222701,marine
Anisakis simplex,Iceland,64.963051,-19.020835,marine
Trichostrongylus colubriformis,Victoria,-37.01,144.75,terrestrial
Trichostrongylus vitrinus,Victoria,-37.01,144.75,terrestrial
Trichostrongylus axei,Victoria,-37.01,144.75,terrestrial
Trichostrongylus retortaeformis,Victoria,-37.01,144.75,terrestrial
Strongylus vulgaris,Louisiana,30.9842977,-91.96233269999999,terrestrial
Rhabdochona canadensis,Nebraska,41.4925374,-99.9018131,freshwater
Toxocara canis,Eire + N. Ireland,54.7877149,-6.4923145,terrestrial
Toxascaris leonina,Eire + N. Ireland,54.7877149,-6.4923145,terrestrial
Toxocara cati,Eire + N. Ireland,54.7877149,-6.4923145,terrestrial
Angiostrongylus costaricensis,Lesser Antilles,14.4122148,-64.7627955,terrestrial
Ascaris lumbricoides,Iraq,33.223191,43.679291,terrestrial
Trichostrongylus colubriformis,Iraq,33.223191,43.679291,terrestrial
Ascaris lumbricoides,Sulawesi,-1.8479,120.5279,terrestrial
Trichuris trichiura,Sulawesi,-1.8479,120.5279,terrestrial
Enterobius vermicularis,Sulawesi,-1.8479,120.5279,terrestrial
Enterobius vermicularis,Malaya,3.17,101.7,terrestrial
Protostrongylus rufescens,Spain + Andalusia,37.5442706,-4.7277528,terrestrial
Toxocara canis,Austria,47.516231,14.550072,terrestrial
Toxocara cati,Austria,47.516231,14.550072,terrestrial
Contracaecum microcephalum,Iraq,33.223191,43.679291,freshwater
Eustrongylides tubifex,Iraq,33.223191,43.679291,freshwater
Anisakis simplex,Spain + Andalusia,37.5442706,-4.7277528,marine
Syphacia muris,Indonesia & Malaysia,-0.789275,113.921327,terrestrial
Gongylonema neoplasticum,Indonesia & Malaysia,-0.789275,113.921327,terrestrial
Mastophorus muris,Indonesia & Malaysia,-0.789275,113.921327,terrestrial
Raphidascaris acus,Europe,54.5259614,15.2551187,freshwater
Hexametra boddaertii,California,36.778261,-119.4179324,terrestrial
Hysterothylacium aduncum,Europe,54.5259614,15.2551187,marine
Hysterothylacium bidentatum,Europe,54.5259614,15.2551187,freshwater
Goezia ascaroides,Europe,54.5259614,15.2551187,freshwater
Paraquimperia tenerrima,Europe,54.5259614,15.2551187,freshwater
Strongylus equinus,Australia,-25.274398,133.775136,terrestrial
Strongylus vulgaris,Victoria,-37.01,144.75,terrestrial
Strongylus edentatus,Victoria,-37.01,144.75,terrestrial
Camallanus lacustris,Europe,54.5259614,15.2551187,freshwater
Philometra abdominalis,Europe,54.5259614,15.2551187,freshwater
Philometra kotlani,Europe,54.5259614,15.2551187,freshwater
Philometra obturans,Europe,54.5259614,15.2551187,freshwater
Philometra ovata,Europe,54.5259614,15.2551187,freshwater
Philometra rischta,Europe,54.5259614,15.2551187,freshwater
Philometroides cyprini,Europe,54.5259614,15.2551187,freshwater
Philometroides sanguinea,Europe,54.5259614,15.2551187,freshwater
Philonema oncorhynchi,Europe,54.5259614,15.2551187,freshwater
Philonema sibirica,Europe,54.5259614,15.2551187,freshwater
Rhabdochona gnedini,Europe,54.5259614,15.2551187,freshwater
Rhabdochona denudata,Europe,54.5259614,15.2551187,freshwater
Rhabdochona ergensi,Europe,54.5259614,15.2551187,freshwater
Rhabdochona hellichi,Europe,54.5259614,15.2551187,freshwater
Rhabdochona oncorhynchi,Europe,54.5259614,15.2551187,freshwater
Rhabdochona phoxini,Europe,54.5259614,15.2551187,freshwater
Comephoronema oschmarini,Europe,54.5259614,15.2551187,freshwater
Cystidicola farionis,Europe,54.5259614,15.2551187,freshwater
Spinitectus inermis,Europe,54.5259614,15.2551187,freshwater
Hystrichis tricolor,Europe,54.5259614,15.2551187,freshwater
Contracaecum microcephalum,Europe,54.5259614,15.2551187,freshwater
Contracaecum micropapillatum,Europe,54.5259614,15.2551187,freshwater
Contracaecum rudolphii,Europe,54.5259614,15.2551187,freshwater
Anisakis simplex,Europe,54.5259614,15.2551187,marine
Muellerius capillaris,Italy,41.87194,12.56738,terrestrial
Gnathostoma hispidum,Europe,54.5259614,15.2551187,terrestrial
Gnathostoma spinigerum,Europe,54.5259614,15.2551187,terrestrial
Avioserpens mosgovoyi,Europe,54.5259614,15.2551187,freshwater
Ascarops strongylina,Sardinia,40.1208752,9.012892599999999,terrestrial
Physocephalus sexalatus,Sardinia,40.1208752,9.012892599999999,terrestrial
Simondsia paradoxa,Sardinia,40.1208752,9.012892599999999,terrestrial
Ascaris suum,Sardinia,40.1208752,9.012892599999999,terrestrial
Trichuris suis,Sardinia,40.1208752,9.012892599999999,terrestrial
Oesophagostomum dentatum,Sardinia,40.1208752,9.012892599999999,terrestrial
Metastrongylus pudendotectus,Sardinia,40.1208752,9.012892599999999,terrestrial
Gongylonema pulchrum,Sardinia,40.1208752,9.012892599999999,terrestrial
Desportesius brevicaudatus,Europe,54.5259614,15.2551187,freshwater
Syncuaria squamata,Europe,54.5259614,15.2551187,freshwater
Paracuaria adunca,Europe,54.5259614,15.2551187,marine
Cosmocephalus obvelatus,Europe,54.5259614,15.2551187,freshwater
Streptocara crassicauda,Europe,54.5259614,15.2551187,freshwater
Anisakis pegreffii,Mediterranean,34.5531284,18.0480105,marine
Teladorsagia circumcincta,Sardinia,40.1208752,9.012892599999999,terrestrial
Trichostrongylus axei,Sardinia,40.1208752,9.012892599999999,terrestrial
Haemonchus contortus,Sardinia,40.1208752,9.012892599999999,terrestrial
Ostertagia ostertagi,Sardinia,40.1208752,9.012892599999999,terrestrial
Haemonchus contortus,Victoria,-37.01,144.75,terrestrial
Haemonchus contortus,Switzerland + Lichtenstein,47.3682887,8.5374552,terrestrial
Libyostrongylus douglassii,Southern Africa,-24.3570767,19.5687103,terrestrial
Libyostrongylus douglassii,North Carolina,35.7595731,-79.01929969999999,terrestrial
Nematodirus spathiger,Argentina,-38.416097,-63.61667199999999,terrestrial
Haemonchus contortus,Argentina,-38.416097,-63.61667199999999,terrestrial
Nematodirus abnormalis,Argentina,-38.416097,-63.61667199999999,terrestrial
Trichostrongylus vitrinus,Argentina,-38.416097,-63.61667199999999,terrestrial
Teladorsagia circumcincta,Argentina,-38.416097,-63.61667199999999,terrestrial
Trichuris ovis,Argentina,-38.416097,-63.61667199999999,terrestrial
Oesophagostomum venulosum,Argentina,-38.416097,-63.61667199999999,terrestrial
Oesophagostomum columbianum,Argentina,-38.416097,-63.61667199999999,terrestrial
Chabertia ovina,Argentina,-38.416097,-63.61667199999999,terrestrial
Ascaris lumbricoides,Malagasay,-20,47,terrestrial
Trichuris trichiura,Malagasay,-20,47,terrestrial
Teladorsagia circumcincta,Scotland,56.49067119999999,-4.2026458,terrestrial
Trichuris ovis,Mauritania,21.00789,-10.940835,terrestrial
Enterobius vermicularis,Venezuela,6.42375,-66.58973,terrestrial
Ascaris lumbricoides,Ethiopian Region,9.145000000000001,40.489673,terrestrial
Trichuris trichiura,Europe,54.5259614,15.2551187,terrestrial
Trichuris trichiura,Ethiopian Region,9.145000000000001,40.489673,terrestrial
Trichuris trichiura,Neotropical,28.9337826,-95.30845339999999,terrestrial
Echinocephalus uncinatus,Adriatic Sea,41.85509039999999,17.2902839,marine
Parascaris equorum,Victoria,-37.01,144.75,terrestrial
Oxyuris equi,Victoria,-37.01,144.75,terrestrial
Strongylus equinus,Victoria,-37.01,144.75,terrestrial
Triodontophorus tenuicollis,Victoria,-37.01,144.75,terrestrial
Cylicostephanus longibursatus,Victoria,-37.01,144.75,terrestrial
Cyathostomum catinatum,Victoria,-37.01,144.75,terrestrial
Cylicocyclus nassatus,Victoria,-37.01,144.75,terrestrial
Proleptus niedmanni,Chilean coast,-32.98,-71.00999999999999,marine
Anguillicola crassus,Western Mediterranean,34.5531284,18.0480105,freshwater
Cyathostoma bronchialis,Nearctic,53.569001,-113.571487,terrestrial
Truttaedacnitis pybusae,Ontario,51.253775,-85.323214,freshwater
Oxyuris equi,New Caledonia,-20.904305,165.618042,terrestrial
Parascaris equorum,Estonia + Latvia,56.95962400000001,24.1016552,terrestrial
Oxyuris equi,Estonia + Latvia,56.95962400000001,24.1016552,terrestrial
Trichostrongylus axei,Estonia + Latvia,56.95962400000001,24.1016552,terrestrial
Dictyocaulus viviparus,Denmark,56.26392,9.501785,terrestrial
Aspiculuris tetraptera,Denmark,56.26392,9.501785,terrestrial
Syphacia obvelata,Denmark,56.26392,9.501785,terrestrial
Acuaria anthuris,Spain + Andalusia,37.5442706,-4.7277528,terrestrial
Subulura bolivari,Spain + Andalusia,37.5442706,-4.7277528,terrestrial
Porrocaecum angusticolle,Spain + Andalusia,37.5442706,-4.7277528,terrestrial
Pterygodermatites affinis,Spain + Andalusia,37.5442706,-4.7277528,terrestrial
Hysterothylacium aduncum,British Columbia,53.7266683,-127.6476205,marine
Hysterothylacium aduncum,Newfoundland,53.1355091,-57.6604364,marine
Hysterothylacium aduncum,Yukon + Northwest Territories,60.71795149999999,-135.0498961,marine
Hysterothylacium aduncum,New Brunswick,46.5653163,-66.46191639999999,marine
Haemonchus contortus,Indian Region,22,79,terrestrial
Oesophagostomum columbianum,Indian Region,22,79,terrestrial
Trichuris ovis,Indian Region,22,79,terrestrial
Nematodirus filicollis,Indian Region,22,79,terrestrial
Trichostrongylus colubriformis,Indian Region,22,79,terrestrial
Trichostrongylus axei,Indian Region,22,79,terrestrial
Chabertia ovina,Indian Region,22,79,terrestrial
Heligmosomoides polygyrus,France,46.227638,2.213749,terrestrial
Dictyocaulus filaria,New Zealand,-40.900557,174.885971,terrestrial
Muellerius capillaris,New Zealand,-40.900557,174.885971,terrestrial
Protostrongylus rufescens,New Zealand,-40.900557,174.885971,terrestrial
Ostertagia ostertagi,New Zealand,-40.900557,174.885971,terrestrial
Cooperia oncophora,New Zealand,-40.900557,174.885971,terrestrial
Cooperia punctata,New Zealand,-40.900557,174.885971,terrestrial
Nematodirus abnormalis,New Zealand,-40.900557,174.885971,terrestrial
Nematodirus filicollis,New Zealand,-40.900557,174.885971,terrestrial
Nematodirus helvetianus,New Zealand,-40.900557,174.885971,terrestrial
Nematodirus spathiger,New Zealand,-40.900557,174.885971,terrestrial
Trichostrongylus vitrinus,New Zealand,-40.900557,174.885971,terrestrial
Chabertia ovina,New Zealand,-40.900557,174.885971,terrestrial
Trichuris ovis,New Zealand,-40.900557,174.885971,terrestrial
Oesophagostomum columbianum,New Zealand,-40.900557,174.885971,terrestrial
Oesophagostomum venulosum,New Zealand,-40.900557,174.885971,terrestrial
Oesophagostomum quadrispinulatum,Denmark,56.26392,9.501785,terrestrial
Cucullanus cirratus,Baltic Sea,58.48795200000001,19.863281,marine
Capillaria gracilis,Baltic Sea,58.48795200000001,19.863281,marine
Anisakis simplex,Greenland,71.706936,-42.604303,marine
Hysterothylacium aduncum,Greenland,71.706936,-42.604303,marine
Philonema agubernaculum,Greenland,71.706936,-42.604303,freshwater
Ascaridia galli,Indian Region,22,79,terrestrial
Dictyocaulus viviparus,New Zealand,-40.900557,174.885971,terrestrial
Oesophagostomum radiatum,New Zealand,-40.900557,174.885971,terrestrial
Teladorsagia circumcincta,New Zealand,-40.900557,174.885971,terrestrial
Trichuris discolor,New Zealand,-40.900557,174.885971,terrestrial
Elaphostrongylus cervi,New Zealand,-40.900557,174.885971,terrestrial
Varestrongylus sagittatus,New Zealand,-40.900557,174.885971,terrestrial
Cooperia pectinata,New Zealand,-40.900557,174.885971,terrestrial
Batrachocamallanus slomei,Cape Province,-33.5,20.97,freshwater
Batrachocamallanus slomei,Southern Africa,-24.3570767,19.5687103,freshwater
Batrachocamallanus slomei,Kenya,-0.023559,37.906193,freshwater
Batrachocamallanus slomei,Zaire,-6.2649292,14.2343282,freshwater
Dictyocaulus filaria,Indian Region,22,79,terrestrial
Dictyocaulus viviparus,Indian Region,22,79,terrestrial
Metastrongylus salmi,Indian Region,22,79,terrestrial
Metastrongylus apri,Indian Region,22,79,terrestrial
Protostrongylus rufescens,Indian Region,22,79,terrestrial
Trichuris discolor,Indian Region,22,79,terrestrial
Dispharynx nasuta,Indian Region,22,79,terrestrial
Skrjabinema ovis,Indian Region,22,79,terrestrial
Oesophagostomum radiatum,Indian Region,22,79,terrestrial
Oesophagostomum asperum,Indian Region,22,79,terrestrial
Oesophagostomum venulosum,Indian Region,22,79,terrestrial
Haemonchus placei,Indian Region,22,79,terrestrial
Dictyocaulus arnfieldi,Indian Region,22,79,terrestrial
Varestrongylus pneumonicus,Indian Region,22,79,terrestrial
Raphidascaris acus,Scotland,56.49067119999999,-4.2026458,freshwater
Cystidicola farionis,Scotland,56.49067119999999,-4.2026458,freshwater
Raphidascaris acus,British Columbia,53.7266683,-127.6476205,freshwater
Raphidascaris acus,Ontario,51.253775,-85.323214,freshwater
Raphidascaris acus,Alberta,53.9332706,-116.5765035,freshwater
Raphidascaris acus,Labrador + Newfoundland,53.1355091,-57.6604364,freshwater
Truttaedacnitis truttae,British Columbia,53.7266683,-127.6476205,freshwater
Truttaedacnitis truttae,New Brunswick,46.5653163,-66.46191639999999,freshwater
Philometra cylindracea,Ontario,51.253775,-85.323214,freshwater
Philometroides huronensis,Ontario,51.253775,-85.323214,freshwater
Philometroides huronensis,British Columbia,53.7266683,-127.6476205,freshwater
Philometroides nodulosa,Ontario,51.253775,-85.323214,freshwater
Philonema agubernaculum,Alberta,53.9332706,-116.5765035,freshwater
Philonema agubernaculum,Labrador + Newfoundland,53.1355091,-57.6604364,freshwater
Philonema agubernaculum,Northwest Territories,64.8255441,-124.8457334,freshwater
Cystidicola farionis,Ontario,51.253775,-85.323214,freshwater
Cystidicola farionis,British Columbia,53.7266683,-127.6476205,freshwater
Cystidicola farionis,Yukon + Northwest Territories,60.71795149999999,-135.0498961,freshwater
Spinitectus gracilis,Manitoba,53.7608608,-98.8138762,freshwater
Spinitectus gracilis,Canada,56.130366,-106.346771,freshwater
Spinitectus carolini,Ontario,51.253775,-85.323214,freshwater
Sterliadochona ephemeridarum,Ontario,51.253775,-85.323214,freshwater
Sterliadochona ephemeridarum,Northwest Territories,64.8255441,-124.8457334,freshwater
Sterliadochona ephemeridarum,British Columbia,53.7266683,-127.6476205,freshwater
Sterliadochona ephemeridarum,Manitoba,53.7608608,-98.8138762,freshwater
Rhabdochona canadensis,Alberta,53.9332706,-116.5765035,freshwater
Rhabdochona canadensis,British Columbia,53.7266683,-127.6476205,freshwater
Rhabdochona cascadilla,Manitoba,53.7608608,-98.8138762,freshwater
Rhabdochona cascadilla,Alberta,53.9332706,-116.5765035,freshwater
Rhabdochona cascadilla,British Columbia,53.7266683,-127.6476205,freshwater
Cooperia oncophora,Belgium + Luxembourg,50.0546886,5.467698299999999,terrestrial
Ascaris suum,Indian Region,22,79,terrestrial
Ascaris lumbricoides,Indian Region,22,79,terrestrial
Parascaris equorum,Indian Region,22,79,terrestrial
Toxocara canis,Indian Region,22,79,terrestrial
Heterakis gallinarum,Indian Region,22,79,terrestrial
Strongylus vulgaris,Indian Region,22,79,terrestrial
Strongylus equinus,Indian Region,22,79,terrestrial
Stephanurus dentatus,Indian Region,22,79,terrestrial
Syngamus trachea,Indian Region,22,79,terrestrial
Uncinaria stenocephala,Indian Region,22,79,terrestrial
Angiostrongylus cantonensis,Indian Region,22,79,terrestrial
Spirocerca lupi,Indian Region,22,79,terrestrial
Ascarops strongylina,Indian Region,22,79,terrestrial
Physocephalus sexalatus,Indian Region,22,79,terrestrial
Simondsia paradoxa,Indian Region,22,79,terrestrial
Tetrameres mohtedai,Indian Region,22,79,terrestrial
Physaloptera praeputialis,Indian Region,22,79,terrestrial
Gnathostoma spinigerum,Indian Region,22,79,terrestrial
Dracunculus medinensis,Indian Region,22,79,terrestrial
Hysterothylacium aduncum,Atlantic Ocean,-14.5994134,-28.6731465,marine
Rhabdochona hellichi,Spain + Andalusia,37.5442706,-4.7277528,freshwater
Toxascaris leonina,Japan,36.204824,138.252924,terrestrial
Philonema oncorhynchi,Alaska,64.2008413,-149.4936733,freshwater
Dracunculus medinensis,Ontario,51.253775,-85.323214,terrestrial
Oswaldocruzia filiformis,Europe,54.5259614,15.2551187,terrestrial
Enterobius vermicularis,Chile,-35.675147,-71.542969,terrestrial
Cystidicola farionis,Eire + N. Ireland,54.7877149,-6.4923145,freshwater
Dictyocaulus arnfieldi,Chile,-35.675147,-71.542969,terrestrial
Toxocara canis,Chile,-35.675147,-71.542969,terrestrial
Heligmosomoides polygyrus,Germany,51.165691,10.451526,terrestrial
Physocephalus sexalatus,Mexico,23.634501,-102.552784,terrestrial
Toxocara canis,Argentina,-38.416097,-63.61667199999999,terrestrial
Ascaris lumbricoides,Zaire,-6.2649292,14.2343282,terrestrial
Filaroides martis,Ontario,51.253775,-85.323214,terrestrial
Pearsonema plica,Ontario,51.253775,-85.323214,terrestrial
Eucoleus aerophilus,Ontario,51.253775,-85.323214,terrestrial
Haemonchus contortus,Kenya,-0.023559,37.906193,terrestrial
Cooperia oncophora,Lithuania,55.169438,23.881275,terrestrial
Oesophagostomum venulosum,Lithuania,55.169438,23.881275,terrestrial
Crenosoma vulpis,Denmark,56.26392,9.501785,terrestrial
Cystidicoloides tenuissima,Finland,61.92410999999999,25.7481511,freshwater
Philonema sibirica,Finland,61.92410999999999,25.7481511,freshwater
Trichostrongylus colubriformis,"England, Wales + Isle of Man",54.236107,-4.548056,terrestrial
Toxocara cati,Spain + Andalusia,37.5442706,-4.7277528,terrestrial
Strongylus vulgaris,Sweden,60.12816100000001,18.643501,terrestrial
Toxocara canis,Estonia + Latvia,56.95962400000001,24.1016552,terrestrial
Uncinaria stenocephala,Estonia + Latvia,56.95962400000001,24.1016552,terrestrial
Toxascaris leonina,Estonia + Latvia,56.95962400000001,24.1016552,terrestrial
Syphacia obvelata,Arizona,34.0489281,-111.0937311,terrestrial
Protostrongylus boughtoni,Wisconsin,43.7844397,-88.7878678,terrestrial
Hysterothylacium aduncum,West Coast of Norway,60.4121981,5.3222701,marine
Cucullanus cirratus,West Coast of Norway,60.4121981,5.3222701,marine
Cosmocephalus obvelatus,West Coast of Norway,60.4121981,5.3222701,freshwater
Paracuaria adunca,West Coast of Norway,60.4121981,5.3222701,marine
Anisakis typica,Gulf of Mexico,25.304304,-90.065918,marine
Rhabdochona hellichi,Austria,47.516231,14.550072,freshwater
Philometroides sanguinea,Norway,60.47202399999999,8.468945999999999,freshwater
Ascaris lumbricoides,Sri Lanka,7.873053999999999,80.77179699999999,terrestrial
Skrjabinoclava inornatae,Nova Scotia,44.68198659999999,-63.744311,marine
Skrjabinoclava inornatae,Canada,56.130366,-106.346771,marine
Anisakis simplex,Ligurian Sea,43.7542275,8.8362755,marine
Hysterothylacium aduncum,Irish Sea,53.8276917,-4.465836599999999,marine
Camallanus oxycephalus,Louisiana,30.9842977,-91.96233269999999,freshwater
Spinitectus carolini,Louisiana,30.9842977,-91.96233269999999,freshwater
Trichuris muris,France,46.227638,2.213749,terrestrial
Anisakis simplex,France,46.227638,2.213749,marine
Gnathostoma procyonis,Mexico,23.634501,-102.552784,terrestrial
Capillaria anatis,Black Sea,43.41302899999999,34.299316,terrestrial
Amidostomum acutum,Black Sea,43.41302899999999,34.299316,freshwater
Tetrameres fissispina,Black Sea,43.41302899999999,34.299316,freshwater
Cosmocephalus obvelatus,Black Sea,43.41302899999999,34.299316,freshwater
Streptocara crassicauda,Black Sea,43.41302899999999,34.299316,freshwater
Hysterothylacium aduncum,Spain + Andalusia,37.5442706,-4.7277528,marine
Trichosomoides crassicauda,United States,37.09024,-95.712891,terrestrial
Camallanus corderoi,Argentina,-38.416097,-63.61667199999999,freshwater
Camallanus lacustris,Mexico,23.634501,-102.552784,freshwater
Trichuris discolor,Italy,41.87194,12.56738,terrestrial
Trichuris muris,Italy,41.87194,12.56738,terrestrial
Capillaria gracilis,Mediterranean,34.5531284,18.0480105,marine
Pseudocapillaria tomentosa,Mediterranean,34.5531284,18.0480105,freshwater
Trichosomoides crassicauda,Italy,41.87194,12.56738,terrestrial
Oxyuris equi,Italy,41.87194,12.56738,terrestrial
Syphacia muris,Italy,41.87194,12.56738,terrestrial
Syphacia obvelata,Italy,41.87194,12.56738,terrestrial
Blatticola blattae,Italy,41.87194,12.56738,terrestrial
Hammerschmidtiella diesingi,Italy,41.87194,12.56738,terrestrial
Heterakis gallinarum,Italy,41.87194,12.56738,terrestrial
Heterakis spumosa,Italy,41.87194,12.56738,terrestrial
Ascaridia columbae,Italy,41.87194,12.56738,terrestrial
Ascaridia compar,Italy,41.87194,12.56738,terrestrial
Ascaridia dissimilis,Italy,41.87194,12.56738,terrestrial
Ascaridia galli,Italy,41.87194,12.56738,terrestrial
Ascaridia numidae,Italy,41.87194,12.56738,terrestrial
Spirura rytipleurites,Egypt,26.820553,30.802498,terrestrial
Oesophagostomum bifurcum,Italy,41.87194,12.56738,terrestrial
Oesophagostomum columbianum,Italy,41.87194,12.56738,terrestrial
Oesophagostomum quadrispinulatum,Italy,41.87194,12.56738,terrestrial
Syngamus trachea,Italy,41.87194,12.56738,terrestrial
Cyathostoma lari,Italy,41.87194,12.56738,terrestrial
Graphidium strigosum,Italy,41.87194,12.56738,terrestrial
Trichostrongylus skrjabini,Italy,41.87194,12.56738,terrestrial
Trichostrongylus tenuis,Italy,41.87194,12.56738,terrestrial
Haemonchus placei,Italy,41.87194,12.56738,terrestrial
Dictyocaulus arnfieldi,Italy,41.87194,12.56738,terrestrial
Dictyocaulus viviparus,Italy,41.87194,12.56738,terrestrial
Ollulanus tricuspis,Italy,41.87194,12.56738,terrestrial
Oswaldocruzia filiformis,Italy,41.87194,12.56738,terrestrial
Nematodirus battus,Italy,41.87194,12.56738,terrestrial
Heligmosomoides polygyrus,Italy,41.87194,12.56738,terrestrial
Neostrongylus linearis,Italy,41.87194,12.56738,terrestrial
Varestrongylus capreoli,Italy,41.87194,12.56738,terrestrial
Cystocaulus ocreatus,Italy,41.87194,12.56738,terrestrial
Protostrongylus cuniculorum,Italy,41.87194,12.56738,terrestrial
Crenosoma striatum,Italy,41.87194,12.56738,terrestrial
Crenosoma vulpis,Italy,41.87194,12.56738,terrestrial
Filaroides martis,Italy,41.87194,12.56738,terrestrial
Skrjabingylus nasicola,Italy,41.87194,12.56738,terrestrial
Truttaedacnitis truttae,Italy,41.87194,12.56738,freshwater
Cucullanus cirratus,Mediterranean,34.5531284,18.0480105,marine
Cucullanus heterochrous,Mediterranean,34.5531284,18.0480105,marine
Dichelyne minutus,Mediterranean,34.5531284,18.0480105,marine
Goezia ascaroides,Adriatic Sea,41.85509039999999,17.2902839,freshwater
Contracaecum microcephalum,Italy,41.87194,12.56738,freshwater
Raphidascaris acus,Mediterranean,34.5531284,18.0480105,freshwater
Baylisascaris laevis,Italy,41.87194,12.56738,terrestrial
Toxocara cati,Italy,41.87194,12.56738,terrestrial
Toxocara vitulorum,Italy,41.87194,12.56738,terrestrial
Porrocaecum angusticolle,Italy,41.87194,12.56738,terrestrial
Porrocaecum ensicaudatum,Italy,41.87194,12.56738,terrestrial
Porrocaecum semiteres,Italy,41.87194,12.56738,terrestrial
Camallanus lacustris,Italy,41.87194,12.56738,freshwater
Trichostrongylus retortaeformis,Japan,36.204824,138.252924,terrestrial
Hystrichis tricolor,Italy,41.87194,12.56738,freshwater
Eustrongylides tubifex,Italy,41.87194,12.56738,freshwater
Dracunculus medinensis,Italy,41.87194,12.56738,terrestrial
Philometra rischta,Italy,41.87194,12.56738,freshwater
Echinocephalus uncinatus,Italy,41.87194,12.56738,marine
Gnathostoma hispidum,Italy,41.87194,12.56738,terrestrial
Gnathostoma spinigerum,Italy,41.87194,12.56738,terrestrial
Gnathostoma turgidum,Italy,41.87194,12.56738,terrestrial
Proleptus obtusus,Italy,41.87194,12.56738,marine
Pterygodermatites affinis,Italy,41.87194,12.56738,terrestrial
Spirura rytipleurites,Italy,41.87194,12.56738,terrestrial
Spirura talpae,Italy,41.87194,12.56738,terrestrial
Simondsia paradoxa,Italy,41.87194,12.56738,terrestrial
Mastophorus muris,Italy,41.87194,12.56738,terrestrial
Cyrnea eurycerca,Italy,41.87194,12.56738,terrestrial
Hedruris androphora,Italy,41.87194,12.56738,freshwater
Tetrameres fissispina,Italy,41.87194,12.56738,freshwater
Acuaria anthuris,Italy,41.87194,12.56738,terrestrial
Acuaria hamulosa,Italy,41.87194,12.56738,terrestrial
Cosmocephalus obvelatus,Italy,41.87194,12.56738,freshwater
Dispharynx nasuta,Italy,41.87194,12.56738,terrestrial
Diplotriaena tricuspis,Italy,41.87194,12.56738,terrestrial
Serratospiculum tendo,Italy,41.87194,12.56738,terrestrial
Strongylus vulgaris,Denmark,56.26392,9.501785,terrestrial
Strongylus edentatus,Denmark,56.26392,9.501785,terrestrial
Camallanus truncatus,European USSR (CIS),54.5259614,15.2551187,freshwater
Enterobius vermicularis,Cuba,21.521757,-77.781167,terrestrial
Toxocara canis,Uruguay,-32.522779,-55.765835,terrestrial
Haemonchus placei,Denmark,56.26392,9.501785,terrestrial
Trichostrongylus axei,Denmark,56.26392,9.501785,terrestrial
Neocamallanus ophiocephali,Pakistan,30.375321,69.34511599999999,freshwater
Toxascaris leonina,Greenland,71.706936,-42.604303,terrestrial
Uncinaria stenocephala,Greenland,71.706936,-42.604303,terrestrial
Spinitectus carolini,North Carolina,35.7595731,-79.01929969999999,freshwater
Porrocaecum crassum,Japan,36.204824,138.252924,freshwater
Camallanus oxycephalus,Great Lakes,45.0522366,-82.4846115,freshwater
Cystidicola farionis,Great Lakes,45.0522366,-82.4846115,freshwater
Cystidicoloides tenuissima,Great Lakes,45.0522366,-82.4846115,freshwater
Philonema oncorhynchi,Great Lakes,45.0522366,-82.4846115,freshwater
Rhabdochona canadensis,Great Lakes,45.0522366,-82.4846115,freshwater
Rhabdochona cascadilla,Great Lakes,45.0522366,-82.4846115,freshwater
Spinitectus gracilis,Great Lakes,45.0522366,-82.4846115,freshwater
Ascarophis morrhuae,Northeast Atlantic,39.370134,-77.40677199999999,marine
Dracunculus insignis,Nearctic,53.569001,-113.571487,terrestrial
Ascaris suum,Japan,36.204824,138.252924,terrestrial
Camallanus lacustris,Norway,60.47202399999999,8.468945999999999,freshwater
Philometra ovata,Norway,60.47202399999999,8.468945999999999,freshwater
Ascaris lumbricoides,Germany,51.165691,10.451526,terrestrial
Trichostrongylus axei,California,36.778261,-119.4179324,terrestrial
Pterygodermatites coloradensis,Idaho,44.0682019,-114.7420408,terrestrial
Spirura infundibuliformis,Idaho,44.0682019,-114.7420408,terrestrial
Trichuris discolor,Vietnam,14.058324,108.277199,terrestrial
Amidostomum fulicae,Vietnam,14.058324,108.277199,freshwater
Cyclodontostomum purvisi,Vietnam,14.058324,108.277199,terrestrial
Stephanurus dentatus,Vietnam,14.058324,108.277199,terrestrial
Oesophagostomum dentatum,Vietnam,14.058324,108.277199,terrestrial
Oesophagostomum radiatum,Vietnam,14.058324,108.277199,terrestrial
Oesophagostomum bifurcum,Vietnam,14.058324,108.277199,terrestrial
Oesophagostomum venulosum,Vietnam,14.058324,108.277199,terrestrial
Oesophagostomum asperum,Vietnam,14.058324,108.277199,terrestrial
Metastrongylus pudendotectus,Vietnam,14.058324,108.277199,terrestrial
Metastrongylus salmi,Vietnam,14.058324,108.277199,terrestrial
Cooperia punctata,Vietnam,14.058324,108.277199,terrestrial
Haemonchus contortus,Vietnam,14.058324,108.277199,terrestrial
Dictyocaulus viviparus,Vietnam,14.058324,108.277199,terrestrial
Dictyocaulus eckerti,Vietnam,14.058324,108.277199,terrestrial
Ascaris suum,Vietnam,14.058324,108.277199,terrestrial
Ascaridia columbae,Vietnam,14.058324,108.277199,terrestrial
Toxocara canis,Vietnam,14.058324,108.277199,terrestrial
Syphacia obvelata,Vietnam,14.058324,108.277199,terrestrial
Heterakis gallinarum,Vietnam,14.058324,108.277199,terrestrial
Ascarops strongylina,Vietnam,14.058324,108.277199,terrestrial
Physocephalus sexalatus,Vietnam,14.058324,108.277199,terrestrial
Simondsia paradoxa,Vietnam,14.058324,108.277199,terrestrial
Hadjelia truncata,Vietnam,14.058324,108.277199,terrestrial
Tetrameres fissispina,Vietnam,14.058324,108.277199,freshwater
Tetrameres mohtedai,Vietnam,14.058324,108.277199,terrestrial
Acuaria hamulosa,Vietnam,14.058324,108.277199,terrestrial
Dispharynx nasuta,Vietnam,14.058324,108.277199,terrestrial
Physaloptera praeputialis,Vietnam,14.058324,108.277199,terrestrial
Oxyspirura mansoni,Vietnam,14.058324,108.277199,terrestrial
Rictularia proni,Vietnam,14.058324,108.277199,terrestrial
Protostrongylus rufescens,Lesser Antilles,14.4122148,-64.7627955,terrestrial
Oesophagostomum venulosum,Lesser Antilles,14.4122148,-64.7627955,terrestrial
Paracuaria adunca,Morocco,31.791702,-7.092619999999999,marine
Pearsonema plica,Balearic Islands,39.3587759,2.7356328,terrestrial
Eucoleus aerophilus,Spain + Andalusia,37.5442706,-4.7277528,terrestrial
Eucoleus aerophilus,Balearic Islands,39.3587759,2.7356328,terrestrial
Aonchotheca putorii,Balearic Islands,39.3587759,2.7356328,terrestrial
Crenosoma petrowi,Spain + Andalusia,37.5442706,-4.7277528,terrestrial
Crenosoma petrowi,Balearic Islands,39.3587759,2.7356328,terrestrial
Uncinaria stenocephala,Denmark,56.26392,9.501785,terrestrial
Toxocara canis,Denmark,56.26392,9.501785,terrestrial
Camallanus xenentodoni,Pakistan,30.375321,69.34511599999999,freshwater
Umingmakstrongylus pallikuukensis,Northwest Territories,64.8255441,-124.8457334,terrestrial
Umingmakstrongylus pallikuukensis,Saskatchewan,52.9399159,-106.4508639,terrestrial
Heligmosomoides polygyrus,Japan,36.204824,138.252924,terrestrial
Hystrichis tricolor,Florida,27.6648274,-81.5157535,freshwater
Amidostomum acutum,Florida,27.6648274,-81.5157535,freshwater
Capillaria anatis,Florida,27.6648274,-81.5157535,terrestrial
Echinuria uncinata,Florida,27.6648274,-81.5157535,freshwater
Epomidiostomum uncinatum,Florida,27.6648274,-81.5157535,freshwater
Porrocaecum crassum,Florida,27.6648274,-81.5157535,freshwater
Streptocara crassicauda,Florida,27.6648274,-81.5157535,freshwater
Philometroides huronensis,Quebec,52.9399159,-73.5491361,freshwater
Philometroides nodulosa,Quebec,52.9399159,-73.5491361,freshwater
Raphidascaris acus,Quebec,52.9399159,-73.5491361,freshwater
Sterliadochona ephemeridarum,Quebec,52.9399159,-73.5491361,freshwater
Gongylonema pulchrum,Florida,27.6648274,-81.5157535,terrestrial
Haemonchus contortus,Pakistan,30.375321,69.34511599999999,terrestrial
Trichostrongylus axei,Pakistan,30.375321,69.34511599999999,terrestrial
Trichostrongylus vitrinus,Pakistan,30.375321,69.34511599999999,terrestrial
Trichostrongylus colubriformis,Pakistan,30.375321,69.34511599999999,terrestrial
Oesophagostomum venulosum,Pakistan,30.375321,69.34511599999999,terrestrial
Nematodirus spathiger,Pakistan,30.375321,69.34511599999999,terrestrial
Dictyocaulus filaria,Pakistan,30.375321,69.34511599999999,terrestrial
Trichuris skrjabini,Pakistan,30.375321,69.34511599999999,terrestrial
Oesophagostomum asperum,Pakistan,30.375321,69.34511599999999,terrestrial
Chabertia ovina,Pakistan,30.375321,69.34511599999999,terrestrial
Varestrongylus pneumonicus,Pakistan,30.375321,69.34511599999999,terrestrial
Oesophagostomum columbianum,Pakistan,30.375321,69.34511599999999,terrestrial
Cooperia pectinata,Pakistan,30.375321,69.34511599999999,terrestrial
Cooperia punctata,Pakistan,30.375321,69.34511599999999,terrestrial
Trichuris discolor,Pakistan,30.375321,69.34511599999999,terrestrial
Oesophagostomum radiatum,Pakistan,30.375321,69.34511599999999,terrestrial
Skrjabinema ovis,Pakistan,30.375321,69.34511599999999,terrestrial
Trichostrongylus axei,The Gambia,13.443182,-15.310139,terrestrial
Trichostrongylus colubriformis,The Gambia,13.443182,-15.310139,terrestrial
Oesophagostomum radiatum,The Gambia,13.443182,-15.310139,terrestrial
Uncinaria stenocephala,"England, Wales + Isle of Man",54.236107,-4.548056,terrestrial
Trichuris vulpis,"England, Wales + Isle of Man",54.236107,-4.548056,terrestrial
Haemonchus contortus,Sumatra,-0.589724,101.3431058,terrestrial
Trichostrongylus axei,Sumatra,-0.589724,101.3431058,terrestrial
Trichostrongylus colubriformis,Sumatra,-0.589724,101.3431058,terrestrial
Cooperia curticei,Sumatra,-0.589724,101.3431058,terrestrial
Heterakis spumosa,Victoria,-37.01,144.75,terrestrial
Raphidascaris acus,Eire + N. Ireland,54.7877149,-6.4923145,freshwater
Dicheilonema rheae,"Ukraine, incl. Moldavia",48.379433,31.1655799,terrestrial
Elaphostrongylus cervi,Nearctic,53.569001,-113.571487,terrestrial
Pseudalius inflexus,Italy,41.87194,12.56738,marine
Skrjabinoptera phrynosoma,Florida,27.6648274,-81.5157535,terrestrial
Skrjabinoptera phrynosoma,Idaho,44.0682019,-114.7420408,terrestrial
Skrjabinoptera phrynosoma,Oklahoma,35.0077519,-97.092877,terrestrial
Skrjabinoptera phrynosoma,Utah,39.3209801,-111.0937311,terrestrial
Skrjabinoptera phrynosoma,Nevada,38.8026097,-116.419389,terrestrial
Teladorsagia circumcincta,Australia,-25.274398,133.775136,terrestrial
Teladorsagia circumcincta,Germany,51.165691,10.451526,terrestrial
Anisakis simplex,East China Sea/ Yellow Sea,35.4942771,123.7964613,marine
Echinocephalus uncinatus,Coast of Pakistan,24.8684886,67.0251991,marine
Dictyocaulus filaria,Japan,36.204824,138.252924,terrestrial
Haemonchus contortus,Japan,36.204824,138.252924,terrestrial
Oesophagostomum dentatum,Japan,36.204824,138.252924,terrestrial
Skrjabinoclava inornatae,Nearctic,53.569001,-113.571487,marine
Skrjabinoclava morrisoni,Nearctic,53.569001,-113.571487,marine
Graphidium strigosum,Southwest Europe,41.2745004,-1.2121322,terrestrial
Trichostrongylus retortaeformis,Southwest Europe,41.2745004,-1.2121322,terrestrial
Nematodiroides zembrae,Southwest Europe,41.2745004,-1.2121322,terrestrial
Protostrongylus cuniculorum,Southwest Europe,41.2745004,-1.2121322,terrestrial
Passalurus ambiguus,Southwest Europe,41.2745004,-1.2121322,terrestrial
Contracaecum rudolphii,Nova Scotia,44.68198659999999,-63.744311,freshwater
Anisakis simplex,Persian Gulf,26.7505337,51.6834275,marine
Truttaedacnitis truttae,Utah,39.3209801,-111.0937311,freshwater
Truttaedacnitis truttae,"England, Wales + Isle of Man",54.236107,-4.548056,freshwater
Dichelyne cotylophora,Manitoba,53.7608608,-98.8138762,freshwater
Philometra kotlani,Norway,60.47202399999999,8.468945999999999,freshwater
Camallanus truncatus,Norway,60.47202399999999,8.468945999999999,freshwater
Raphidascaris acus,Norway,60.47202399999999,8.468945999999999,freshwater
Amidostomum anseris,Iceland,64.963051,-19.020835,freshwater
Tetrameres fissispina,Iceland,64.963051,-19.020835,freshwater
Echinuria uncinata,Iceland,64.963051,-19.020835,freshwater
Streptocara crassicauda,Iceland,64.963051,-19.020835,freshwater
Anisakis typica,Atlantic Ocean,-14.5994134,-28.6731465,marine
Paracuaria adunca,Iceland,64.963051,-19.020835,marine
Pseudalius inflexus,Atlantic Ocean,-14.5994134,-28.6731465,marine
Anisakis physeteris,Atlantic Ocean,-14.5994134,-28.6731465,marine
Anisakis physeteris,Northern Indian Ocean,-33.137551,81.826172,marine
Dichelyne cotylophora,Lake Huron,45.0521793,-82.48509399999999,freshwater
Vigisospirura potekhina,Spain + Andalusia,37.5442706,-4.7277528,terrestrial
Soboliphyme baturini,Lake Baikal,53.5587003,108.1649965,terrestrial
Baylisascaris transfuga,Japan,36.204824,138.252924,terrestrial
Trichosomoides crassicauda,Lake Baikal,53.5587003,108.1649965,terrestrial
Mastophorus muris,Lake Baikal,53.5587003,108.1649965,terrestrial
Streptopharagus kutassi,Lake Baikal,53.5587003,108.1649965,terrestrial
Physaloptera praeputialis,Lake Baikal,53.5587003,108.1649965,terrestrial
Gongylonema neoplasticum,Lake Baikal,53.5587003,108.1649965,terrestrial
Ascarops strongylina,Mongolia,46.862496,103.846656,terrestrial
Rictularia cristata,Lake Baikal,53.5587003,108.1649965,terrestrial
Ascaris suum,Lake Baikal,53.5587003,108.1649965,terrestrial
Baylisascaris devosi,Lake Baikal,53.5587003,108.1649965,terrestrial
Toxascaris leonina,Lake Baikal,53.5587003,108.1649965,terrestrial
Parascaris equorum,Lake Baikal,53.5587003,108.1649965,terrestrial
Baylisascaris laevis,Lake Baikal,53.5587003,108.1649965,terrestrial
Toxocara canis,Lake Baikal,53.5587003,108.1649965,terrestrial
Aspiculuris tetraptera,Lake Baikal,53.5587003,108.1649965,terrestrial
Triodontophorus tenuicollis,Scotland,56.49067119999999,-4.2026458,terrestrial
Protostrongylus boughtoni,Manitoba,53.7608608,-98.8138762,terrestrial
Passalurus ambiguus,Lake Baikal,53.5587003,108.1649965,terrestrial
Oxyuris equi,Lake Baikal,53.5587003,108.1649965,terrestrial
Filaroides martis,Lake Baikal,53.5587003,108.1649965,terrestrial
Syphacia obvelata,Lake Baikal,53.5587003,108.1649965,terrestrial
Skrjabinema ovis,Lake Baikal,53.5587003,108.1649965,terrestrial
Strongylus equinus,Lake Baikal,53.5587003,108.1649965,terrestrial
Triodontophorus tenuicollis,Lake Baikal,53.5587003,108.1649965,terrestrial
Chabertia ovina,Lake Baikal,53.5587003,108.1649965,terrestrial
Uncinaria stenocephala,Lake Baikal,53.5587003,108.1649965,terrestrial
Cylicocyclus nassatus,Lake Baikal,53.5587003,108.1649965,terrestrial
Oesophagostomum dentatum,Lake Baikal,53.5587003,108.1649965,terrestrial
Oesophagostomum radiatum,Lake Baikal,53.5587003,108.1649965,terrestrial
Oesophagostomum venulosum,Lake Baikal,53.5587003,108.1649965,terrestrial
Oesophagostomum columbianum,Lake Baikal,53.5587003,108.1649965,terrestrial
Metastrongylus pudendotectus,Lake Baikal,53.5587003,108.1649965,terrestrial
Crenosoma petrowi,Lake Baikal,53.5587003,108.1649965,terrestrial
Crenosoma vulpis,Lake Baikal,53.5587003,108.1649965,terrestrial
Protostrongylus hobmaieri,Lake Baikal,53.5587003,108.1649965,terrestrial
Trichostrongylus colubriformis,Lake Baikal,53.5587003,108.1649965,terrestrial
Trichostrongylus skrjabini,Lake Baikal,53.5587003,108.1649965,terrestrial
Trichostrongylus axei,Lake Baikal,53.5587003,108.1649965,terrestrial
Trichostrongylus vitrinus,Lake Baikal,53.5587003,108.1649965,terrestrial
Ostertagia ostertagi,Lake Baikal,53.5587003,108.1649965,terrestrial
Cooperia punctata,Lake Baikal,53.5587003,108.1649965,terrestrial
Cooperia oncophora,Lake Baikal,53.5587003,108.1649965,terrestrial
Cooperia pectinata,Lake Baikal,53.5587003,108.1649965,terrestrial
Haemonchus contortus,Lake Baikal,53.5587003,108.1649965,terrestrial
Nematodirus spathiger,Lake Baikal,53.5587003,108.1649965,terrestrial
Nematodirus filicollis,Lake Baikal,53.5587003,108.1649965,terrestrial
Nematodirus helvetianus,Lake Baikal,53.5587003,108.1649965,terrestrial
Dictyocaulus filaria,Lake Baikal,53.5587003,108.1649965,terrestrial
Dictyocaulus viviparus,Lake Baikal,53.5587003,108.1649965,terrestrial
Dictyocaulus arnfieldi,Lake Baikal,53.5587003,108.1649965,terrestrial
Heligmosomum mixtum,Lake Baikal,53.5587003,108.1649965,terrestrial
Nematodirus filicollis,Iran,32.427908,53.688046,terrestrial
Nematodirus battus,Iran,32.427908,53.688046,terrestrial
Trichostrongylus colubriformis,Iran,32.427908,53.688046,terrestrial
Trichostrongylus vitrinus,Iran,32.427908,53.688046,terrestrial
Trichuris discolor,Iran,32.427908,53.688046,terrestrial
Anisakis simplex,Black Sea,43.41302899999999,34.299316,marine
Spirocerca lupi,Iran,32.427908,53.688046,terrestrial
Toxocara cati,Iceland,64.963051,-19.020835,terrestrial
Heligmosomoides laevis,France,46.227638,2.213749,terrestrial
Heligmosomum mixtum,France,46.227638,2.213749,terrestrial
Camallanus lacustris,Belgium + Luxembourg,50.0546886,5.467698299999999,freshwater
Trichuris skrjabini,Spain + Andalusia,37.5442706,-4.7277528,terrestrial
Trichostrongylus colubriformis,Java,-7.29,109.9,terrestrial
Trichostrongylus axei,Java,-7.29,109.9,terrestrial
Haemonchus contortus,Java,-7.29,109.9,terrestrial
Oesophagostomum columbianum,Java,-7.29,109.9,terrestrial
Cooperia curticei,Java,-7.29,109.9,terrestrial
Trichuris ovis,Java,-7.29,109.9,terrestrial
Oesophagostomum asperum,Java,-7.29,109.9,terrestrial
Oesophagostomum radiatum,Indonesia & Malaysia,-0.789275,113.921327,terrestrial
Haemonchus contortus,Indonesia & Malaysia,-0.789275,113.921327,terrestrial
Ostertagia ostertagi,Indonesia & Malaysia,-0.789275,113.921327,terrestrial
Cooperia punctata,Indonesia & Malaysia,-0.789275,113.921327,terrestrial
Dictyocaulus eckerti,Germany,51.165691,10.451526,terrestrial
Strongylus vulgaris,Germany,51.165691,10.451526,terrestrial
Strongylus edentatus,Germany,51.165691,10.451526,terrestrial
Triodontophorus tenuicollis,Germany,51.165691,10.451526,terrestrial
Cyathostomum catinatum,Germany,51.165691,10.451526,terrestrial
Cylicocyclus nassatus,Germany,51.165691,10.451526,terrestrial
Cylicostephanus longibursatus,Germany,51.165691,10.451526,terrestrial
Uncinaria stenocephala,Victoria,-37.01,144.75,terrestrial
Pseudalius inflexus,Baltic Sea,58.48795200000001,19.863281,marine
Rhabdochona denudata,Greece,39.074208,21.824312,freshwater
Crenosoma vulpis,Spain + Andalusia,37.5442706,-4.7277528,terrestrial
Aelurostrongylus pridhami,Spain + Andalusia,37.5442706,-4.7277528,terrestrial
Angiostrongylus vasorum,Spain + Andalusia,37.5442706,-4.7277528,terrestrial
Filaroides martis,Spain + Andalusia,37.5442706,-4.7277528,terrestrial
Skrjabingylus nasicola,Spain + Andalusia,37.5442706,-4.7277528,terrestrial
Baylisascaris columnaris,Spain + Andalusia,37.5442706,-4.7277528,terrestrial
Physaloptera praeputialis,Spain + Andalusia,37.5442706,-4.7277528,terrestrial
Skrjabingylus nasicola,Byelorussia,53.709807,27.953389,terrestrial
Filaroides martis,Byelorussia,53.709807,27.953389,terrestrial
Heligmosomoides polygyrus,Quebec,52.9399159,-73.5491361,terrestrial
Hysterothylacium aduncum,Sea of Okhotsk,52.87362299999999,149.3658173,marine
Ascarophis filiformis,Sea of Japan,38.848848,135,marine
Anisakis physeteris,Sea of Okhotsk,52.87362299999999,149.3658173,marine
Syphacia obvelata,"England, Wales + Isle of Man",54.236107,-4.548056,terrestrial
Skrjabingylus nasicola,"England, Wales + Isle of Man",54.236107,-4.548056,terrestrial
Filaroides martis,"England, Wales + Isle of Man",54.236107,-4.548056,terrestrial
Aelurostrongylus falciformis,"England, Wales + Isle of Man",54.236107,-4.548056,terrestrial
Parafilaroides gymnurus,"England, Wales + Isle of Man",54.236107,-4.548056,marine
Otostrongylus circumlitus,"England, Wales + Isle of Man",54.236107,-4.548056,marine
Anisakis simplex,"England, Wales + Isle of Man",54.236107,-4.548056,marine
Oxyuris equi,"England, Wales + Isle of Man",54.236107,-4.548056,terrestrial
Strongylus equinus,"England, Wales + Isle of Man",54.236107,-4.548056,terrestrial
Strongylus vulgaris,"England, Wales + Isle of Man",54.236107,-4.548056,terrestrial
Strongylus edentatus,"England, Wales + Isle of Man",54.236107,-4.548056,terrestrial
Trichostrongylus vitrinus,"England, Wales + Isle of Man",54.236107,-4.548056,terrestrial
Oesophagostomum venulosum,"England, Wales + Isle of Man",54.236107,-4.548056,terrestrial
Chabertia ovina,"England, Wales + Isle of Man",54.236107,-4.548056,terrestrial
Skrjabinema ovis,"England, Wales + Isle of Man",54.236107,-4.548056,terrestrial
Trichuris ovis,"England, Wales + Isle of Man",54.236107,-4.548056,terrestrial
Muellerius capillaris,"England, Wales + Isle of Man",54.236107,-4.548056,terrestrial
Parelaphostrongylus tenuis,United States,37.09024,-95.712891,terrestrial
Oesophagostomum bifurcum,Ghana,7.946527,-1.023194,terrestrial
Aspiculuris tetraptera,France,46.227638,2.213749,terrestrial
Spirocerca lupi,Byelorussia,53.709807,27.953389,terrestrial
Ascaris lumbricoides,Nicaragua,12.865416,-85.207229,terrestrial
Trichuris trichiura,Nicaragua,12.865416,-85.207229,terrestrial
Parelaphostrongylus tenuis,Quebec,52.9399159,-73.5491361,terrestrial
Camallanus lacustris,Eire + N. Ireland,54.7877149,-6.4923145,freshwater
Aspiculuris tetraptera,Eire + N. Ireland,54.7877149,-6.4923145,terrestrial
Anisakis simplex,Irish Sea,53.8276917,-4.465836599999999,marine
Syncuaria squamata,Gulf of Mexico,25.304304,-90.065918,freshwater
Anisakis pegreffii,Western Iberian coast,40.4830106,-4.087557299999999,marine
Anisakis pegreffii,New Zealand coast,-42.6919232,171.3399414,marine
Anisakis pegreffii,Southwest Atlantic,-14.5994134,-28.6731465,marine
Cheilospirura spinosa,Tennessee,35.5174913,-86.5804473,terrestrial
Nematodirus abnormalis,Spain + Andalusia,37.5442706,-4.7277528,terrestrial
Oesophagostomum venulosum,Denmark,56.26392,9.501785,terrestrial
Ascaridia galli,Denmark,56.26392,9.501785,terrestrial
Trichostrongylus colubriformis,Ethiopia (incl. Dhibouti),11.59516,43.146473,terrestrial
Haemonchus contortus,Ethiopia (incl. Dhibouti),11.59516,43.146473,terrestrial
Cooperia curticei,Ghana,7.946527,-1.023194,terrestrial
Trichostrongylus axei,Belgium + Luxembourg,50.0546886,5.467698299999999,terrestrial
Camallanus lacustris,Finland,61.92410999999999,25.7481511,freshwater
Parelaphostrongylus tenuis,New Brunswick,46.5653163,-66.46191639999999,terrestrial
Spirura talpae,Spain + Andalusia,37.5442706,-4.7277528,terrestrial
Pterygodermatites hispanica,Spain + Andalusia,37.5442706,-4.7277528,terrestrial
Syphacia obvelata,Spain + Andalusia,37.5442706,-4.7277528,terrestrial
Syphacia muris,Spain + Andalusia,37.5442706,-4.7277528,terrestrial
Toxocara cati,Greece,39.074208,21.824312,terrestrial
Trichuris trichiura,Zaire,-6.2649292,14.2343282,terrestrial
Trichuris trichiura,Egypt,26.820553,30.802498,terrestrial
Otostrongylus circumlitus,Quebec,52.9399159,-73.5491361,marine
Cylicocyclus nassatus,France,46.227638,2.213749,terrestrial
Cylicostephanus longibursatus,France,46.227638,2.213749,terrestrial
Cooperia punctata,Venezuela,6.42375,-66.58973,terrestrial
Trichostrongylus axei,Venezuela,6.42375,-66.58973,terrestrial
Ostertagia ostertagi,Venezuela,6.42375,-66.58973,terrestrial
Hysterothylacium aduncum,Chilean coast,-32.98,-71.00999999999999,marine
Trichostrongylus axei,Germany,51.165691,10.451526,terrestrial
Syngamus trachea,Yugoslavia,37.09024,-95.712891,terrestrial
Ascaridia galli,Yugoslavia,37.09024,-95.712891,terrestrial
Ascaridia columbae,Yugoslavia,37.09024,-95.712891,terrestrial
Heterakis gallinarum,Yugoslavia,37.09024,-95.712891,terrestrial
Capillaria phasianina,Yugoslavia,37.09024,-95.712891,terrestrial
Acuaria hamulosa,Yugoslavia,37.09024,-95.712891,terrestrial
Ornithostrongylus quadriradiatus,Yugoslavia,37.09024,-95.712891,terrestrial
Mastophorus muris,France,46.227638,2.213749,terrestrial
Syphacia muris,France,46.227638,2.213749,terrestrial
Syphacia obvelata,France,46.227638,2.213749,terrestrial
Philometra abdominalis,Lake Baikal,53.5587003,108.1649965,freshwater
Philometra rischta,Lake Baikal,53.5587003,108.1649965,freshwater
Teladorsagia circumcincta,Belgium + Luxembourg,50.0546886,5.467698299999999,terrestrial
Trichostrongylus axei,France,46.227638,2.213749,terrestrial
Cooperia curticei,Scotland,56.49067119999999,-4.2026458,terrestrial
Cooperia curticei,"England, Wales + Isle of Man",54.236107,-4.548056,terrestrial
Haemonchus contortus,Scotland,56.49067119999999,-4.2026458,terrestrial
Nematodirus spathiger,"England, Wales + Isle of Man",54.236107,-4.548056,terrestrial
Oesophagostomum venulosum,Scotland,56.49067119999999,-4.2026458,terrestrial
Trichostrongylus colubriformis,Scotland,56.49067119999999,-4.2026458,terrestrial
Dictyocaulus filaria,France,46.227638,2.213749,terrestrial
Cystocaulus ocreatus,France,46.227638,2.213749,terrestrial
Nematodirus abnormalis,France,46.227638,2.213749,terrestrial
Nematodirus battus,France,46.227638,2.213749,terrestrial
Oesophagostomum radiatum,France,46.227638,2.213749,terrestrial
Trichuris discolor,France,46.227638,2.213749,terrestrial
Syngamus trachea,Scotland,56.49067119999999,-4.2026458,terrestrial
Heterakis gallinarum,Scotland,56.49067119999999,-4.2026458,terrestrial
Gongylonema pulchrum,Germany,51.165691,10.451526,terrestrial
Rhabdochona denudata,Norway,60.47202399999999,8.468945999999999,freshwater
Eustrongylides tubifex,Bangladesh,23.684994,90.356331,freshwater
Spirocamallanus mysti,Bangladesh,23.684994,90.356331,freshwater
Strongylus vulgaris,Iraq,33.223191,43.679291,terrestrial
Filaroides hirthi,Eire + N. Ireland,54.7877149,-6.4923145,terrestrial
Haemonchus contortus,Bangladesh,23.684994,90.356331,terrestrial
Physaloptera maxillaris,Argentina,-38.416097,-63.61667199999999,terrestrial
Toxascaris leonina,Argentina,-38.416097,-63.61667199999999,terrestrial
Anisakis simplex,Western Mediterranean,34.5531284,18.0480105,marine
Nematodirus battus,Canada,56.130366,-106.346771,terrestrial
Hysterothylacium aduncum,Tyrrhenian Sea,40.0769862,11.3431058,marine
Ascaris lumbricoides,France,46.227638,2.213749,terrestrial
Philometra abdominalis,Norway,60.47202399999999,8.468945999999999,freshwater
Philometra rischta,Norway,60.47202399999999,8.468945999999999,freshwater
Philonema oncorhynchi,Norway,60.47202399999999,8.468945999999999,freshwater
Pseudocapillaria tomentosa,Norway,60.47202399999999,8.468945999999999,freshwater
Hadjelia truncata,Egypt,26.820553,30.802498,terrestrial
Ascaridia columbae,Egypt,26.820553,30.802498,terrestrial
Philonema agubernaculum,Quebec,52.9399159,-73.5491361,freshwater
Pearsonema plica,Southwest Europe,41.2745004,-1.2121322,terrestrial
Eucoleus aerophilus,Southwest Europe,41.2745004,-1.2121322,terrestrial
Aonchotheca putorii,Southwest Europe,41.2745004,-1.2121322,terrestrial
Trichuris vulpis,Southwest Europe,41.2745004,-1.2121322,terrestrial
Uncinaria stenocephala,Southwest Europe,41.2745004,-1.2121322,terrestrial
Crenosoma vulpis,Southwest Europe,41.2745004,-1.2121322,terrestrial
Crenosoma petrowi,Southwest Europe,41.2745004,-1.2121322,terrestrial
Aelurostrongylus pridhami,Southwest Europe,41.2745004,-1.2121322,terrestrial
Angiostrongylus vasorum,Southwest Europe,41.2745004,-1.2121322,terrestrial
Filaroides martis,Southwest Europe,41.2745004,-1.2121322,terrestrial
Skrjabingylus nasicola,Southwest Europe,41.2745004,-1.2121322,terrestrial
Toxocara canis,Southwest Europe,41.2745004,-1.2121322,terrestrial
Toxocara cati,Southwest Europe,41.2745004,-1.2121322,terrestrial
Baylisascaris columnaris,Southwest Europe,41.2745004,-1.2121322,terrestrial
Toxascaris leonina,Southwest Europe,41.2745004,-1.2121322,terrestrial
Spirocerca lupi,Southwest Europe,41.2745004,-1.2121322,terrestrial
Mastophorus muris,Southwest Europe,41.2745004,-1.2121322,terrestrial
Physaloptera praeputialis,Southwest Europe,41.2745004,-1.2121322,terrestrial
Pterygodermatites affinis,Southwest Europe,41.2745004,-1.2121322,terrestrial
Chabertia ovina,Victoria,-37.01,144.75,terrestrial
Oesophagostomum venulosum,Victoria,-37.01,144.75,terrestrial
Toxocara canis,Taiwan,23.69781,120.960515,terrestrial
Toxascaris leonina,Taiwan,23.69781,120.960515,terrestrial
Toxocara cati,Taiwan,23.69781,120.960515,terrestrial
Parascaris equorum,Sweden,60.12816100000001,18.643501,terrestrial
Trichostrongylus axei,Sweden,60.12816100000001,18.643501,terrestrial
Strongylus edentatus,Sweden,60.12816100000001,18.643501,terrestrial
Toxocara vitulorum,Vietnam,14.058324,108.277199,terrestrial
Teladorsagia circumcincta,Canary Islands,28.2915637,-16.6291304,terrestrial
Trichostrongylus axei,Canary Islands,28.2915637,-16.6291304,terrestrial
Haemonchus contortus,Canary Islands,28.2915637,-16.6291304,terrestrial
Toxocara canis,Malaya,3.17,101.7,terrestrial
Oesophagostomum quadrispinulatum,Europe,54.5259614,15.2551187,terrestrial
Oesophagostomum dentatum,Europe,54.5259614,15.2551187,terrestrial
Hysterothylacium aduncum,Western Iberian coast,40.4830106,-4.087557299999999,marine
Amidostomum acutum,Egypt,26.820553,30.802498,freshwater
Amidostomum anseris,Egypt,26.820553,30.802498,freshwater
Amidostomum anseris,Sudan,12.862807,30.217636,freshwater
Epomidiostomum uncinatum,Senegal,14.497401,-14.452362,freshwater
Porrocaecum crassum,Kenya,-0.023559,37.906193,freshwater
Contracaecum microcephalum,Zaire,-6.2649292,14.2343282,freshwater
Capillaria anatis,Senegal,14.497401,-14.452362,terrestrial
Pseudocapillaria tomentosa,Europe,54.5259614,15.2551187,freshwater
Cooperia oncophora,Scotland,56.49067119999999,-4.2026458,terrestrial
Cooperia punctata,Arkansas,35.20105,-91.8318334,terrestrial
Cooperia punctata,Victoria,-37.01,144.75,terrestrial
Cooperia curticei,France,46.227638,2.213749,terrestrial
Nematodirus spathiger,New South Wales,-31.2532183,146.921099,terrestrial
Nematodirus filicollis,Victoria,-37.01,144.75,terrestrial
Nematodirus filicollis,Germany,51.165691,10.451526,terrestrial
Nematodirus helvetianus,Arkansas,35.20105,-91.8318334,terrestrial
Cystidicoloides tenuissima,Norway,60.47202399999999,8.468945999999999,freshwater
Dracunculus medinensis,United States,37.09024,-95.712891,terrestrial
Dracunculus medinensis,Canada,56.130366,-106.346771,terrestrial
Trichostrongylus retortaeformis,Germany,51.165691,10.451526,terrestrial
Toxocara cati,Germany,51.165691,10.451526,terrestrial
Toxascaris leonina,Austria,47.516231,14.550072,terrestrial
Uncinaria stenocephala,Austria,47.516231,14.550072,terrestrial
Rhabdochona denudata,Austria,47.516231,14.550072,freshwater
Haemonchus contortus,Burkina Faso,12.238333,-1.561593,terrestrial
Haemonchus contortus,Senegal,14.497401,-14.452362,terrestrial
Trichostrongylus axei,Senegal,14.497401,-14.452362,terrestrial
Trichostrongylus colubriformis,Burkina Faso,12.238333,-1.561593,terrestrial
Trichostrongylus colubriformis,Senegal,14.497401,-14.452362,terrestrial
Cooperia curticei,Burkina Faso,12.238333,-1.561593,terrestrial
Cooperia curticei,Senegal,14.497401,-14.452362,terrestrial
Cooperia punctata,Burkina Faso,12.238333,-1.561593,terrestrial
Trichuris ovis,Burkina Faso,12.238333,-1.561593,terrestrial
Trichuris ovis,Senegal,14.497401,-14.452362,terrestrial
Oesophagostomum columbianum,Burkina Faso,12.238333,-1.561593,terrestrial
Oesophagostomum columbianum,Senegal,14.497401,-14.452362,terrestrial
Angiostrongylus mackerrasae,Australia,-25.274398,133.775136,terrestrial
Cyclodontostomum purvisi,Australia,-25.274398,133.775136,terrestrial
Syphacia muris,Australia,-25.274398,133.775136,terrestrial
Mastophorus muris,Australia,-25.274398,133.775136,terrestrial
Cucullanus heterochrous,Black Sea,43.41302899999999,34.299316,marine
Camallanus cotti,Puerto Rico,18.220833,-66.590149,freshwater
Eustrongylides ignotus,Puerto Rico,18.220833,-66.590149,freshwater
Spinitectus carolini,Puerto Rico,18.220833,-66.590149,freshwater
Tetrameres fissispina,Puerto Rico,18.220833,-66.590149,freshwater
Gnathostoma spinigerum,Coast of Philippines,11.9574918,121.9269656,terrestrial
Uncinaria stenocephala,Peru,-9.189967,-75.015152,terrestrial
Ascaris suum,Victoria,-37.01,144.75,terrestrial
Ascaris suum,Scotland,56.49067119999999,-4.2026458,terrestrial
Trichostrongylus axei,Louisiana,30.9842977,-91.96233269999999,terrestrial
Trichostrongylus colubriformis,Louisiana,30.9842977,-91.96233269999999,terrestrial
Ascaris lumbricoides,Victoria,-37.01,144.75,terrestrial
Toxascaris leonina,Victoria,-37.01,144.75,terrestrial
Toxocara canis,Victoria,-37.01,144.75,terrestrial
Toxocara cati,Victoria,-37.01,144.75,terrestrial
Baylisascaris procyonis,Germany,51.165691,10.451526,terrestrial
Ascaridia galli,Victoria,-37.01,144.75,terrestrial
Ascaridia columbae,Victoria,-37.01,144.75,terrestrial
Heterakis gallinarum,Victoria,-37.01,144.75,terrestrial
Rhabdochona denudata,European USSR (CIS),54.5259614,15.2551187,freshwater
Philometra ovata,European USSR (CIS),54.5259614,15.2551187,freshwater
Trichostrongylus retortaeformis,European USSR (CIS),54.5259614,15.2551187,terrestrial
Syphacia obvelata,European USSR (CIS),54.5259614,15.2551187,terrestrial
Anisakis physeteris,Western Iberian coast,40.4830106,-4.087557299999999,marine
Dispharynx nasuta,Pennsylvania,41.2033216,-77.1945247,terrestrial
Crenosoma vulpis,European USSR (CIS),54.5259614,15.2551187,terrestrial
Uncinaria stenocephala,European USSR (CIS),54.5259614,15.2551187,terrestrial
Toxascaris leonina,European USSR (CIS),54.5259614,15.2551187,terrestrial
Toxocara canis,European USSR (CIS),54.5259614,15.2551187,terrestrial
Crenosoma petrowi,European USSR (CIS),54.5259614,15.2551187,terrestrial
Filaroides martis,European USSR (CIS),54.5259614,15.2551187,terrestrial
Skrjabingylus nasicola,European USSR (CIS),54.5259614,15.2551187,terrestrial
Passalurus ambiguus,France,46.227638,2.213749,terrestrial
Hammerschmidtiella diesingi,France,46.227638,2.213749,terrestrial
Thelastoma bulhoesi,France,46.227638,2.213749,terrestrial
Gongylonema soricis,Spain + Andalusia,37.5442706,-4.7277528,terrestrial
Pseudalius inflexus,Western coast of British Isles,56.41323389999999,-5.472362899999999,marine
Dictyocaulus viviparus,Spain + Andalusia,37.5442706,-4.7277528,terrestrial
Anisakis simplex,Tyrrhenian Sea,40.0769862,11.3431058,marine
Haemonchus contortus,Germany,51.165691,10.451526,terrestrial
Haemonchus contortus,Arkansas,35.20105,-91.8318334,terrestrial
Trichostrongylus axei,Australia,-25.274398,133.775136,terrestrial
Trichostrongylus vitrinus,Australia,-25.274398,133.775136,terrestrial
Cooperia oncophora,Australia,-25.274398,133.775136,terrestrial
Cooperia punctata,Australia,-25.274398,133.775136,terrestrial
Nematodirus filicollis,Australia,-25.274398,133.775136,terrestrial
Nematodirus spathiger,Australia,-25.274398,133.775136,terrestrial
Chabertia ovina,Germany,51.165691,10.451526,terrestrial
Chabertia ovina,Australia,-25.274398,133.775136,terrestrial
Oesophagostomum radiatum,Australia,-25.274398,133.775136,terrestrial
Oesophagostomum columbianum,Australia,-25.274398,133.775136,terrestrial
Paracamallanus cyathopharynx,Zaire,-6.2649292,14.2343282,freshwater
Paracamallanus cyathopharynx,Sudan,12.862807,30.217636,freshwater
Paracamallanus cyathopharynx,Senegal,14.497401,-14.452362,freshwater
Serpinema trispinosum,Mexico,23.634501,-102.552784,freshwater
Procamallanus laeviconchus,Sudan,12.862807,30.217636,freshwater
Procamallanus laeviconchus,Zaire,-6.2649292,14.2343282,freshwater
Procamallanus laeviconchus,Senegal,14.497401,-14.452362,freshwater
Procamallanus laeviconchus,Ghana,7.946527,-1.023194,freshwater
Procamallanus laeviconchus,Uganda,1.373333,32.290275,freshwater
Cystidicola farionis,European USSR (CIS),54.5259614,15.2551187,freshwater
Philonema sibirica,European USSR (CIS),54.5259614,15.2551187,freshwater
Trichostrongylus vitrinus,Morocco,31.791702,-7.092619999999999,terrestrial
Teladorsagia circumcincta,Morocco,31.791702,-7.092619999999999,terrestrial
Ostertagia ostertagi,Morocco,31.791702,-7.092619999999999,terrestrial
Ascaris suum,Northern Europe,62.27864750000001,12.3401709,terrestrial
Trichuris suis,Northern Europe,62.27864750000001,12.3401709,terrestrial
Dracunculus medinensis,Ethiopian Region,9.145000000000001,40.489673,terrestrial
Umingmakstrongylus pallikuukensis,Canada,56.130366,-106.346771,terrestrial
Heligmosomoides polygyrus,Scotland,56.49067119999999,-4.2026458,terrestrial
Enterobius vermicularis,Java,-7.29,109.9,terrestrial
Ascaris lumbricoides,Java,-7.29,109.9,terrestrial
Trichuris trichiura,Java,-7.29,109.9,terrestrial
Eustrongylides tubifex,Japan,36.204824,138.252924,freshwater
Oesophagostomum venulosum,Germany,51.165691,10.451526,terrestrial
Oesophagostomum dentatum,Yugoslavia,37.09024,-95.712891,terrestrial
Elaphostrongylus rangiferi,Nearctic,53.569001,-113.571487,terrestrial
Parelaphostrongylus odocoilei,Nearctic,53.569001,-113.571487,terrestrial
Dictyocaulus viviparus,Nearctic,53.569001,-113.571487,terrestrial
Trichuris discolor,Nearctic,53.569001,-113.571487,terrestrial
Strongylus vulgaris,Eire + N. Ireland,54.7877149,-6.4923145,terrestrial
Ascaridia galli,Ethiopia (incl. Dhibouti),11.59516,43.146473,terrestrial
Heterakis gallinarum,Ethiopia (incl. Dhibouti),11.59516,43.146473,terrestrial
Toxocara canis,North Carolina,35.7595731,-79.01929969999999,terrestrial
Oslerus osleri,Norway,60.47202399999999,8.468945999999999,terrestrial
Toxocara cati,Malaya,3.17,101.7,terrestrial
Oesophagostomum columbianum,Bangladesh,23.684994,90.356331,terrestrial
Cucullanus heterochrous,North Sea,56.511018,3.515625,marine
Chabertia ovina,Mauritania,21.00789,-10.940835,terrestrial
Chabertia ovina,Morocco,31.791702,-7.092619999999999,terrestrial
Oesophagostomum venulosum,Morocco,31.791702,-7.092619999999999,terrestrial
Haemonchus contortus,Morocco,31.791702,-7.092619999999999,terrestrial
Trichostrongylus colubriformis,Morocco,31.791702,-7.092619999999999,terrestrial
Trichuris suis,Spain + Andalusia,37.5442706,-4.7277528,terrestrial
Trichostrongylus axei,New South Wales,-31.2532183,146.921099,terrestrial
Anisakis ziphidarum,Tyrrhenian Sea,40.0769862,11.3431058,marine
Gnathostoma turgidum,Mexico,23.634501,-102.552784,terrestrial
Gnathostoma spinigerum,Mexico,23.634501,-102.552784,terrestrial
Angiostrongylus cantonensis,Cuba,21.521757,-77.781167,terrestrial
Gyrinicola batrachiensis,Canada,56.130366,-106.346771,freshwater
Toxocara canis,Wisconsin,43.7844397,-88.7878678,terrestrial
Toxascaris leonina,Wisconsin,43.7844397,-88.7878678,terrestrial
Trichuris vulpis,Wisconsin,43.7844397,-88.7878678,terrestrial
Toxocara vitulorum,Thailand,15.870032,100.992541,terrestrial
Mastophorus muris,"Ukraine, incl. Moldavia",48.379433,31.1655799,terrestrial
Rictularia proni,"Ukraine, incl. Moldavia",48.379433,31.1655799,terrestrial
Syphacia obvelata,"Ukraine, incl. Moldavia",48.379433,31.1655799,terrestrial
Acuaria hamulosa,Mexico,23.634501,-102.552784,terrestrial
Syncuaria squamata,Mexico,23.634501,-102.552784,freshwater
Angiostrongylus vasorum,Mexico,23.634501,-102.552784,terrestrial
Contracaecum microcephalum,Mexico,23.634501,-102.552784,freshwater
Contracaecum rudolphii,Mexico,23.634501,-102.552784,freshwater
Toxascaris leonina,Mexico,23.634501,-102.552784,terrestrial
Ascaridia galli,Mexico,23.634501,-102.552784,terrestrial
Crenosoma mephitidis,California,36.778261,-119.4179324,terrestrial
Oesophagostomum dentatum,Mexico,23.634501,-102.552784,terrestrial
Diplotriaena tricuspis,Mexico,23.634501,-102.552784,terrestrial
Echinocephalus pseudouncinatus,Gulf of Mexico,25.304304,-90.065918,marine
Gongylonema neoplasticum,Mexico,23.634501,-102.552784,terrestrial
Heterakis gallinarum,Mexico,23.634501,-102.552784,terrestrial
Heterakis spumosa,Mexico,23.634501,-102.552784,terrestrial
Ascaris lumbricoides,Equatorial Guinea,1.650801,10.267895,terrestrial
Trichuris trichiura,Equatorial Guinea,1.650801,10.267895,terrestrial
Paraquimperia tenerrima,Norway,60.47202399999999,8.468945999999999,freshwater
Oesophagostomum quadrispinulatum,Estonia + Latvia,56.95962400000001,24.1016552,terrestrial
Trichuris trichiura,Nepal,28.394857,84.12400799999999,terrestrial
Ascaris lumbricoides,Nepal,28.394857,84.12400799999999,terrestrial
Anisakis simplex,Caribbean Sea,14.5401107,-74.9676365,marine
Syphacia obvelata,Egypt,26.820553,30.802498,terrestrial
Rhabdochona cascadilla,Quebec,52.9399159,-73.5491361,freshwater
Pseudocapillaria tomentosa,Quebec,52.9399159,-73.5491361,freshwater
Paracuaria adunca,Quebec,52.9399159,-73.5491361,marine
Spirocamallanus hilarii,Argentina,-38.416097,-63.61667199999999,freshwater
Angiostrongylus cantonensis,Haiti,18.971187,-72.285215,terrestrial
Angiostrongylus costaricensis,Haiti,18.971187,-72.285215,terrestrial
Ascaris lumbricoides,Argentina,-38.416097,-63.61667199999999,terrestrial
Trichuris trichiura,Argentina,-38.416097,-63.61667199999999,terrestrial
Oesophagostomum radiatum,New South Wales,-31.2532183,146.921099,terrestrial
Oesophagostomum radiatum,Victoria,-37.01,144.75,terrestrial
Oesophagostomum columbianum,New South Wales,-31.2532183,146.921099,terrestrial
Rhabdochona denudata,Iran,32.427908,53.688046,freshwater
Ascaris lumbricoides,Denmark,56.26392,9.501785,terrestrial
Anisakis physeteris,Caribbean Sea,14.5401107,-74.9676365,marine
Anisakis typica,Caribbean Sea,14.5401107,-74.9676365,marine
Rhabdochona coronacauda,Japan,36.204824,138.252924,freshwater
Ascaris suum,Australia,-25.274398,133.775136,terrestrial
Teladorsagia circumcincta,Cyprus,35.126413,33.429859,terrestrial
Trichostrongylus vitrinus,Cyprus,35.126413,33.429859,terrestrial
Trichostrongylus axei,Cyprus,35.126413,33.429859,terrestrial
Ostertagia ostertagi,Cyprus,35.126413,33.429859,terrestrial
Trichuris ovis,Cyprus,35.126413,33.429859,terrestrial
Trichuris discolor,Cyprus,35.126413,33.429859,terrestrial
Muellerius capillaris,Cyprus,35.126413,33.429859,terrestrial
Cystidicoloides tenuissima,Eire + N. Ireland,54.7877149,-6.4923145,freshwater
Angiostrongylus costaricensis,Ecuador,-1.831239,-78.18340599999999,terrestrial
Pseudocapillaria tomentosa,Italy,41.87194,12.56738,freshwater
Paraquimperia tenerrima,Eire + N. Ireland,54.7877149,-6.4923145,freshwater
Cystidicola farionis,Mongolia,46.862496,103.846656,freshwater
Spirura talpae,Egypt,26.820553,30.802498,terrestrial
Aplectana macintoshii,Egypt,26.820553,30.802498,terrestrial
Toxocara cati,New Hampshire/Vermont/Massachusetts/Connecticut/Rhode Is.,43.2509279,-71.9273024,terrestrial
Toxocara cati,Kansas,39.011902,-98.4842465,terrestrial
Angiostrongylus cantonensis,Puerto Rico,18.220833,-66.590149,terrestrial
Trichostrongylus axei,Transvaal,-23.59,29.13,terrestrial
Parafilaroides gymnurus,Atlantic Ocean,-14.5994134,-28.6731465,marine
Otostrongylus circumlitus,Sea of Japan,38.848848,135,marine
Otostrongylus circumlitus,Atlantic Ocean,-14.5994134,-28.6731465,marine
Protostrongylus rufescens,Yugoslavia,37.09024,-95.712891,terrestrial
Gongylonema pulchrum,Yugoslavia,37.09024,-95.712891,terrestrial
Trichostrongylus axei,Armenia,40.069099,45.038189,terrestrial
Teladorsagia circumcincta,Armenia,40.069099,45.038189,terrestrial
Skrjabinema ovis,Armenia,40.069099,45.038189,terrestrial
Graphidium strigosum,France,46.227638,2.213749,terrestrial
Trichostrongylus retortaeformis,France,46.227638,2.213749,terrestrial
Trichostrongylus tenuis,Iceland,64.963051,-19.020835,terrestrial
Rhabdochona oncorhynchi,Norway,60.47202399999999,8.468945999999999,freshwater
Paracuaria adunca,Florida,27.6648274,-81.5157535,marine
Eustrongylides tubifex,Florida,27.6648274,-81.5157535,freshwater
Desportesius invaginatus,Florida,27.6648274,-81.5157535,terrestrial
Avioserpens galliardi,Florida,27.6648274,-81.5157535,freshwater
Contracaecum microcephalum,Florida,27.6648274,-81.5157535,freshwater
Parelaphostrongylus tenuis,Nebraska,41.4925374,-99.9018131,terrestrial
Skrjabinoclava morrisoni,Canada,56.130366,-106.346771,marine
Protostrongylus tauricus,Spain + Andalusia,37.5442706,-4.7277528,terrestrial
Haemonchus placei,Kenya,-0.023559,37.906193,terrestrial
Cooperia pectinata,Kenya,-0.023559,37.906193,terrestrial
Cooperia punctata,Kenya,-0.023559,37.906193,terrestrial
Oesophagostomum radiatum,Kenya,-0.023559,37.906193,terrestrial
Trichostrongylus axei,Kenya,-0.023559,37.906193,terrestrial
Nematodirus helvetianus,Kenya,-0.023559,37.906193,terrestrial
Acuaria gruveli,Spain + Andalusia,37.5442706,-4.7277528,terrestrial
Amidostomum fulicae,Spain + Andalusia,37.5442706,-4.7277528,freshwater
Anguillicola crassus,Spain + Andalusia,37.5442706,-4.7277528,freshwater
Ascaris lumbricoides,Spain + Andalusia,37.5442706,-4.7277528,terrestrial
Ascaris lumbricoides,Gibraltar,36.140751,-5.353585,terrestrial
Ascarops strongylina,Spain + Andalusia,37.5442706,-4.7277528,terrestrial
Eustrongylides ignotus,Neotropical,28.9337826,-95.30845339999999,freshwater
Eustrongylides tubifex,Neotropical,28.9337826,-95.30845339999999,freshwater
Trichuris trichiura,Mali,17.570692,-3.996166,terrestrial
Avioserpens mosgovoyi,Spain + Andalusia,37.5442706,-4.7277528,freshwater
Cooperia curticei,Spain + Andalusia,37.5442706,-4.7277528,terrestrial
Cooperia punctata,Spain + Andalusia,37.5442706,-4.7277528,terrestrial
Oesophagostomum radiatum,Argentina,-38.416097,-63.61667199999999,terrestrial
Crenosoma striatum,Spain + Andalusia,37.5442706,-4.7277528,terrestrial
Cucullanus heterochrous,Western Iberian coast,40.4830106,-4.087557299999999,marine
Cyathostomum catinatum,Spain + Andalusia,37.5442706,-4.7277528,terrestrial
Cystidicoloides tenuissima,Spain + Andalusia,37.5442706,-4.7277528,freshwater
Dictyocaulus arnfieldi,Spain + Andalusia,37.5442706,-4.7277528,terrestrial
Trichuris ovis,South Australia,-30.0002315,136.2091547,terrestrial
Echinuria uncinata,Spain + Andalusia,37.5442706,-4.7277528,freshwater
Epomidiostomum uncinatum,Spain + Andalusia,37.5442706,-4.7277528,freshwater
Anisakis typica,Western Mediterranean,34.5531284,18.0480105,marine
Gongylonema neoplasticum,Spain + Andalusia,37.5442706,-4.7277528,terrestrial
Gongylonema neoplasticum,Balearic Islands,39.3587759,2.7356328,terrestrial
Gongylonema pulchrum,Spain + Andalusia,37.5442706,-4.7277528,terrestrial
Hadjelia truncata,Spain + Andalusia,37.5442706,-4.7277528,terrestrial
Haemonchus placei,Spain + Andalusia,37.5442706,-4.7277528,terrestrial
Hammerschmidtiella diesingi,Spain + Andalusia,37.5442706,-4.7277528,terrestrial
Heterakis gallinarum,Spain + Andalusia,37.5442706,-4.7277528,terrestrial
Hyostrongylus rubidus,Spain + Andalusia,37.5442706,-4.7277528,terrestrial
Leidynema appendiculata,Spain + Andalusia,37.5442706,-4.7277528,terrestrial
Metastrongylus salmi,Spain + Andalusia,37.5442706,-4.7277528,terrestrial
Teladorsagia circumcincta,Spitzbergen (Svalbard),78.90136,13.4838877,terrestrial
Oesophagostomum columbianum,Spain + Andalusia,37.5442706,-4.7277528,terrestrial
Oesophagostomum dentatum,Spain + Andalusia,37.5442706,-4.7277528,terrestrial
Oesophagostomum radiatum,Spain + Andalusia,37.5442706,-4.7277528,terrestrial
Ornithostrongylus quadriradiatus,Spain + Andalusia,37.5442706,-4.7277528,terrestrial
Dictyocaulus viviparus,Sweden,60.12816100000001,18.643501,terrestrial
Oxyuris equi,Spain + Andalusia,37.5442706,-4.7277528,terrestrial
Paraquimperia tenerrima,Spain + Andalusia,37.5442706,-4.7277528,freshwater
Parascaris equorum,Spain + Andalusia,37.5442706,-4.7277528,terrestrial
Passalurus ambiguus,Spain + Andalusia,37.5442706,-4.7277528,terrestrial
Physocephalus sexalatus,Spain + Andalusia,37.5442706,-4.7277528,terrestrial
Porrocaecum ensicaudatum,Spain + Andalusia,37.5442706,-4.7277528,terrestrial
Proleptus obtusus,Western Iberian coast,40.4830106,-4.087557299999999,marine
Proleptus obtusus,Western Mediterranean,34.5531284,18.0480105,marine
Protospirura numidica,Spain + Andalusia,37.5442706,-4.7277528,terrestrial
Rhabdochona denudata,Spain + Andalusia,37.5442706,-4.7277528,freshwater
Rhabdochona gnedini,Spain + Andalusia,37.5442706,-4.7277528,freshwater
Seuratum cadarachense,Spain + Andalusia,37.5442706,-4.7277528,terrestrial
Sicarius dipterum,Spain + Andalusia,37.5442706,-4.7277528,terrestrial
Simondsia paradoxa,Spain + Andalusia,37.5442706,-4.7277528,terrestrial
Spirura rytipleurites,Spain + Andalusia,37.5442706,-4.7277528,terrestrial
Stephanurus dentatus,Spain + Andalusia,37.5442706,-4.7277528,terrestrial
Strongylus edentatus,Spain + Andalusia,37.5442706,-4.7277528,terrestrial
Strongylus equinus,Spain + Andalusia,37.5442706,-4.7277528,terrestrial
Strongylus vulgaris,Spain + Andalusia,37.5442706,-4.7277528,terrestrial
Syngamus trachea,Spain + Andalusia,37.5442706,-4.7277528,terrestrial
Syphacia muris,Balearic Islands,39.3587759,2.7356328,terrestrial
Anguillicola crassus,Eire + N. Ireland,54.7877149,-6.4923145,freshwater
Ascaris lumbricoides,Hawaiian Islands,19.8967662,-155.5827818,terrestrial
Baylisascaris tasmaniensis,Australia,-25.274398,133.775136,terrestrial
Trichostrongylus tenuis,Spain + Andalusia,37.5442706,-4.7277528,terrestrial
Trichuris trichiura,Canary Islands,28.2915637,-16.6291304,terrestrial
Trichuris trichiura,Spain + Andalusia,37.5442706,-4.7277528,terrestrial
Trichuris vulpis,Canary Islands,28.2915637,-16.6291304,terrestrial
Triodontophorus tenuicollis,Spain + Andalusia,37.5442706,-4.7277528,terrestrial
Teladorsagia circumcincta,Iceland,64.963051,-19.020835,terrestrial
Nematodirus filicollis,Iceland,64.963051,-19.020835,terrestrial
Nematodirus spathiger,Iceland,64.963051,-19.020835,terrestrial
Chabertia ovina,Iceland,64.963051,-19.020835,terrestrial
Oesophagostomum venulosum,Iceland,64.963051,-19.020835,terrestrial
Trichuris ovis,Iceland,64.963051,-19.020835,terrestrial
Muellerius capillaris,Iceland,64.963051,-19.020835,terrestrial
Salvelinema salmonicola,British Columbia,53.7266683,-127.6476205,freshwater
Toxocara vitulorum,Lithuania,55.169438,23.881275,terrestrial
Oxyuris equi,Lithuania,55.169438,23.881275,terrestrial
Parascaris equorum,Lithuania,55.169438,23.881275,terrestrial
Trichuris suis,Lithuania,55.169438,23.881275,terrestrial
Aspiculuris tetraptera,Iceland,64.963051,-19.020835,terrestrial
Syphacia obvelata,Iceland,64.963051,-19.020835,terrestrial
Heligmosomoides polygyrus,Iceland,64.963051,-19.020835,terrestrial
Trichuris muris,Iceland,64.963051,-19.020835,terrestrial
Eucoleus aerophilus,Nearctic,53.569001,-113.571487,terrestrial
Cystidicola farionis,Western coast of British Isles,56.41323389999999,-5.472362899999999,freshwater
Hystrichis tricolor,Uzbekistan,41.377491,64.585262,freshwater
Oswaldocruzia filiformis,Uzbekistan,41.377491,64.585262,terrestrial
Oesophagostomum bifurcum,Ethiopian Region,9.145000000000001,40.489673,terrestrial
Haemonchus contortus,Neotropical,28.9337826,-95.30845339999999,terrestrial
Trichostrongylus axei,Ethiopian Region,9.145000000000001,40.489673,terrestrial
Trichostrongylus axei,Neotropical,28.9337826,-95.30845339999999,terrestrial
Trichostrongylus colubriformis,Nearctic,53.569001,-113.571487,terrestrial
Trichostrongylus vitrinus,Neotropical,28.9337826,-95.30845339999999,terrestrial
Comephoronema oschmarini,France,46.227638,2.213749,freshwater
Anisakis simplex,Nearctic,53.569001,-113.571487,marine
Baylisascaris procyonis,Nearctic,53.569001,-113.571487,terrestrial
Lagochilascaris minor,Neotropical,28.9337826,-95.30845339999999,terrestrial
Gnathostoma spinigerum,Nearctic,53.569001,-113.571487,terrestrial
Gongylonema pulchrum,Nearctic,53.569001,-113.571487,terrestrial
Cosmocephalus obvelatus,North Sea,56.511018,3.515625,freshwater
Heterakis spumosa,Egypt,26.820553,30.802498,terrestrial
Gongylonema neoplasticum,Egypt,26.820553,30.802498,terrestrial
Leidynema appendiculata,Cuba,21.521757,-77.781167,terrestrial
Cyrnea colini,United States,37.09024,-95.712891,terrestrial
Dispharynx nasuta,United States,37.09024,-95.712891,terrestrial
Pseudocapillaria tomentosa,Iran,32.427908,53.688046,freshwater
Toxocara cati,Egypt,26.820553,30.802498,terrestrial
Capillaria gracilis,North Sea,56.511018,3.515625,marine
Anisakis brevispiculata,NW African coast,-8.783195,34.508523,marine
Anisakis pegreffii,Western Mediterranean,34.5531284,18.0480105,marine
Anisakis pegreffii,NW African coast,-8.783195,34.508523,marine
Anisakis ziphidarum,NW African coast,-8.783195,34.508523,marine
Oxyuris equi,Mexico,23.634501,-102.552784,terrestrial
Passalurus ambiguus,Mexico,23.634501,-102.552784,terrestrial
Syphacia obvelata,Mexico,23.634501,-102.552784,terrestrial
Dichelyne cotylophora,Lake Michigan,43.4501005,-87.22201869999999,freshwater
Eustrongylides tubifex,Lake Michigan,43.4501005,-87.22201869999999,freshwater
Dichelyne cotylophora,Great Lakes,45.0522366,-82.4846115,freshwater
Eustrongylides tubifex,Great Lakes,45.0522366,-82.4846115,freshwater
Philometra cylindracea,Great Lakes,45.0522366,-82.4846115,freshwater
Raphidascaris acus,Great Lakes,45.0522366,-82.4846115,freshwater
Spinitectus carolini,Great Lakes,45.0522366,-82.4846115,freshwater
Physaloptera maxillaris,Mexico,23.634501,-102.552784,terrestrial
Physaloptera praeputialis,Mexico,23.634501,-102.552784,terrestrial
Turgida turgida,Guatemala,15.783471,-90.23075899999999,terrestrial
Turgida turgida,Mexico,23.634501,-102.552784,terrestrial
Strongylus equinus,Mexico,23.634501,-102.552784,terrestrial
Strongylus vulgaris,Mexico,23.634501,-102.552784,terrestrial
Oxyspirura mansoni,Mexico,23.634501,-102.552784,terrestrial
Trichuris muris,Mexico,23.634501,-102.552784,terrestrial
Raphidascaris acus,Germany,51.165691,10.451526,freshwater
Eucoleus contortus,Florida,27.6648274,-81.5157535,terrestrial
Contracaecum rudolphii,Florida,27.6648274,-81.5157535,freshwater
Contracaecum microcephalum,Transvaal,-23.59,29.13,freshwater
Contracaecum rudolphii,Transvaal,-23.59,29.13,freshwater
Goezia ascaroides,Northeast Atlantic,39.370134,-77.40677199999999,freshwater
Raphidascaris acus,Northeast Atlantic,39.370134,-77.40677199999999,freshwater
Dichelyne minutus,Northeast Atlantic,39.370134,-77.40677199999999,marine
Cosmocephalus obvelatus,Northeast Atlantic,39.370134,-77.40677199999999,freshwater
Anguillicola crassus,Northeast Atlantic,39.370134,-77.40677199999999,freshwater
Camallanus lacustris,Northeast Atlantic,39.370134,-77.40677199999999,freshwater
Camallanus truncatus,Northeast Atlantic,39.370134,-77.40677199999999,freshwater
Ascarophis arctica,Northeast Atlantic,39.370134,-77.40677199999999,marine
Cystidicola farionis,Northeast Atlantic,39.370134,-77.40677199999999,freshwater
Capillaria gracilis,Northeast Atlantic,39.370134,-77.40677199999999,marine
Toxocara canis,Peru,-9.189967,-75.015152,terrestrial
Protostrongylus boughtoni,Yukon,64.2823274,-135,terrestrial
Baylisascaris procyonis,California,36.778261,-119.4179324,terrestrial
Amidostomum acutum,Uzbekistan,41.377491,64.585262,freshwater
Amidostomum fulicae,Uzbekistan,41.377491,64.585262,freshwater
Epomidiostomum uncinatum,Uzbekistan,41.377491,64.585262,freshwater
Contracaecum rudolphii,Uzbekistan,41.377491,64.585262,freshwater
Porrocaecum semiteres,Uzbekistan,41.377491,64.585262,terrestrial
Acuaria gruveli,Uzbekistan,41.377491,64.585262,terrestrial
Toxocara vitulorum,Uganda,1.373333,32.290275,terrestrial
Anguillicola crassus,District of Columbia/Delaware/New Jersey/Maryland,39.0457549,-76.64127119999999,freshwater
Ascaris lumbricoides,Morocco,31.791702,-7.092619999999999,terrestrial
Enterobius vermicularis,Morocco,31.791702,-7.092619999999999,terrestrial
Trichuris trichiura,Morocco,31.791702,-7.092619999999999,terrestrial
Trichuris trichiura,Austria,47.516231,14.550072,terrestrial
Trichuris trichiura,France,46.227638,2.213749,terrestrial
Trichuris trichiura,Germany,51.165691,10.451526,terrestrial
Trichuris trichiura,Denmark,56.26392,9.501785,terrestrial
Ascaris lumbricoides,Austria,47.516231,14.550072,terrestrial
Dictyocaulus filaria,Armenia,40.069099,45.038189,terrestrial
Muellerius capillaris,Armenia,40.069099,45.038189,terrestrial
Syphacia obvelata,Russia (Asian),61.52401,105.318756,terrestrial
Crenosoma vulpis,Sweden,60.12816100000001,18.643501,terrestrial
Graphidium strigosum,Sweden,60.12816100000001,18.643501,terrestrial
Libyostrongylus douglassii,Sweden,60.12816100000001,18.643501,terrestrial
Syphacia obvelata,Sweden,60.12816100000001,18.643501,terrestrial
Trichostrongylus retortaeformis,Sweden,60.12816100000001,18.643501,terrestrial
Cosmocephalus obvelatus,Western Mediterranean,34.5531284,18.0480105,freshwater
Eucoleus contortus,Western Mediterranean,34.5531284,18.0480105,terrestrial
Ascaris suum,Kansas,39.011902,-98.4842465,terrestrial
Trichuris suis,Kansas,39.011902,-98.4842465,terrestrial
Cystidicola farionis,Baltic Sea,58.48795200000001,19.863281,freshwater
Anisakis simplex,Belgium + Luxembourg,50.0546886,5.467698299999999,marine
Stephanurus dentatus,Taiwan,23.69781,120.960515,terrestrial
Chabertia ovina,Sweden,60.12816100000001,18.643501,terrestrial
Cooperia curticei,Sweden,60.12816100000001,18.643501,terrestrial
Nematodirus filicollis,Sweden,60.12816100000001,18.643501,terrestrial
Ostertagia ostertagi,Sweden,60.12816100000001,18.643501,terrestrial
Trichostrongylus colubriformis,Sweden,60.12816100000001,18.643501,terrestrial
Trichostrongylus vitrinus,Sweden,60.12816100000001,18.643501,terrestrial
Trichuris ovis,Sweden,60.12816100000001,18.643501,terrestrial
Varestrongylus capreoli,Sweden,60.12816100000001,18.643501,terrestrial
Echinocephalus uncinatus,Mediterranean,34.5531284,18.0480105,marine
Spirocerca lupi,Egypt,26.820553,30.802498,terrestrial
Uncinaria stenocephala,Egypt,26.820553,30.802498,terrestrial
Trichostrongylus colubriformis,Egypt,26.820553,30.802498,terrestrial
Ollulanus tricuspis,Saskatchewan,52.9399159,-106.4508639,terrestrial
Toxocara cati,Saskatchewan,52.9399159,-106.4508639,terrestrial
Crenosoma striatum,Channel Islands,49.4466698,-2.342378,terrestrial
Camallanus oxycephalus,Nearctic,53.569001,-113.571487,freshwater
Camallanus truncatus,Nearctic,53.569001,-113.571487,freshwater
Sulcascaris sulcata,Adriatic Sea,41.85509039999999,17.2902839,marine
Teladorsagia circumcincta,Nebraska,41.4925374,-99.9018131,terrestrial
Teladorsagia circumcincta,British Columbia,53.7266683,-127.6476205,terrestrial
Teladorsagia circumcincta,Mississippi,32.3546679,-89.3985283,terrestrial
Cosmocephalus obvelatus,Morocco,31.791702,-7.092619999999999,freshwater
Trichuris suis,Vietnam,14.058324,108.277199,terrestrial
Camallanus lacustris,Switzerland + Lichtenstein,47.3682887,8.5374552,freshwater
Ascaridia galli,Thailand,15.870032,100.992541,terrestrial
Haemonchus contortus,Antilles,18.53,-72.33,terrestrial
Haemonchus placei,Burkina Faso,12.238333,-1.561593,terrestrial
Haemonchus placei,Ivory Coast,7.539988999999999,-5.547079999999999,terrestrial
Haemonchus placei,Mexico,23.634501,-102.552784,terrestrial
Haemonchus placei,Nearctic,53.569001,-113.571487,terrestrial
Haemonchus placei,Neotropical,28.9337826,-95.30845339999999,terrestrial
Haemonchus placei,Ethiopian Region,9.145000000000001,40.489673,terrestrial
Pseudocapillaria tomentosa,Germany,51.165691,10.451526,freshwater
Muellerius capillaris,Yugoslavia,37.09024,-95.712891,terrestrial
Neostrongylus linearis,Yugoslavia,37.09024,-95.712891,terrestrial
Cystocaulus ocreatus,Yugoslavia,37.09024,-95.712891,terrestrial
Dictyocaulus filaria,Yugoslavia,37.09024,-95.712891,terrestrial
Camallanus cotti,Germany,51.165691,10.451526,freshwater
Anisakis simplex,Germany,51.165691,10.451526,marine
Paraquimperia tenerrima,France,46.227638,2.213749,freshwater
Paraquimperia tenerrima,Germany,51.165691,10.451526,freshwater
Contracaecum multipapillatum,Gulf of Mexico,25.304304,-90.065918,marine
Ascaris lumbricoides,Louisiana,30.9842977,-91.96233269999999,terrestrial
Baylisascaris procyonis,Louisiana,30.9842977,-91.96233269999999,terrestrial
Baylisascaris transfuga,West Virginia,38.5976262,-80.4549026,terrestrial
Parascaris equorum,Louisiana,30.9842977,-91.96233269999999,terrestrial
Toxascaris leonina,South Dakota,43.9695148,-99.9018131,terrestrial
Trichuris vulpis,Colorado,39.5500507,-105.7820674,terrestrial
Uncinaria stenocephala,Colorado,39.5500507,-105.7820674,terrestrial
Heligmosomoides polygyrus,Switzerland + Lichtenstein,47.3682887,8.5374552,terrestrial
Aspiculuris tetraptera,Switzerland + Lichtenstein,47.3682887,8.5374552,terrestrial
Trichuris muris,Switzerland + Lichtenstein,47.3682887,8.5374552,terrestrial
Metastrongylus salmi,Ghana,7.946527,-1.023194,terrestrial
Physocephalus sexalatus,Ghana,7.946527,-1.023194,terrestrial
Hyostrongylus rubidus,Ghana,7.946527,-1.023194,terrestrial
Trichuris suis,Ghana,7.946527,-1.023194,terrestrial
Ascaris suum,Ghana,7.946527,-1.023194,terrestrial
Ascarops strongylina,Ghana,7.946527,-1.023194,terrestrial
Oesophagostomum dentatum,Ghana,7.946527,-1.023194,terrestrial
Oesophagostomum quadrispinulatum,Ghana,7.946527,-1.023194,terrestrial
Paracuaria adunca,Western Mediterranean,34.5531284,18.0480105,marine
Anguillicola crassus,Norway,60.47202399999999,8.468945999999999,freshwater
Brevimulticaecum tenuicolle,Arkansas,35.20105,-91.8318334,freshwater
Serpinema trispinosum,Louisiana,30.9842977,-91.96233269999999,freshwater
Serpinema trispinosum,Arkansas,35.20105,-91.8318334,freshwater
Trichuris vulpis,Byelorussia,53.709807,27.953389,terrestrial
Uncinaria stenocephala,Byelorussia,53.709807,27.953389,terrestrial
Crenosoma vulpis,Byelorussia,53.709807,27.953389,terrestrial
Toxascaris leonina,Byelorussia,53.709807,27.953389,terrestrial
Toxocara canis,Byelorussia,53.709807,27.953389,terrestrial
Haemonchus contortus,California,36.778261,-119.4179324,terrestrial
Ascaris lumbricoides,Australia,-25.274398,133.775136,terrestrial
Ophidascaris moreliae,New South Wales,-31.2532183,146.921099,terrestrial
Ophidascaris pyrrhus,Victoria,-37.01,144.75,terrestrial
Ophidascaris pyrrhus,South Australia,-30.0002315,136.2091547,terrestrial
Polydelphis anoura,Australia,-25.274398,133.775136,terrestrial
Polydelphis anoura,New South Wales,-31.2532183,146.921099,terrestrial
Ancyracanthopsis winegardi,Argentina,-38.416097,-63.61667199999999,terrestrial
Angiostrongylus costaricensis,Germany,51.165691,10.451526,terrestrial
Cylicocyclus nassatus,"England, Wales + Isle of Man",54.236107,-4.548056,terrestrial
Abbreviata antarctica,South Australia,-30.0002315,136.2091547,terrestrial
Abbreviata antarctica,New South Wales,-31.2532183,146.921099,terrestrial
Abbreviata antarctica,Victoria,-37.01,144.75,terrestrial
Trichostrongylus retortaeformis,Quebec,52.9399159,-73.5491361,terrestrial
Anisakis pegreffii,Tyrrhenian Sea,40.0769862,11.3431058,marine
Anisakis physeteris,Tyrrhenian Sea,40.0769862,11.3431058,marine
Trichostrongylus axei,Chile,-35.675147,-71.542969,terrestrial
Parascaris equorum,Chile,-35.675147,-71.542969,terrestrial
Oxyuris equi,Chile,-35.675147,-71.542969,terrestrial
Strongylus equinus,Chile,-35.675147,-71.542969,terrestrial
Strongylus vulgaris,Chile,-35.675147,-71.542969,terrestrial
Strongylus edentatus,Chile,-35.675147,-71.542969,terrestrial
Triodontophorus tenuicollis,Chile,-35.675147,-71.542969,terrestrial
Cylicostephanus longibursatus,Chile,-35.675147,-71.542969,terrestrial
Haemonchus placei,Chile,-35.675147,-71.542969,terrestrial
Haemonchus contortus,Chile,-35.675147,-71.542969,terrestrial
Ostertagia ostertagi,Chile,-35.675147,-71.542969,terrestrial
Trichostrongylus vitrinus,Chile,-35.675147,-71.542969,terrestrial
Cooperia oncophora,Chile,-35.675147,-71.542969,terrestrial
Cooperia curticei,Chile,-35.675147,-71.542969,terrestrial
Cooperia pectinata,Chile,-35.675147,-71.542969,terrestrial
Nematodirus spathiger,Chile,-35.675147,-71.542969,terrestrial
Chabertia ovina,Chile,-35.675147,-71.542969,terrestrial
Oesophagostomum radiatum,Chile,-35.675147,-71.542969,terrestrial
Trichuris ovis,Chile,-35.675147,-71.542969,terrestrial
Dictyocaulus viviparus,Chile,-35.675147,-71.542969,terrestrial
Trichostrongylus vitrinus,Egypt,26.820553,30.802498,terrestrial
Trichostrongylus colubriformis,Chile,-35.675147,-71.542969,terrestrial
Nematodirus filicollis,Chile,-35.675147,-71.542969,terrestrial
Skrjabinema ovis,Chile,-35.675147,-71.542969,terrestrial
Oesophagostomum venulosum,Chile,-35.675147,-71.542969,terrestrial
Oesophagostomum columbianum,Chile,-35.675147,-71.542969,terrestrial
Dictyocaulus filaria,Chile,-35.675147,-71.542969,terrestrial
Muellerius capillaris,Chile,-35.675147,-71.542969,terrestrial
Ascarops strongylina,Chile,-35.675147,-71.542969,terrestrial
Physocephalus sexalatus,Chile,-35.675147,-71.542969,terrestrial
Hyostrongylus rubidus,Chile,-35.675147,-71.542969,terrestrial
Ascaris suum,Chile,-35.675147,-71.542969,terrestrial
Oesophagostomum dentatum,Chile,-35.675147,-71.542969,terrestrial
Trichuris suis,Chile,-35.675147,-71.542969,terrestrial
Stephanurus dentatus,Chile,-35.675147,-71.542969,terrestrial
Metastrongylus apri,Chile,-35.675147,-71.542969,terrestrial
Metastrongylus salmi,Chile,-35.675147,-71.542969,terrestrial
Toxascaris leonina,Chile,-35.675147,-71.542969,terrestrial
Uncinaria stenocephala,Chile,-35.675147,-71.542969,terrestrial
Trichuris vulpis,Chile,-35.675147,-71.542969,terrestrial
Ollulanus tricuspis,Chile,-35.675147,-71.542969,terrestrial
Aelurostrongylus abstrusus,Chile,-35.675147,-71.542969,terrestrial
Trichostrongylus retortaeformis,Chile,-35.675147,-71.542969,terrestrial
Passalurus ambiguus,Chile,-35.675147,-71.542969,terrestrial
Ascaridia galli,Chile,-35.675147,-71.542969,terrestrial
Heterakis gallinarum,Chile,-35.675147,-71.542969,terrestrial
Trichostrongylus tenuis,Chile,-35.675147,-71.542969,terrestrial
Ascaridia columbae,Chile,-35.675147,-71.542969,terrestrial
Gongylonema ingluvicola,Chile,-35.675147,-71.542969,terrestrial
Cyathostomum catinatum,Egypt,26.820553,30.802498,terrestrial
Ascarops strongylina,Byelorussia,53.709807,27.953389,terrestrial
Oswaldocruzia filiformis,Byelorussia,53.709807,27.953389,terrestrial
Physocephalus sexalatus,Byelorussia,53.709807,27.953389,terrestrial
Cucullanus heterochrous,"England, Wales + Isle of Man",54.236107,-4.548056,marine
Nematodiroides zembrae,Spain + Andalusia,37.5442706,-4.7277528,terrestrial
Protospirura muricola,Egypt,26.820553,30.802498,terrestrial
Mastophorus muris,Egypt,26.820553,30.802498,terrestrial
Echinocephalus pseudouncinatus,Mexico,23.634501,-102.552784,marine
Trichuris ovis,Jordan,30.585164,36.238414,terrestrial
Cooperia oncophora,Jordan,30.585164,36.238414,terrestrial
Gnathostoma hispidum,Sri Lanka,7.873053999999999,80.77179699999999,terrestrial
Enterobius vermicularis,Laos,19.85627,102.495496,terrestrial
Toxocara canis,Thailand,15.870032,100.992541,terrestrial
Gnathostoma hispidum,Thailand,15.870032,100.992541,terrestrial
Ascarops strongylina,Europe,54.5259614,15.2551187,terrestrial
Physocephalus sexalatus,Europe,54.5259614,15.2551187,terrestrial
Spirocerca lupi,Europe,54.5259614,15.2551187,terrestrial
Anisakis simplex,Russia (Asian),61.52401,105.318756,marine
Hysterothylacium aduncum,Russia (Asian),61.52401,105.318756,marine
Rhabdochona oncorhynchi,Russia (Asian),61.52401,105.318756,freshwater
Salvelinema salmonicola,Russia (Asian),61.52401,105.318756,freshwater
Camallanus lacustris,Russia (Asian),61.52401,105.318756,freshwater
Camallanus cotti,Russia (Asian),61.52401,105.318756,freshwater
Philonema oncorhynchi,Russia (Asian),61.52401,105.318756,freshwater
Oswaldocruzia filiformis,Russia (Asian),61.52401,105.318756,terrestrial
Eucoleus contortus,Spain + Andalusia,37.5442706,-4.7277528,terrestrial
Cosmocephalus obvelatus,Spain + Andalusia,37.5442706,-4.7277528,freshwater
Paracuaria adunca,Spain + Andalusia,37.5442706,-4.7277528,marine
Nematodirus battus,Quebec,52.9399159,-73.5491361,terrestrial
Nematodirus battus,Norway,60.47202399999999,8.468945999999999,terrestrial
Streptocara crassicauda,Russia (Asian),61.52401,105.318756,freshwater
Toxocara canis,United States,37.09024,-95.712891,terrestrial
Toxocara cati,Yugoslavia,37.09024,-95.712891,terrestrial
Skrjabinocerca prima,Russia (Asian),61.52401,105.318756,terrestrial
Gongylonema ingluvicola,Yugoslavia,37.09024,-95.712891,terrestrial
Tetrameres fissispina,Yakut ASSR,66.7613451,124.123753,freshwater
Oxyspirura mansoni,Germany,51.165691,10.451526,terrestrial
Contracaecum micropapillatum,Italy,41.87194,12.56738,freshwater
Raphidascaris acus,Adriatic Sea,41.85509039999999,17.2902839,freshwater
Sulcascaris sulcata,Italy,41.87194,12.56738,marine
Enterobius vermicularis,Ethiopia (incl. Dhibouti),11.59516,43.146473,terrestrial
Ascaris lumbricoides,Malawi,-13.254308,34.301525,terrestrial
Skrjabinoptera phrynosoma,Antilles,18.53,-72.33,terrestrial
Contracaecum microcephalum,Yugoslavia,37.09024,-95.712891,freshwater
Contracaecum multipapillatum,Greece,39.074208,21.824312,marine
Contracaecum micropapillatum,Egypt,26.820553,30.802498,freshwater
Dictyocaulus eckerti,Sweden,60.12816100000001,18.643501,terrestrial
Oswaldocruzia filiformis,"Ukraine, incl. Moldavia",48.379433,31.1655799,terrestrial
Trichostrongylus retortaeformis,Canary Islands,28.2915637,-16.6291304,terrestrial
Passalurus ambiguus,Canary Islands,28.2915637,-16.6291304,terrestrial
Rictularia proni,Italy,41.87194,12.56738,terrestrial
Ascaris suum,Eire + N. Ireland,54.7877149,-6.4923145,terrestrial
Gnathostoma spinigerum,Vietnam,14.058324,108.277199,terrestrial
Contracaecum multipapillatum,Argentina,-38.416097,-63.61667199999999,marine
Muellerius capillaris,District of Columbia/Delaware/New Jersey/Maryland,39.0457549,-76.64127119999999,terrestrial
Rhabdochona ergensi,Russia (European),54.5259614,15.2551187,freshwater
Rhabdochona phoxini,Russia (European),54.5259614,15.2551187,freshwater
Rhabdochona denudata,Russia (European),54.5259614,15.2551187,freshwater
Cystidicola farionis,Russia (European),54.5259614,15.2551187,freshwater
Cystidicoloides tenuissima,Russia (European),54.5259614,15.2551187,freshwater
Camallanus lacustris,Russia (European),54.5259614,15.2551187,freshwater
Camallanus truncatus,Russia (European),54.5259614,15.2551187,freshwater
Philometra obturans,Russia (European),54.5259614,15.2551187,freshwater
Philometra rischta,Russia (European),54.5259614,15.2551187,freshwater
Raphidascaris acus,Russia (European),54.5259614,15.2551187,freshwater
Dictyocaulus viviparus,Idaho,44.0682019,-114.7420408,terrestrial
Syphacia obvelata,Ethiopia (incl. Dhibouti),11.59516,43.146473,terrestrial
Dictyocaulus eckerti,Yugoslavia,37.09024,-95.712891,terrestrial
Haemonchus contortus,Thailand,15.870032,100.992541,terrestrial
Trichostrongylus colubriformis,Thailand,15.870032,100.992541,terrestrial
Trichostrongylus vitrinus,Iceland,64.963051,-19.020835,terrestrial
Cooperia oncophora,Iceland,64.963051,-19.020835,terrestrial
Ascaridia columbae,Botswana,-22.328474,24.684866,terrestrial
Contracaecum rudolphii,Germany,51.165691,10.451526,freshwater
Pseudalius inflexus,Germany,51.165691,10.451526,marine
Hedruris androphora,Germany,51.165691,10.451526,freshwater
Rhabdochona denudata,Italy,41.87194,12.56738,freshwater
Eustrongylides ignotus,District of Columbia/Delaware/New Jersey/Maryland,39.0457549,-76.64127119999999,freshwater
Haemonchus placei,Venezuela,6.42375,-66.58973,terrestrial
Baylisascaris procyonis,British Columbia,53.7266683,-127.6476205,terrestrial
Acuaria hamulosa,Ghana,7.946527,-1.023194,terrestrial
Ascaridia galli,Ghana,7.946527,-1.023194,terrestrial
Gongylonema ingluvicola,Ghana,7.946527,-1.023194,terrestrial
Heterakis gallinarum,Ghana,7.946527,-1.023194,terrestrial
Tetrameres fissispina,Ghana,7.946527,-1.023194,freshwater
Trichostrongylus tenuis,Ghana,7.946527,-1.023194,terrestrial
Anisakis simplex,NW African coast,-8.783195,34.508523,marine
Tetrameres fissispina,Lake Baikal,53.5587003,108.1649965,freshwater
Streptocara crassicauda,Lake Baikal,53.5587003,108.1649965,freshwater
Heligmosomum mixtum,Finno-Karelian ASSR,63.15587019999999,32.9905552,terrestrial
Raphidascaris acus,Wisconsin,43.7844397,-88.7878678,freshwater
Dichelyne cotylophora,Wisconsin,43.7844397,-88.7878678,freshwater
Spinitectus gracilis,Wisconsin,43.7844397,-88.7878678,freshwater
Aplectana macintoshii,Sudan,12.862807,30.217636,terrestrial
Hexametra quadricornis,Malawi,-13.254308,34.301525,terrestrial
Anguillicola crassus,Estonia + Latvia,56.95962400000001,24.1016552,freshwater
Raphidascaris acus,Estonia + Latvia,56.95962400000001,24.1016552,freshwater
Camallanus lacustris,Estonia + Latvia,56.95962400000001,24.1016552,freshwater
Ophidascaris labiatopapillosa,California,36.778261,-119.4179324,freshwater
Anisakis simplex,Pacific coast of USA,62.4113634,-149.0729714,marine
Heterakis spumosa,Iceland,64.963051,-19.020835,terrestrial
Cooperia pectinata,Vietnam,14.058324,108.277199,terrestrial
Cooperia oncophora,Vietnam,14.058324,108.277199,terrestrial
Trichostrongylus axei,Vietnam,14.058324,108.277199,terrestrial
Trichostrongylus colubriformis,Vietnam,14.058324,108.277199,terrestrial
Cucullanus heterochrous,Denmark,56.26392,9.501785,marine
Cooperia oncophora,Sweden,60.12816100000001,18.643501,terrestrial
Parelaphostrongylus tenuis,Saskatchewan,52.9399159,-106.4508639,terrestrial
Rhabdochona cascadilla,Nearctic,53.569001,-113.571487,freshwater
Spinitectus carolini,Nearctic,53.569001,-113.571487,freshwater
Heterakis gallinarum,"England, Wales + Isle of Man",54.236107,-4.548056,terrestrial
Pseudoterranova cattani,Chilean coast,-32.98,-71.00999999999999,marine
Cylicocyclus nassatus,Australia,-25.274398,133.775136,terrestrial
Strongylus edentatus,Australia,-25.274398,133.775136,terrestrial
Strongylus edentatus,United States,37.09024,-95.712891,terrestrial
Strongylus equinus,United States,37.09024,-95.712891,terrestrial
Strongylus vulgaris,Australia,-25.274398,133.775136,terrestrial
Strongylus vulgaris,United States,37.09024,-95.712891,terrestrial
Philonema sibirica,Yakut ASSR,66.7613451,124.123753,freshwater
Raphidascaris acus,Yakut ASSR,66.7613451,124.123753,freshwater
Cystidicola farionis,Yakut ASSR,66.7613451,124.123753,freshwater
Passalurus ambiguus,Byelorussia,53.709807,27.953389,terrestrial
Trichostrongylus colubriformis,Byelorussia,53.709807,27.953389,terrestrial
Trichostrongylus retortaeformis,Byelorussia,53.709807,27.953389,terrestrial
Anisakis simplex,Denmark,56.26392,9.501785,marine
Pseudocapillaria tomentosa,Mexico,23.634501,-102.552784,freshwater
Oesophagostomum columbianum,Ethiopia (incl. Dhibouti),11.59516,43.146473,terrestrial
Trichuris skrjabini,Ethiopia (incl. Dhibouti),11.59516,43.146473,terrestrial
Dictyocaulus filaria,Kashmir + Jammu,32.7266016,74.8570259,terrestrial
Anisakis brevispiculata,Western Iberian coast,40.4830106,-4.087557299999999,marine
Cylicostephanus longibursatus,"England, Wales + Isle of Man",54.236107,-4.548056,terrestrial
Cyathostomum catinatum,"England, Wales + Isle of Man",54.236107,-4.548056,terrestrial
Rhabdochona ergensi,Finno-Karelian ASSR,63.15587019999999,32.9905552,freshwater
Philonema sibirica,Finno-Karelian ASSR,63.15587019999999,32.9905552,freshwater
Philometroides sanguinea,Finno-Karelian ASSR,63.15587019999999,32.9905552,freshwater
Eustrongylides excisus,Finno-Karelian ASSR,63.15587019999999,32.9905552,freshwater
Dracunculus ophidensis,Mexico,23.634501,-102.552784,terrestrial
Serpinema trispinosum,Nicaragua,12.865416,-85.207229,freshwater
Trichuris ovis,Papua New Guinea,-6.314992999999999,143.95555,terrestrial
Trichuris skrjabini,Papua New Guinea,-6.314992999999999,143.95555,terrestrial
Anguillicola crassus,Adriatic Sea,41.85509039999999,17.2902839,freshwater
Cosmocephalus obvelatus,Adriatic Sea,41.85509039999999,17.2902839,freshwater
Baruscapillaria obsignata,Italy,41.87194,12.56738,terrestrial
Ornithostrongylus quadriradiatus,Italy,41.87194,12.56738,terrestrial
Neostrongylus linearis,Sardinia,40.1208752,9.012892599999999,terrestrial
Muellerius capillaris,Sardinia,40.1208752,9.012892599999999,terrestrial
Cystocaulus ocreatus,Sardinia,40.1208752,9.012892599999999,terrestrial
Dictyocaulus filaria,Sardinia,40.1208752,9.012892599999999,terrestrial
Aelurostrongylus falciformis,Italy,41.87194,12.56738,terrestrial
Anisakis ziphidarum,Mediterranean,34.5531284,18.0480105,marine
Anisakis brevispiculata,Mediterranean,34.5531284,18.0480105,marine
Anisakis simplex,Italy,41.87194,12.56738,marine
Anisakis pegreffii,Italy,41.87194,12.56738,marine
Sterliadochona ephemeridarum,North Carolina,35.7595731,-79.01929969999999,freshwater
Eucoleus aerophilus,European USSR (CIS),54.5259614,15.2551187,terrestrial
Rhabdochona kidderi,Central America,12.7690126,-85.60236429999999,freshwater
Serpinema trispinosum,Central America,12.7690126,-85.60236429999999,freshwater
Trichostrongylus retortaeformis,Australia,-25.274398,133.775136,terrestrial
Toxocara pteropodis,Florida,27.6648274,-81.5157535,terrestrial
Gallegostrongylus australis,New South Wales,-31.2532183,146.921099,terrestrial
Trichuris trichiura,Rwanda,-1.940278,29.873888,terrestrial
Aonchotheca bovis,United States,37.09024,-95.712891,terrestrial
Pearsonema plica,Europe,54.5259614,15.2551187,terrestrial
Gongylonema pulchrum,Costa Rica,9.748916999999999,-83.753428,terrestrial
Parelaphostrongylus tenuis,Costa Rica,9.748916999999999,-83.753428,terrestrial
Rhabdochona kidderi,Nicaragua,12.865416,-85.207229,freshwater
Rhabdochona canadensis,Mexico,23.634501,-102.552784,freshwater
Syphacia muris,Vietnam,14.058324,108.277199,terrestrial
Gongylonema neoplasticum,Vietnam,14.058324,108.277199,terrestrial
Cosmocephalus obvelatus,Egypt,26.820553,30.802498,freshwater
Cosmocephalus obvelatus,Canada,56.130366,-106.346771,freshwater
Cosmocephalus obvelatus,New Zealand,-40.900557,174.885971,freshwater
Contracaecum rudolphii,Spain + Andalusia,37.5442706,-4.7277528,freshwater
Dictyocaulus viviparus,Uzbekistan,41.377491,64.585262,terrestrial
Trichostrongylus colubriformis,Uzbekistan,41.377491,64.585262,terrestrial
Teladorsagia circumcincta,Uzbekistan,41.377491,64.585262,terrestrial
Baylisascaris devosi,Byelorussia,53.709807,27.953389,terrestrial
Cylicocyclus nassatus,Europe,54.5259614,15.2551187,terrestrial
Trichostrongylus axei,Bangladesh,23.684994,90.356331,terrestrial
Toxocara cati,Mongolia,46.862496,103.846656,terrestrial
Trichuris vulpis,Tunisia,33.886917,9.537499,terrestrial
Cosmocephalus obvelatus,"Ukraine, incl. Moldavia",48.379433,31.1655799,freshwater
Paracuaria adunca,"Ukraine, incl. Moldavia",48.379433,31.1655799,marine
Trichostrongylus retortaeformis,Yakut ASSR,66.7613451,124.123753,terrestrial
Hysterothylacium aduncum,New Zealand coast,-42.6919232,171.3399414,marine
Spirura malayensis,Malaya,3.17,101.7,terrestrial
Spirura rytipleurites,Europe,54.5259614,15.2551187,terrestrial
Spirura rytipleurites,Morocco,31.791702,-7.092619999999999,terrestrial
Spirura talpae,Europe,54.5259614,15.2551187,terrestrial
Philometra ovata,Yugoslavia,37.09024,-95.712891,freshwater
Philometroides cyprini,Yugoslavia,37.09024,-95.712891,freshwater
Toxocara canis,"Ukraine, incl. Moldavia",48.379433,31.1655799,terrestrial
Toxascaris leonina,"Ukraine, incl. Moldavia",48.379433,31.1655799,terrestrial
Cyathostomum catinatum,"Ukraine, incl. Moldavia",48.379433,31.1655799,terrestrial
Cylicocyclus nassatus,Kazakstan,48.019573,66.923684,terrestrial
Cylicostephanus longibursatus,Kazakstan,48.019573,66.923684,terrestrial
Capillaria gracilis,Western Iberian coast,40.4830106,-4.087557299999999,marine
Nematodirus battus,Sweden,60.12816100000001,18.643501,terrestrial
Cyrnea colini,Kansas,39.011902,-98.4842465,terrestrial
Varestrongylus capreoli,Germany,51.165691,10.451526,terrestrial
Heterakis spumosa,Nepal,28.394857,84.12400799999999,terrestrial
Rictularia cristata,Nepal,28.394857,84.12400799999999,terrestrial
Amidostomum anseris,Japan,36.204824,138.252924,freshwater
Dictyocaulus viviparus,Iran,32.427908,53.688046,terrestrial
Hysterothylacium aduncum,Pacific coast of USA,62.4113634,-149.0729714,marine
Elaphostrongylus cervi,Spain + Andalusia,37.5442706,-4.7277528,terrestrial
Uncinaria stenocephala,Mexico,23.634501,-102.552784,terrestrial
Spirocerca lupi,Mexico,23.634501,-102.552784,terrestrial
Trichuris vulpis,Mexico,23.634501,-102.552784,terrestrial
Serratospiculum tendo,Southwest Europe,41.2745004,-1.2121322,terrestrial
Varestrongylus sagittatus,Spain + Andalusia,37.5442706,-4.7277528,terrestrial
Eucoleus contortus,Japan,36.204824,138.252924,terrestrial
Oesophagostomum columbianum,Mexico,23.634501,-102.552784,terrestrial
Turgida turgida,California,36.778261,-119.4179324,terrestrial
Anisakis simplex,Pacific coast of Indonesia,-0.789275,113.921327,marine
Skrjabinoptera phrynosoma,Cuba,21.521757,-77.781167,terrestrial
Ascaridia galli,Germany,51.165691,10.451526,terrestrial
Cyathostomum catinatum,Louisiana,30.9842977,-91.96233269999999,terrestrial
Cylicocyclus nassatus,Louisiana,30.9842977,-91.96233269999999,terrestrial
Cylicostephanus longibursatus,Louisiana,30.9842977,-91.96233269999999,terrestrial
Oxyuris equi,Louisiana,30.9842977,-91.96233269999999,terrestrial
Raphidascaris acus,Atlantic Ocean,-14.5994134,-28.6731465,freshwater
Ascarophis arctica,Atlantic Ocean,-14.5994134,-28.6731465,marine
Ascarophis filiformis,Atlantic Ocean,-14.5994134,-28.6731465,marine
Capillaria gracilis,Atlantic Ocean,-14.5994134,-28.6731465,marine
Cucullanus heterochrous,Atlantic Ocean,-14.5994134,-28.6731465,marine
Toxascaris leonina,Switzerland + Lichtenstein,47.3682887,8.5374552,terrestrial
Aelurostrongylus abstrusus,Switzerland + Lichtenstein,47.3682887,8.5374552,terrestrial
Oxyuris equi,France,46.227638,2.213749,terrestrial
Parascaris equorum,France,46.227638,2.213749,terrestrial
Philometra obturans,Finland,61.92410999999999,25.7481511,freshwater
Libyostrongylus douglassii,Scotland,56.49067119999999,-4.2026458,terrestrial
Ascaris suum,Botswana,-22.328474,24.684866,terrestrial
Trichuris suis,Botswana,-22.328474,24.684866,terrestrial
Anisakis simplex,Aegean Sea,39.019184,25.268555,marine
Toxascaris leonina,Vietnam,14.058324,108.277199,terrestrial
Physaloptera praeputialis,Sudan,12.862807,30.217636,terrestrial
Toxocara cati,Sudan,12.862807,30.217636,terrestrial
Ascaridia galli,Botswana,-22.328474,24.684866,terrestrial
Heterakis gallinarum,Botswana,-22.328474,24.684866,terrestrial
Trichuris trichiura,Taiwan,23.69781,120.960515,terrestrial
Trichuris vulpis,Iceland,64.963051,-19.020835,terrestrial
Dictyocaulus eckerti,New Zealand,-40.900557,174.885971,terrestrial
Oesophagostomum venulosum,Byelorussia,53.709807,27.953389,terrestrial
Chabertia ovina,Byelorussia,53.709807,27.953389,terrestrial
Contracaecum microcephalum,Black Sea,43.41302899999999,34.299316,freshwater
Echinocephalus sinensis,Black Sea,43.41302899999999,34.299316,marine
Skrjabinema ovis,Argentina,-38.416097,-63.61667199999999,terrestrial
Anisakis typica,Off Azores/Canary/Cape Verde Isles,28.2915637,-16.6291304,marine
Anisakis simplex,Off Azores/Canary/Cape Verde Isles,28.2915637,-16.6291304,marine
Anisakis pegreffii,Off Azores/Canary/Cape Verde Isles,28.2915637,-16.6291304,marine
Anisakis ziphidarum,Off Azores/Canary/Cape Verde Isles,28.2915637,-16.6291304,marine
Nematodirus helvetianus,Quebec,52.9399159,-73.5491361,terrestrial
Varestrongylus capreoli,France,46.227638,2.213749,terrestrial
Gongylonema soricis,Byelorussia,53.709807,27.953389,terrestrial
Aonchotheca putorii,Byelorussia,53.709807,27.953389,terrestrial
Eucoleus aerophilus,Byelorussia,53.709807,27.953389,terrestrial
Pearsonema mucronata,Byelorussia,53.709807,27.953389,terrestrial
Spirura talpae,Byelorussia,53.709807,27.953389,terrestrial
Gongylonema neoplasticum,Iran,32.427908,53.688046,terrestrial
Heterakis spumosa,Iran,32.427908,53.688046,terrestrial
Trichosomoides crassicauda,Iran,32.427908,53.688046,terrestrial
Amidostomum anseris,Iran,32.427908,53.688046,freshwater
Hystrichis tricolor,Iran,32.427908,53.688046,freshwater
Ascaridia galli,Iran,32.427908,53.688046,terrestrial
Capillaria anatis,Iran,32.427908,53.688046,terrestrial
Heterakis gallinarum,Iran,32.427908,53.688046,terrestrial
Trichostrongylus tenuis,Iran,32.427908,53.688046,terrestrial
Syngamus trachea,Iran,32.427908,53.688046,terrestrial
Camallanus oxycephalus,Mexico,23.634501,-102.552784,freshwater
Trichuris vulpis,Denmark,56.26392,9.501785,terrestrial
Aplectana macintoshii,Kuwait,29.31166,47.481766,terrestrial
Raphidascaris acus,Russia (Asian),61.52401,105.318756,freshwater
Gnathostoma spinigerum,Russia (Asian),61.52401,105.318756,terrestrial
Rhabdochona coronacauda,Russia (Asian),61.52401,105.318756,freshwater
Ostertagia ostertagi,Pakistan,30.375321,69.34511599999999,terrestrial
Dispharynx nasuta,"Ukraine, incl. Moldavia",48.379433,31.1655799,terrestrial
Streptocara crassicauda,"Ukraine, incl. Moldavia",48.379433,31.1655799,freshwater
Desportesius brevicaudatus,"Ukraine, incl. Moldavia",48.379433,31.1655799,freshwater
Desportesius invaginatus,"Ukraine, incl. Moldavia",48.379433,31.1655799,terrestrial
Echinuria uncinata,"Ukraine, incl. Moldavia",48.379433,31.1655799,freshwater
Acuaria anthuris,"Ukraine, incl. Moldavia",48.379433,31.1655799,terrestrial
Acuaria subula,"Ukraine, incl. Moldavia",48.379433,31.1655799,terrestrial
Cucullanus cirratus,South China Sea,15.488092,114.404754,marine
Anguillicola crassus,East China Sea/ Yellow Sea,35.4942771,123.7964613,freshwater
Anguillicola globiceps,East China Sea/ Yellow Sea,35.4942771,123.7964613,freshwater
Haemonchus placei,United States,37.09024,-95.712891,terrestrial
Cooperia oncophora,United States,37.09024,-95.712891,terrestrial
Nematodirus abnormalis,United States,37.09024,-95.712891,terrestrial
Nematodirus filicollis,United States,37.09024,-95.712891,terrestrial
Nematodirus spathiger,United States,37.09024,-95.712891,terrestrial
Trichostrongylus colubriformis,United States,37.09024,-95.712891,terrestrial
Oesophagostomum venulosum,United States,37.09024,-95.712891,terrestrial
Nematodirus helvetianus,United States,37.09024,-95.712891,terrestrial
Chabertia ovina,United States,37.09024,-95.712891,terrestrial
Oesophagostomum radiatum,United States,37.09024,-95.712891,terrestrial
Raphidascaris gigi,Japan,36.204824,138.252924,freshwater
Cucullanus heterochrous,Spain + Andalusia,37.5442706,-4.7277528,marine
Spinitectus inermis,Spain + Andalusia,37.5442706,-4.7277528,freshwater
Trichostrongylus vitrinus,United States,37.09024,-95.712891,terrestrial
Cooperia curticei,United States,37.09024,-95.712891,terrestrial
Parelaphostrongylus tenuis,Pennsylvania,41.2033216,-77.1945247,terrestrial
Parelaphostrongylus tenuis,Nova Scotia,44.68198659999999,-63.744311,terrestrial
Spinitectus gracilis,Kansas,39.011902,-98.4842465,freshwater
Spinitectus gracilis,South Dakota,43.9695148,-99.9018131,freshwater
Ophidascaris labiatopapillosa,Arizona,34.0489281,-111.0937311,freshwater
Ascarops strongylina,Arizona,34.0489281,-111.0937311,terrestrial
Passalurus ambiguus,Scotland,56.49067119999999,-4.2026458,terrestrial
Cosmocephalus obvelatus,Baltic Sea,58.48795200000001,19.863281,freshwater
Toxocara canis,Orange Free State,-28.4541105,26.7967849,terrestrial
Toxascaris leonina,Orange Free State,-28.4541105,26.7967849,terrestrial
Spirocerca lupi,Orange Free State,-28.4541105,26.7967849,terrestrial
Gnathostoma spinigerum,Burma [Myanmar],21.916221,95.955974,terrestrial
Camallanus cotti,Norway,60.47202399999999,8.468945999999999,freshwater
Pearsonema plica,Byelorussia,53.709807,27.953389,terrestrial
Aspiculuris tetraptera,Byelorussia,53.709807,27.953389,terrestrial
Mastophorus muris,Byelorussia,53.709807,27.953389,terrestrial
Heligmosomoides polygyrus,Byelorussia,53.709807,27.953389,terrestrial
Rictularia cristata,Byelorussia,53.709807,27.953389,terrestrial
Toxocara vitulorum,Indian Region,22,79,terrestrial
Contracaecum microcephalum,Kazakstan,48.019573,66.923684,freshwater
Contracaecum micropapillatum,Kazakstan,48.019573,66.923684,freshwater
Syngamus trachea,Kazakstan,48.019573,66.923684,terrestrial
Anisakis simplex,District of Columbia/Delaware/New Jersey/Maryland,39.0457549,-76.64127119999999,marine
Raphidascaris acus,Iceland,64.963051,-19.020835,freshwater
Gongylonema pulchrum,Indian Region,22,79,terrestrial
Uncinaria stenocephala,Australia,-25.274398,133.775136,terrestrial
Nematodiroides zembrae,France,46.227638,2.213749,terrestrial
Truttaedacnitis truttae,Arizona,34.0489281,-111.0937311,freshwater
Gallegostrongylus australis,Australia,-25.274398,133.775136,terrestrial
Strongylus edentatus,Indian Region,22,79,terrestrial
Heligmosomoides laevis,Byelorussia,53.709807,27.953389,terrestrial
Heligmosomum mixtum,Byelorussia,53.709807,27.953389,terrestrial
Rictularia proni,Byelorussia,53.709807,27.953389,terrestrial
Anisakis simplex,Alaska,64.2008413,-149.4936733,marine
Anisakis simplex,Canada,56.130366,-106.346771,marine
Anisakis simplex,Western Europe,46.2021848,1.2643875,marine
Enterobius vermicularis,Iceland,64.963051,-19.020835,terrestrial
Ascaris suum,Iceland,64.963051,-19.020835,terrestrial
Ascaris lumbricoides,Lithuania,55.169438,23.881275,terrestrial
Ascaris lumbricoides,Estonia + Latvia,56.95962400000001,24.1016552,terrestrial
Trichuris trichiura,Lithuania,55.169438,23.881275,terrestrial
Trichuris trichiura,Estonia + Latvia,56.95962400000001,24.1016552,terrestrial
Enterobius vermicularis,Estonia + Latvia,56.95962400000001,24.1016552,terrestrial
Enterobius vermicularis,Lithuania,55.169438,23.881275,terrestrial
Parascaris equorum,Montana,46.8796822,-110.3625658,terrestrial
Strongylus equinus,Louisiana,30.9842977,-91.96233269999999,terrestrial
Triodontophorus tenuicollis,Louisiana,30.9842977,-91.96233269999999,terrestrial
Trichuris skrjabini,Indian Region,22,79,terrestrial
Enterobius vermicularis,Argentina,-38.416097,-63.61667199999999,terrestrial
Camallanus oxycephalus,Indiana,40.2671941,-86.1349019,freshwater
Spinitectus carolini,Indiana,40.2671941,-86.1349019,freshwater
Raphidascaris acus,Aral Sea,45.3963063,59.6134113,freshwater
Contracaecum microcephalum,Aral Sea,45.3963063,59.6134113,freshwater
Camallanus truncatus,Aral Sea,45.3963063,59.6134113,freshwater
Goezia ascaroides,Coast of Bangladesh,21.4275547,91.9789563,freshwater
Camallanus cotti,Coast of Bangladesh,21.4275547,91.9789563,freshwater
Camallanus truncatus,Bangladesh,23.684994,90.356331,freshwater
Hysterothylacium aduncum,Lithuania,55.169438,23.881275,marine
Paracamallanus sweeti,Bangladesh,23.684994,90.356331,freshwater
Procamallanus spiculogubernaculus,Bangladesh,23.684994,90.356331,freshwater
Toxocara cati,Byelorussia,53.709807,27.953389,terrestrial
Dictyocaulus eckerti,Byelorussia,53.709807,27.953389,terrestrial
Trichuris ovis,Byelorussia,53.709807,27.953389,terrestrial
Heterakis spumosa,Malaya,3.17,101.7,terrestrial
Mastophorus muris,Malaya,3.17,101.7,terrestrial
Syphacia muris,Malaya,3.17,101.7,terrestrial
Gongylonema neoplasticum,Malaya,3.17,101.7,terrestrial
Angiostrongylus cantonensis,Malaya,3.17,101.7,terrestrial
Cystidicola farionis,Alberta,53.9332706,-116.5765035,freshwater
Aelurostrongylus abstrusus,Australia,-25.274398,133.775136,terrestrial
Oslerus osleri,Australia,-25.274398,133.775136,terrestrial
Metastrongylus apri,Australia,-25.274398,133.775136,terrestrial
Metastrongylus pudendotectus,Australia,-25.274398,133.775136,terrestrial
Cystoopsis atractostei,Mexico,23.634501,-102.552784,freshwater
Anisakis physeteris,Off Azores/Canary/Cape Verde Isles,28.2915637,-16.6291304,marine
Anisakis brevispiculata,Off Azores/Canary/Cape Verde Isles,28.2915637,-16.6291304,marine
Ascaris lumbricoides,French Guiana,3.933889,-53.125782,terrestrial
Trichuris trichiura,French Guiana,3.933889,-53.125782,terrestrial
Enterobius vermicularis,French Guiana,3.933889,-53.125782,terrestrial
Ohbayashinema erbaevae,France,46.227638,2.213749,terrestrial
Trichuris muris,Balearic Islands,39.3587759,2.7356328,terrestrial
Rictularia proni,Balearic Islands,39.3587759,2.7356328,terrestrial
Aspiculuris tetraptera,Balearic Islands,39.3587759,2.7356328,terrestrial
Camallanus lacustris,Germany,51.165691,10.451526,freshwater
Contracaecum micropapillatum,Florida,27.6648274,-81.5157535,freshwater
Syngamus trachea,Florida,27.6648274,-81.5157535,terrestrial
Heligmosomoides polygyrus,Corsica,42.0396042,9.012892599999999,terrestrial
Rictularia proni,Corsica,42.0396042,9.012892599999999,terrestrial
Capillaria anatis,Germany,51.165691,10.451526,terrestrial
Trichuris muris,Eastern & Central Europe,48.66,19.5,terrestrial
Heligmosomoides polygyrus,Eastern & Central Europe,48.66,19.5,terrestrial
Mastophorus muris,Eastern & Central Europe,48.66,19.5,terrestrial
Gongylonema neoplasticum,Eastern & Central Europe,48.66,19.5,terrestrial
Syphacia obvelata,Eastern & Central Europe,48.66,19.5,terrestrial
Amidostomum acutum,Germany,51.165691,10.451526,freshwater
Amidostomum anseris,Germany,51.165691,10.451526,freshwater
Porrocaecum semiteres,Germany,51.165691,10.451526,terrestrial
Tetrameres fissispina,Germany,51.165691,10.451526,freshwater
Cosmocephalus obvelatus,Germany,51.165691,10.451526,freshwater
Streptocara crassicauda,Germany,51.165691,10.451526,freshwater
Gnathostoma procyonis,Florida,27.6648274,-81.5157535,terrestrial
Amidostomum anseris,Florida,27.6648274,-81.5157535,freshwater
Tetrameres fissispina,Florida,27.6648274,-81.5157535,freshwater
Capillaria anatis,Spain + Andalusia,37.5442706,-4.7277528,terrestrial
Aelurostrongylus abstrusus,New Hampshire/Vermont/Massachusetts/Connecticut/Rhode Is.,43.2509279,-71.9273024,terrestrial
Cosmocephalus obvelatus,Gulf of Mexico,25.304304,-90.065918,freshwater
Contracaecum micropapillatum,United States,37.09024,-95.712891,freshwater
Contracaecum rudolphii,Mississippi,32.3546679,-89.3985283,freshwater
Contracaecum multipapillatum,United States,37.09024,-95.712891,marine
Molineus barbatus,Florida,27.6648274,-81.5157535,terrestrial
Physaloptera rara,Florida,27.6648274,-81.5157535,terrestrial
Spirocerca lupi,Florida,27.6648274,-81.5157535,terrestrial
Camallanus oxycephalus,Canada,56.130366,-106.346771,freshwater
Cystidicoloides tenuissima,United States,37.09024,-95.712891,freshwater
Dichelyne cotylophora,Canada,56.130366,-106.346771,freshwater
Raphidascaris acus,United States,37.09024,-95.712891,freshwater
Rhabdochona cascadilla,Canada,56.130366,-106.346771,freshwater
Heterakis spumosa,Balearic Islands,39.3587759,2.7356328,terrestrial
Syphacia obvelata,Balearic Islands,39.3587759,2.7356328,terrestrial
Tetrameres crami,Florida,27.6648274,-81.5157535,freshwater
Porrocaecum angusticolle,Florida,27.6648274,-81.5157535,terrestrial
Dictyocaulus filaria,Sweden,60.12816100000001,18.643501,terrestrial
Dictyocaulus eckerti,Norway,60.47202399999999,8.468945999999999,terrestrial
Dictyocaulus eckerti,Alaska,64.2008413,-149.4936733,terrestrial
Syngamus trachea,Sweden,60.12816100000001,18.643501,terrestrial
Haemonchus placei,Sweden,60.12816100000001,18.643501,terrestrial
Haemonchus contortus,Sweden,60.12816100000001,18.643501,terrestrial
Physocephalus sexalatus,Florida,27.6648274,-81.5157535,terrestrial
Ascaridia compar,Florida,27.6648274,-81.5157535,terrestrial
Ascaridia galli,Florida,27.6648274,-81.5157535,terrestrial
Tetrameres americana,Florida,27.6648274,-81.5157535,terrestrial
Ascaridia dissimilis,Florida,27.6648274,-81.5157535,terrestrial
Amidostomum fulicae,Florida,27.6648274,-81.5157535,freshwater
Protospirura muricola,Malawi,-13.254308,34.301525,terrestrial
Ascaridia columbae,Florida,27.6648274,-81.5157535,terrestrial
Ornithostrongylus quadriradiatus,Florida,27.6648274,-81.5157535,terrestrial
Porrocaecum semiteres,Florida,27.6648274,-81.5157535,terrestrial
Diplotriaena tricuspis,Florida,27.6648274,-81.5157535,terrestrial
Diplotriaena agelaius,Florida,27.6648274,-81.5157535,terrestrial
Contracaecum micropapillatum,Mexico,23.634501,-102.552784,freshwater
Ascaris lumbricoides,Burma [Myanmar],21.916221,95.955974,terrestrial
Trichuris trichiura,Burma [Myanmar],21.916221,95.955974,terrestrial
Goezia ascaroides,Yugoslavia,37.09024,-95.712891,freshwater
Angiostrongylus vasorum,Germany,51.165691,10.451526,terrestrial
Haemonchus contortus,Ivory Coast,7.539988999999999,-5.547079999999999,terrestrial
Oesophagostomum dentatum,France,46.227638,2.213749,terrestrial
Ascaris suum,France,46.227638,2.213749,terrestrial
Simondsia paradoxa,France,46.227638,2.213749,terrestrial
Trichuris suis,France,46.227638,2.213749,terrestrial
Parelaphostrongylus tenuis,Manitoba,53.7608608,-98.8138762,terrestrial
Parelaphostrongylus tenuis,North Dakota,47.5514926,-101.0020119,terrestrial
Graphidium strigosum,Madeira,32.76070740000001,-16.9594723,terrestrial
Trichostrongylus retortaeformis,Madeira,32.76070740000001,-16.9594723,terrestrial
Passalurus ambiguus,Madeira,32.76070740000001,-16.9594723,terrestrial
Metastrongylus salmi,California,36.778261,-119.4179324,terrestrial
Muellerius capillaris,California,36.778261,-119.4179324,terrestrial
Parelaphostrongylus odocoilei,California,36.778261,-119.4179324,terrestrial
Otostrongylus circumlitus,California,36.778261,-119.4179324,marine
Didelphostrongylus hayesi,California,36.778261,-119.4179324,terrestrial
Oslerus osleri,California,36.778261,-119.4179324,terrestrial
Parafilaroides decorus,California,36.778261,-119.4179324,marine
Skrjabingylus chitwoodorum,California,36.778261,-119.4179324,terrestrial
Pseudalius inflexus,Pacific coast of USA,62.4113634,-149.0729714,marine
Haemonchus contortus,Iceland,64.963051,-19.020835,terrestrial
Haemonchus contortus,Norway,60.47202399999999,8.468945999999999,terrestrial
Ostertagia ostertagi,Norway,60.47202399999999,8.468945999999999,terrestrial
Trichostrongylus axei,Faroes,61.89263500000001,-6.9118061,terrestrial
Trichostrongylus axei,Norway,60.47202399999999,8.468945999999999,terrestrial
Cooperia curticei,Norway,60.47202399999999,8.468945999999999,terrestrial
Cooperia oncophora,Norway,60.47202399999999,8.468945999999999,terrestrial
Cooperia punctata,"England, Wales + Isle of Man",54.236107,-4.548056,terrestrial
Nematodirus abnormalis,Greenland,71.706936,-42.604303,terrestrial
Nematodirus battus,Faroes,61.89263500000001,-6.9118061,terrestrial
Nematodirus filicollis,Faroes,61.89263500000001,-6.9118061,terrestrial
Nematodirus filicollis,Norway,60.47202399999999,8.468945999999999,terrestrial
Nematodirus helvetianus,Greenland,71.706936,-42.604303,terrestrial
Nematodirus helvetianus,Norway,60.47202399999999,8.468945999999999,terrestrial
Nematodirus spathiger,Greenland,71.706936,-42.604303,terrestrial
Nematodirus spathiger,Norway,60.47202399999999,8.468945999999999,terrestrial
Trichostrongylus colubriformis,Norway,60.47202399999999,8.468945999999999,terrestrial
Trichostrongylus vitrinus,Faroes,61.89263500000001,-6.9118061,terrestrial
Trichostrongylus vitrinus,Norway,60.47202399999999,8.468945999999999,terrestrial
Chabertia ovina,Faroes,61.89263500000001,-6.9118061,terrestrial
Chabertia ovina,Norway,60.47202399999999,8.468945999999999,terrestrial
Oesophagostomum venulosum,Norway,60.47202399999999,8.468945999999999,terrestrial
Oesophagostomum venulosum,Faroes,61.89263500000001,-6.9118061,terrestrial
Skrjabinema ovis,Norway,60.47202399999999,8.468945999999999,terrestrial
Trichuris ovis,Greenland,71.706936,-42.604303,terrestrial
Trichuris ovis,Faroes,61.89263500000001,-6.9118061,terrestrial
Trichuris ovis,Norway,60.47202399999999,8.468945999999999,terrestrial
Trichuris skrjabini,"England, Wales + Isle of Man",54.236107,-4.548056,terrestrial
Libyostrongylus douglassii,Sardinia,40.1208752,9.012892599999999,terrestrial
Nematodirus spathiger,Sardinia,40.1208752,9.012892599999999,terrestrial
Physaloptera praeputialis,Laos,19.85627,102.495496,terrestrial
Toxocara canis,Laos,19.85627,102.495496,terrestrial
Toxocara cati,Laos,19.85627,102.495496,terrestrial
Eucoleus aerophilus,Japan,36.204824,138.252924,terrestrial
Aonchotheca putorii,Japan,36.204824,138.252924,terrestrial
Soboliphyme baturini,Japan,36.204824,138.252924,terrestrial
Pearsonema plica,Japan,36.204824,138.252924,terrestrial
Gnathostoma spinigerum,Sri Lanka,7.873053999999999,80.77179699999999,terrestrial
Angiostrongylus cantonensis,Vietnam,14.058324,108.277199,terrestrial
Ascaridia columbae,Pennsylvania,41.2033216,-77.1945247,terrestrial
Ascaridia columbae,Tennessee,35.5174913,-86.5804473,terrestrial
