parasiteScientificName,Location,Latitude,Longitude
Corynosoma semerme,Finland,61.92410999999999,25.7481511
Moniliformis moniliformis,Nevada,38.8026097,-116.419389
Corynosoma semerme,Sea of Okhotsk,52.87362299999999,149.3658173
Corynosoma strumosum,Sea of Okhotsk,52.87362299999999,149.3658173
Bolbosoma nipponicum,Sea of Okhotsk,52.87362299999999,149.3658173
Neoechinorhynchus rutili,"England, Wales + Isle of Man",54.236107,-4.548056
Echinorhynchus truttae,Eire + N. Ireland,54.7877149,-6.4923145
Acanthocephalus lucii,"England, Wales + Isle of Man",54.236107,-4.548056
Acanthocephalus clavula,"England, Wales + Isle of Man",54.236107,-4.548056
Echinorhynchus truttae,Channel Islands,49.4466698,-2.342378
Neoechinorhynchus rutili,Scotland,56.49067119999999,-4.2026458
Acanthocephalus lucii,Scotland,56.49067119999999,-4.2026458
Moniliformis moniliformis,Malaya,3.17,101.7
Polymorphus marilis,Alberta,53.9332706,-116.5765035
Dollfusentis chandleri,Gulf of Mexico,25.304304,-90.065918
Acanthocephalus anguillae,Germany,51.165691,10.451526
Pomphorhynchus laevis,Germany,51.165691,10.451526
Acanthocephalus lucii,Germany,51.165691,10.451526
Echinorhynchus truttae,Germany,51.165691,10.451526
Pomphorhynchus bulbocolli,Manitoba,53.7608608,-98.8138762
Leptorhynchoides thecatus,Wisconsin,43.7844397,-88.7878678
Acanthocephalus lucii,Denmark,56.26392,9.501785
Acanthocephalus anguillae,Denmark,56.26392,9.501785
Acanthocephalus ranae,Sweden,60.12816100000001,18.643501
Neoechinorhynchus rutili,Baltic Sea,58.48795200000001,19.863281
Pomphorhynchus laevis,Denmark,56.26392,9.501785
Acanthocephalus dirus,Wisconsin,43.7844397,-88.7878678
Neoechinorhynchus cylindratus,Wisconsin,43.7844397,-88.7878678
Neoechinorhynchus cylindratus,Montana,46.8796822,-110.3625658
Pomphorhynchus bulbocolli,Wisconsin,43.7844397,-88.7878678
Pomphorhynchus laevis,"England, Wales + Isle of Man",54.236107,-4.548056
Acanthocephalus anguillae,"England, Wales + Isle of Man",54.236107,-4.548056
Acanthocephalus clavula,Italy,41.87194,12.56738
Corynosoma strumosum,Caspian Sea,41.934977,50.66894500000001
Corynosoma semerme,Lithuania,55.169438,23.881275
Corynosoma strumosum,Lithuania,55.169438,23.881275
Pomphorhynchus laevis,Lithuania,55.169438,23.881275
Echinorhynchus gadi,Lithuania,55.169438,23.881275
Acanthocephalus lucii,Lithuania,55.169438,23.881275
Acanthocephalus anguillae,Lithuania,55.169438,23.881275
Neoechinorhynchus rutili,Lithuania,55.169438,23.881275
Pomphorhynchus laevis,North Sea,56.511018,3.515625
Pomphorhynchus laevis,Eire + N. Ireland,54.7877149,-6.4923145
Acanthocephalus anguillae,Eire + N. Ireland,54.7877149,-6.4923145
Profilicollis botulus,British Columbia,53.7266683,-127.6476205
Leptorhynchoides thecatus,Nebraska,41.4925374,-99.9018131
Pomphorhynchus bulbocolli,Iowa,41.8780025,-93.097702
Leptorhynchoides thecatus,Iowa,41.8780025,-93.097702
Acanthocephalus lucii,Byelorussia,53.709807,27.953389
Echinorhynchus salmonis,Finland,61.92410999999999,25.7481511
Pomphorhynchus laevis,Baltic Sea,58.48795200000001,19.863281
Echinorhynchus gadi,Baltic Sea,58.48795200000001,19.863281
Moniliformis moniliformis,"England, Wales + Isle of Man",54.236107,-4.548056
Moniliformis moniliformis,Florida,27.6648274,-81.5157535
Acanthocephalus lucii,Yugoslavia,37.09024,-95.712891
Acanthocephalus anguillae,Yugoslavia,37.09024,-95.712891
Pomphorhynchus laevis,Yugoslavia,37.09024,-95.712891
Neoechinorhynchus rutili,Germany,51.165691,10.451526
Pomphorhynchus laevis,Mexico,23.634501,-102.552784
Acanthocephalus anguillae,Mexico,23.634501,-102.552784
Acanthocephalus lucii,Finno-Karelian ASSR,63.15587019999999,32.9905552
Neoechinorhynchus rutili,Finland,61.92410999999999,25.7481511
Acanthocephalus lucii,Finland,61.92410999999999,25.7481511
Acanthocephalus anguillae,Finland,61.92410999999999,25.7481511
Echinorhynchus salmonis,Ontario,51.253775,-85.323214
Echinorhynchus gadi,Atlantic Ocean,-14.5994134,-28.6731465
Fessisentis friedi,New Brunswick,46.5653163,-66.46191639999999
Echinorhynchus gadi,New Brunswick,46.5653163,-66.46191639999999
Corynosoma strumosum,British Columbia,53.7266683,-127.6476205
Leptorhynchoides thecatus,Ontario,51.253775,-85.323214
Pomphorhynchus bulbocolli,Ontario,51.253775,-85.323214
Acanthocephalus dirus,Ontario,51.253775,-85.323214
Echinorhynchus salmonis,Alberta,53.9332706,-116.5765035
Echinorhynchus salmonis,Manitoba,53.7608608,-98.8138762
Pomphorhynchus bulbocolli,Alberta,53.9332706,-116.5765035
Echinorhynchus leidyi,Arctic Ocean,65.2481624,-60.4620977
Echinorhynchus leidyi,Ontario,51.253775,-85.323214
Neoechinorhynchus cylindratus,Manitoba,53.7608608,-98.8138762
Neoechinorhynchus rutili,British Columbia,53.7266683,-127.6476205
Pomphorhynchus bulbocolli,British Columbia,53.7266683,-127.6476205
Echinorhynchus leidyi,Manitoba,53.7608608,-98.8138762
Echinorhynchus leidyi,Northwest Territories,64.8255441,-124.8457334
Echinorhynchus salmonis,Northwest Territories,64.8255441,-124.8457334
Echinorhynchus gadi,British Columbia,53.7266683,-127.6476205
Neoechinorhynchus saginatus,British Columbia,53.7266683,-127.6476205
Neoechinorhynchus rutili,Ontario,51.253775,-85.323214
Neoechinorhynchus saginatus,Ontario,51.253775,-85.323214
Neoechinorhynchus rutili,Yukon,64.2823274,-135
Echinorhynchus gadi,Quebec,52.9399159,-73.5491361
Echinorhynchus gadi,Nova Scotia,44.68198659999999,-63.744311
Echinorhynchus gadi,Alberta,53.9332706,-116.5765035
Neoechinorhynchus rutili,New Brunswick,46.5653163,-66.46191639999999
Pomphorhynchus bulbocolli,New Brunswick,46.5653163,-66.46191639999999
Pomphorhynchus bulbocolli,Nova Scotia,44.68198659999999,-63.744311
Echinorhynchus gadi,Northwest Territories,64.8255441,-124.8457334
Neoechinorhynchus rutili,Northwest Territories,64.8255441,-124.8457334
Echinorhynchus gadi,Arctic Ocean,65.2481624,-60.4620977
Echinorhynchus leidyi,Quebec,52.9399159,-73.5491361
Echinorhynchus salmonis,Quebec,52.9399159,-73.5491361
Leptorhynchoides thecatus,Quebec,52.9399159,-73.5491361
Leptorhynchoides thecatus,Labrador,48.66,-56.22
Neoechinorhynchus cylindratus,Ontario,51.253775,-85.323214
Neoechinorhynchus cylindratus,Quebec,52.9399159,-73.5491361
Neoechinorhynchus cristatus,British Columbia,53.7266683,-127.6476205
Neoechinorhynchus cylindratus,British Columbia,53.7266683,-127.6476205
Neoechinorhynchus rutili,Alberta,53.9332706,-116.5765035
Neoechinorhynchus cristatus,Alberta,53.9332706,-116.5765035
Neoechinorhynchus cristatus,Quebec,52.9399159,-73.5491361
Neoechinorhynchus cristatus,Labrador,48.66,-56.22
Pomphorhynchus bulbocolli,Quebec,52.9399159,-73.5491361
Neoechinorhynchus cristatus,Ontario,51.253775,-85.323214
Polymorphus minutus,Finland,61.92410999999999,25.7481511
Corynosoma strumosum,Atlantic Ocean,-14.5994134,-28.6731465
Neoechinorhynchus rutili,Newfoundland,53.1355091,-57.6604364
Neoechinorhynchus rutili,Labrador,48.66,-56.22
Pomphorhynchus bulbocolli,Canada,56.130366,-106.346771
Echinorhynchus gadi,Labrador,48.66,-56.22
Corynosoma magdaleni,Atlantic Ocean,-14.5994134,-28.6731465
Corynosoma semerme,Atlantic Ocean,-14.5994134,-28.6731465
Corynosoma strumosum,Arctic Ocean,65.2481624,-60.4620977
Moniliformis moniliformis,Uzbekistan,41.377491,64.585262
Macracanthorhynchus catulinus,Uzbekistan,41.377491,64.585262
Corynosoma australe,Southwest Atlantic,-14.5994134,-28.6731465
Neoechinorhynchus rutili,Iraq,33.223191,43.679291
Pomphorhynchus laevis,Tadzhikistan,38.861034,71.276093
Acanthocephalus lucii,Eire + N. Ireland,54.7877149,-6.4923145
Polymorphus marilis,Manitoba,53.7608608,-98.8138762
Filicollis anatis,East Germany (!! USE Germany),51.165691,10.451526
Neoechinorhynchus rutili,European USSR (CIS),54.5259614,15.2551187
Acanthocephalus anguillae,European USSR (CIS),54.5259614,15.2551187
Acanthocephalus lucii,European USSR (CIS),54.5259614,15.2551187
Paratenuisentis ambiguus,Germany,51.165691,10.451526
Macracanthorhynchus ingens,Kansas,39.011902,-98.4842465
Moniliformis moniliformis,Australia,-25.274398,133.775136
Oncicola pomatostomi,Australia,-25.274398,133.775136
Echinorhynchus gadi,Northeast Atlantic,39.370134,-77.40677199999999
Bolbosoma vasculosum,Northeast Atlantic,39.370134,-77.40677199999999
Plagiorhynchus cylindraceus,Arkansas,35.20105,-91.8318334
Mediorhynchus grandis,Arkansas,35.20105,-91.8318334
Corynosoma strumosum,"England, Wales + Isle of Man",54.236107,-4.548056
Corynosoma strumosum,Scotland,56.49067119999999,-4.2026458
Pomphorhynchus bulbocolli,Indiana,40.2671941,-86.1349019
Acanthocephalus dirus,Indiana,40.2671941,-86.1349019
Neoechinorhynchus cylindratus,Indiana,40.2671941,-86.1349019
Pomphorhynchus bulbocolli,Lake Superior,47.723087,-86.940716
Neoechinorhynchus rutili,Lake Superior,47.723087,-86.940716
Bolbosoma balaenae,New South Wales,-31.2532183,146.921099
Corynosoma australe,South Australia,-30.0002315,136.2091547
Echinorhynchus borealis,Lake Baikal,53.5587003,108.1649965
Neoechinorhynchus cristatus,Lake Superior,47.723087,-86.940716
Leptorhynchoides thecatus,Lake Superior,47.723087,-86.940716
Neoechinorhynchus cylindratus,Lake Superior,47.723087,-86.940716
Leptorhynchoides thecatus,Lake Huron,45.0521793,-82.48509399999999
Pomphorhynchus bulbocolli,Lake Huron,45.0521793,-82.48509399999999
Neoechinorhynchus rutili,Lake Huron,45.0521793,-82.48509399999999
Polymorphus paradoxus,Canada,56.130366,-106.346771
Pallisentis nagpurensis,Bangladesh,23.684994,90.356331
Aspersentis megarhynchus,Southwest Indian Ocean,-33.137551,81.826172
Moniliformis moniliformis,European USSR (CIS),54.5259614,15.2551187
Neoechinorhynchus cristatus,Lake Huron,45.0521793,-82.48509399999999
Echinorhynchus gadi,Mediterranean,34.5531284,18.0480105
Corynosoma hamanni,Southwest Indian Ocean,-33.137551,81.826172
Bolbosoma vasculosum,Southwest Indian Ocean,-33.137551,81.826172
Bolbosoma vasculosum,Arabian Sea,12.2501506,64.33717
Moniliformis moniliformis,Kazakstan,48.019573,66.923684
Neoechinorhynchus cylindratus,Lake Huron,45.0521793,-82.48509399999999
Echinorhynchus gadi,Sea of Japan,38.848848,135
Echinorhynchus truttae,Japan,36.204824,138.252924
Pomphorhynchus bulbocolli,Lake Erie,42.0668852,-81.3399414
Neoechinorhynchus cristatus,Lake Erie,42.0668852,-81.3399414
Moniliformis moniliformis,Corsica,42.0396042,9.012892599999999
Leptorhynchoides thecatus,Lake Erie,42.0668852,-81.3399414
Neoechinorhynchus cylindratus,Lake Erie,42.0668852,-81.3399414
Neoechinorhynchus rutili,Lake Erie,42.0668852,-81.3399414
Neoechinorhynchus rutili,Lake Ontario,43.6333482,-77.82706689999999
Leptorhynchoides thecatus,Lake Ontario,43.6333482,-77.82706689999999
Filicollis anatis,Italy,41.87194,12.56738
Neoechinorhynchus saginatus,Lake Ontario,43.6333482,-77.82706689999999
Neoechinorhynchus cristatus,Lake Ontario,43.6333482,-77.82706689999999
Pomphorhynchus bulbocolli,Lake Ontario,43.6333482,-77.82706689999999
Neoechinorhynchus cylindratus,Lake Ontario,43.6333482,-77.82706689999999
Neoechinorhynchus rutili,Finno-Karelian ASSR,63.15587019999999,32.9905552
Pomphorhynchus bulbocolli,Saskatchewan,52.9399159,-106.4508639
Moniliformis moniliformis,Scotland,56.49067119999999,-4.2026458
Acanthocephalus anguillae,Finno-Karelian ASSR,63.15587019999999,32.9905552
Echinorhynchus borealis,Finno-Karelian ASSR,63.15587019999999,32.9905552
Corynosoma bullosum,Southwest Atlantic,-14.5994134,-28.6731465
Corynosoma pseudohamanni,Southwest Atlantic,-14.5994134,-28.6731465
Moniliformis clarki,Uzbekistan,41.377491,64.585262
Corynosoma strumosum,Iran,32.427908,53.688046
Echinorhynchus gadi,North Sea,56.511018,3.515625
Polymorphus minutus,Armenia,40.069099,45.038189
Aspersentis megarhynchus,Southwest Atlantic,-14.5994134,-28.6731465
Metacanthocephalus johnstoni,Southwest Atlantic,-14.5994134,-28.6731465
Corynosoma hamanni,Southwest Atlantic,-14.5994134,-28.6731465
Acanthocephalus anguillae,France,46.227638,2.213749
Acanthocephalus lucii,France,46.227638,2.213749
Pomphorhynchus laevis,France,46.227638,2.213749
Corynosoma strumosum,Alaska,64.2008413,-149.4936733
Corynosoma semerme,Alaska,64.2008413,-149.4936733
Polymorphus minutus,Alaska,64.2008413,-149.4936733
Filicollis anatis,Armenia,40.069099,45.038189
Polymorphus minutus,Kazakstan,48.019573,66.923684
Centrorhynchus aluconis,"Ukraine, incl. Moldavia",48.379433,31.1655799
Acanthocephalus anthuris,Spain + Andalusia,37.5442706,-4.7277528
Centrorhynchus aluconis,Spain + Andalusia,37.5442706,-4.7277528
Moniliformis moniliformis,Balearic Islands,39.3587759,2.7356328
Bolbosoma vasculosum,Mediterranean,34.5531284,18.0480105
Neoechinorhynchus cylindratus,Canada,56.130366,-106.346771
Neoechinorhynchus rutili,Canada,56.130366,-106.346771
Bolbosoma balaenae,Atlantic Ocean,-14.5994134,-28.6731465
Bolbosoma vasculosum,Atlantic Ocean,-14.5994134,-28.6731465
Corynosoma cetaceum,Atlantic Ocean,-14.5994134,-28.6731465
Echinorhynchus truttae,"England, Wales + Isle of Man",54.236107,-4.548056
Pomphorhynchus laevis,Italy,41.87194,12.56738
Pomphorhynchus laevis,Greece,39.074208,21.824312
Pomphorhynchus laevis,European USSR (CIS),54.5259614,15.2551187
Golvanacanthus blennii,Black Sea,43.41302899999999,34.299316
Filicollis anatis,Germany,51.165691,10.451526
Plagiorhynchus cylindraceus,United States,37.09024,-95.712891
Moniliformis moniliformis,Indonesia & Malaysia,-0.789275,113.921327
Moniliformis moniliformis,Fijian Islands,-17.713371,178.065032
Corynosoma strumosum,Turkmenistan,38.969719,59.556278
Macracanthorhynchus catulinus,Turkmenistan,38.969719,59.556278
Filicollis anatis,Kirgizia,41.20438,74.766098
Moniliformis moniliformis,United States,37.09024,-95.712891
Acanthocephalus anguillae,Azerbaidzan,40.143105,47.576927
Corynosoma strumosum,Azerbaidzan,40.143105,47.576927
Pomphorhynchus laevis,Azerbaidzan,40.143105,47.576927
Moniliformis moniliformis,Colorado,39.5500507,-105.7820674
Macracanthorhynchus ingens,Arkansas,35.20105,-91.8318334
Oligacanthorhynchus tortuosa,Arkansas,35.20105,-91.8318334
Neoechinorhynchus cylindratus,Louisiana,30.9842977,-91.96233269999999
Corynosoma strumosum,North Sea,56.511018,3.515625
Corynosoma strumosum,Baltic Sea,58.48795200000001,19.863281
Centrorhynchus milvus,Senegal,14.497401,-14.452362
Moniliformis clarki,Florida,27.6648274,-81.5157535
Macracanthorhynchus ingens,Florida,27.6648274,-81.5157535
Moniliformis moniliformis,Iraq,33.223191,43.679291
Pomphorhynchus laevis,Austria,47.516231,14.550072
Acanthocephalus lucii,Austria,47.516231,14.550072
Acanthocephalus anguillae,Austria,47.516231,14.550072
Polymorphus minutus,Germany,51.165691,10.451526
Prosthenorchis elegans,"Ukraine, incl. Moldavia",48.379433,31.1655799
Corynosoma semerme,Northwest Territories,64.8255441,-124.8457334
Echinorhynchus gadi,Western coast of British Isles,56.41323389999999,-5.472362899999999
Mediorhynchus grandis,Oklahoma,35.0077519,-97.092877
Leptorhynchoides thecatus,New Hampshire/Vermont/Massachusetts/Connecticut/Rhode Is.,43.2509279,-71.9273024
Bolbosoma balaenae,Arctic Ocean,65.2481624,-60.4620977
Octospiniferoides chandleri,Mexico,23.634501,-102.552784
Dollfusentis chandleri,Mexico,23.634501,-102.552784
Polymorphus contortus,Baltic Sea,58.48795200000001,19.863281
Centrorhynchus aluconis,Scotland,56.49067119999999,-4.2026458
Moniliformis clarki,Arkansas,35.20105,-91.8318334
Acanthocephalus tumescens,Chile,-35.675147,-71.542969
Acanthocephalus anguillae,Baltic Sea,58.48795200000001,19.863281
Acanthocephalus lucii,Baltic Sea,58.48795200000001,19.863281
Pomphorhynchus laevis,Armenia,40.069099,45.038189
Neoechinorhynchus rutili,Austria,47.516231,14.550072
Acanthocephalus ranae,Austria,47.516231,14.550072
Corynosoma strumosum,Austria,47.516231,14.550072
Polymorphus contortus,Austria,47.516231,14.550072
Polymorphus minutus,Austria,47.516231,14.550072
Arhythmorhynchus frassoni,Austria,47.516231,14.550072
Filicollis anatis,Austria,47.516231,14.550072
Centrorhynchus aluconis,Austria,47.516231,14.550072
Prosthenorchis elegans,Austria,47.516231,14.550072
Corynosoma strumosum,Georgia (USSR),42.315407,43.35689199999999
Echinorhynchus borealis,Finland,61.92410999999999,25.7481511
Pomphorhynchus laevis,Georgia (USSR),42.315407,43.35689199999999
Acanthocephalus anguillae,Georgia (USSR),42.315407,43.35689199999999
Echinorhynchus salmonis,Baltic Sea,58.48795200000001,19.863281
Echinorhynchus gadi,Finland,61.92410999999999,25.7481511
Neoechinorhynchus rutili,Georgia (USSR),42.315407,43.35689199999999
Acanthocephalus dirus,Lake Superior,47.723087,-86.940716
Echinorhynchus salmonis,Lake Superior,47.723087,-86.940716
Macracanthorhynchus ingens,North Carolina,35.7595731,-79.01929969999999
Echinorhynchus truttae,Baltic Sea,58.48795200000001,19.863281
Polymorphus minutus,Baltic Sea,58.48795200000001,19.863281
Centrorhynchus aluconis,"England, Wales + Isle of Man",54.236107,-4.548056
Plagiorhynchus cylindraceus,"England, Wales + Isle of Man",54.236107,-4.548056
Echinorhynchus gadi,Norwegian Sea,68.8773537,3.13966
Echinorhynchus bothniensis,Finland,61.92410999999999,25.7481511
Echinorhynchus salmonis,Indiana,40.2671941,-86.1349019
Moniliformis clarki,Japan,36.204824,138.252924
Neoechinorhynchus rutili,Yugoslavia,37.09024,-95.712891
Echinorhynchus truttae,Scotland,56.49067119999999,-4.2026458
Acanthocephalus anguillae,Italy,41.87194,12.56738
Polymorphus cincli,"Ukraine, incl. Moldavia",48.379433,31.1655799
Macracanthorhynchus catulinus,"Ukraine, incl. Moldavia",48.379433,31.1655799
Southwellina hispida,Florida,27.6648274,-81.5157535
Corynosoma strumosum,Eire + N. Ireland,54.7877149,-6.4923145
Acanthocephalus anthuris,Greece,39.074208,21.824312
Acanthocephalus ranae,Greece,39.074208,21.824312
Fessisentis fessus,Louisiana,30.9842977,-91.96233269999999
Polymorphus paradoxus,Alberta,53.9332706,-116.5765035
Corynosoma australe,Chilean coast,-32.98,-71.00999999999999
Acanthocephalus ranae,Uzbekistan,41.377491,64.585262
Moniliformis moniliformis,Iran,32.427908,53.688046
Filicollis anatis,Iraq,33.223191,43.679291
Polymorphus minutus,Iraq,33.223191,43.679291
Acanthocephalus lucii,Greece,39.074208,21.824312
Profilicollis botulus,North Sea,56.511018,3.515625
Bolbosoma vasculosum,Off Azores/Canary/Cape Verde Isles,28.2915637,-16.6291304
Corynosoma semerme,Baltic Sea,58.48795200000001,19.863281
Echinorhynchus gadi,Greenland,71.706936,-42.604303
Filicollis anatis,Indian Region,22,79
Neoechinorhynchus cylindratus,North Carolina,35.7595731,-79.01929969999999
Oligacanthorhynchus tortuosa,Nearctic,53.569001,-113.571487
Corynosoma bullosum,Atlantic Ocean,-14.5994134,-28.6731465
Corynosoma cetaceum,Chilean coast,-32.98,-71.00999999999999
Corynosoma strumosum,Iceland,64.963051,-19.020835
Corynosoma semerme,Iceland,64.963051,-19.020835
Corynosoma magdaleni,Iceland,64.963051,-19.020835
Echinorhynchus gadi,West Coast of Norway,60.4121981,5.3222701
Corynosoma semerme,West Coast of Norway,60.4121981,5.3222701
Golvanacanthus blennii,"Ukraine, incl. Moldavia",48.379433,31.1655799
Neoechinorhynchus rutili,"Ukraine, incl. Moldavia",48.379433,31.1655799
Echinorhynchus borealis,"Ukraine, incl. Moldavia",48.379433,31.1655799
Acanthocephalus lucii,"Ukraine, incl. Moldavia",48.379433,31.1655799
Acanthocephalus anguillae,"Ukraine, incl. Moldavia",48.379433,31.1655799
Pomphorhynchus laevis,"Ukraine, incl. Moldavia",48.379433,31.1655799
Leptorhynchoides thecatus,Louisiana,30.9842977,-91.96233269999999
Acanthocephalus clavula,Finno-Karelian ASSR,63.15587019999999,32.9905552
Corynosoma strumosum,Finno-Karelian ASSR,63.15587019999999,32.9905552
Polymorphus minutus,Black Sea,43.41302899999999,34.299316
Plagiorhynchus cylindraceus,"Ukraine, incl. Moldavia",48.379433,31.1655799
Acanthocephalus tumescens,Argentina,-38.416097,-63.61667199999999
Neoechinorhynchus cylindratus,Nova Scotia,44.68198659999999,-63.744311
Acanthocephalus lucii,Italy,41.87194,12.56738
Golvanacanthus blennii,Italy,41.87194,12.56738
Neoechinorhynchus rutili,Italy,41.87194,12.56738
Echinorhynchus salmonis,Nova Scotia,44.68198659999999,-63.744311
Acanthocephalus dirus,Great Lakes,45.0522366,-82.4846115
Echinorhynchus leidyi,Great Lakes,45.0522366,-82.4846115
Echinorhynchus salmonis,Great Lakes,45.0522366,-82.4846115
Leptorhynchoides thecatus,Great Lakes,45.0522366,-82.4846115
Neoechinorhynchus rutili,Great Lakes,45.0522366,-82.4846115
Pomphorhynchus bulbocolli,Great Lakes,45.0522366,-82.4846115
Acanthocephalus lucii,Norway,60.47202399999999,8.468945999999999
Echinorhynchus gadi,Norway,60.47202399999999,8.468945999999999
Macracanthorhynchus catulinus,"England, Wales + Isle of Man",54.236107,-4.548056
Polymorphus minutus,Italy,41.87194,12.56738
Neoechinorhynchus emydis,Italy,41.87194,12.56738
Southwellina hispida,Italy,41.87194,12.56738
Neoechinorhynchus rutili,Norway,60.47202399999999,8.468945999999999
Profilicollis botulus,Iceland,64.963051,-19.020835
Polymorphus minutus,Iceland,64.963051,-19.020835
Corynosoma cetaceum,Indian Ocean,-33.137551,81.826172
Corynosoma semerme,Arctic Ocean,65.2481624,-60.4620977
Profilicollis botulus,Norway,60.47202399999999,8.468945999999999
Acanthocephalus ranae,District of Columbia/Delaware/New Jersey/Maryland,39.0457549,-76.64127119999999
Acanthocephalus dirus,District of Columbia/Delaware/New Jersey/Maryland,39.0457549,-76.64127119999999
Moniliformis clarki,Lake Baikal,53.5587003,108.1649965
Macracanthorhynchus catulinus,Lake Baikal,53.5587003,108.1649965
Acanthocephalus lucii,Belgium + Luxembourg,50.0546886,5.467698299999999
Acanthocephalus anguillae,Belgium + Luxembourg,50.0546886,5.467698299999999
Corynosoma strumosum,Byelorussia,53.709807,27.953389
Echinorhynchus gadi,Sea of Okhotsk,52.87362299999999,149.3658173
Echinorhynchus leidyi,Sea of Okhotsk,52.87362299999999,149.3658173
Corynosoma strumosum,Sea of Japan,38.848848,135
Acanthocephalus clavula,Eire + N. Ireland,54.7877149,-6.4923145
Pomphorhynchus laevis,Northeast Atlantic,39.370134,-77.40677199999999
Acanthocephalus clavula,Northeast Atlantic,39.370134,-77.40677199999999
Acanthocephalus lucii,Northeast Atlantic,39.370134,-77.40677199999999
Echinorhynchus truttae,Northeast Atlantic,39.370134,-77.40677199999999
Bolbosoma vasculosum,Ligurian Sea,43.7542275,8.8362755
Fessisentis necturorum,West Virginia,38.5976262,-80.4549026
Acanthocephalus dirus,Mexico,23.634501,-102.552784
Corynosoma strumosum,United States,37.09024,-95.712891
Southwellina hispida,United States,37.09024,-95.712891
Leptorhynchoides thecatus,United States,37.09024,-95.712891
Moniliformis moniliformis,Germany,51.165691,10.451526
Pomphorhynchus laevis,Scotland,56.49067119999999,-4.2026458
Acanthocephalus lucii,Egypt,26.820553,30.802498
Acanthocephalus anguillae,Norway,60.47202399999999,8.468945999999999
Echinorhynchus truttae,Norway,60.47202399999999,8.468945999999999
Polymorphus minutus,Scotland,56.49067119999999,-4.2026458
Acanthocephalus dirus,Lake Michigan,43.4501005,-87.22201869999999
Acanthocephalus dirus,Lake Huron,45.0521793,-82.48509399999999
Echinorhynchus leidyi,Lake Michigan,43.4501005,-87.22201869999999
Echinorhynchus leidyi,Lake Huron,45.0521793,-82.48509399999999
Echinorhynchus salmonis,Lake Michigan,43.4501005,-87.22201869999999
Echinorhynchus salmonis,Lake Huron,45.0521793,-82.48509399999999
Echinorhynchus salmonis,Lake Ontario,43.6333482,-77.82706689999999
Fessisentis necturorum,Louisiana,30.9842977,-91.96233269999999
Pomphorhynchus bulbocolli,New Hampshire/Vermont/Massachusetts/Connecticut/Rhode Is.,43.2509279,-71.9273024
Leptorhynchoides thecatus,Tennessee,35.5174913,-86.5804473
Leptorhynchoides thecatus,Indiana,40.2671941,-86.1349019
Polymorphus minutus,Egypt,26.820553,30.802498
Pomphorhynchus laevis,Europe,54.5259614,15.2551187
Acanthocephalus anguillae,Europe,54.5259614,15.2551187
Acanthocephalus lucii,Europe,54.5259614,15.2551187
Neoechinorhynchus rutili,Europe,54.5259614,15.2551187
Moniliformis moniliformis,Japan,36.204824,138.252924
Corynosoma semerme,European USSR (CIS),54.5259614,15.2551187
Corynosoma strumosum,European USSR (CIS),54.5259614,15.2551187
Echinorhynchus truttae,Lake Baikal,53.5587003,108.1649965
Echinorhynchus salmonis,Lake Baikal,53.5587003,108.1649965
Echinorhynchus gadi,European USSR (CIS),54.5259614,15.2551187
Pomphorhynchus bulbocolli,Nebraska,41.4925374,-99.9018131
Southwellina hispida,Hawaiian Islands,19.8967662,-155.5827818
Acanthocephalus dirus,United States,37.09024,-95.712891
Tegorhynchus furcatus,Gulf of Mexico,25.304304,-90.065918
Tegorhynchus furcatus,Caribbean Sea,14.5401107,-74.9676365
Atactorhynchus verecundus,Gulf of Mexico,25.304304,-90.065918
Polymorphus trochus,Nearctic,53.569001,-113.571487
Southwellina hispida,Gulf of Mexico,25.304304,-90.065918
Caballerorhynchus lamothei,Gulf of Mexico,25.304304,-90.065918
Echinorhynchus salmonis,United States,37.09024,-95.712891
Mediorhynchus grandis,District of Columbia/Delaware/New Jersey/Maryland,39.0457549,-76.64127119999999
Moniliformis moniliformis,Costa Rica,9.748916999999999,-83.753428
Moniliformis moniliformis,Mexico,23.634501,-102.552784
Neoechinorhynchus emydis,Mexico,23.634501,-102.552784
Neoechinorhynchus emydis,United States,37.09024,-95.712891
Oligacanthorhynchus tortuosa,Mexico,23.634501,-102.552784
Prosthenorchis elegans,Mexico,23.634501,-102.552784
Southwellina hispida,Mexico,23.634501,-102.552784
Pomphorhynchus bulbocolli,Mexico,23.634501,-102.552784
Neoechinorhynchus emydis,Wisconsin,43.7844397,-88.7878678
Moniliformis moniliformis,Egypt,26.820553,30.802498
Neoechinorhynchus saginatus,Quebec,52.9399159,-73.5491361
Bolbosoma vasculosum,Caribbean Sea,14.5401107,-74.9676365
Neoechinorhynchus rutili,Eire + N. Ireland,54.7877149,-6.4923145
Moniliformis moniliformis,Puerto Rico,18.220833,-66.590149
Macracanthorhynchus catulinus,Spain + Andalusia,37.5442706,-4.7277528
Bolbosoma vasculosum,Western Mediterranean,34.5531284,18.0480105
Centrorhynchus aluconis,Balearic Islands,39.3587759,2.7356328
Echinorhynchus truttae,Spain + Andalusia,37.5442706,-4.7277528
Moniliformis moniliformis,Spain + Andalusia,37.5442706,-4.7277528
Bolbosoma nipponicum,Coast of Japan,35.4543846,139.644207
Pomphorhynchus laevis,Western coast of British Isles,56.41323389999999,-5.472362899999999
Acanthocephalus lucii,Western coast of British Isles,56.41323389999999,-5.472362899999999
Bolbosoma vasculosum,NW African coast,-8.783195,34.508523
Pomphorhynchus laevis,Switzerland + Lichtenstein,47.3682887,8.5374552
Macracanthorhynchus ingens,Nearctic,53.569001,-113.571487
Corynosoma strumosum,Quebec,52.9399159,-73.5491361
Neoechinorhynchus rutili,Northeast Atlantic,39.370134,-77.40677199999999
Paratenuisentis ambiguus,Northeast Atlantic,39.370134,-77.40677199999999
Acanthocephalus anguillae,Northeast Atlantic,39.370134,-77.40677199999999
Echinorhynchus salmonis,Northeast Atlantic,39.370134,-77.40677199999999
Corynosoma semerme,Northeast Atlantic,39.370134,-77.40677199999999
Corynosoma strumosum,Northeast Atlantic,39.370134,-77.40677199999999
Polymorphus minutus,Northeast Atlantic,39.370134,-77.40677199999999
Macracanthorhynchus ingens,Pennsylvania,41.2033216,-77.1945247
Moniliformis moniliformis,California,36.778261,-119.4179324
Echinorhynchus salmonis,Nearctic,53.569001,-113.571487
Neoechinorhynchus cylindratus,Nearctic,53.569001,-113.571487
Neoechinorhynchus rutili,Nearctic,53.569001,-113.571487
Pomphorhynchus bulbocolli,Nearctic,53.569001,-113.571487
Polymorphus minutus,Eire + N. Ireland,54.7877149,-6.4923145
Acanthocephalus lucii,Switzerland + Lichtenstein,47.3682887,8.5374552
Macracanthorhynchus ingens,Louisiana,30.9842977,-91.96233269999999
Macracanthorhynchus ingens,United States,37.09024,-95.712891
Plagiorhynchus cylindraceus,Nebraska,41.4925374,-99.9018131
Pomphorhynchus laevis,Norway,60.47202399999999,8.468945999999999
Neoechinorhynchus emydis,Louisiana,30.9842977,-91.96233269999999
Neoechinorhynchus emydis,Arkansas,35.20105,-91.8318334
Macracanthorhynchus catulinus,Byelorussia,53.709807,27.953389
Acanthocephalus ranae,Byelorussia,53.709807,27.953389
Caballerorhynchus lamothei,Mexico,23.634501,-102.552784
Polymorphus minutus,France,46.227638,2.213749
Neoechinorhynchus rutili,Russia (Asian),61.52401,105.318756
Echinorhynchus gadi,Russia (Asian),61.52401,105.318756
Corynosoma strumosum,Russia (Asian),61.52401,105.318756
Corynosoma strumosum,Europe,54.5259614,15.2551187
Corynosoma semerme,Europe,54.5259614,15.2551187
Acanthocephalus clavula,Europe,54.5259614,15.2551187
Corynosoma semerme,Finno-Karelian ASSR,63.15587019999999,32.9905552
Neoechinorhynchus rutili,Yakut ASSR,66.7613451,124.123753
Acanthocephalus anthuris,Italy,41.87194,12.56738
Arhythmorhynchus frassoni,Italy,41.87194,12.56738
Echinorhynchus truttae,Italy,41.87194,12.56738
Neoechinorhynchus rutili,Russia (European),54.5259614,15.2551187
Acanthocephalus anguillae,Russia (European),54.5259614,15.2551187
Acanthocephalus lucii,Russia (European),54.5259614,15.2551187
Corynosoma strumosum,Germany,51.165691,10.451526
Filicollis anatis,Europe,54.5259614,15.2551187
Echinorhynchus salmonis,Wisconsin,43.7844397,-88.7878678
Acanthocephalus lucii,Estonia + Latvia,56.95962400000001,24.1016552
Bolbosoma balaenae,Pacific coast of USA,62.4113634,-149.0729714
Fessisentis friedi,Nearctic,53.569001,-113.571487
Echinorhynchus gadi,Nearctic,53.569001,-113.571487
Corynosoma strumosum,Nearctic,53.569001,-113.571487
Echinorhynchus gadi,Finno-Karelian ASSR,63.15587019999999,32.9905552
Pomphorhynchus laevis,Finno-Karelian ASSR,63.15587019999999,32.9905552
Moniliformis moniliformis,Louisiana,30.9842977,-91.96233269999999
Echinorhynchus gadi,Coast of Japan,35.4543846,139.644207
Moniliformis moniliformis,Vietnam,14.058324,108.277199
Bolbosoma vasculosum,Coast of Philippines,11.9574918,121.9269656
Pomphorhynchus bulbocolli,United States,37.09024,-95.712891
Corynosoma magdaleni,Baltic Sea,58.48795200000001,19.863281
Sphaerirostris picae,"Ukraine, incl. Moldavia",48.379433,31.1655799
Moniliformis moniliformis,"Ukraine, incl. Moldavia",48.379433,31.1655799
Corynosoma strumosum,New Zealand coast,-42.6919232,171.3399414
Paratenuisentis ambiguus,France,46.227638,2.213749
Acanthocephalus clavula,Atlantic Ocean,-14.5994134,-28.6731465
Acanthocephalus lucii,Atlantic Ocean,-14.5994134,-28.6731465
Echinorhynchus salmonis,Atlantic Ocean,-14.5994134,-28.6731465
Neoechinorhynchus rutili,Atlantic Ocean,-14.5994134,-28.6731465
Pomphorhynchus laevis,Atlantic Ocean,-14.5994134,-28.6731465
Corynosoma bullosum,South Georgia,-54.4138333,-36.5827165
Profilicollis novaezelandensis,New Zealand coast,-42.6919232,171.3399414
Arhythmorhynchus frassoni,Florida,27.6648274,-81.5157535
Profilicollis altmani,North Carolina,35.7595731,-79.01929969999999
Profilicollis altmani,California,36.778261,-119.4179324
Mediorhynchus grandis,Australia,-25.274398,133.775136
Echinorhynchus gadi,East China Sea/ Yellow Sea,35.4942771,123.7964613
Echinorhynchus salmonis,East China Sea/ Yellow Sea,35.4942771,123.7964613
Arhythmorhynchus frassoni,East China Sea/ Yellow Sea,35.4942771,123.7964613
Bolbosoma vasculosum,South China Sea,15.488092,114.404754
Polymorphus minutus,East China Sea/ Yellow Sea,35.4942771,123.7964613
Acanthocephalus clavula,Spain + Andalusia,37.5442706,-4.7277528
Corynosoma strumosum,Western coast of British Isles,56.41323389999999,-5.472362899999999
Bolbosoma vasculosum,Bay of Bengal,13.531665,87.5395855
Mediorhynchus centurorum,Florida,27.6648274,-81.5157535
Corynosoma strumosum,Pacific coast of USA,62.4113634,-149.0729714
Echinorhynchus gadi,Pacific coast of USA,62.4113634,-149.0729714
Moniliformis moniliformis,Eastern & Central Europe,48.66,19.5
Acanthocephalus dirus,Canada,56.130366,-106.346771
Corynosoma semerme,United States,37.09024,-95.712891
Echinorhynchus leidyi,Canada,56.130366,-106.346771
Echinorhynchus salmonis,Canada,56.130366,-106.346771
Leptorhynchoides thecatus,Canada,56.130366,-106.346771
Neoechinorhynchus cylindratus,United States,37.09024,-95.712891
Neoechinorhynchus rutili,United States,37.09024,-95.712891
Neoechinorhynchus saginatus,United States,37.09024,-95.712891
Acanthocephalus lucii,Black Sea,43.41302899999999,34.299316
Corynosoma australe,Uruguay,-32.522779,-55.765835
Polymorphus trochus,Florida,27.6648274,-81.5157535
Golvanacanthus blennii,Mediterranean,34.5531284,18.0480105
Corynosoma magdaleni,Finland,61.92410999999999,25.7481511
Neoechinorhynchus rutili,Iran,32.427908,53.688046
Plagiorhynchus cylindraceus,Florida,27.6648274,-81.5157535
Mediorhynchus grandis,Florida,27.6648274,-81.5157535
Plagiorhynchus cylindraceus,Pennsylvania,41.2033216,-77.1945247
Avitellina centripunctata,Kuwait,29.31166,47.481766
Moniezia expansa,Kuwait,29.31166,47.481766
Hymenolepis nana,Bahrain,26.0667,50.5577
Taenia parva,Egypt,26.820553,30.802498
Echinococcus multilocularis,Alaska,64.2008413,-149.4936733
Austramphilina elongata,New South Wales,-31.2532183,146.921099
Echinococcus granulosus,Kuwait,29.31166,47.481766
Taenia saginata,Taiwan,23.69781,120.960515
Taenia solium,Taiwan,23.69781,120.960515
Joyeuxiella pasqualei,Greece,39.074208,21.824312
Taenia taeniaeformis,Eire + N. Ireland,54.7877149,-6.4923145
Taenia taeniaeformis,Arkansas,35.20105,-91.8318334
Taenia madoquae,Kenya,-0.023559,37.906193
Taenia saginata,Belgium + Luxembourg,50.0546886,5.467698299999999
Echinococcus granulosus,Spain + Andalusia,37.5442706,-4.7277528
Echinococcus granulosus,"England, Wales + Isle of Man",54.236107,-4.548056
Schistocephalus solidus,Norway,60.47202399999999,8.468945999999999
Diphyllobothrium ditremum,Scotland,56.49067119999999,-4.2026458
Bothriocephalus claviceps,"England, Wales + Isle of Man",54.236107,-4.548056
Echinococcus multilocularis,Montana,46.8796822,-110.3625658
Ligula intestinalis,"England, Wales + Isle of Man",54.236107,-4.548056
Diphyllobothrium ditremum,Canada,56.130366,-106.346771
Eubothrium salvelini,Canada,56.130366,-106.346771
Taenia solium,Hong Kong,22.396428,114.109497
Diphyllobothrium ditremum,Finland,61.92410999999999,25.7481511
Tatria biremis,Alberta,53.9332706,-116.5765035
Wardium paraporale,Alberta,53.9332706,-116.5765035
Ligula intestinalis,Alberta,53.9332706,-116.5765035
Schistocephalus solidus,Alberta,53.9332706,-116.5765035
Schistotaenia srivastavai,Alberta,53.9332706,-116.5765035
Schistotaenia tenuicirrus,Alberta,53.9332706,-116.5765035
Schistotaenia colymba,Alberta,53.9332706,-116.5765035
Lateriporus skrjabini,Alberta,53.9332706,-116.5765035
Taenia hydatigena,Ethiopia (incl. Dhibouti),11.59516,43.146473
Echinococcus granulosus,Ethiopia (incl. Dhibouti),11.59516,43.146473
Amphilina foliacea,European USSR (CIS),54.5259614,15.2551187
Bothriocephalus opsariichthydis,Georgia (USSR),42.315407,43.35689199999999
Taenia solium,Mexico,23.634501,-102.552784
Moniezia expansa,Ontario,51.253775,-85.323214
Parabisaccanthes philactes,Eastern & Central Europe,48.66,19.5
Bothriocephalus gregarius,Western Mediterranean,34.5531284,18.0480105
Fimbriaria fasciolaris,Switzerland + Lichtenstein,47.3682887,8.5374552
Microsomacanthus compressa,Switzerland + Lichtenstein,47.3682887,8.5374552
Microsomacanthus paracompressa,Switzerland + Lichtenstein,47.3682887,8.5374552
Microsomacanthus spiralibursata,Switzerland + Lichtenstein,47.3682887,8.5374552
Sobolevicanthus krabbeella,Switzerland + Lichtenstein,47.3682887,8.5374552
Sobolevicanthus gracilis,Switzerland + Lichtenstein,47.3682887,8.5374552
Aploparaksis furcigera,Switzerland + Lichtenstein,47.3682887,8.5374552
Cloacotaenia megalops,Switzerland + Lichtenstein,47.3682887,8.5374552
Parabisaccanthes philactes,Switzerland + Lichtenstein,47.3682887,8.5374552
Diorchis inflata,Switzerland + Lichtenstein,47.3682887,8.5374552
Diorchis brevis,Switzerland + Lichtenstein,47.3682887,8.5374552
Diorchis ransomi,Switzerland + Lichtenstein,47.3682887,8.5374552
Echinocotyle rosseteri,Switzerland + Lichtenstein,47.3682887,8.5374552
Dicranotaenia coronula,Switzerland + Lichtenstein,47.3682887,8.5374552
Taenia saginata,Switzerland + Lichtenstein,47.3682887,8.5374552
Hymenolepis nana,Switzerland + Lichtenstein,47.3682887,8.5374552
Echinococcus granulosus,Europe,54.5259614,15.2551187
Echinococcus multilocularis,Europe,54.5259614,15.2551187
Echinococcus oligarthrus,Neotropical,28.9337826,-95.30845339999999
Echinococcus vogeli,Neotropical,28.9337826,-95.30845339999999
Cloacotaenia megalops,Egypt,26.820553,30.802498
Cloacotaenia megalops,Malawi,-13.254308,34.301525
Cloacotaenia megalops,"England, Wales + Isle of Man",54.236107,-4.548056
Cloacotaenia megalops,United States,37.09024,-95.712891
Fimbriaria fasciolaris,Bangladesh,23.684994,90.356331
Taenia taeniaeformis,Japan,36.204824,138.252924
Taenia crassiceps,Japan,36.204824,138.252924
Echinococcus multilocularis,Japan,36.204824,138.252924
Bothriocephalus scorpii,Atlantic Ocean,-14.5994134,-28.6731465
Hymenolepis diminuta,Colorado,39.5500507,-105.7820674
Echinococcus granulosus,Australia,-25.274398,133.775136
Stilesia globipunctata,Mauritania,21.00789,-10.940835
Avitellina centripunctata,Mauritania,21.00789,-10.940835
Ctenotaenia marmotae,Switzerland + Lichtenstein,47.3682887,8.5374552
Echinococcus multilocularis,France,46.227638,2.213749
Ligula intestinalis,East Germany (!! USE Germany),51.165691,10.451526
Taenia martis,East Germany (!! USE Germany),51.165691,10.451526
Paranoplocephala omphalodes,Spain + Andalusia,37.5442706,-4.7277528
Echinococcus multilocularis,Mongolia,46.862496,103.846656
Metroliasthes lucida,New Hampshire/Vermont/Massachusetts/Connecticut/Rhode Is.,43.2509279,-71.9273024
Hymenolepis nana,Japan,36.204824,138.252924
Hymenolepis diminuta,Florida,27.6648274,-81.5157535
Taenia rileyi,Florida,27.6648274,-81.5157535
Taenia mustelae,Florida,27.6648274,-81.5157535
Cladotaenia circi,Florida,27.6648274,-81.5157535
Echinococcus granulosus,New South Wales,-31.2532183,146.921099
Echinococcus granulosus,Victoria,-37.01,144.75
Taenia polyacantha,Alaska,64.2008413,-149.4936733
Echinococcus granulosus,Sudan,12.862807,30.217636
Echinococcus granulosus,Kenya,-0.023559,37.906193
Echinococcus granulosus,Morocco,31.791702,-7.092619999999999
Bothriocephalus claviceps,Denmark,56.26392,9.501785
Proteocephalus macrocephalus,Denmark,56.26392,9.501785
Echinococcus granulosus,France,46.227638,2.213749
Taenia taeniaeformis,Australia,-25.274398,133.775136
Echinococcus granulosus,Jordan,30.585164,36.238414
Moniezia expansa,Pakistan,30.375321,69.34511599999999
Schistocephalus pungitii,Finno-Karelian ASSR,63.15587019999999,32.9905552
Proteocephalus percae,Finno-Karelian ASSR,63.15587019999999,32.9905552
Proteocephalus filicollis,Finno-Karelian ASSR,63.15587019999999,32.9905552
Proteocephalus torulosus,Finno-Karelian ASSR,63.15587019999999,32.9905552
Triaenophorus nodulosus,Finno-Karelian ASSR,63.15587019999999,32.9905552
Mosgovoyia pectinata,Scotland,56.49067119999999,-4.2026458
Echinococcus granulosus,Libya,26.3351,17.228331
Diplopylidium acanthotetra,Spain + Andalusia,37.5442706,-4.7277528
Nematoparataenia southwelli,European USSR (CIS),54.5259614,15.2551187
Taenia hydatigena,Germany,51.165691,10.451526
Echinococcus granulosus,Azerbaidzan,40.143105,47.576927
Moniezia expansa,Scotland,56.49067119999999,-4.2026458
Echinococcus granulosus,Scotland,56.49067119999999,-4.2026458
Proteocephalus ambloplitis,Wisconsin,43.7844397,-88.7878678
Bothriocephalus opsariichthydis,"Ukraine, incl. Moldavia",48.379433,31.1655799
Schistocephalus solidus,Scotland,56.49067119999999,-4.2026458
Raillietina tetragona,Georgia (USSR),42.315407,43.35689199999999
Raillietina echinobothrida,Georgia (USSR),42.315407,43.35689199999999
Amoebotaenia cuneata,Georgia (USSR),42.315407,43.35689199999999
Bothriocephalus claviceps,Italy,41.87194,12.56738
Proteocephalus macrocephalus,Italy,41.87194,12.56738
Taenia crocutae,Transvaal,-23.59,29.13
Taenia hyaenae,Transvaal,-23.59,29.13
Taenia regis,Transvaal,-23.59,29.13
Eubothrium salvelini,Iceland,64.963051,-19.020835
Diphyllobothrium ditremum,Iceland,64.963051,-19.020835
Proteocephalus longicollis,Iceland,64.963051,-19.020835
Hymenolepis nana,Guinea-Bissau,11.803749,-15.180413
Echinococcus granulosus,Uzbekistan,41.377491,64.585262
Taenia solium,United States,37.09024,-95.712891
Lacistorhynchus tenuis,Southwest Atlantic,-14.5994134,-28.6731465
Grillotia erinaceus,Southwest Atlantic,-14.5994134,-28.6731465
Amphilina foliacea,Caspian Sea,41.934977,50.66894500000001
Bothrimonus fallax,Caspian Sea,41.934977,50.66894500000001
Hymenolepis nana,Spain + Andalusia,37.5442706,-4.7277528
Taenia hydatigena,Ontario,51.253775,-85.323214
Taenia polyacantha,France,46.227638,2.213749
Taenia crassiceps,France,46.227638,2.213749
Taenia pisiformis,France,46.227638,2.213749
Hymenolepis nana,Jordan,30.585164,36.238414
Taenia saginata,Jordan,30.585164,36.238414
Proteocephalus torulosus,Lithuania,55.169438,23.881275
Proteocephalus macrocephalus,Lithuania,55.169438,23.881275
Proteocephalus longicollis,Lithuania,55.169438,23.881275
Proteocephalus thymalli,Lithuania,55.169438,23.881275
Proteocephalus osculatus,Lithuania,55.169438,23.881275
Proteocephalus cernuae,Lithuania,55.169438,23.881275
Proteocephalus filicollis,Lithuania,55.169438,23.881275
Paradilepis scolecina,Lithuania,55.169438,23.881275
Proteocephalus percae,Lithuania,55.169438,23.881275
Bothriocephalus scorpii,Lithuania,55.169438,23.881275
Ligula intestinalis,Lithuania,55.169438,23.881275
Bothriocephalus claviceps,Lithuania,55.169438,23.881275
Schistocephalus solidus,Lithuania,55.169438,23.881275
Eubothrium rugosum,Lithuania,55.169438,23.881275
Cyathocephalus truncatus,Lithuania,55.169438,23.881275
Schistocephalus pungitii,Lithuania,55.169438,23.881275
Caryophyllaeus laticeps,Lithuania,55.169438,23.881275
Triaenophorus nodulosus,Lithuania,55.169438,23.881275
Khawia sinensis,Lithuania,55.169438,23.881275
Khawia baltica,Lithuania,55.169438,23.881275
Proteocephalus percae,Finland,61.92410999999999,25.7481511
Proteocephalus cernuae,Finland,61.92410999999999,25.7481511
Cyathocephalus truncatus,Canada,56.130366,-106.346771
Taenia solium,Papua New Guinea,-6.314992999999999,143.95555
Hymenolepis nana,Papua New Guinea,-6.314992999999999,143.95555
Hymenolepis diminuta,Papua New Guinea,-6.314992999999999,143.95555
Valipora campylancristrota,East Germany (!! USE Germany),51.165691,10.451526
Paradilepis scolecina,East Germany (!! USE Germany),51.165691,10.451526
Taenia saginata,Ethiopia (incl. Dhibouti),11.59516,43.146473
Hymenolepis nana,Ethiopia (incl. Dhibouti),11.59516,43.146473
Taenia saginata,Japan,36.204824,138.252924
Taenia solium,Japan,36.204824,138.252924
Echinococcus granulosus,Quebec,52.9399159,-73.5491361
Hymenolepis diminuta,Alberta,53.9332706,-116.5765035
Hymenolepis citelli,Alberta,53.9332706,-116.5765035
Ligula intestinalis,Eire + N. Ireland,54.7877149,-6.4923145
Echinococcus granulosus,East Germany (!! USE Germany),51.165691,10.451526
Fimbriaria fasciolaris,Manitoba,53.7608608,-98.8138762
Fimbriaria fasciolaris,Alberta,53.9332706,-116.5765035
Hymenolepis abortiva,Alberta,53.9332706,-116.5765035
Bothriocephalus scorpii,Northeast Atlantic,39.370134,-77.40677199999999
Moniezia benedeni,Hawaiian Islands,19.8967662,-155.5827818
Taenia saginata,Denmark,56.26392,9.501785
Moniezia expansa,East Germany (!! USE Germany),51.165691,10.451526
Triaenophorus crassus,Manitoba,53.7608608,-98.8138762
Echinococcus granulosus,Iraq,33.223191,43.679291
Hymenolepis diminuta,Japan,36.204824,138.252924
Bothriocephalus acheilognathi,North Carolina,35.7595731,-79.01929969999999
Echinococcus granulosus,Northeast Africa,9.1303782000000009,41.2808577
Echinococcus oligarthrus,Venezuela,6.42375,-66.58973
Schistocephalus solidus,Germany,51.165691,10.451526
Hymenolepis diminuta,Australia,-25.274398,133.775136
Triaenophorus crassus,Finland,61.92410999999999,25.7481511
Eubothrium salvelini,Newfoundland,53.1355091,-57.6604364
Triaenophorus nodulosus,Baltic Sea,58.48795200000001,19.863281
Bothriocephalus scorpii,Baltic Sea,58.48795200000001,19.863281
Hymenolepis nana,Guatemala,15.783471,-90.23075899999999
Moniezia benedeni,Transvaal,-23.59,29.13
Moniezia expansa,Argentina,-38.416097,-63.61667199999999
Amphilina foliacea,Yugoslavia,37.09024,-95.712891
Proteocephalus torulosus,Yugoslavia,37.09024,-95.712891
Caryophyllaeus laticeps,Yugoslavia,37.09024,-95.712891
Ligula intestinalis,Yugoslavia,37.09024,-95.712891
Proteocephalus percae,Germany,51.165691,10.451526
Proteocephalus longicollis,Germany,51.165691,10.451526
Caryophyllaeus laticeps,Germany,51.165691,10.451526
Ligula intestinalis,Germany,51.165691,10.451526
Bothriocephalus claviceps,Germany,51.165691,10.451526
Proteocephalus macrocephalus,Germany,51.165691,10.451526
Triaenophorus nodulosus,Germany,51.165691,10.451526
Eubothrium rugosum,Germany,51.165691,10.451526
Triaenophorus nodulosus,Yugoslavia,37.09024,-95.712891
Proteocephalus cernuae,Yugoslavia,37.09024,-95.712891
Proteocephalus torulosus,European USSR (CIS),54.5259614,15.2551187
Triaenophorus crassus,European USSR (CIS),54.5259614,15.2551187
Ligula intestinalis,Manitoba,53.7608608,-98.8138762
Triaenophorus nodulosus,European USSR (CIS),54.5259614,15.2551187
Eubothrium rugosum,European USSR (CIS),54.5259614,15.2551187
Anomotaenia constricta,Canary Islands,28.2915637,-16.6291304
Neogryporhynchus cheilancristrotus,Canary Islands,28.2915637,-16.6291304
Paricterotaenia porosa,Canary Islands,28.2915637,-16.6291304
Tetrabothrius erostris,Canary Islands,28.2915637,-16.6291304
Proteocephalus torulosus,Finland,61.92410999999999,25.7481511
Caryophyllaeus laticeps,Finland,61.92410999999999,25.7481511
Grillotia erinaceus,Black Sea,43.41302899999999,34.299316
Echinobothrium typus,Black Sea,43.41302899999999,34.299316
Diphyllobothrium ditremum,Alaska,64.2008413,-149.4936733
Echinococcus granulosus,European USSR (CIS),54.5259614,15.2551187
Echinococcus multilocularis,European USSR (CIS),54.5259614,15.2551187
Taenia hydatigena,Spain + Andalusia,37.5442706,-4.7277528
Taenia pisiformis,Spain + Andalusia,37.5442706,-4.7277528
Taenia crassiceps,Mexico,23.634501,-102.552784
Diphyllobothrium ditremum,Labrador,48.66,-56.22
Eubothrium salvelini,Labrador,48.66,-56.22
Proteocephalus longicollis,Labrador,48.66,-56.22
Cyathocephalus truncatus,"England, Wales + Isle of Man",54.236107,-4.548056
Dipylidium caninum,Transvaal,-23.59,29.13
Taenia taeniaeformis,Transvaal,-23.59,29.13
Taenia taeniaeformis,Belgium + Luxembourg,50.0546886,5.467698299999999
Cloacotaenia megalops,Mexico,23.634501,-102.552784
Hymenolepis citelli,Wisconsin,43.7844397,-88.7878678
Proteocephalus thymalli,Lake Baikal,53.5587003,108.1649965
Moniezia expansa,Uzbekistan,41.377491,64.585262
Moniezia benedeni,Uzbekistan,41.377491,64.585262
Thysaniezia giardi,Uzbekistan,41.377491,64.585262
Avitellina centripunctata,Uzbekistan,41.377491,64.585262
Taenia hydatigena,Uzbekistan,41.377491,64.585262
Choanotaenia infundibulum,Uzbekistan,41.377491,64.585262
Taenia macrocystis,Uzbekistan,41.377491,64.585262
Bertiella studeri,Indonesia & Malaysia,-0.789275,113.921327
Neoskrjabinolepis schaldybini,Japan,36.204824,138.252924
Staphylocystis furcata,Japan,36.204824,138.252924
Amoebotaenia cuneata,Uzbekistan,41.377491,64.585262
Taenia taeniaeformis,Malaya,3.17,101.7
Taenia hydatigena,New Zealand,-40.900557,174.885971
Taenia pisiformis,New Zealand,-40.900557,174.885971
Moniezia expansa,France,46.227638,2.213749
Taenia hydatigena,Iraq,33.223191,43.679291
Dipylidium caninum,Iraq,33.223191,43.679291
Taenia multiceps,Iraq,33.223191,43.679291
Diplopylidium acanthotetra,Iraq,33.223191,43.679291
Joyeuxiella pasqualei,Iraq,33.223191,43.679291
Taenia taeniaeformis,Iraq,33.223191,43.679291
Bothriocephalus opsariichthydis,Iraq,33.223191,43.679291
Valipora campylancristrota,Iraq,33.223191,43.679291
Ligula intestinalis,Iraq,33.223191,43.679291
Triaenophorus nodulosus,Finland,61.92410999999999,25.7481511
Taenia crassiceps,Germany,51.165691,10.451526
Drepanidotaenia lanceolata,Kazakstan,48.019573,66.923684
Sobolevicanthus octacantha,Kazakstan,48.019573,66.923684
Diorchis ransomi,Kazakstan,48.019573,66.923684
Flamingolepis dolguschini,Kazakstan,48.019573,66.923684
Flamingolepis flamingo,Kazakstan,48.019573,66.923684
Flamingolepis tengizi,Kazakstan,48.019573,66.923684
Gastrotaenia paracygni,Kazakstan,48.019573,66.923684
Parabisaccanthes philactes,Kazakstan,48.019573,66.923684
Cloacotaenia megalops,Kazakstan,48.019573,66.923684
Diorchis parvogenitalis,Kazakstan,48.019573,66.923684
Tschertkovilepis setigera,Kazakstan,48.019573,66.923684
Fimbriaria fasciolaris,Kazakstan,48.019573,66.923684
Sobolevicanthus gracilis,Kazakstan,48.019573,66.923684
Diorchis inflata,Kazakstan,48.019573,66.923684
Echinocotyle rosseteri,Kazakstan,48.019573,66.923684
Dicranotaenia coronula,Kazakstan,48.019573,66.923684
Fimbriarioides tadornae,Kazakstan,48.019573,66.923684
Microsomacanthus compressa,Kazakstan,48.019573,66.923684
Microsomacanthus hopkinsi,Kazakstan,48.019573,66.923684
Microsomacanthus paracompressa,Kazakstan,48.019573,66.923684
Microsomacanthus paramicrosoma,Kazakstan,48.019573,66.923684
Sobolevicanthus krabbeella,Kazakstan,48.019573,66.923684
Diploposthe laevis,Kazakstan,48.019573,66.923684
Echinocotyle clerci,Kazakstan,48.019573,66.923684
Bothriocephalus acheilognathi,Tadzhikistan,38.861034,71.276093
Ligula intestinalis,Tadzhikistan,38.861034,71.276093
Taenia hydatigena,Cape Province,-33.5,20.97
Diorchis danutae,Kazakstan,48.019573,66.923684
Diploposthe skrjabini,Kazakstan,48.019573,66.923684
Microsomacanthus tuvensis,Kazakstan,48.019573,66.923684
Aploparaksis birulai,Kazakstan,48.019573,66.923684
Diorchis brevis,Kazakstan,48.019573,66.923684
Wardium fusa,Kazakstan,48.019573,66.923684
Wardium stellorae,Kazakstan,48.019573,66.923684
Lateriporus skrjabini,Manitoba,53.7608608,-98.8138762
Ophryocotyle insignis,Alberta,53.9332706,-116.5765035
Ophryocotyle insignis,Manitoba,53.7608608,-98.8138762
Ophryocotyle insignis,Florida,27.6648274,-81.5157535
Ophryocotyle insignis,Louisiana,30.9842977,-91.96233269999999
Taenia pisiformis,Tennessee,35.5174913,-86.5804473
Taenia pisiformis,Alberta,53.9332706,-116.5765035
Taenia pisiformis,Manitoba,53.7608608,-98.8138762
Taenia multiceps,Alberta,53.9332706,-116.5765035
Taenia taeniaeformis,Alberta,53.9332706,-116.5765035
Taenia twitchelli,Alberta,53.9332706,-116.5765035
Taenia twitchelli,Manitoba,53.7608608,-98.8138762
Echinococcus granulosus,Alberta,53.9332706,-116.5765035
Echinococcus granulosus,Manitoba,53.7608608,-98.8138762
Echinococcus multilocularis,Manitoba,53.7608608,-98.8138762
Paradilepis scolecina,Greece,39.074208,21.824312
Echinococcus multilocularis,East Germany (!! USE Germany),51.165691,10.451526
Fimbriaria fasciolaris,East Germany (!! USE Germany),51.165691,10.451526
Sobolevicanthus gracilis,East Germany (!! USE Germany),51.165691,10.451526
Tschertkovilepis setigera,East Germany (!! USE Germany),51.165691,10.451526
Taenia saginata,Malagasay,-20,47
Bothriocephalus gregarius,Mediterranean,34.5531284,18.0480105
Bothriocephalus barbatus,Mediterranean,34.5531284,18.0480105
Aporhynchus norvegicus,Northeast Atlantic,39.370134,-77.40677199999999
Proteocephalus osculatus,Iraq,33.223191,43.679291
Triaenophorus nodulosus,Manitoba,53.7608608,-98.8138762
Atriotaenia procyonis,Kansas,39.011902,-98.4842465
Bothriocephalus acheilognathi,Mexico,23.634501,-102.552784
Ligula intestinalis,Mexico,23.634501,-102.552784
Cladotaenia globifera,"Ukraine, incl. Moldavia",48.379433,31.1655799
Davainea proglottina,"Ukraine, incl. Moldavia",48.379433,31.1655799
Raillietina tetragona,"Ukraine, incl. Moldavia",48.379433,31.1655799
Raillietina echinobothrida,"Ukraine, incl. Moldavia",48.379433,31.1655799
Polyonchobothrium clarias,Transvaal,-23.59,29.13
Ophryocotyle proteus,"Ukraine, incl. Moldavia",48.379433,31.1655799
Paruterina candelabraria,"Ukraine, incl. Moldavia",48.379433,31.1655799
Anoplotaenia dasyuri,District of Columbia/Delaware/New Jersey/Maryland,39.0457549,-76.64127119999999
Oochoristica anolis,Louisiana,30.9842977,-91.96233269999999
Proteocephalus ambloplitis,Indiana,40.2671941,-86.1349019
Glaridacris catostomi,Indiana,40.2671941,-86.1349019
Biacetabulum biloculoides,Indiana,40.2671941,-86.1349019
Corallobothrium fimbriatum,Indiana,40.2671941,-86.1349019
Bertiella studeri,Transvaal,-23.59,29.13
Joyeuxiella pasqualei,Spain + Andalusia,37.5442706,-4.7277528
Bothriocephalus acheilognathi,Utah,39.3209801,-111.0937311
Bothriocephalus acheilognathi,Arizona,34.0489281,-111.0937311
Bothriocephalus acheilognathi,Nevada,38.8026097,-116.419389
Diphyllobothrium ditremum,Lake Superior,47.723087,-86.940716
Triaenophorus crassus,Lake Superior,47.723087,-86.940716
Eubothrium salvelini,Lake Superior,47.723087,-86.940716
Cyathocephalus truncatus,Lake Superior,47.723087,-86.940716
Atriotaenia procyonis,Canada,56.130366,-106.346771
Avitellina arctica,Canada,56.130366,-106.346771
Moniezia benedeni,Canada,56.130366,-106.346771
Moniezia expansa,Canada,56.130366,-106.346771
Dipylidium caninum,Canada,56.130366,-106.346771
Paruterina candelabraria,Canada,56.130366,-106.346771
Paruterina rauschi,Canada,56.130366,-106.346771
Hymenolepis citelli,Canada,56.130366,-106.346771
Hymenolepis diminuta,Canada,56.130366,-106.346771
Cladotaenia circi,Canada,56.130366,-106.346771
Cladotaenia globifera,Canada,56.130366,-106.346771
Echinococcus granulosus,Canada,56.130366,-106.346771
Echinococcus multilocularis,Canada,56.130366,-106.346771
Taenia crassiceps,Canada,56.130366,-106.346771
Triaenophorus nodulosus,Lake Superior,47.723087,-86.940716
Taenia hydatigena,Canada,56.130366,-106.346771
Taenia laticollis,Canada,56.130366,-106.346771
Taenia macrocystis,Canada,56.130366,-106.346771
Taenia martis,Canada,56.130366,-106.346771
Taenia multiceps,Canada,56.130366,-106.346771
Taenia mustelae,Canada,56.130366,-106.346771
Taenia omissa,Canada,56.130366,-106.346771
Taenia pisiformis,Canada,56.130366,-106.346771
Taenia polyacantha,Canada,56.130366,-106.346771
Taenia rileyi,Canada,56.130366,-106.346771
Taenia serialis,Canada,56.130366,-106.346771
Taenia taeniaeformis,Canada,56.130366,-106.346771
Taenia taxidiensis,Canada,56.130366,-106.346771
Taenia twitchelli,Canada,56.130366,-106.346771
Schistocephalus solidus,Canada,56.130366,-106.346771
Cyathocephalus truncatus,Lake Baikal,53.5587003,108.1649965
Diorchis inflata,Iraq,33.223191,43.679291
Ligula intestinalis,Lake Superior,47.723087,-86.940716
Schistocephalus solidus,Lake Baikal,53.5587003,108.1649965
Glaridacris catostomi,Lake Superior,47.723087,-86.940716
Corallobothrium fimbriatum,Lake Superior,47.723087,-86.940716
Eubothrium rugosum,Lake Superior,47.723087,-86.940716
Proteocephalus pearsei,Lake Superior,47.723087,-86.940716
Bothriocephalus cuspidatus,Lake Superior,47.723087,-86.940716
Taenia hydatigena,Kazakstan,48.019573,66.923684
Taenia crassiceps,Kazakstan,48.019573,66.923684
Taenia pisiformis,Kazakstan,48.019573,66.923684
Cladotaenia circi,Kazakstan,48.019573,66.923684
Paruterina candelabraria,Kazakstan,48.019573,66.923684
Triaenophorus nodulosus,Lake Huron,45.0521793,-82.48509399999999
Diphyllobothrium ditremum,Lake Huron,45.0521793,-82.48509399999999
Triaenophorus crassus,Lake Huron,45.0521793,-82.48509399999999
Cyathocephalus truncatus,Lake Huron,45.0521793,-82.48509399999999
Paranoplocephala omphalodes,European USSR (CIS),54.5259614,15.2551187
Mathevotaenia symmetrica,European USSR (CIS),54.5259614,15.2551187
Hymenolepis diminuta,European USSR (CIS),54.5259614,15.2551187
Rodentolepis asymmetrica,European USSR (CIS),54.5259614,15.2551187
Rodentolepis microstoma,European USSR (CIS),54.5259614,15.2551187
Rodentolepis straminea,European USSR (CIS),54.5259614,15.2551187
Bothriocephalus scorpii,Mediterranean,34.5531284,18.0480105
Bothriocephalus scorpii,Southwest Indian Ocean,-33.137551,81.826172
Staphylocystis furcata,European USSR (CIS),54.5259614,15.2551187
Triodontolepis bifurca,European USSR (CIS),54.5259614,15.2551187
Triodontolepis hamanni,European USSR (CIS),54.5259614,15.2551187
Neoskrjabinolepis schaldybini,European USSR (CIS),54.5259614,15.2551187
Taenia crassiceps,European USSR (CIS),54.5259614,15.2551187
Taenia hydatigena,European USSR (CIS),54.5259614,15.2551187
Taenia pisiformis,European USSR (CIS),54.5259614,15.2551187
Taenia mustelae,European USSR (CIS),54.5259614,15.2551187
Taenia martis,European USSR (CIS),54.5259614,15.2551187
Hymenolepis diminuta,South Australia,-30.0002315,136.2091547
Hymenolepis diminuta,Victoria,-37.01,144.75
Taenia solium,European USSR (CIS),54.5259614,15.2551187
Cladotaenia globifera,European USSR (CIS),54.5259614,15.2551187
Eubothrium salvelini,Lake Huron,45.0521793,-82.48509399999999
Ligula intestinalis,Lake Huron,45.0521793,-82.48509399999999
Bothriocephalus acheilognathi,Japan,36.204824,138.252924
Corallobothrium fimbriatum,Tennessee,35.5174913,-86.5804473
Glaridacris catostomi,Lake Huron,45.0521793,-82.48509399999999
Nybelinia surmenicola,Sea of Japan,38.848848,135
Ctenotaenia marmotae,Kazakstan,48.019573,66.923684
Paranoplocephala omphalodes,Kazakstan,48.019573,66.923684
Hymenolepis diminuta,Kazakstan,48.019573,66.923684
Rodentolepis straminea,Kazakstan,48.019573,66.923684
Corallobothrium fimbriatum,Lake Huron,45.0521793,-82.48509399999999
Corallotaenia minutia,Lake Huron,45.0521793,-82.48509399999999
Megathylacoides giganteum,Lake Huron,45.0521793,-82.48509399999999
Eubothrium rugosum,Lake Huron,45.0521793,-82.48509399999999
Schistocephalus solidus,Lake Huron,45.0521793,-82.48509399999999
Proteocephalus ambloplitis,Lake Huron,45.0521793,-82.48509399999999
Bothriocephalus claviceps,Lake Huron,45.0521793,-82.48509399999999
Proteocephalus fluviatilis,Lake Huron,45.0521793,-82.48509399999999
Bothriocephalus cuspidatus,Lake Huron,45.0521793,-82.48509399999999
Proteocephalus pearsei,Lake Huron,45.0521793,-82.48509399999999
Haplobothrium globuliforme,Wisconsin,43.7844397,-88.7878678
Proteocephalus percae,Wisconsin,43.7844397,-88.7878678
Lacistorhynchus tenuis,California,36.778261,-119.4179324
Lacistorhynchus dollfusi,California,36.778261,-119.4179324
Echinococcus granulosus,Armenia,40.069099,45.038189
Taenia pisiformis,Armenia,40.069099,45.038189
Lateriporus clerci,Armenia,40.069099,45.038189
Bothriocephalus acheilognathi,Armenia,40.069099,45.038189
Ligula intestinalis,Armenia,40.069099,45.038189
Triaenophorus nodulosus,Lake Erie,42.0668852,-81.3399414
Glaridacris catostomi,Lake Erie,42.0668852,-81.3399414
Ligula intestinalis,Lake Erie,42.0668852,-81.3399414
Corallobothrium fimbriatum,Lake Erie,42.0668852,-81.3399414
Proteocephalus ambloplitis,Lake Erie,42.0668852,-81.3399414
Proteocephalus pearsei,Lake Erie,42.0668852,-81.3399414
Bothriocephalus cuspidatus,Lake Erie,42.0668852,-81.3399414
Proteocephalus fluviatilis,Lake Erie,42.0668852,-81.3399414
Triaenophorus stizostedionis,Lake Erie,42.0668852,-81.3399414
Bothriocephalus claviceps,Lake Erie,42.0668852,-81.3399414
Triaenophorus nodulosus,Lake Ontario,43.6333482,-77.82706689999999
Proteocephalus ambloplitis,Lake Ontario,43.6333482,-77.82706689999999
Haplobothrium globuliforme,Lake Ontario,43.6333482,-77.82706689999999
Proteocephalus macrocephalus,Lake Ontario,43.6333482,-77.82706689999999
Bothriocephalus claviceps,Lake Ontario,43.6333482,-77.82706689999999
Hymenolepis diminuta,France,46.227638,2.213749
Diphyllobothrium ditremum,Lake Ontario,43.6333482,-77.82706689999999
Cyathocephalus truncatus,Lake Ontario,43.6333482,-77.82706689999999
Triaenophorus crassus,Lake Ontario,43.6333482,-77.82706689999999
Eubothrium salvelini,Lake Ontario,43.6333482,-77.82706689999999
Taenia solium,Azerbaidzan,40.143105,47.576927
Cloacotaenia megalops,Italy,41.87194,12.56738
Diorchis ransomi,Italy,41.87194,12.56738
Glaridacris catostomi,Lake Ontario,43.6333482,-77.82706689999999
Ligula intestinalis,Lake Ontario,43.6333482,-77.82706689999999
Hunterella nodulosa,Lake Ontario,43.6333482,-77.82706689999999
Corallobothrium fimbriatum,Lake Ontario,43.6333482,-77.82706689999999
Megathylacoides giganteum,Lake Ontario,43.6333482,-77.82706689999999
Triaenophorus stizostedionis,Lake Ontario,43.6333482,-77.82706689999999
Bothriocephalus cuspidatus,Lake Ontario,43.6333482,-77.82706689999999
Proteocephalus pearsei,Lake Ontario,43.6333482,-77.82706689999999
Proteocephalus fluviatilis,Lake Ontario,43.6333482,-77.82706689999999
Aploparaksis furcigera,Kazakstan,48.019573,66.923684
Moniezia expansa,Senegal,14.497401,-14.452362
Ophiotaenia ranae,Japan,36.204824,138.252924
Triaenophorus crassus,Norway,60.47202399999999,8.468945999999999
Diphyllobothrium ditremum,Norway,60.47202399999999,8.468945999999999
Eubothrium salvelini,Norway,60.47202399999999,8.468945999999999
Cyathocephalus truncatus,Norway,60.47202399999999,8.468945999999999
Triaenophorus nodulosus,Norway,60.47202399999999,8.468945999999999
Bothriocephalus gregarius,Northeast Atlantic,39.370134,-77.40677199999999
Diphyllobothrium ditremum,European USSR (CIS),54.5259614,15.2551187
Catenotaenia pusilla,European USSR (CIS),54.5259614,15.2551187
Taenia hydatigena,Turkmenistan,38.969719,59.556278
Joyeuxiella echinorhynchoides,Turkmenistan,38.969719,59.556278
Echinococcus granulosus,Lebanon,33.854721,35.862285
Diphyllobothrium ditremum,Finno-Karelian ASSR,63.15587019999999,32.9905552
Eubothrium salvelini,Finno-Karelian ASSR,63.15587019999999,32.9905552
Triaenophorus crassus,Finno-Karelian ASSR,63.15587019999999,32.9905552
Proteocephalus ambloplitis,Saskatchewan,52.9399159,-106.4508639
Anoplocephala perfoliata,Uzbekistan,41.377491,64.585262
Anoplocephala magna,Uzbekistan,41.377491,64.585262
Taenia omissa,Florida,27.6648274,-81.5157535
Taenia hydatigena,Florida,27.6648274,-81.5157535
Cyathocephalus truncatus,Finno-Karelian ASSR,63.15587019999999,32.9905552
Cyathocephalus truncatus,European USSR (CIS),54.5259614,15.2551187
Eubothrium salvelini,European USSR (CIS),54.5259614,15.2551187
Proteocephalus thymalli,European USSR (CIS),54.5259614,15.2551187
Proteocephalus longicollis,European USSR (CIS),54.5259614,15.2551187
Dipylidium caninum,Uzbekistan,41.377491,64.585262
Haplobothrium globuliforme,Nearctic,53.569001,-113.571487
Ligula intestinalis,Finno-Karelian ASSR,63.15587019999999,32.9905552
Caryophyllaeus laticeps,Finno-Karelian ASSR,63.15587019999999,32.9905552
Eubothrium rugosum,Finno-Karelian ASSR,63.15587019999999,32.9905552
Hymenolepis nana,Iran,32.427908,53.688046
Taenia saginata,Iran,32.427908,53.688046
Echinococcus granulosus,Sardinia,40.1208752,9.012892599999999
Schistocephalus solidus,Finno-Karelian ASSR,63.15587019999999,32.9905552
Flamingolepis liguloides,Sardinia,40.1208752,9.012892599999999
Proteocephalus longicollis,Finland,61.92410999999999,25.7481511
Eubothrium rugosum,Finland,61.92410999999999,25.7481511
Proteocephalus filicollis,Finland,61.92410999999999,25.7481511
Proteocephalus ambiguus,Finland,61.92410999999999,25.7481511
Bothriocephalus barbatus,Northeast Atlantic,39.370134,-77.40677199999999
Bothriocephalus barbatus,Western Mediterranean,34.5531284,18.0480105
Ligula intestinalis,Italy,41.87194,12.56738
Taenia hydatigena,Italy,41.87194,12.56738
Echinococcus granulosus,Italy,41.87194,12.56738
Taenia solium,Uzbekistan,41.377491,64.585262
Hymenolepis diminuta,Uzbekistan,41.377491,64.585262
Taenia crassiceps,East Germany (!! USE Germany),51.165691,10.451526
Taenia polyacantha,East Germany (!! USE Germany),51.165691,10.451526
Mathevotaenia symmetrica,Mongolia,46.862496,103.846656
Flamingolepis liguloides,Mediterranean,34.5531284,18.0480105
Platyscolex ciliata,Manitoba,53.7608608,-98.8138762
Echinococcus granulosus,"Ukraine, incl. Moldavia",48.379433,31.1655799
Taenia hydatigena,"Ukraine, incl. Moldavia",48.379433,31.1655799
Choanotaenia infundibulum,Armenia,40.069099,45.038189
Raillietina echinobothrida,Armenia,40.069099,45.038189
Raillietina tetragona,Armenia,40.069099,45.038189
Drepanidotaenia lanceolata,Armenia,40.069099,45.038189
Tschertkovilepis setigera,Armenia,40.069099,45.038189
Bothriocephalus acheilognathi,"England, Wales + Isle of Man",54.236107,-4.548056
Taenia polyacantha,Japan,36.204824,138.252924
Hymenolepis diminuta,"England, Wales + Isle of Man",54.236107,-4.548056
Cyathocephalus truncatus,Kazakstan,48.019573,66.923684
Eubothrium salvelini,British Columbia,53.7266683,-127.6476205
Raillietina cesticillus,Cuba,21.521757,-77.781167
Oochoristica scelopori,Arizona,34.0489281,-111.0937311
Taenia pisiformis,Oklahoma,35.0077519,-97.092877
Mosgovoyia pectinata,Oklahoma,35.0077519,-97.092877
Taenia mustelae,District of Columbia/Delaware/New Jersey/Maryland,39.0457549,-76.64127119999999
Taenia martis,District of Columbia/Delaware/New Jersey/Maryland,39.0457549,-76.64127119999999
Taenia hydatigena,Alberta,53.9332706,-116.5765035
Taenia omissa,Alberta,53.9332706,-116.5765035
Grillotia erinaceus,Sea of Okhotsk,52.87362299999999,149.3658173
Nybelinia surmenicola,Sea of Okhotsk,52.87362299999999,149.3658173
Catenotaenia pusilla,Uzbekistan,41.377491,64.585262
Rodentolepis straminea,Uzbekistan,41.377491,64.585262
Taenia pisiformis,Uzbekistan,41.377491,64.585262
Taenia polyacantha,Uzbekistan,41.377491,64.585262
Joyeuxiella echinorhynchoides,Uzbekistan,41.377491,64.585262
Triaenophorus nodulosus,France,46.227638,2.213749
Caryophyllaeus laticeps,Azerbaidzan,40.143105,47.576927
Ligula intestinalis,Azerbaidzan,40.143105,47.576927
Proteocephalus osculatus,Azerbaidzan,40.143105,47.576927
Paradilepis scolecina,Azerbaidzan,40.143105,47.576927
Taenia crassiceps,Alaska,64.2008413,-149.4936733
Cloacotaenia megalops,Kashmir + Jammu,32.7266016,74.8570259
Taenia pisiformis,Arizona,34.0489281,-111.0937311
Taenia multiceps,Arizona,34.0489281,-111.0937311
Hymenolepis diminuta,Georgia (USSR),42.315407,43.35689199999999
Rodentolepis straminea,Georgia (USSR),42.315407,43.35689199999999
Taenia solium,Armenia,40.069099,45.038189
Diorchis inflata,Armenia,40.069099,45.038189
Confluaria podicipina,Armenia,40.069099,45.038189
Cloacotaenia megalops,Armenia,40.069099,45.038189
Aploparaksis australis,Sri Lanka,7.873053999999999,80.77179699999999
Aploparaksis australis,Australia,-25.274398,133.775136
Triaenophorus nodulosus,Mongolia,46.862496,103.846656
Eubothrium salvelini,Mongolia,46.862496,103.846656
Ligula intestinalis,Mongolia,46.862496,103.846656
Proteocephalus percae,Mongolia,46.862496,103.846656
Proteocephalus thymalli,Mongolia,46.862496,103.846656
Proteocephalus torulosus,Mongolia,46.862496,103.846656
Paradilepis scolecina,Mongolia,46.862496,103.846656
Valipora campylancristrota,Mongolia,46.862496,103.846656
Echinococcus multilocularis,Germany,51.165691,10.451526
Echinococcus multilocularis,Switzerland + Lichtenstein,47.3682887,8.5374552
Echinococcus granulosus,Switzerland + Lichtenstein,47.3682887,8.5374552
Echinococcus granulosus,Germany,51.165691,10.451526
Anoplocephala perfoliata,European USSR (CIS),54.5259614,15.2551187
Anoplocephala magna,European USSR (CIS),54.5259614,15.2551187
Taenia taeniaeformis,Switzerland + Lichtenstein,47.3682887,8.5374552
Grillotia erinaceus,Northeast Atlantic,39.370134,-77.40677199999999
Passerilepis stylosa,Armenia,40.069099,45.038189
Hymenolepis nana,Mexico,23.634501,-102.552784
Avitellina centripunctata,Kazakstan,48.019573,66.923684
Moniezia expansa,Zaire,-6.2649292,14.2343282
Thysaniezia giardi,Zaire,-6.2649292,14.2343282
Polyonchobothrium clarias,Egypt,26.820553,30.802498
Taenia hydatigena,Kenya,-0.023559,37.906193
Taenia saginata,Kenya,-0.023559,37.906193
Taenia pisiformis,Belgium + Luxembourg,50.0546886,5.467698299999999
Dipylidium caninum,Belgium + Luxembourg,50.0546886,5.467698299999999
Glaridacris catostomi,United States,37.09024,-95.712891
Lateriporus clerci,Kazakstan,48.019573,66.923684
Taenia taeniaeformis,Scotland,56.49067119999999,-4.2026458
Taenia saginata,Ethiopian Region,9.145000000000001,40.489673
Taenia solium,Ethiopian Region,9.145000000000001,40.489673
Diorchis inflata,Iran,32.427908,53.688046
Diploposthe laevis,Iran,32.427908,53.688046
Grillotia erinaceus,North Sea,56.511018,3.515625
Moniezia expansa,Iran,32.427908,53.688046
Avitellina centripunctata,Iran,32.427908,53.688046
Stilesia globipunctata,Iran,32.427908,53.688046
Ophryocotyle proteus,Spain + Andalusia,37.5442706,-4.7277528
Cladotaenia circi,"Ukraine, incl. Moldavia",48.379433,31.1655799
Taenia crassiceps,"Ukraine, incl. Moldavia",48.379433,31.1655799
Taenia mustelae,"Ukraine, incl. Moldavia",48.379433,31.1655799
Taenia parva,Spain + Andalusia,37.5442706,-4.7277528
Bothriocephalus scorpii,Black Sea,43.41302899999999,34.299316
Taenia multiceps,Spain + Andalusia,37.5442706,-4.7277528
Eurycestus avoceti,Kazakstan,48.019573,66.923684
Triodontolepis bifurca,"Ukraine, incl. Moldavia",48.379433,31.1655799
Aploparaksis rissae,United States,37.09024,-95.712891
Hymenolepis diminuta,United States,37.09024,-95.712891
Catenotaenia pusilla,Spain + Andalusia,37.5442706,-4.7277528
Hymenolepis diminuta,Spain + Andalusia,37.5442706,-4.7277528
Eubothrium salvelini,Quebec,52.9399159,-73.5491361
Ligula intestinalis,Canada,56.130366,-106.346771
Raillietina cesticillus,Florida,27.6648274,-81.5157535
Atriotaenia procyonis,Pennsylvania,41.2033216,-77.1945247
Oochoristica scelopori,California,36.778261,-119.4179324
Proteocephalus fluviatilis,Japan,36.204824,138.252924
Proteocephalus macrocephalus,"England, Wales + Isle of Man",54.236107,-4.548056
Diphyllobothrium ditremum,"England, Wales + Isle of Man",54.236107,-4.548056
Cladotaenia globifera,Switzerland + Lichtenstein,47.3682887,8.5374552
Echinococcus multilocularis,Austria,47.516231,14.550072
Taenia parva,Balearic Islands,39.3587759,2.7356328
Cladotaenia globifera,Balearic Islands,39.3587759,2.7356328
Catenotaenia pusilla,Balearic Islands,39.3587759,2.7356328
Pseudhymenolepis redonica,Balearic Islands,39.3587759,2.7356328
Bothriocephalus opsariichthydis,European USSR (CIS),54.5259614,15.2551187
Diphyllobothrium ditremum,Lake Baikal,53.5587003,108.1649965
Anoplocephala magna,Kazakstan,48.019573,66.923684
Anoplocephala perfoliata,Kazakstan,48.019573,66.923684
Echinococcus granulosus,Kazakstan,48.019573,66.923684
Moniezia benedeni,Kazakstan,48.019573,66.923684
Moniezia expansa,Kazakstan,48.019573,66.923684
Dicranotaenia coronula,Alberta,53.9332706,-116.5765035
Nybelinia surmenicola,Japan,36.204824,138.252924
Mathevotaenia symmetrica,Thailand,15.870032,100.992541
Echinococcus granulosus,Estonia + Latvia,56.95962400000001,24.1016552
Bothriocephalus acheilognathi,European USSR (CIS),54.5259614,15.2551187
Anoplocephala perfoliata,East Germany (!! USE Germany),51.165691,10.451526
Schistocephalus solidus,Japan,36.204824,138.252924
Tetrabothrius erostris,Japan,36.204824,138.252924
Raillietina echinobothrida,Japan,36.204824,138.252924
Raillietina cesticillus,Japan,36.204824,138.252924
Amoebotaenia cuneata,Japan,36.204824,138.252924
Paradilepis scolecina,Japan,36.204824,138.252924
Choanotaenia infundibulum,Japan,36.204824,138.252924
Fimbriaria fasciolaris,Japan,36.204824,138.252924
Cloacotaenia megalops,Japan,36.204824,138.252924
Diorchis nyrocae,Japan,36.204824,138.252924
Microsomacanthus ductilis,Japan,36.204824,138.252924
Sobolevicanthus gracilis,Japan,36.204824,138.252924
Variolepis farciminosa,Japan,36.204824,138.252924
Diploposthe laevis,Japan,36.204824,138.252924
Echinococcus granulosus,Byelorussia,53.709807,27.953389
Echinococcus granulosus,Georgia (USSR),42.315407,43.35689199999999
Taenia taeniaeformis,Azerbaidzan,40.143105,47.576927
Echinococcus granulosus,Yakut ASSR,66.7613451,124.123753
Moniezia expansa,Lesser Antilles,14.4122148,-64.7627955
Taenia taeniaeformis,Victoria,-37.01,144.75
Moniezia expansa,Ghana,7.946527,-1.023194
Dicranotaenia coronula,New Zealand,-40.900557,174.885971
Hymenolepis nana,Laos,19.85627,102.495496
Hymenolepis diminuta,Thailand,15.870032,100.992541
Hymenolepis nana,Thailand,15.870032,100.992541
Taenia taeniaeformis,Indonesia & Malaysia,-0.789275,113.921327
Hymenolepis diminuta,Indonesia & Malaysia,-0.789275,113.921327
Taenia taeniaeformis,Islands of Western Pacific,-8.783195,-124.508523
Hymenolepis diminuta,Marshall Islands,7.131474,171.184478
Hymenolepis diminuta,Fijian Islands,-17.713371,178.065032
Hymenolepis diminuta,Islands of Pacific Ocean,-8.783195,-124.508523
Hymenolepis diminuta,Samoa Islands,-12.798491,-170.477306
Hymenolepis nana,Samoa Islands,-12.798491,-170.477306
Hymenolepis diminuta,New Zealand,-40.900557,174.885971
Taenia taeniaeformis,New Zealand,-40.900557,174.885971
Diplopylidium acanthotetra,Turkmenistan,38.969719,59.556278
Echinococcus granulosus,Argentina,-38.416097,-63.61667199999999
Diphyllobothrium ditremum,Europe,54.5259614,15.2551187
Echinococcus granulosus,Pakistan,30.375321,69.34511599999999
Taenia taeniaeformis,California,36.778261,-119.4179324
Taenia omissa,District of Columbia/Delaware/New Jersey/Maryland,39.0457549,-76.64127119999999
Raillietina tetragona,Azerbaidzan,40.143105,47.576927
Raillietina echinobothrida,Azerbaidzan,40.143105,47.576927
Caryophyllaeus laticeps,European USSR (CIS),54.5259614,15.2551187
Dipylidium caninum,Jordan,30.585164,36.238414
Paranoplocephala omphalodes,Kirgizia,41.20438,74.766098
Paranoplocephala macrocephala,Kirgizia,41.20438,74.766098
Catenotaenia pusilla,Kirgizia,41.20438,74.766098
Mathevotaenia symmetrica,Kirgizia,41.20438,74.766098
Hymenolepis diminuta,Kirgizia,41.20438,74.766098
Rodentolepis straminea,Kirgizia,41.20438,74.766098
Rodentolepis microstoma,Kirgizia,41.20438,74.766098
Bothriocephalus cuspidatus,Wisconsin,43.7844397,-88.7878678
Echinococcus vogeli,Ecuador,-1.831239,-78.18340599999999
Echinococcus granulosus,United States,37.09024,-95.712891
Flamingolepis liguloides,France,46.227638,2.213749
Flamingolepis flamingo,France,46.227638,2.213749
Gynandrotaenia stammeri,France,46.227638,2.213749
Eurycestus avoceti,France,46.227638,2.213749
Bothriocephalus opsariichthydis,Azerbaidzan,40.143105,47.576927
Khawia sinensis,Azerbaidzan,40.143105,47.576927
Bothriocephalus acheilognathi,Azerbaidzan,40.143105,47.576927
Taenia hydatigena,Azerbaidzan,40.143105,47.576927
Choanotaenia infundibulum,Azerbaidzan,40.143105,47.576927
Dipylidium caninum,Japan,36.204824,138.252924
Hymenolepis nana,Ecuador,-1.831239,-78.18340599999999
Cladotaenia globifera,Denmark,56.26392,9.501785
Taenia mustelae,Denmark,56.26392,9.501785
Taenia polyacantha,Denmark,56.26392,9.501785
Taenia taeniaeformis,Denmark,56.26392,9.501785
Paranoplocephala omphalodes,Denmark,56.26392,9.501785
Microsomacanthus microskrjabini,"Ukraine, incl. Moldavia",48.379433,31.1655799
Fimbriarioides intermedia,"Ukraine, incl. Moldavia",48.379433,31.1655799
Triaenophorus nodulosus,"England, Wales + Isle of Man",54.236107,-4.548056
Atriotaenia procyonis,Arkansas,35.20105,-91.8318334
Bothriocephalus acheilognathi,"Ukraine, incl. Moldavia",48.379433,31.1655799
Anoplocephala manubriata,Vietnam,14.058324,108.277199
Anoplocephala perfoliata,Vietnam,14.058324,108.277199
Bertiella studeri,Vietnam,14.058324,108.277199
Moniezia benedeni,Vietnam,14.058324,108.277199
Moniezia expansa,Vietnam,14.058324,108.277199
Mosgovoyia pectinata,Vietnam,14.058324,108.277199
Pseudanoplocephala crawfordi,Vietnam,14.058324,108.277199
Avitellina centripunctata,Vietnam,14.058324,108.277199
Hymenolepis diminuta,Switzerland + Lichtenstein,47.3682887,8.5374552
Moniezia expansa,Cape Province,-33.5,20.97
Metroliasthes lucida,France,46.227638,2.213749
Choanotaenia infundibulum,France,46.227638,2.213749
Proteocephalus ambloplitis,Louisiana,30.9842977,-91.96233269999999
Proteocephalus filicollis,"England, Wales + Isle of Man",54.236107,-4.548056
Bothriocephalus claviceps,Europe,54.5259614,15.2551187
Diphyllobothrium ditremum,Eire + N. Ireland,54.7877149,-6.4923145
Taenia saginata,Germany,51.165691,10.451526
Triaenophorus crassus,Alaska,64.2008413,-149.4936733
Hymenolepis nana,Florida,27.6648274,-81.5157535
Hymenolepis nana,Iraq,33.223191,43.679291
Hymenolepis diminuta,Iraq,33.223191,43.679291
Triaenophorus crassus,Canada,56.130366,-106.346771
Paricterotaenia porosa,Iraq,33.223191,43.679291
Wardium fusa,Iraq,33.223191,43.679291
Mosgovoyia pectinata,Finland,61.92410999999999,25.7481511
Echinococcus granulosus,Iran,32.427908,53.688046
Taenia hydatigena,Iran,32.427908,53.688046
Taenia solium,Iran,32.427908,53.688046
Taenia hydatigena,Scotland,56.49067119999999,-4.2026458
Anoplocephala perfoliata,Germany,51.165691,10.451526
Caryophyllaeus laticeps,Austria,47.516231,14.550072
Triaenophorus crassus,Austria,47.516231,14.550072
Ligula intestinalis,Austria,47.516231,14.550072
Bothriocephalus acheilognathi,Austria,47.516231,14.550072
Proteocephalus macrocephalus,Austria,47.516231,14.550072
Proteocephalus percae,Austria,47.516231,14.550072
Moniezia expansa,Rwanda,-1.940278,29.873888
Echinococcus multilocularis,"England, Wales + Isle of Man",54.236107,-4.548056
Taenia martis,Germany,51.165691,10.451526
Raillietina tetragona,Bangladesh,23.684994,90.356331
Raillietina echinobothrida,Bangladesh,23.684994,90.356331
Raillietina cesticillus,Bangladesh,23.684994,90.356331
Echinococcus granulosus,Ethiopian Region,9.145000000000001,40.489673
Echinococcus granulosus,Nearctic,53.569001,-113.571487
Echinococcus granulosus,Neotropical,28.9337826,-95.30845339999999
Dipylidium caninum,Arkansas,35.20105,-91.8318334
Corallobothrium fimbriatum,Wisconsin,43.7844397,-88.7878678
Triaenophorus nodulosus,Wisconsin,43.7844397,-88.7878678
Dipylidium caninum,Laos,19.85627,102.495496
Taenia saginata,Indonesia & Malaysia,-0.789275,113.921327
Taenia solium,Indonesia & Malaysia,-0.789275,113.921327
Taenia solium,New South Wales,-31.2532183,146.921099
Echinococcus multilocularis,Kenya,-0.023559,37.906193
Taenia crassiceps,Kenya,-0.023559,37.906193
Taenia hydatigena,South Australia,-30.0002315,136.2091547
Diploposthe skrjabini,Azerbaidzan,40.143105,47.576927
Lateriporus skrjabini,Yakut ASSR,66.7613451,124.123753
Joyeuxiella echinorhynchoides,Spain + Andalusia,37.5442706,-4.7277528
Raillietina tetragona,Iraq,33.223191,43.679291
Raillietina echinobothrida,Iraq,33.223191,43.679291
Raillietina cesticillus,Iraq,33.223191,43.679291
Hymenolepis carioca,Iraq,33.223191,43.679291
Choanotaenia infundibulum,Iraq,33.223191,43.679291
Taenia hydatigena,"England, Wales + Isle of Man",54.236107,-4.548056
Taenia pisiformis,"England, Wales + Isle of Man",54.236107,-4.548056
Taenia multiceps,"England, Wales + Isle of Man",54.236107,-4.548056
Taenia serialis,"England, Wales + Isle of Man",54.236107,-4.548056
Dipylidium caninum,"England, Wales + Isle of Man",54.236107,-4.548056
Taenia polyacantha,"England, Wales + Isle of Man",54.236107,-4.548056
Microsomacanthus hopkinsi,Manitoba,53.7608608,-98.8138762
Microsomacanthus hopkinsi,New Brunswick,46.5653163,-66.46191639999999
Hymenolepis nana,Manitoba,53.7608608,-98.8138762
Schistocephalus solidus,Iceland,64.963051,-19.020835
Ligula intestinalis,Finland,61.92410999999999,25.7481511
Anoplocephala perfoliata,Iceland,64.963051,-19.020835
Taenia taeniaeformis,Corsica,42.0396042,9.012892599999999
Triaenophorus nodulosus,Lake Baikal,53.5587003,108.1649965
Proteocephalus percae,Lake Baikal,53.5587003,108.1649965
Cephalochlamys namaquensis,Eire + N. Ireland,54.7877149,-6.4923145
Khawia sinensis,"Ukraine, incl. Moldavia",48.379433,31.1655799
Fimbriaria fasciolaris,Canada,56.130366,-106.346771
Fimbriarioides intermedia,Canada,56.130366,-106.346771
Aploparaksis furcigera,Canada,56.130366,-106.346771
Cloacotaenia megalops,Canada,56.130366,-106.346771
Dicranotaenia coronula,Canada,56.130366,-106.346771
Diorchis asiatica,Canada,56.130366,-106.346771
Diorchis bulbodes,Canada,56.130366,-106.346771
Diorchis inflata,Canada,56.130366,-106.346771
Diorchis nyrocae,Canada,56.130366,-106.346771
Diorchis ransomi,Canada,56.130366,-106.346771
Drepanidotaenia lanceolata,Canada,56.130366,-106.346771
Echinocotyle rosseteri,Canada,56.130366,-106.346771
Microsomacanthus compressa,Canada,56.130366,-106.346771
Microsomacanthus hopkinsi,Canada,56.130366,-106.346771
Microsomacanthus microskrjabini,Canada,56.130366,-106.346771
Microsomacanthus paracompressa,Canada,56.130366,-106.346771
Microsomacanthus spiralibursata,Canada,56.130366,-106.346771
Microsomacanthus tuvensis,Canada,56.130366,-106.346771
Parabisaccanthes philactes,Canada,56.130366,-106.346771
Retinometra venusta,Canada,56.130366,-106.346771
Sobolevicanthus gracilis,Canada,56.130366,-106.346771
Sobolevicanthus octacantha,Canada,56.130366,-106.346771
Tschertkovilepis setigera,Canada,56.130366,-106.346771
Diploposthe laevis,Canada,56.130366,-106.346771
Lateriporus mathevossianae,Canada,56.130366,-106.346771
Lateriporus skrjabini,Canada,56.130366,-106.346771
Platyscolex ciliata,Canada,56.130366,-106.346771
Moniezia benedeni,New Brunswick,46.5653163,-66.46191639999999
Moniezia benedeni,Quebec,52.9399159,-73.5491361
Taenia hydatigena,Quebec,52.9399159,-73.5491361
Moniezia expansa,Newfoundland,53.1355091,-57.6604364
Moniezia expansa,Quebec,52.9399159,-73.5491361
Moniezia expansa,Nova Scotia,44.68198659999999,-63.744311
Echinococcus granulosus,Ontario,51.253775,-85.323214
Taenia solium,Manitoba,53.7608608,-98.8138762
Taenia solium,Ontario,51.253775,-85.323214
Taenia solium,Saskatchewan,52.9399159,-106.4508639
Taenia hydatigena,Saskatchewan,52.9399159,-106.4508639
Dipylidium caninum,New Brunswick,46.5653163,-66.46191639999999
Dipylidium caninum,Newfoundland,53.1355091,-57.6604364
Dipylidium caninum,Northwest Territories,64.8255441,-124.8457334
Dipylidium caninum,Ontario,51.253775,-85.323214
Taenia crassiceps,Ontario,51.253775,-85.323214
Taenia hydatigena,Newfoundland,53.1355091,-57.6604364
Taenia pisiformis,Newfoundland,53.1355091,-57.6604364
Taenia pisiformis,Northwest Territories,64.8255441,-124.8457334
Taenia pisiformis,Ontario,51.253775,-85.323214
Taenia pisiformis,Quebec,52.9399159,-73.5491361
Taenia serialis,Alberta,53.9332706,-116.5765035
Taenia serialis,Northwest Territories,64.8255441,-124.8457334
Anoplocephala magna,Ontario,51.253775,-85.323214
Anoplocephala magna,Quebec,52.9399159,-73.5491361
Anoplocephala perfoliata,Newfoundland,53.1355091,-57.6604364
Anoplocephala perfoliata,Ontario,51.253775,-85.323214
Staphylocystis furcata,Taiwan,23.69781,120.960515
Diphyllobothrium ditremum,Nova Scotia,44.68198659999999,-63.744311
Schistocephalus pungitii,Nova Scotia,44.68198659999999,-63.744311
Proteocephalus ambloplitis,New Hampshire/Vermont/Massachusetts/Connecticut/Rhode Is.,43.2509279,-71.9273024
Rodentolepis asymmetrica,"Ukraine, incl. Moldavia",48.379433,31.1655799
Taenia taeniaeformis,France,46.227638,2.213749
Taenia mustelae,France,46.227638,2.213749
Sobolevicanthus krabbeella,Denmark,56.26392,9.501785
Taenia hydatigena,Japan,36.204824,138.252924
Bertiella studeri,Sumatra,-0.589724,101.3431058
Bothriocephalus opsariichthydis,Japan,36.204824,138.252924
Khawia sinensis,"England, Wales + Isle of Man",54.236107,-4.548056
Clistobothrium carcharodoni,Pacific coast of USA,62.4113634,-149.0729714
Diplopylidium acanthotetra,Balearic Islands,39.3587759,2.7356328
Taenia multiceps,Iran,32.427908,53.688046
Taenia taeniaeformis,Iran,32.427908,53.688046
Taenia endothoracicus,Iran,32.427908,53.688046
Taenia pisiformis,Iran,32.427908,53.688046
Dipylidium caninum,Iran,32.427908,53.688046
Echinococcus granulosus,Uruguay,-32.522779,-55.765835
Hymenolepis nana,Sudan,12.862807,30.217636
Taenia saginata,Burma [Myanmar],21.916221,95.955974
Ligula intestinalis,"Ukraine, incl. Moldavia",48.379433,31.1655799
Echinococcus granulosus,Mali,17.570692,-3.996166
Moniezia expansa,Tennessee,35.5174913,-86.5804473
Taenia taeniaeformis,Chile,-35.675147,-71.542969
Spathebothrium simplex,Sea of Okhotsk,52.87362299999999,149.3658173
Bothriocephalus scorpii,Sea of Okhotsk,52.87362299999999,149.3658173
Raillietina echinobothrida,Malaya,3.17,101.7
Raillietina tetragona,Malaya,3.17,101.7
Hymenolepis carioca,Malaya,3.17,101.7
Davainea proglottina,Malaya,3.17,101.7
Amoebotaenia cuneata,Malaya,3.17,101.7
Taenia martis,Spain + Andalusia,37.5442706,-4.7277528
Echinococcus granulosus,Niger,17.607789,8.081666
Echinococcus multilocularis,Belgium + Luxembourg,50.0546886,5.467698299999999
Dipylidium caninum,Yugoslavia,37.09024,-95.712891
Hymenolepis nana,Guinea,9.945587,-9.696645
Echinococcus multilocularis,Indiana,40.2671941,-86.1349019
Bothriocephalus claviceps,Baltic Sea,58.48795200000001,19.863281
Proteocephalus macrocephalus,Baltic Sea,58.48795200000001,19.863281
Sobolevicanthus gracilis,"England, Wales + Isle of Man",54.236107,-4.548056
Fimbriaria fasciolaris,"England, Wales + Isle of Man",54.236107,-4.548056
Diorchis nyrocae,"England, Wales + Isle of Man",54.236107,-4.548056
Nematoparataenia southwelli,"England, Wales + Isle of Man",54.236107,-4.548056
Dicranotaenia coronula,"England, Wales + Isle of Man",54.236107,-4.548056
Thysaniezia giardi,Orange Free State,-28.4541105,26.7967849
Hymenolepis diminuta,Guinea-Bissau,11.803749,-15.180413
Echinococcus granulosus,Guinea-Bissau,11.803749,-15.180413
Dipylidium caninum,Guinea-Bissau,11.803749,-15.180413
Taenia saginata,Guinea-Bissau,11.803749,-15.180413
Taenia solium,Guinea-Bissau,11.803749,-15.180413
Bertiella studeri,Guinea-Bissau,11.803749,-15.180413
Taenia saginata,Angola,-11.202692,17.873887
Taenia solium,Angola,-11.202692,17.873887
Echinococcus granulosus,Mozambique,-18.665695,35.529562
Hymenolepis nana,Mozambique,-18.665695,35.529562
Dipylidium caninum,Armenia,40.069099,45.038189
Khawia armeniaca,Armenia,40.069099,45.038189
Dipylidium caninum,Mozambique,-18.665695,35.529562
Taenia saginata,Mozambique,-18.665695,35.529562
Taenia solium,Mozambique,-18.665695,35.529562
Anoplocephala perfoliata,Ethiopia (incl. Dhibouti),11.59516,43.146473
Anoplocephala perfoliata,Japan,36.204824,138.252924
Dipylidium caninum,Spain + Andalusia,37.5442706,-4.7277528
Anoplocephala perfoliata,Morocco,31.791702,-7.092619999999999
Anoplocephala magna,Morocco,31.791702,-7.092619999999999
Moniezia expansa,Yugoslavia,37.09024,-95.712891
Davainea proglottina,Iraq,33.223191,43.679291
Drepanidotaenia lanceolata,Iraq,33.223191,43.679291
Nematoparataenia southwelli,Yugoslavia,37.09024,-95.712891
Staphylocystis furcata,Burma [Myanmar],21.916221,95.955974
Hymenolepis nana,Taiwan,23.69781,120.960515
Hymenolepis diminuta,North Carolina,35.7595731,-79.01929969999999
Taenia polyacantha,Finland,61.92410999999999,25.7481511
Taenia pisiformis,Colorado,39.5500507,-105.7820674
Taenia serialis,Colorado,39.5500507,-105.7820674
Mosgovoyia pectinata,Colorado,39.5500507,-105.7820674
Corallobothrium parafimbriatum,Italy,41.87194,12.56738
Amphilina foliacea,Georgia (USSR),42.315407,43.35689199999999
Bothrimonus fallax,Georgia (USSR),42.315407,43.35689199999999
Triaenophorus nodulosus,Georgia (USSR),42.315407,43.35689199999999
Proteocephalus percae,Georgia (USSR),42.315407,43.35689199999999
Caryophyllaeus laticeps,Georgia (USSR),42.315407,43.35689199999999
Ligula intestinalis,Georgia (USSR),42.315407,43.35689199999999
Paradilepis scolecina,Georgia (USSR),42.315407,43.35689199999999
Proteocephalus torulosus,Georgia (USSR),42.315407,43.35689199999999
Taenia saginata,Norway,60.47202399999999,8.468945999999999
Anoplocephala perfoliata,Sweden,60.12816100000001,18.643501
Khawia armeniaca,Georgia (USSR),42.315407,43.35689199999999
Moniezia expansa,Eire + N. Ireland,54.7877149,-6.4923145
Hymenolepis nana,Egypt,26.820553,30.802498
Anoplocephala perfoliata,Italy,41.87194,12.56738
Monobothrium hunteri,Lake Superior,47.723087,-86.940716
Proteocephalus macrocephalus,Nova Scotia,44.68198659999999,-63.744311
Bothriocephalus claviceps,Nova Scotia,44.68198659999999,-63.744311
Bothriocephalus acheilognathi,Italy,41.87194,12.56738
Cyathocephalus truncatus,Italy,41.87194,12.56738
Triaenophorus nodulosus,Italy,41.87194,12.56738
Ligula intestinalis,Sardinia,40.1208752,9.012892599999999
Proteocephalus percae,Italy,41.87194,12.56738
Caryophyllaeus laticeps,Italy,41.87194,12.56738
Proteocephalus osculatus,Georgia (USSR),42.315407,43.35689199999999
Moniezia benedeni,The Gambia,13.443182,-15.310139
Amoebotaenia cuneata,Southeast Asia,-2.2179704,115.66283
Ophiotaenia gracilis,Nearctic,53.569001,-113.571487
Austramphilina elongata,South Australia,-30.0002315,136.2091547
Grillotia erinaceus,Atlantic Ocean,-14.5994134,-28.6731465
Echinococcus granulosus,Crete,35.240117,24.8092691
Moniezia expansa,United States,37.09024,-95.712891
Taenia hydatigena,United States,37.09024,-95.712891
Proteocephalus ambiguus,Finno-Karelian ASSR,63.15587019999999,32.9905552
Neoctenotaenia ctenoides,United States,37.09024,-95.712891
Taenia pisiformis,United States,37.09024,-95.712891
Joyeuxiella pasqualei,Egypt,26.820553,30.802498
Echinococcus granulosus,New Zealand,-40.900557,174.885971
Anoplocephala magna,Iran,32.427908,53.688046
Dipylidium caninum,Austria,47.516231,14.550072
Taenia serialis,Germany,51.165691,10.451526
Taenia pisiformis,Germany,51.165691,10.451526
Taenia polyacantha,Germany,51.165691,10.451526
Taenia taeniaeformis,Germany,51.165691,10.451526
Raillietina echinobothrida,Egypt,26.820553,30.802498
Choanotaenia infundibulum,Egypt,26.820553,30.802498
Hymenolepis diminuta,Eire + N. Ireland,54.7877149,-6.4923145
Bothriocephalus acheilognathi,Louisiana,30.9842977,-91.96233269999999
Taenia solium,Guatemala,15.783471,-90.23075899999999
Taenia serialis,United States,37.09024,-95.712891
Variolepis farciminosa,Ivory Coast,7.539988999999999,-5.547079999999999
Avitellina centripunctata,Senegal,14.497401,-14.452362
Cloacotaenia megalops,Florida,27.6648274,-81.5157535
Cittotaenia denticulata,"England, Wales + Isle of Man",54.236107,-4.548056
Mosgovoyia pectinata,"England, Wales + Isle of Man",54.236107,-4.548056
Echinococcus granulosus,Costa Rica,9.748916999999999,-83.753428
Echinococcus oligarthrus,Costa Rica,9.748916999999999,-83.753428
Echinococcus granulosus,Mexico,23.634501,-102.552784
Echinococcus granulosus,Belgium + Luxembourg,50.0546886,5.467698299999999
Hymenolepis nana,Peru,-9.189967,-75.015152
Taenia taeniaeformis,Taiwan,23.69781,120.960515
Hymenolepis diminuta,Taiwan,23.69781,120.960515
Aploparaksis filum,United States,37.09024,-95.712891
Davainea tetraoensis,Finland,61.92410999999999,25.7481511
Catenotaenia pusilla,Japan,36.204824,138.252924
Taenia crassiceps,Lithuania,55.169438,23.881275
Taenia mustelae,Lithuania,55.169438,23.881275
Echinococcus granulosus,District of Columbia/Delaware/New Jersey/Maryland,39.0457549,-76.64127119999999
Hymenolepis nana,Paraguay,-23.442503,-58.443832
Hymenolepis nana,Pakistan,30.375321,69.34511599999999
Caryophyllaeus laticeps,France,46.227638,2.213749
Khawia sinensis,France,46.227638,2.213749
Ligula intestinalis,France,46.227638,2.213749
Ligula intestinalis,Scotland,56.49067119999999,-4.2026458
Nybelinia surmenicola,Coast of Japan,35.4543846,139.644207
Diphyllobothrium ditremum,Ontario,51.253775,-85.323214
Eubothrium salvelini,Ontario,51.253775,-85.323214
Ligula intestinalis,Ontario,51.253775,-85.323214
Proteocephalus ambloplitis,Ontario,51.253775,-85.323214
Hunterella nodulosa,Ontario,51.253775,-85.323214
Schistocephalus solidus,Ontario,51.253775,-85.323214
Bothriocephalus scorpii,Norway,60.47202399999999,8.468945999999999
Proteocephalus filicollis,Norway,60.47202399999999,8.468945999999999
Taenia multiceps,Italy,41.87194,12.56738
Taenia pisiformis,Italy,41.87194,12.56738
Dipylidium caninum,Italy,41.87194,12.56738
Taenia parenchymatosa,Yakut ASSR,66.7613451,124.123753
Taenia hyaenae,Southern Africa,-24.3570767,19.5687103
Taenia gonyamai,Ethiopian Region,9.145000000000001,40.489673
Catenotaenia pusilla,France,46.227638,2.213749
Catenotaenia pusilla,Italy,41.87194,12.56738
Catenotaenia pusilla,"England, Wales + Isle of Man",54.236107,-4.548056
Echinococcus multilocularis,United States,37.09024,-95.712891
Hymenolepis diminuta,Egypt,26.820553,30.802498
Mathevotaenia symmetrica,Iraq,33.223191,43.679291
Taenia taeniaeformis,Italy,41.87194,12.56738
Taenia taeniaeformis,"England, Wales + Isle of Man",54.236107,-4.548056
Taenia taeniaeformis,Spain + Andalusia,37.5442706,-4.7277528
Taenia taeniaeformis,Egypt,26.820553,30.802498
Taenia taeniaeformis,District of Columbia/Delaware/New Jersey/Maryland,39.0457549,-76.64127119999999
Taenia asiatica,Taiwan,23.69781,120.960515
Lacistorhynchus tenuis,Western Mediterranean,34.5531284,18.0480105
Cyclustera capito,Florida,27.6648274,-81.5157535
Mosgovoyia pectinata,Eire + N. Ireland,54.7877149,-6.4923145
Cittotaenia denticulata,Eire + N. Ireland,54.7877149,-6.4923145
Hymenolepis diminuta,Lithuania,55.169438,23.881275
Rodentolepis straminea,Lithuania,55.169438,23.881275
Cladotaenia globifera,Lithuania,55.169438,23.881275
Paranoplocephala omphalodes,Lithuania,55.169438,23.881275
Taenia martis,Lithuania,55.169438,23.881275
Proteocephalus osculatus,"England, Wales + Isle of Man",54.236107,-4.548056
Taenia hydatigena,Estonia + Latvia,56.95962400000001,24.1016552
Moniezia expansa,Estonia + Latvia,56.95962400000001,24.1016552
Moniezia benedeni,Estonia + Latvia,56.95962400000001,24.1016552
Moniezia expansa,Transvaal,-23.59,29.13
Taenia hydatigena,Transvaal,-23.59,29.13
Moniezia expansa,Germany,51.165691,10.451526
Bothriocephalus scorpii,Western Iberian coast,40.4830106,-4.087557299999999
Moniezia expansa,Iraq,33.223191,43.679291
Hymenolepis nana,Bangladesh,23.684994,90.356331
Amphilina foliacea,Mediterranean,34.5531284,18.0480105
Eubothrium salvelini,Spitzbergen (Svalbard),78.90136,13.4838877
Anoplocephala perfoliata,Cape Province,-33.5,20.97
Aploparaksis crassirostris,New Brunswick,46.5653163,-66.46191639999999
Aploparaksis brachyphallos,New Brunswick,46.5653163,-66.46191639999999
Hymenolepis diminuta,Manitoba,53.7608608,-98.8138762
Dipylidium caninum,Germany,51.165691,10.451526
Molluscotaenia crassiscolex,"Ukraine, incl. Moldavia",48.379433,31.1655799
Neoskrjabinolepis schaldybini,"Ukraine, incl. Moldavia",48.379433,31.1655799
Staphylocystis furcata,"Ukraine, incl. Moldavia",48.379433,31.1655799
Urocystis prolifer,"Ukraine, incl. Moldavia",48.379433,31.1655799
Joyeuxiella pasqualei,Iran,32.427908,53.688046
Taenia solium,Nearctic,53.569001,-113.571487
Hymenolepis nana,Armenia,40.069099,45.038189
Dipylidium caninum,Morocco,31.791702,-7.092619999999999
Taenia crassiceps,Morocco,31.791702,-7.092619999999999
Echinococcus granulosus,Yugoslavia,37.09024,-95.712891
Taenia hydatigena,Yugoslavia,37.09024,-95.712891
Taenia multiceps,Yugoslavia,37.09024,-95.712891
Taenia pisiformis,Yugoslavia,37.09024,-95.712891
Echinococcus multilocularis,Iran,32.427908,53.688046
Paranoplocephala omphalodes,Alaska,64.2008413,-149.4936733
Proteocephalus percae,"England, Wales + Isle of Man",54.236107,-4.548056
Cyathocephalus truncatus,Yugoslavia,37.09024,-95.712891
Paranoplocephala omphalodes,Finland,61.92410999999999,25.7481511
Taenia mustelae,Finland,61.92410999999999,25.7481511
Taenia taeniaeformis,Finland,61.92410999999999,25.7481511
Bothriocephalus acheilognathi,Hawaiian Islands,19.8967662,-155.5827818
Echinococcus granulosus,Nepal,28.394857,84.12400799999999
Triaenophorus crassus,Ontario,51.253775,-85.323214
Triaenophorus nodulosus,Ontario,51.253775,-85.323214
Triaenophorus stizostedionis,Ontario,51.253775,-85.323214
Echinococcus multilocularis,New Brunswick,46.5653163,-66.46191639999999
Ophiotaenia filaroides,Mexico,23.634501,-102.552784
Schistocephalus solidus,Finland,61.92410999999999,25.7481511
Ligula intestinalis,European USSR (CIS),54.5259614,15.2551187
Grillotia erinaceus,Irish Sea,53.8276917,-4.465836599999999
Aploparaksis crassirostris,European USSR (CIS),54.5259614,15.2551187
Ophryocotyle proteus,European USSR (CIS),54.5259614,15.2551187
Bothrimonus fallax,Black Sea,43.41302899999999,34.299316
Echinococcus granulosus,Greece,39.074208,21.824312
Echinococcus granulosus,Eire + N. Ireland,54.7877149,-6.4923145
Echinococcus multilocularis,Nearctic,53.569001,-113.571487
Bertiella studeri,Japan,36.204824,138.252924
Hymenolepis nana,Tunisia,33.886917,9.537499
Taenia saginata,Tunisia,33.886917,9.537499
Taenia saginata,Iraq,33.223191,43.679291
Hymenolepis diminuta,Austria,47.516231,14.550072
Echinococcus granulosus,Austria,47.516231,14.550072
Taenia solium,Austria,47.516231,14.550072
Taenia saginata,Austria,47.516231,14.550072
Diorchis brevis,Iraq,33.223191,43.679291
Diorchis ransomi,Iraq,33.223191,43.679291
Diploposthe laevis,Iraq,33.223191,43.679291
Taenia parva,Southern Africa,-24.3570767,19.5687103
Taenia solium,Ecuador,-1.831239,-78.18340599999999
Triaenophorus crassus,Quebec,52.9399159,-73.5491361
Taenia solium,Peru,-9.189967,-75.015152
Taenia solium,Rwanda,-1.940278,29.873888
Echinococcus granulosus,Peru,-9.189967,-75.015152
Raillietina echinobothrida,Senegal,14.497401,-14.452362
Hymenolepis diminuta,New Hampshire/Vermont/Massachusetts/Connecticut/Rhode Is.,43.2509279,-71.9273024
Staphylocystis brusatae,Turkmenistan,38.969719,59.556278
Bothriocephalus scorpii,Adriatic Sea,41.85509039999999,17.2902839
Anoplocephala perfoliata,Victoria,-37.01,144.75
Taenia hydatigena,Uruguay,-32.522779,-55.765835
Gangesia parasiluri,Iraq,33.223191,43.679291
Khawia armeniaca,Iraq,33.223191,43.679291
Echinococcus granulosus,Lithuania,55.169438,23.881275
Anomotaenia constricta,Spain + Andalusia,37.5442706,-4.7277528
Passerilepis stylosa,Spain + Andalusia,37.5442706,-4.7277528
Variolepis farciminosa,Spain + Andalusia,37.5442706,-4.7277528
Proteocephalus longicollis,Greenland,71.706936,-42.604303
Eubothrium salvelini,Greenland,71.706936,-42.604303
Diphyllobothrium ditremum,Greenland,71.706936,-42.604303
Fimbriaria fasciolaris,Indian Region,22,79
Moniezia benedeni,New Zealand,-40.900557,174.885971
Moniezia expansa,New Zealand,-40.900557,174.885971
Hymenolepis carioca,Indian Region,22,79
Cyathocephalus truncatus,Scotland,56.49067119999999,-4.2026458
Echinococcus granulosus,Indian Region,22,79
Taenia solium,Indian Region,22,79
Taenia saginata,Indian Region,22,79
Taenia hydatigena,Indian Region,22,79
Taenia pisiformis,Indian Region,22,79
Taenia taeniaeformis,Indian Region,22,79
Moniezia expansa,Indian Region,22,79
Moniezia benedeni,Indian Region,22,79
Bertiella studeri,Indian Region,22,79
Hymenolepis nana,"England, Wales + Isle of Man",54.236107,-4.548056
Avitellina centripunctata,Indian Region,22,79
Avitellina lahorea,Indian Region,22,79
Stilesia globipunctata,Indian Region,22,79
Raillietina tetragona,Indian Region,22,79
Raillietina echinobothrida,Indian Region,22,79
Choanotaenia infundibulum,Indian Region,22,79
Dipylidium caninum,Indian Region,22,79
Joyeuxiella pasqualei,Indian Region,22,79
Hymenolepis cantaniana,Indian Region,22,79
Hymenolepis diminuta,Indian Region,22,79
Hymenolepis nana,Indian Region,22,79
Glaridacris catostomi,Canada,56.130366,-106.346771
Glaridacris catostomi,Manitoba,53.7608608,-98.8138762
Glaridacris catostomi,Ontario,51.253775,-85.323214
Glaridacris catostomi,Saskatchewan,52.9399159,-106.4508639
Glaridacris vogei,British Columbia,53.7266683,-127.6476205
Hunterella nodulosa,Canada,56.130366,-106.346771
Monobothrium hunteri,Manitoba,53.7608608,-98.8138762
Corallobothrium fimbriatum,Ontario,51.253775,-85.323214
Corallotaenia minutia,Ontario,51.253775,-85.323214
Megathylacoides giganteum,Ontario,51.253775,-85.323214
Proteocephalus filicollis,Manitoba,53.7608608,-98.8138762
Proteocephalus filicollis,Alberta,53.9332706,-116.5765035
Proteocephalus fluviatilis,Ontario,51.253775,-85.323214
Proteocephalus longicollis,Canada,56.130366,-106.346771
Proteocephalus macrocephalus,Canada,56.130366,-106.346771
Proteocephalus pearsei,Ontario,51.253775,-85.323214
Eubothrium rugosum,Canada,56.130366,-106.346771
Archigetes sieboldi,European USSR (CIS),54.5259614,15.2551187
Khawia sinensis,Byelorussia,53.709807,27.953389
Schistocephalus solidus,"England, Wales + Isle of Man",54.236107,-4.548056
Eubothrium salvelini,Labrador + Newfoundland,53.1355091,-57.6604364
Bothriocephalus claviceps,Ontario,51.253775,-85.323214
Bothriocephalus claviceps,Canada,56.130366,-106.346771
Bothriocephalus cuspidatus,Canada,56.130366,-106.346771
Bothriocephalus cuspidatus,Ontario,51.253775,-85.323214
Bothriocephalus opsariichthydis,British Columbia,53.7266683,-127.6476205
Echinococcus granulosus,Eastern & Central Europe,48.66,19.5
Dipylidium caninum,Eastern & Central Europe,48.66,19.5
Triaenophorus nodulosus,Canada,56.130366,-106.346771
Triaenophorus nodulosus,Alberta,53.9332706,-116.5765035
Triaenophorus stizostedionis,Canada,56.130366,-106.346771
Lacistorhynchus tenuis,Atlantic Ocean,-14.5994134,-28.6731465
Haplobothrium globuliforme,Ontario,51.253775,-85.323214
Diphyllobothrium ditremum,Yukon + Northwest Territories,60.71795149999999,-135.0498961
Ligula intestinalis,British Columbia,53.7266683,-127.6476205
Ligula intestinalis,Saskatchewan,52.9399159,-106.4508639
Schistocephalus solidus,British Columbia,53.7266683,-127.6476205
Schistocephalus solidus,Manitoba,53.7608608,-98.8138762
Schistocephalus solidus,Saskatchewan,52.9399159,-106.4508639
Cyathocephalus truncatus,Ontario,51.253775,-85.323214
Cyathocephalus truncatus,Yukon + Northwest Territories,60.71795149999999,-135.0498961
Cyathocephalus truncatus,Manitoba,53.7608608,-98.8138762
Cyathocephalus truncatus,British Columbia,53.7266683,-127.6476205
Cyathocephalus truncatus,Alberta,53.9332706,-116.5765035
Taenia pisiformis,Japan,36.204824,138.252924
Taenia serialis,Japan,36.204824,138.252924
Diphyllobothrium ditremum,Quebec,52.9399159,-73.5491361
Hymenolepis nana,Chile,-35.675147,-71.542969
Echinococcus granulosus,Chile,-35.675147,-71.542969
Dipylidium caninum,Chile,-35.675147,-71.542969
Taenia saginata,Chile,-35.675147,-71.542969
Spathebothrium simplex,Coast of Japan,35.4543846,139.644207
Bothriocephalus scorpii,Coast of Japan,35.4543846,139.644207
Taenia mustelae,Japan,36.204824,138.252924
Bothriocephalus scorpii,North Sea,56.511018,3.515625
Bothriocephalus barbatus,France,46.227638,2.213749
Bothriocephalus gregarius,France,46.227638,2.213749
Triaenophorus crassus,Denmark,56.26392,9.501785
Taenia saginata,United States,37.09024,-95.712891
Taenia crassiceps,United States,37.09024,-95.712891
Taenia macrocystis,Venezuela,6.42375,-66.58973
Taenia multiceps,Uruguay,-32.522779,-55.765835
Taenia pisiformis,Uruguay,-32.522779,-55.765835
Dipylidium caninum,Uruguay,-32.522779,-55.765835
Taenia crassiceps,Spain + Andalusia,37.5442706,-4.7277528
Dipylidium caninum,Estonia + Latvia,56.95962400000001,24.1016552
Eubothrium salvelini,Scotland,56.49067119999999,-4.2026458
Paranoplocephala macrocephala,Arizona,34.0489281,-111.0937311
Hymenolepis diminuta,Indiana,40.2671941,-86.1349019
Grillotia erinaceus,West Coast of Norway,60.4121981,5.3222701
Ligula intestinalis,Kazakstan,48.019573,66.923684
Bothriocephalus acheilognathi,Norway,60.47202399999999,8.468945999999999
Proteocephalus torulosus,Austria,47.516231,14.550072
Bothriocephalus scorpii,South China Sea,15.488092,114.404754
Triaenophorus nodulosus,Russia (Asian),61.52401,105.318756
Triaenophorus crassus,Russia (Asian),61.52401,105.318756
Eubothrium rugosum,Russia (Asian),61.52401,105.318756
Eubothrium salvelini,Russia (Asian),61.52401,105.318756
Diphyllobothrium ditremum,Russia (Asian),61.52401,105.318756
Ligula intestinalis,Russia (Asian),61.52401,105.318756
Schistocephalus pungitii,Russia (Asian),61.52401,105.318756
Cyathocephalus truncatus,Russia (Asian),61.52401,105.318756
Diplocotyle olrikii,Russia (Asian),61.52401,105.318756
Proteocephalus percae,Russia (Asian),61.52401,105.318756
Proteocephalus cernuae,Russia (Asian),61.52401,105.318756
Proteocephalus torulosus,Russia (Asian),61.52401,105.318756
Proteocephalus filicollis,Russia (Asian),61.52401,105.318756
Amphilina foliacea,Italy,41.87194,12.56738
Schistocephalus solidus,Italy,41.87194,12.56738
Tetrabothrius erostris,Italy,41.87194,12.56738
Anoplocephala magna,Italy,41.87194,12.56738
Avitellina centripunctata,Italy,41.87194,12.56738
Cittotaenia denticulata,Italy,41.87194,12.56738
Ctenotaenia marmotae,Italy,41.87194,12.56738
Moniezia benedeni,Italy,41.87194,12.56738
Moniezia expansa,Italy,41.87194,12.56738
Mosgovoyia pectinata,Italy,41.87194,12.56738
Paranoplocephala omphalodes,Italy,41.87194,12.56738
Stilesia globipunctata,Italy,41.87194,12.56738
Cladotaenia globifera,France,46.227638,2.213749
Schistocephalus solidus,Switzerland + Lichtenstein,47.3682887,8.5374552
Bothriocephalus acheilognathi,Iran,32.427908,53.688046
Ligula intestinalis,Iran,32.427908,53.688046
Davainea proglottina,Italy,41.87194,12.56738
Ophryocotyle proteus,Italy,41.87194,12.56738
Raillietina echinobothrida,Italy,41.87194,12.56738
Raillietina tetragona,Italy,41.87194,12.56738
Amoebotaenia cuneata,Italy,41.87194,12.56738
Multitesticulata filamentosa,Italy,41.87194,12.56738
Neogryporhynchus cheilancristrotus,Italy,41.87194,12.56738
Paricterotaenia porosa,Italy,41.87194,12.56738
Diplopylidium acanthotetra,Italy,41.87194,12.56738
Joyeuxiella echinorhynchoides,Italy,41.87194,12.56738
Joyeuxiella pasqualei,Italy,41.87194,12.56738
Cladotaenia globifera,Italy,41.87194,12.56738
Fimbriarioides intermedia,Black Sea,43.41302899999999,34.299316
Microsomacanthus microskrjabini,Black Sea,43.41302899999999,34.299316
Platyscolex ciliata,Black Sea,43.41302899999999,34.299316
Paruterina candelabraria,Italy,41.87194,12.56738
Aploparaksis crassirostris,Italy,41.87194,12.56738
Aploparaksis filum,Italy,41.87194,12.56738
Aploparaksis furcigera,Italy,41.87194,12.56738
Dicranotaenia coronula,Italy,41.87194,12.56738
Diorchis inflata,Italy,41.87194,12.56738
Diploposthe laevis,Italy,41.87194,12.56738
Drepanidotaenia lanceolata,Italy,41.87194,12.56738
Echinocotyle rosseteri,Italy,41.87194,12.56738
Fimbriaria fasciolaris,Italy,41.87194,12.56738
Hymenolepis cantaniana,Italy,41.87194,12.56738
Hymenolepis diminuta,Italy,41.87194,12.56738
Passerilepis stylosa,Italy,41.87194,12.56738
Pseudhymenolepis redonica,Italy,41.87194,12.56738
Rodentolepis asymmetrica,Italy,41.87194,12.56738
Rodentolepis straminea,Italy,41.87194,12.56738
Sobolevicanthus gracilis,Italy,41.87194,12.56738
Staphylocystis pistillum,Italy,41.87194,12.56738
Staphylocystis scalaris,Italy,41.87194,12.56738
Taenia crassiceps,Italy,41.87194,12.56738
Taenia polyacantha,Italy,41.87194,12.56738
Taenia saginata,Italy,41.87194,12.56738
Taenia serialis,Italy,41.87194,12.56738
Taenia solium,Italy,41.87194,12.56738
Cephalochlamys namaquensis,Cape Province,-33.5,20.97
Molluscotaenia crassiscolex,Kazakstan,48.019573,66.923684
Lineolepis scutigera,Kazakstan,48.019573,66.923684
Neoskrjabinolepis schaldybini,Kazakstan,48.019573,66.923684
Staphylocystis brusatae,Kazakstan,48.019573,66.923684
Staphylocystis furcata,Kazakstan,48.019573,66.923684
Urocystis prolifer,Kazakstan,48.019573,66.923684
Oochoristica scelopori,Mexico,23.634501,-102.552784
Staphylocystis furcata,Borneo,0.9618833999999999,114.5548495
Moniezia expansa,NW African coast,-8.783195,34.508523
Proteocephalus percae,European USSR (CIS),54.5259614,15.2551187
Proteocephalus cernuae,European USSR (CIS),54.5259614,15.2551187
Oochoristica scelopori,United States,37.09024,-95.712891
Calliobothrium verticillatum,Adriatic Sea,41.85509039999999,17.2902839
Proteocephalus filicollis,Scotland,56.49067119999999,-4.2026458
Khawia sinensis,European USSR (CIS),54.5259614,15.2551187
Valipora campylancristrota,European USSR (CIS),54.5259614,15.2551187
Cyathocephalus truncatus,Great Lakes,45.0522366,-82.4846115
Eubothrium salvelini,Great Lakes,45.0522366,-82.4846115
Triaenophorus crassus,Great Lakes,45.0522366,-82.4846115
Triaenophorus nodulosus,Great Lakes,45.0522366,-82.4846115
Lacistorhynchus tenuis,Northeast Atlantic,39.370134,-77.40677199999999
Nybelinia surmenicola,Chilean coast,-32.98,-71.00999999999999
Lacistorhynchus dollfusi,Chilean coast,-32.98,-71.00999999999999
Dipylidium caninum,European USSR (CIS),54.5259614,15.2551187
Caryophyllaeus laticeps,Norway,60.47202399999999,8.468945999999999
Ligula intestinalis,Norway,60.47202399999999,8.468945999999999
Proteocephalus percae,Norway,60.47202399999999,8.468945999999999
Corallobothrium fimbriatum,Arizona,34.0489281,-111.0937311
Proteocephalus ambloplitis,Arizona,34.0489281,-111.0937311
Oochoristica anolis,Nearctic,53.569001,-113.571487
Oochoristica osheroffi,Nearctic,53.569001,-113.571487
Oochoristica scelopori,Nearctic,53.569001,-113.571487
Hymenolepis citelli,Idaho,44.0682019,-114.7420408
Cyclustera ibisae,Florida,27.6648274,-81.5157535
Raillietina echinobothrida,Vietnam,14.058324,108.277199
Raillietina tetragona,Vietnam,14.058324,108.277199
Raillietina cesticillus,Vietnam,14.058324,108.277199
Diorchis brevis,Vietnam,14.058324,108.277199
Diploposthe laevis,Vietnam,14.058324,108.277199
Fimbriaria fasciolaris,Vietnam,14.058324,108.277199
Hymenolepis diminuta,Vietnam,14.058324,108.277199
Rodentolepis straminea,Vietnam,14.058324,108.277199
Dipylidium caninum,Vietnam,14.058324,108.277199
Taenia laticollis,Vietnam,14.058324,108.277199
Taenia solium,Vietnam,14.058324,108.277199
Caryophyllaeus laticeps,Iraq,33.223191,43.679291
Taenia saginata,Peru,-9.189967,-75.015152
Taenia saginata,Guatemala,15.783471,-90.23075899999999
Taenia hydatigena,Vietnam,14.058324,108.277199
Taenia martis,Balearic Islands,39.3587759,2.7356328
Echinococcus oligarthrus,Mexico,23.634501,-102.552784
Bothriocephalus gregarius,Black Sea,43.41302899999999,34.299316
Ligula intestinalis,Uganda,1.373333,32.290275
Dicranotaenia coronula,Florida,27.6648274,-81.5157535
Diorchis bulbodes,Florida,27.6648274,-81.5157535
Diploposthe laevis,Florida,27.6648274,-81.5157535
Fimbriaria fasciolaris,Florida,27.6648274,-81.5157535
Microsomacanthus compressa,Florida,27.6648274,-81.5157535
Microsomacanthus hopkinsi,Florida,27.6648274,-81.5157535
Platyscolex ciliata,Florida,27.6648274,-81.5157535
Sobolevicanthus gracilis,Florida,27.6648274,-81.5157535
Taenia acinonyxi,Zaire,-6.2649292,14.2343282
Taenia hydatigena,Iceland,64.963051,-19.020835
Taenia parenchymatosa,Russia (Asian),61.52401,105.318756
Taenia laticollis,Alberta,53.9332706,-116.5765035
Taenia pisiformis,Switzerland + Lichtenstein,47.3682887,8.5374552
Taenia regis,Zaire,-6.2649292,14.2343282
Taenia solium,Switzerland + Lichtenstein,47.3682887,8.5374552
Taenia parva,Switzerland + Lichtenstein,47.3682887,8.5374552
Ligula intestinalis,Quebec,52.9399159,-73.5491361
Thysaniezia giardi,Pakistan,30.375321,69.34511599999999
Moniezia benedeni,Pakistan,30.375321,69.34511599999999
Avitellina centripunctata,Pakistan,30.375321,69.34511599999999
Stilesia globipunctata,Pakistan,30.375321,69.34511599999999
Raillietina tetragona,Pakistan,30.375321,69.34511599999999
Raillietina echinobothrida,Pakistan,30.375321,69.34511599999999
Choanotaenia infundibulum,Pakistan,30.375321,69.34511599999999
Hymenolepis diminuta,Finland,61.92410999999999,25.7481511
Moniezia expansa,Sumatra,-0.589724,101.3431058
Hymenolepis nana,Italy,41.87194,12.56738
Raillietina cesticillus,Italy,41.87194,12.56738
Taenia asiatica,Japan,36.204824,138.252924
Retinometra venusta,Armenia,40.069099,45.038189
Microsomacanthus paramicrosoma,Armenia,40.069099,45.038189
Aploparaksis filum,Armenia,40.069099,45.038189
Anoplocephala perfoliata,"England, Wales + Isle of Man",54.236107,-4.548056
Paradilepis scolecina,Italy,41.87194,12.56738
Molluscotaenia crassiscolex,Germany,51.165691,10.451526
Lineolepis scutigera,Germany,51.165691,10.451526
Neoskrjabinolepis schaldybini,Germany,51.165691,10.451526
Urocystis prolifer,Germany,51.165691,10.451526
Taenia pisiformis,Southwest Europe,41.2745004,-1.2121322
Cittotaenia denticulata,Southwest Europe,41.2745004,-1.2121322
Neoctenotaenia ctenoides,Southwest Europe,41.2745004,-1.2121322
Proteocephalus percae,Switzerland + Lichtenstein,47.3682887,8.5374552
Taenia solium,California,36.778261,-119.4179324
Schizorchis altaica,Lake Baikal,53.5587003,108.1649965
Mosgovoyia pectinata,Lake Baikal,53.5587003,108.1649965
Paranoplocephala omphalodes,Lake Baikal,53.5587003,108.1649965
Anoplocephala magna,Lake Baikal,53.5587003,108.1649965
Anoplocephala perfoliata,Lake Baikal,53.5587003,108.1649965
Moniezia expansa,Lake Baikal,53.5587003,108.1649965
Moniezia benedeni,Lake Baikal,53.5587003,108.1649965
Avitellina centripunctata,Lake Baikal,53.5587003,108.1649965
Avitellina arctica,Lake Baikal,53.5587003,108.1649965
Thysaniezia giardi,Lake Baikal,53.5587003,108.1649965
Catenotaenia pusilla,Lake Baikal,53.5587003,108.1649965
Mathevotaenia symmetrica,Lake Baikal,53.5587003,108.1649965
Hymenolepis diminuta,Lake Baikal,53.5587003,108.1649965
Rodentolepis straminea,Lake Baikal,53.5587003,108.1649965
Urocystis prolifer,Lake Baikal,53.5587003,108.1649965
Dipylidium caninum,Lake Baikal,53.5587003,108.1649965
Cladotaenia globifera,Lake Baikal,53.5587003,108.1649965
Taenia solium,Lake Baikal,53.5587003,108.1649965
Taenia hydatigena,Lake Baikal,53.5587003,108.1649965
Taenia mustelae,Lake Baikal,53.5587003,108.1649965
Taenia martis,Lake Baikal,53.5587003,108.1649965
Taenia crassiceps,Lake Baikal,53.5587003,108.1649965
Taenia pisiformis,Lake Baikal,53.5587003,108.1649965
Echinococcus granulosus,Lake Baikal,53.5587003,108.1649965
Fimbriarioides intermedia,Iceland,64.963051,-19.020835
Hymenolepis nana,Mali,17.570692,-3.996166
Taenia saginata,Pakistan,30.375321,69.34511599999999
Bothriocephalus claviceps,Nearctic,53.569001,-113.571487
Bothriocephalus cuspidatus,Nearctic,53.569001,-113.571487
Bothriocephalus acheilognathi,Nearctic,53.569001,-113.571487
Proteocephalus longicollis,Denmark,56.26392,9.501785
Triaenophorus nodulosus,Denmark,56.26392,9.501785
Echinococcus granulosus,Bangladesh,23.684994,90.356331
Proteocephalus macrocephalus,Belgium + Luxembourg,50.0546886,5.467698299999999
Bothriocephalus claviceps,Belgium + Luxembourg,50.0546886,5.467698299999999
Bothriocephalus acheilognathi,Australia,-25.274398,133.775136
Anoplocephala magna,Germany,51.165691,10.451526
Bothriocephalus acheilognathi,Arkansas,35.20105,-91.8318334
Microsomacanthus ductilis,Islands of the Arctic Ocean,65.2481624,-60.4620977
Tetrabothrius erostris,Islands of the Arctic Ocean,65.2481624,-60.4620977
Taenia saginata,Southeast Asia,-2.2179704,115.66283
Bothriocephalus acheilognathi,Greece,39.074208,21.824312
Khawia sinensis,Greece,39.074208,21.824312
Taenia polyacantha,Spain + Andalusia,37.5442706,-4.7277528
Taenia mustelae,Byelorussia,53.709807,27.953389
Drepanidotaenia lanceolata,Yugoslavia,37.09024,-95.712891
Bothriocephalus acheilognathi,Georgia (USSR),42.315407,43.35689199999999
Bothriocephalus scorpii,Sea of Japan,38.848848,135
Staphylocystis furcata,"England, Wales + Isle of Man",54.236107,-4.548056
Staphylocystis scalaris,"England, Wales + Isle of Man",54.236107,-4.548056
Rodentolepis microstoma,"England, Wales + Isle of Man",54.236107,-4.548056
Rodentolepis straminea,"England, Wales + Isle of Man",54.236107,-4.548056
Taenia martis,"England, Wales + Isle of Man",54.236107,-4.548056
Moniezia benedeni,"England, Wales + Isle of Man",54.236107,-4.548056
Moniezia expansa,"England, Wales + Isle of Man",54.236107,-4.548056
Taenia hydatigena,Mongolia,46.862496,103.846656
Echinococcus granulosus,Mongolia,46.862496,103.846656
Bothriocephalus acheilognathi,New South Wales,-31.2532183,146.921099
Proteocephalus macrocephalus,Eire + N. Ireland,54.7877149,-6.4923145
Bothriocephalus claviceps,Eire + N. Ireland,54.7877149,-6.4923145
Diphyllobothrium ditremum,Northeast Atlantic,39.370134,-77.40677199999999
Catenotaenia pusilla,Eire + N. Ireland,54.7877149,-6.4923145
Bertiella studeri,Spain + Andalusia,37.5442706,-4.7277528
Paradilepis caballeroi,Gulf of Mexico,25.304304,-90.065918
Dipylidium caninum,France,46.227638,2.213749
Hymenolepis diminuta,New South Wales,-31.2532183,146.921099
Taenia asiatica,Indonesia & Malaysia,-0.789275,113.921327
Joyeuxiella echinorhynchoides,Greece,39.074208,21.824312
Dipylidium caninum,Greece,39.074208,21.824312
Taenia hydatigena,Greece,39.074208,21.824312
Taenia pisiformis,Greece,39.074208,21.824312
Taenia taeniaeformis,Greece,39.074208,21.824312
Taenia crassiceps,Greece,39.074208,21.824312
Cladotaenia globifera,Spain + Andalusia,37.5442706,-4.7277528
Taenia solium,Malagasay,-20,47
Taenia solium,Burundi,-3.373056,29.918886
Raillietina tetragona,Yugoslavia,37.09024,-95.712891
Raillietina echinobothrida,Yugoslavia,37.09024,-95.712891
Davainea proglottina,Yugoslavia,37.09024,-95.712891
Ligula intestinalis,Lake Baikal,53.5587003,108.1649965
Avitellina centripunctata,France,46.227638,2.213749
Moniezia benedeni,France,46.227638,2.213749
Taenia mustelae,Spain + Andalusia,37.5442706,-4.7277528
Hymenolepis diminuta,Mexico,23.634501,-102.552784
Taenia saginata,Mexico,23.634501,-102.552784
Proteocephalus ambiguus,Norway,60.47202399999999,8.468945999999999
Diplocotyle olrikii,Norway,60.47202399999999,8.468945999999999
Eubothrium salvelini,France,46.227638,2.213749
Dipylidium caninum,Taiwan,23.69781,120.960515
Taenia pisiformis,Taiwan,23.69781,120.960515
Hymenolepis nana,Uruguay,-32.522779,-55.765835
Triaenophorus nodulosus,Switzerland + Lichtenstein,47.3682887,8.5374552
Fimbriaria fasciolaris,Egypt,26.820553,30.802498
Fimbriaria fasciolaris,Kenya,-0.023559,37.906193
Cloacotaenia megalops,Kenya,-0.023559,37.906193
Eubothrium salvelini,Lake Michigan,43.4501005,-87.22201869999999
Echinococcus multilocularis,Quebec,52.9399159,-73.5491361
Sobolevicanthus octacantha,Egypt,26.820553,30.802498
Sobolevicanthus octacantha,Zaire,-6.2649292,14.2343282
Diploposthe laevis,Zaire,-6.2649292,14.2343282
Diploposthe laevis,Kenya,-0.023559,37.906193
Diploposthe laevis,Ethiopia (incl. Dhibouti),11.59516,43.146473
Diploposthe laevis,Egypt,26.820553,30.802498
Bothriocephalus acheilognathi,Europe,54.5259614,15.2551187
Cyathocephalus truncatus,Europe,54.5259614,15.2551187
Proteocephalus torulosus,Europe,54.5259614,15.2551187
Ligula intestinalis,Greece,39.074208,21.824312
Bothriocephalus rarus,New Hampshire/Vermont/Massachusetts/Connecticut/Rhode Is.,43.2509279,-71.9273024
Taenia mustelae,United States,37.09024,-95.712891
Cladotaenia circi,United States,37.09024,-95.712891
Paranoplocephala omphalodes,Germany,51.165691,10.451526
Taenia crassiceps,Austria,47.516231,14.550072
Taenia polyacantha,Austria,47.516231,14.550072
Taenia taeniaeformis,Austria,47.516231,14.550072
Taenia serialis,Austria,47.516231,14.550072
Eubothrium salvelini,Austria,47.516231,14.550072
Proteocephalus longicollis,Austria,47.516231,14.550072
Triaenophorus nodulosus,Austria,47.516231,14.550072
Bothriocephalus acheilognathi,Puerto Rico,18.220833,-66.590149
Proteocephalus ambloplitis,Puerto Rico,18.220833,-66.590149
Caryophyllaeus laticeps,Switzerland + Lichtenstein,47.3682887,8.5374552
Tatria biremis,"Ukraine, incl. Moldavia",48.379433,31.1655799
Catenotaenia pusilla,Switzerland + Lichtenstein,47.3682887,8.5374552
Taenia hydatigena,Peru,-9.189967,-75.015152
Taenia multiceps,Peru,-9.189967,-75.015152
Dipylidium caninum,Peru,-9.189967,-75.015152
Molluscotaenia crassiscolex,France,46.227638,2.213749
Neogryporhynchus cheilancristrotus,"Ukraine, incl. Moldavia",48.379433,31.1655799
Paricterotaenia porosa,"Ukraine, incl. Moldavia",48.379433,31.1655799
Diorchis brevis,"Ukraine, incl. Moldavia",48.379433,31.1655799
Diploposthe laevis,"Ukraine, incl. Moldavia",48.379433,31.1655799
Rodentolepis asymmetrica,Switzerland + Lichtenstein,47.3682887,8.5374552
Staphylocystis furcata,Switzerland + Lichtenstein,47.3682887,8.5374552
Cyathocephalus truncatus,Switzerland + Lichtenstein,47.3682887,8.5374552
Tetrabothrius erostris,"Ukraine, incl. Moldavia",48.379433,31.1655799
Anoplocephala perfoliata,Spain + Andalusia,37.5442706,-4.7277528
Tschertkovilepis setigera,Finno-Karelian ASSR,63.15587019999999,32.9905552
Molluscotaenia crassiscolex,European USSR (CIS),54.5259614,15.2551187
Mosgovoyia pectinata,European USSR (CIS),54.5259614,15.2551187
Paruterina candelabraria,European USSR (CIS),54.5259614,15.2551187
Taenia parenchymatosa,European USSR (CIS),54.5259614,15.2551187
Pseudhymenolepis redonica,Spain + Andalusia,37.5442706,-4.7277528
Caryophyllaeus laticeps,Egypt,26.820553,30.802498
Caryophyllaeus laticeps,Morocco,31.791702,-7.092619999999999
Thysaniezia giardi,Spain + Andalusia,37.5442706,-4.7277528
Polyonchobothrium clarias,Gabon,-0.803689,11.609444
Polyonchobothrium clarias,Sudan,12.862807,30.217636
Polyonchobothrium clarias,Senegal,14.497401,-14.452362
Polyonchobothrium clarias,Uganda,1.373333,32.290275
Ligula intestinalis,Zaire,-6.2649292,14.2343282
Amirthalingamia macracantha,Sudan,12.862807,30.217636
Proteocephalus longicollis,Baltic Sea,58.48795200000001,19.863281
Proteocephalus percae,Baltic Sea,58.48795200000001,19.863281
Diplocotyle olrikii,European USSR (CIS),54.5259614,15.2551187
Anoplocephala perfoliata,Chile,-35.675147,-71.542969
Anoplocephala magna,Chile,-35.675147,-71.542969
Anoplocephala perfoliata,Belgium + Luxembourg,50.0546886,5.467698299999999
Taenia hydatigena,Nearctic,53.569001,-113.571487
Moniezia benedeni,Nearctic,53.569001,-113.571487
Moniezia expansa,Nearctic,53.569001,-113.571487
Triaenophorus nodulosus,Russia (European),54.5259614,15.2551187
Diphyllobothrium ditremum,Russia (European),54.5259614,15.2551187
Bertiella studeri,Sri Lanka,7.873053999999999,80.77179699999999
Dipylidium caninum,Sri Lanka,7.873053999999999,80.77179699999999
Oochoristica anolis,Lesser Antilles,14.4122148,-64.7627955
Raillietina cesticillus,Ethiopia (incl. Dhibouti),11.59516,43.146473
Raillietina tetragona,Ethiopia (incl. Dhibouti),11.59516,43.146473
Choanotaenia infundibulum,Ethiopia (incl. Dhibouti),11.59516,43.146473
Raillietina echinobothrida,Ethiopia (incl. Dhibouti),11.59516,43.146473
Hymenolepis carioca,Ethiopia (incl. Dhibouti),11.59516,43.146473
Anoplocephala perfoliata,France,46.227638,2.213749
Anoplocephala magna,France,46.227638,2.213749
Schistocephalus solidus,Baltic Sea,58.48795200000001,19.863281
Anoplocephala magna,Mexico,23.634501,-102.552784
Anoplocephala perfoliata,Mexico,23.634501,-102.552784
Moniezia expansa,Mexico,23.634501,-102.552784
Oochoristica osheroffi,Mexico,23.634501,-102.552784
Glaridacris confusa,Mexico,23.634501,-102.552784
Dipylidium caninum,Mexico,23.634501,-102.552784
Variolepis farciminosa,Mexico,23.634501,-102.552784
Ophiotaenia perspicua,Mexico,23.634501,-102.552784
Taenia hydatigena,Mexico,23.634501,-102.552784
Taenia multiceps,Mexico,23.634501,-102.552784
Taenia pisiformis,Mexico,23.634501,-102.552784
Taenia serialis,Mexico,23.634501,-102.552784
Taenia taeniaeformis,Mexico,23.634501,-102.552784
Paranoplocephala omphalodes,"Ukraine, incl. Moldavia",48.379433,31.1655799
Mosgovoyia pectinata,"Ukraine, incl. Moldavia",48.379433,31.1655799
Catenotaenia pusilla,"Ukraine, incl. Moldavia",48.379433,31.1655799
Lineolepis scutigera,"Ukraine, incl. Moldavia",48.379433,31.1655799
Rodentolepis straminea,"Ukraine, incl. Moldavia",48.379433,31.1655799
Echinococcus granulosus,Kashmir + Jammu,32.7266016,74.8570259
Bertiella studeri,Equatorial Guinea,1.650801,10.267895
Proteocephalus torulosus,Germany,51.165691,10.451526
Hymenolepis nana,Argentina,-38.416097,-63.61667199999999
Echinococcus granulosus,Norway,60.47202399999999,8.468945999999999
Echinococcus granulosus,Sweden,60.12816100000001,18.643501
Echinococcus granulosus,Finland,61.92410999999999,25.7481511
Valipora campylancristrota,Italy,41.87194,12.56738
Echinococcus granulosus,Cyprus,35.126413,33.429859
Rodentolepis straminea,Spain + Andalusia,37.5442706,-4.7277528
Caryophyllaeus laticeps,Eire + N. Ireland,54.7877149,-6.4923145
Eubothrium salvelini,Eire + N. Ireland,54.7877149,-6.4923145
Proteocephalus filicollis,Eire + N. Ireland,54.7877149,-6.4923145
Schistocephalus solidus,Eire + N. Ireland,54.7877149,-6.4923145
Cyathocephalus truncatus,Mongolia,46.862496,103.846656
Hymenolepis diminuta,Puerto Rico,18.220833,-66.590149
Hymenolepis nana,Sulawesi,-1.8479,120.5279
Proteocephalus ambiguus,"England, Wales + Isle of Man",54.236107,-4.548056
Proteocephalus ambiguus,France,46.227638,2.213749
Proteocephalus ambiguus,Europe,54.5259614,15.2551187
Triaenophorus nodulosus,"Ukraine, incl. Moldavia",48.379433,31.1655799
Moniezia benedeni,Yugoslavia,37.09024,-95.712891
Taenia serialis,Yugoslavia,37.09024,-95.712891
Proteocephalus cernuae,Europe,54.5259614,15.2551187
Proteocephalus filicollis,Europe,54.5259614,15.2551187
Proteocephalus longicollis,Europe,54.5259614,15.2551187
Proteocephalus macrocephalus,Europe,54.5259614,15.2551187
Proteocephalus macrocephalus,Nearctic,53.569001,-113.571487
Taenia hydatigena,Jordan,30.585164,36.238414
Caryophyllaeus laticeps,"England, Wales + Isle of Man",54.236107,-4.548056
Proteocephalus osculatus,Europe,54.5259614,15.2551187
Proteocephalus percae,Europe,54.5259614,15.2551187
Proteocephalus thymalli,Europe,54.5259614,15.2551187
Proteocephalus torulosus,Iraq,33.223191,43.679291
Cladotaenia globifera,Byelorussia,53.709807,27.953389
Oochoristica javaensis,Islands of Western Pacific,-8.783195,-124.508523
Oochoristica javaensis,Java,-7.29,109.9
Echinococcus granulosus,Japan,36.204824,138.252924
Glossocercus caribaensis,Florida,27.6648274,-81.5157535
Aploparaksis crassirostris,Spain + Andalusia,37.5442706,-4.7277528
Aploparaksis filum,Spain + Andalusia,37.5442706,-4.7277528
Aploparaksis pseudofilum,Spain + Andalusia,37.5442706,-4.7277528
Archigetes sieboldi,Spain + Andalusia,37.5442706,-4.7277528
Avitellina centripunctata,Spain + Andalusia,37.5442706,-4.7277528
Bothriocephalus claviceps,Western Mediterranean,34.5531284,18.0480105
Bothriocephalus scorpii,Western Mediterranean,34.5531284,18.0480105
Calliobothrium verticillatum,Off Azores/Canary/Cape Verde Isles,28.2915637,-16.6291304
Caryophyllaeus laticeps,Spain + Andalusia,37.5442706,-4.7277528
Choanotaenia infundibulum,Spain + Andalusia,37.5442706,-4.7277528
Cittotaenia denticulata,Spain + Andalusia,37.5442706,-4.7277528
Cloacotaenia megalops,Spain + Andalusia,37.5442706,-4.7277528
Davainea proglottina,Spain + Andalusia,37.5442706,-4.7277528
Diorchis inflata,Spain + Andalusia,37.5442706,-4.7277528
Diorchis nyrocae,Spain + Andalusia,37.5442706,-4.7277528
Diorchis parvogenitalis,Spain + Andalusia,37.5442706,-4.7277528
Diploposthe laevis,Spain + Andalusia,37.5442706,-4.7277528
Triaenophorus crassus,Alberta,53.9332706,-116.5765035
Drepanidotaenia lanceolata,Spain + Andalusia,37.5442706,-4.7277528
Fimbriaria fasciolaris,Spain + Andalusia,37.5442706,-4.7277528
Flamingolepis liguloides,Spain + Andalusia,37.5442706,-4.7277528
Flamingolepis flamingo,Spain + Andalusia,37.5442706,-4.7277528
Lacistorhynchus tenuis,Spain + Andalusia,37.5442706,-4.7277528
Ligula intestinalis,Spain + Andalusia,37.5442706,-4.7277528
Microsomacanthus compressa,Spain + Andalusia,37.5442706,-4.7277528
Moniezia benedeni,Spain + Andalusia,37.5442706,-4.7277528
Moniezia expansa,Spain + Andalusia,37.5442706,-4.7277528
Mosgovoyia pectinata,Spain + Andalusia,37.5442706,-4.7277528
Echinococcus multilocularis,Eastern & Central Europe,48.66,19.5
Neoctenotaenia ctenoides,Spain + Andalusia,37.5442706,-4.7277528
Ophryocotyle proteus,Canary Islands,28.2915637,-16.6291304
Paruterina candelabraria,Spain + Andalusia,37.5442706,-4.7277528
Proteocephalus macrocephalus,Balearic Islands,39.3587759,2.7356328
Proteocephalus macrocephalus,Spain + Andalusia,37.5442706,-4.7277528
Proteocephalus percae,Spain + Andalusia,37.5442706,-4.7277528
Schistocephalus solidus,Spain + Andalusia,37.5442706,-4.7277528
Sobolevicanthus gracilis,Spain + Andalusia,37.5442706,-4.7277528
Stilesia globipunctata,Spain + Andalusia,37.5442706,-4.7277528
Taenia solium,Spain + Andalusia,37.5442706,-4.7277528
Tschertkovilepis setigera,Spain + Andalusia,37.5442706,-4.7277528
Echinococcus granulosus,Tunisia,33.886917,9.537499
Proteocephalus longicollis,Eire + N. Ireland,54.7877149,-6.4923145
Gangesia parasiluri,Japan,36.204824,138.252924
Proteocephalus longicollis,Lake Michigan,43.4501005,-87.22201869999999
Taenia saginata,France,46.227638,2.213749
Echinococcus granulosus,Iceland,64.963051,-19.020835
Taenia solium,Hawaiian Islands,19.8967662,-155.5827818
Anoplotaenia dasyuri,Australia,-25.274398,133.775136
Taenia hydatigena,Australia,-25.274398,133.775136
Haplobothrium globuliforme,Canada,56.130366,-106.346771
Moniezia expansa,Iceland,64.963051,-19.020835
Schistocephalus solidus,Nearctic,53.569001,-113.571487
Bertiella mucronata,Neotropical,28.9337826,-95.30845339999999
Taenia taeniaeformis,Neotropical,28.9337826,-95.30845339999999
Catenotaenia pusilla,Germany,51.165691,10.451526
Diploposthe laevis,Germany,51.165691,10.451526
Hymenolepis diminuta,Germany,51.165691,10.451526
Mosgovoyia pectinata,Germany,51.165691,10.451526
Taenia solium,Germany,51.165691,10.451526
Echinococcus granulosus,Egypt,26.820553,30.802498
Dipylidium caninum,Egypt,26.820553,30.802498
Grillotia erinaceus,Western coast of British Isles,56.41323389999999,-5.472362899999999
Echinococcus multilocularis,Egypt,26.820553,30.802498
Diplocotyle olrikii,Northeast Atlantic,39.370134,-77.40677199999999
Caryophyllaeus laticeps,Northeast Atlantic,39.370134,-77.40677199999999
Bothriocephalus claviceps,Northeast Atlantic,39.370134,-77.40677199999999
Eubothrium salvelini,Northeast Atlantic,39.370134,-77.40677199999999
Triaenophorus nodulosus,Northeast Atlantic,39.370134,-77.40677199999999
Taenia mustelae,Mongolia,46.862496,103.846656
Taenia polyacantha,Mongolia,46.862496,103.846656
Taenia endothoracicus,Mongolia,46.862496,103.846656
Cladotaenia globifera,Mongolia,46.862496,103.846656
Ligula intestinalis,Transvaal,-23.59,29.13
Paradilepis scolecina,Transvaal,-23.59,29.13
Amirthalingamia macracantha,Transvaal,-23.59,29.13
Ligula intestinalis,Northeast Atlantic,39.370134,-77.40677199999999
Schistocephalus pungitii,Northeast Atlantic,39.370134,-77.40677199999999
Schistocephalus solidus,Northeast Atlantic,39.370134,-77.40677199999999
Proteocephalus ambiguus,Northeast Atlantic,39.370134,-77.40677199999999
Proteocephalus filicollis,Northeast Atlantic,39.370134,-77.40677199999999
Proteocephalus longicollis,Northeast Atlantic,39.370134,-77.40677199999999
Proteocephalus macrocephalus,Northeast Atlantic,39.370134,-77.40677199999999
Proteocephalus percae,Northeast Atlantic,39.370134,-77.40677199999999
Cladotaenia globifera,Japan,36.204824,138.252924
Hymenolepis diminuta,Morocco,31.791702,-7.092619999999999
Hymenolepis nana,Morocco,31.791702,-7.092619999999999
Catenotaenia pusilla,Europe,54.5259614,15.2551187
Moniezia expansa,Armenia,40.069099,45.038189
Moniezia benedeni,Armenia,40.069099,45.038189
Thysaniezia giardi,Armenia,40.069099,45.038189
Schistocephalus pungitii,Baltic Sea,58.48795200000001,19.863281
Diplocotyle olrikii,Baltic Sea,58.48795200000001,19.863281
Proteocephalus filicollis,Baltic Sea,58.48795200000001,19.863281
Paranoplocephala omphalodes,Russia (Asian),61.52401,105.318756
Hymenolepis diminuta,Russia (Asian),61.52401,105.318756
Catenotaenia pusilla,Russia (Asian),61.52401,105.318756
Taenia hydatigena,Russia (Asian),61.52401,105.318756
Rodentolepis straminea,Russia (Asian),61.52401,105.318756
Dipylidium caninum,Sweden,60.12816100000001,18.643501
Hymenolepis diminuta,Byelorussia,53.709807,27.953389
Taenia crassiceps,Byelorussia,53.709807,27.953389
Taenia hydatigena,Byelorussia,53.709807,27.953389
Taenia polyacantha,Byelorussia,53.709807,27.953389
Taenia taeniaeformis,Byelorussia,53.709807,27.953389
Hymenolepis diminuta,Guinea,9.945587,-9.696645
Duplicibothrium minutum,Gulf of Mexico,25.304304,-90.065918
Archigetes sieboldi,Japan,36.204824,138.252924
Khawia japonensis,Japan,36.204824,138.252924
Lateriporus mathevossianae,Yakut ASSR,66.7613451,124.123753
Moniezia expansa,Sweden,60.12816100000001,18.643501
Taenia pisiformis,Egypt,26.820553,30.802498
Taenia hydatigena,Egypt,26.820553,30.802498
Moniezia expansa,Egypt,26.820553,30.802498
Avitellina centripunctata,Egypt,26.820553,30.802498
Dipylidium caninum,Saskatchewan,52.9399159,-106.4508639
Proteocephalus ambloplitis,Nearctic,53.569001,-113.571487
Proteocephalus pearsei,Nearctic,53.569001,-113.571487
Aploparaksis brachyphallos,Alaska,64.2008413,-149.4936733
Aploparaksis rissae,Alaska,64.2008413,-149.4936733
Microsomacanthus ductilis,Alaska,64.2008413,-149.4936733
Paricterotaenia porosa,Alaska,64.2008413,-149.4936733
Proteocephalus longicollis,France,46.227638,2.213749
Proteocephalus longicollis,Switzerland + Lichtenstein,47.3682887,8.5374552
Proteocephalus percae,France,46.227638,2.213749
Proteocephalus torulosus,Switzerland + Lichtenstein,47.3682887,8.5374552
Proteocephalus ambloplitis,Mississippi,32.3546679,-89.3985283
Bothriocephalus acheilognathi,Iraq,33.223191,43.679291
Taenia solium,Ghana,7.946527,-1.023194
Taenia hydatigena,Ghana,7.946527,-1.023194
Bothriocephalus claviceps,Norway,60.47202399999999,8.468945999999999
Eubothrium rugosum,Norway,60.47202399999999,8.468945999999999
Proteocephalus macrocephalus,Norway,60.47202399999999,8.468945999999999
Dipylidium caninum,Byelorussia,53.709807,27.953389
Taenia pisiformis,Byelorussia,53.709807,27.953389
Taenia saginata,Australia,-25.274398,133.775136
Dipylidium caninum,Australia,-25.274398,133.775136
Echinococcus multilocularis,New South Wales,-31.2532183,146.921099
Anoplocephala perfoliata,New South Wales,-31.2532183,146.921099
Confluaria furcifera,Denmark,56.26392,9.501785
Confluaria furcifera,Germany,51.165691,10.451526
Confluaria furcifera,Quebec,52.9399159,-73.5491361
Confluaria furcifera,Alberta,53.9332706,-116.5765035
Schistocephalus solidus,Alaska,64.2008413,-149.4936733
Hymenolepis diminuta,Nebraska,41.4925374,-99.9018131
Taenia taeniaeformis,South Dakota,43.9695148,-99.9018131
Lateriporus clerci,European USSR (CIS),54.5259614,15.2551187
Austramphilina elongata,Australia,-25.274398,133.775136
Echinococcus granulosus,Falkland Islands,-51.796253,-59.523613
Echinococcus multilocularis,South Dakota,43.9695148,-99.9018131
Taenia acinonyxi,Ethiopian Region,9.145000000000001,40.489673
Taenia crocutae,Ethiopian Region,9.145000000000001,40.489673
Taenia hyaenae,Ethiopian Region,9.145000000000001,40.489673
Taenia madoquae,Ethiopian Region,9.145000000000001,40.489673
Taenia martis,Europe,54.5259614,15.2551187
Taenia olngojinei,Ethiopian Region,9.145000000000001,40.489673
Taenia omissa,Nearctic,53.569001,-113.571487
Taenia rileyi,Nearctic,53.569001,-113.571487
Taenia serialis,Ethiopian Region,9.145000000000001,40.489673
Taenia simbae,Ethiopian Region,9.145000000000001,40.489673
Taenia taxidiensis,Nearctic,53.569001,-113.571487
Moniezia expansa,Chile,-35.675147,-71.542969
Moniezia benedeni,Chile,-35.675147,-71.542969
Taenia hydatigena,Chile,-35.675147,-71.542969
Taenia pisiformis,Chile,-35.675147,-71.542969
Taenia multiceps,Chile,-35.675147,-71.542969
Taenia serialis,Chile,-35.675147,-71.542969
Choanotaenia infundibulum,Chile,-35.675147,-71.542969
Davainea proglottina,Chile,-35.675147,-71.542969
Raillietina cesticillus,Chile,-35.675147,-71.542969
Hymenolepis carioca,Chile,-35.675147,-71.542969
Bertiella studeri,Kenya,-0.023559,37.906193
Proteocephalus torulosus,Mexico,23.634501,-102.552784
Taenia taeniaeformis,Sri Lanka,7.873053999999999,80.77179699999999
Bothriocephalus scorpii,East China Sea/ Yellow Sea,35.4942771,123.7964613
Moniezia expansa,Jordan,30.585164,36.238414
Nybelinia surmenicola,Russia (Asian),61.52401,105.318756
Bothriocephalus acheilognathi,Victoria,-37.01,144.75
Tetrabothrius erostris,Spain + Andalusia,37.5442706,-4.7277528
Raillietina tetragona,United States,37.09024,-95.712891
Taenia saginata,Yemen,15.552727,48.516388
Taenia solium,Yemen,15.552727,48.516388
Triaenophorus nodulosus,Europe,54.5259614,15.2551187
Triaenophorus crassus,Europe,54.5259614,15.2551187
Eubothrium salvelini,Europe,54.5259614,15.2551187
Proteocephalus longicollis,Finno-Karelian ASSR,63.15587019999999,32.9905552
Lateriporus clerci,Russia (Asian),61.52401,105.318756
Paricterotaenia porosa,Russia (Asian),61.52401,105.318756
Aploparaksis furcigera,Russia (Asian),61.52401,105.318756
Wardium fusa,Russia (Asian),61.52401,105.318756
Hymenolepis nana,New Hampshire/Vermont/Massachusetts/Connecticut/Rhode Is.,43.2509279,-71.9273024
Calliobothrium verticillatum,Mediterranean,34.5531284,18.0480105
Taenia taeniaeformis,Jordan,30.585164,36.238414
Rodentolepis asymmetrica,Europe,54.5259614,15.2551187
Taenia solium,Thailand,15.870032,100.992541
Taenia saginata,Thailand,15.870032,100.992541
Molluscotaenia crassiscolex,Austria,47.516231,14.550072
Neoskrjabinolepis schaldybini,Austria,47.516231,14.550072
Neogryporhynchus cheilancristrotus,Germany,51.165691,10.451526
Hymenolepis diminuta,Malawi,-13.254308,34.301525
Paranoplocephala omphalodes,Austria,47.516231,14.550072
Paranoplocephala omphalodes,United States,37.09024,-95.712891
Cyclustera capito,Mexico,23.634501,-102.552784
Glossocercus caribaensis,Mexico,23.634501,-102.552784
Paradilepis caballeroi,Mexico,23.634501,-102.552784
Parvitaenia cochlearii,Mexico,23.634501,-102.552784
Valipora campylancristrota,Mexico,23.634501,-102.552784
Valipora mutabilis,Mexico,23.634501,-102.552784
Valipora minuta,Mexico,23.634501,-102.552784
Eubothrium salvelini,Western Europe,46.2021848,1.2643875
Tetrabothrius erostris,Sri Lanka,7.873053999999999,80.77179699999999
Cyathocephalus truncatus,Germany,51.165691,10.451526
Diphyllobothrium ditremum,Germany,51.165691,10.451526
Proteocephalus osculatus,Germany,51.165691,10.451526
Hymenolepis diminuta,Ethiopia (incl. Dhibouti),11.59516,43.146473
Hymenolepis diminuta,Tennessee,35.5174913,-86.5804473
Raillietina australis,South Australia,-30.0002315,136.2091547
Raillietina australis,Victoria,-37.01,144.75
Raillietina australis,New South Wales,-31.2532183,146.921099
Raillietina beveridgei,South Australia,-30.0002315,136.2091547
Raillietina beveridgei,Victoria,-37.01,144.75
Raillietina chiltoni,South Australia,-30.0002315,136.2091547
Raillietina dromaius,South Australia,-30.0002315,136.2091547
Raillietina dromaius,New South Wales,-31.2532183,146.921099
Raillietina dromaius,Victoria,-37.01,144.75
Raillietina mitchelli,South Australia,-30.0002315,136.2091547
Proteocephalus torulosus,Italy,41.87194,12.56738
Raillietina tetragona,Egypt,26.820553,30.802498
Triaenophorus crassus,Russia (European),54.5259614,15.2551187
Choanotaenia infundibulum,Ghana,7.946527,-1.023194
Raillietina cesticillus,Ghana,7.946527,-1.023194
Raillietina echinobothrida,Ghana,7.946527,-1.023194
Raillietina tetragona,Ghana,7.946527,-1.023194
Nippotaenia mogurndae,Russia (Asian),61.52401,105.318756
Khawia sinensis,Armenia,40.069099,45.038189
Microsomacanthus diorchis,Spitzbergen (Svalbard),78.90136,13.4838877
Microsomacanthus ductilis,Spitzbergen (Svalbard),78.90136,13.4838877
Bothriocephalus cuspidatus,Manitoba,53.7608608,-98.8138762
Proteocephalus pearsei,Manitoba,53.7608608,-98.8138762
Proteocephalus pearsei,Wisconsin,43.7844397,-88.7878678
Khawia sinensis,Yugoslavia,37.09024,-95.712891
Bothriocephalus acheilognathi,Yugoslavia,37.09024,-95.712891
Hymenolepis nana,Iceland,64.963051,-19.020835
Proteocephalus cernuae,Russia (European),54.5259614,15.2551187
Cyathocephalus truncatus,Yakut ASSR,66.7613451,124.123753
Diplocotyle olrikii,Yakut ASSR,66.7613451,124.123753
Eubothrium salvelini,Yakut ASSR,66.7613451,124.123753
Triaenophorus crassus,Yakut ASSR,66.7613451,124.123753
Prochristianella hispida,Gulf of Mexico,25.304304,-90.065918
Mosgovoyia pectinata,Byelorussia,53.709807,27.953389
Caryophyllaeus laticeps,Russia (European),54.5259614,15.2551187
Eubothrium rugosum,Russia (European),54.5259614,15.2551187
Ligula intestinalis,Russia (European),54.5259614,15.2551187
Schistocephalus pungitii,Russia (European),54.5259614,15.2551187
Cyathocephalus truncatus,Russia (European),54.5259614,15.2551187
Diplocotyle olrikii,Russia (European),54.5259614,15.2551187
Proteocephalus percae,Russia (European),54.5259614,15.2551187
Proteocephalus thymalli,Russia (European),54.5259614,15.2551187
Proteocephalus filicollis,Russia (European),54.5259614,15.2551187
Proteocephalus longicollis,Russia (European),54.5259614,15.2551187
Proteocephalus torulosus,Russia (European),54.5259614,15.2551187
Khawia sinensis,Finno-Karelian ASSR,63.15587019999999,32.9905552
Bothriocephalus claviceps,Finno-Karelian ASSR,63.15587019999999,32.9905552
Bothriocephalus opsariichthydis,Finno-Karelian ASSR,63.15587019999999,32.9905552
Proteocephalus cernuae,Finno-Karelian ASSR,63.15587019999999,32.9905552
Proteocephalus macrocephalus,Finno-Karelian ASSR,63.15587019999999,32.9905552
Proteocephalus thymalli,Finno-Karelian ASSR,63.15587019999999,32.9905552
Echinococcus vogeli,Switzerland + Lichtenstein,47.3682887,8.5374552
Lacistorhynchus dollfusi,Pacific coast of USA,62.4113634,-149.0729714
Oochoristica javaensis,Thailand,15.870032,100.992541
Nybelinia surmenicola,Pacific coast of USA,62.4113634,-149.0729714
Proteocephalus macrocephalus,Adriatic Sea,41.85509039999999,17.2902839
Bothriocephalus scorpii,New Zealand coast,-42.6919232,171.3399414
Lacistorhynchus tenuis,New Zealand coast,-42.6919232,171.3399414
Hymenolepis diminuta,Denmark,56.26392,9.501785
Nippotaenia mogurndae,Japan,36.204824,138.252924
Acanthobothrium olseni,Pacific coast of USA,62.4113634,-149.0729714
Acanthobothrium brevissime,Gulf of Mexico,25.304304,-90.065918
Cyclustera ralli,Mexico,23.634501,-102.552784
Calliobothrium verticillatum,Coast of Japan,35.4543846,139.644207
Cephalochlamys namaquensis,Transvaal,-23.59,29.13
Cephalochlamys namaquensis,Uganda,1.373333,32.290275
Cephalochlamys namaquensis,Kenya,-0.023559,37.906193
Cephalochlamys namaquensis,Rwanda,-1.940278,29.873888
Cephalochlamys namaquensis,California,36.778261,-119.4179324
Cephalochlamys namaquensis,"England, Wales + Isle of Man",54.236107,-4.548056
Oochoristica javaensis,Louisiana,30.9842977,-91.96233269999999
Taenia omissa,Costa Rica,9.748916999999999,-83.753428
Taenia pisiformis,Peru,-9.189967,-75.015152
Hymenolepis nana,Nepal,28.394857,84.12400799999999
Rodentolepis microstoma,Spain + Andalusia,37.5442706,-4.7277528
Rodentolepis straminea,France,46.227638,2.213749
Aploparaksis pseudofilum,Colorado,39.5500507,-105.7820674
Dipylidium caninum,Tunisia,33.886917,9.537499
Taenia hydatigena,Tunisia,33.886917,9.537499
Taenia serialis,Tunisia,33.886917,9.537499
Taenia multiceps,Tunisia,33.886917,9.537499
Taenia pisiformis,Tunisia,33.886917,9.537499
Cyclustera ibisae,Mexico,23.634501,-102.552784
Neogryporhynchus cheilancristrotus,Mexico,23.634501,-102.552784
Grillotia erinaceus,Norwegian Sea,68.8773537,3.13966
Eubothrium salvelini,Sea of Okhotsk,52.87362299999999,149.3658173
Variolepis farciminosa,"Ukraine, incl. Moldavia",48.379433,31.1655799
Dipylidium caninum,"Ukraine, incl. Moldavia",48.379433,31.1655799
Taenia pisiformis,"Ukraine, incl. Moldavia",48.379433,31.1655799
Joyeuxiella pasqualei,Germany,51.165691,10.451526
Khawia sinensis,Japan,36.204824,138.252924
Khawia parva,Japan,36.204824,138.252924
Hymenolepis nana,Venezuela,6.42375,-66.58973
Confluaria podicipina,"Ukraine, incl. Moldavia",48.379433,31.1655799
Confluaria furcifera,"Ukraine, incl. Moldavia",48.379433,31.1655799
Anoplocephala perfoliata,Louisiana,30.9842977,-91.96233269999999
Hymenolepis diminuta,Wisconsin,43.7844397,-88.7878678
Diplocotyle olrikii,Atlantic Ocean,-14.5994134,-28.6731465
Spathebothrium simplex,Atlantic Ocean,-14.5994134,-28.6731465
Diplopylidium acanthotetra,Canary Islands,28.2915637,-16.6291304
Taenia multiceps,Egypt,26.820553,30.802498
Taenia solium,Kenya,-0.023559,37.906193
Dipylidium caninum,Sudan,12.862807,30.217636
Bothriocephalus claviceps,France,46.227638,2.213749
Cyathocephalus truncatus,Finland,61.92410999999999,25.7481511
Oochoristica javaensis,Sumatra,-0.589724,101.3431058
Molluscotaenia crassiscolex,Byelorussia,53.709807,27.953389
Staphylocystis furcata,Byelorussia,53.709807,27.953389
Taenia martis,Byelorussia,53.709807,27.953389
Hymenolepis diminuta,Iran,32.427908,53.688046
Drepanidotaenia lanceolata,Iran,32.427908,53.688046
Corallobothrium fimbriatum,Mexico,23.634501,-102.552784
Megathylacoides giganteum,Mexico,23.634501,-102.552784
Taenia hydatigena,New South Wales,-31.2532183,146.921099
Taenia hydatigena,Victoria,-37.01,144.75
Taenia pisiformis,New South Wales,-31.2532183,146.921099
Taenia pisiformis,Victoria,-37.01,144.75
Gangesia parasiluri,Russia (Asian),61.52401,105.318756
Paradilepis scolecina,Russia (Asian),61.52401,105.318756
Joyeuxilepis acanthorhyncha,"Ukraine, incl. Moldavia",48.379433,31.1655799
Joyeuxilepis octacantha,"Ukraine, incl. Moldavia",48.379433,31.1655799
Ryjikovilepis dubininae,"Ukraine, incl. Moldavia",48.379433,31.1655799
Tatria biremis,European USSR (CIS),54.5259614,15.2551187
Taenia crassiceps,Northwest Territories,64.8255441,-124.8457334
Taenia crassiceps,District of Columbia/Delaware/New Jersey/Maryland,39.0457549,-76.64127119999999
Taenia endothoracicus,North Africa,23.4162027,25.66283
Taenia endothoracicus,European USSR (CIS),54.5259614,15.2551187
Taenia hydatigena,California,36.778261,-119.4179324
Taenia hydatigena,District of Columbia/Delaware/New Jersey/Maryland,39.0457549,-76.64127119999999
Taenia hydatigena,Sudan,12.862807,30.217636
Taenia hydatigena,Northwest Territories,64.8255441,-124.8457334
Taenia laticollis,United States,37.09024,-95.712891
Taenia martis,United States,37.09024,-95.712891
Taenia multiceps,Germany,51.165691,10.451526
Taenia multiceps,France,46.227638,2.213749
Taenia multiceps,New Hampshire/Vermont/Massachusetts/Connecticut/Rhode Is.,43.2509279,-71.9273024
Taenia mustelae,Germany,51.165691,10.451526
Taenia mustelae,Alaska,64.2008413,-149.4936733
Taenia olngojinei,Central African Republic,6.611110999999999,20.939444
Taenia olngojinei,Kenya,-0.023559,37.906193
Taenia omissa,Lake Tanganyika,-6.2555679,29.5107708
Taenia pisiformis,Louisiana,30.9842977,-91.96233269999999
Taenia pisiformis,Austria,47.516231,14.550072
Taenia pisiformis,Australia,-25.274398,133.775136
Taenia polyacantha,Northwest Territories,64.8255441,-124.8457334
Taenia polyacantha,Norway,60.47202399999999,8.468945999999999
Taenia regis,Ethiopian Region,9.145000000000001,40.489673
Taenia regis,Central African Republic,6.611110999999999,20.939444
Taenia regis,Sudan,12.862807,30.217636
Taenia rileyi,Alaska,64.2008413,-149.4936733
Taenia saginata,Alaska,64.2008413,-149.4936733
Taenia serialis,Australia,-25.274398,133.775136
Taenia serialis,Argentina,-38.416097,-63.61667199999999
Taenia serialis,Spain + Andalusia,37.5442706,-4.7277528
Taenia serialis,Louisiana,30.9842977,-91.96233269999999
Taenia taeniaeformis,Louisiana,30.9842977,-91.96233269999999
Taenia taeniaeformis,Yugoslavia,37.09024,-95.712891
Taenia taeniaeformis,Montana,46.8796822,-110.3625658
Taenia taeniaeformis,Uzbekistan,41.377491,64.585262
Taenia taxidiensis,United States,37.09024,-95.712891
Taenia taxidiensis,Saskatchewan,52.9399159,-106.4508639
Taenia taxidiensis,Utah,39.3209801,-111.0937311
Taenia taxidiensis,Montana,46.8796822,-110.3625658
Taenia twitchelli,Alaska,64.2008413,-149.4936733
Echinococcus granulosus,Central African Republic,6.611110999999999,20.939444
Echinococcus granulosus,Uganda,1.373333,32.290275
Echinococcus multilocularis,Northwest Territories,64.8255441,-124.8457334
Echinococcus multilocularis,Nebraska,41.4925374,-99.9018131
Echinococcus multilocularis,Wisconsin,43.7844397,-88.7878678
Echinococcus multilocularis,North Dakota,47.5514926,-101.0020119
Echinococcus vogeli,Venezuela,6.42375,-66.58973
Bothriocephalus claviceps,Japan,36.204824,138.252924
Aploparaksis crassirostris,Germany,51.165691,10.451526
Aploparaksis crassirostris,Finno-Karelian ASSR,63.15587019999999,32.9905552
Proteocephalus ambloplitis,Utah,39.3209801,-111.0937311
Oochoristica osheroffi,California,36.778261,-119.4179324
Hymenolepis citelli,United States,37.09024,-95.712891
Bothriocephalus acheilognathi,United States,37.09024,-95.712891
Cittotaenia denticulata,Scotland,56.49067119999999,-4.2026458
Dipylidium caninum,Orange Free State,-28.4541105,26.7967849
Bothriocephalus acheilognathi,Colorado,39.5500507,-105.7820674
Bothriocephalus acheilognathi,California,36.778261,-119.4179324
Bothriocephalus acheilognathi,Kashmir + Jammu,32.7266016,74.8570259
Thysaniezia giardi,Indian Region,22,79
Joyeuxiella echinorhynchoides,Indian Region,22,79
Raillietina cesticillus,Indian Region,22,79
Caryophyllaeus laticeps,Caspian Sea,41.934977,50.66894500000001
Khawia sinensis,Caspian Sea,41.934977,50.66894500000001
Khawia japonensis,Caspian Sea,41.934977,50.66894500000001
Paradilepis scolecina,Kazakstan,48.019573,66.923684
Taenia saginata,Ecuador,-1.831239,-78.18340599999999
Proteocephalus macrocephalus,Iceland,64.963051,-19.020835
Bothriocephalus gregarius,Baltic Sea,58.48795200000001,19.863281
Rodentolepis asymmetrica,Spain + Andalusia,37.5442706,-4.7277528
Rodentolepis asymmetrica,France,46.227638,2.213749
Taenia saginata,Senegal,14.497401,-14.452362
Cyathocephalus truncatus,Sweden,60.12816100000001,18.643501
Cyathocephalus truncatus,Kirgizia,41.20438,74.766098
Cyathocephalus truncatus,Western Europe,46.2021848,1.2643875
Cyathocephalus truncatus,Nearctic,53.569001,-113.571487
Diplocotyle olrikii,Finno-Karelian ASSR,63.15587019999999,32.9905552
Diplocotyle olrikii,Black Sea,43.41302899999999,34.299316
Diplocotyle olrikii,Scotland,56.49067119999999,-4.2026458
Diplocotyle olrikii,Yugoslavia,37.09024,-95.712891
Diplocotyle olrikii,Sweden,60.12816100000001,18.643501
Cyathocephalus truncatus,United States,37.09024,-95.712891
Cyathocephalus truncatus,Tadzhikistan,38.861034,71.276093
Cyathocephalus truncatus,Zaire,-6.2649292,14.2343282
Cyclustera ibisae,United States,37.09024,-95.712891
Cyathocephalus truncatus,Wisconsin,43.7844397,-88.7878678
Cyathocephalus truncatus,Northwest Territories,64.8255441,-124.8457334
Diplocotyle olrikii,Alaska,64.2008413,-149.4936733
Diplocotyle olrikii,Canada,56.130366,-106.346771
Drepanidotaenia lanceolata,Northwest Territories,64.8255441,-124.8457334
Bothrimonus fallax,Europe,54.5259614,15.2551187
Spathebothrium simplex,Europe,54.5259614,15.2551187
Sobolevicanthus gracilis,European USSR (CIS),54.5259614,15.2551187
Paranoplocephala omphalodes,Byelorussia,53.709807,27.953389
Echinococcus multilocularis,Byelorussia,53.709807,27.953389
Microsomacanthus hopkinsi,Quebec,52.9399159,-73.5491361
Bothriocephalus scorpii,Pacific coast of USA,62.4113634,-149.0729714
Taenia solium,Lithuania,55.169438,23.881275
Taenia solium,Estonia + Latvia,56.95962400000001,24.1016552
Taenia saginata,Lithuania,55.169438,23.881275
Taenia saginata,Estonia + Latvia,56.95962400000001,24.1016552
Hymenolepis nana,Estonia + Latvia,56.95962400000001,24.1016552
Hymenolepis nana,Lithuania,55.169438,23.881275
Anoplocephala magna,Louisiana,30.9842977,-91.96233269999999
Lacistorhynchus tenuis,Pacific coast of USA,62.4113634,-149.0729714
Bothriocephalus scorpii,Irish Sea,53.8276917,-4.465836599999999
Bothriocephalus scorpii,Arctic Ocean,65.2481624,-60.4620977
Paranoplocephala macrocephala,Alaska,64.2008413,-149.4936733
Caryophyllaeus laticeps,Aral Sea,45.3963063,59.6134113
Bothriocephalus opsariichthydis,Aral Sea,45.3963063,59.6134113
Proteocephalus osculatus,Aral Sea,45.3963063,59.6134113
Aporhynchus norvegicus,Norwegian Sea,68.8773537,3.13966
Lacistorhynchus tenuis,Norwegian Sea,68.8773537,3.13966
Bothriocephalus cuspidatus,Bangladesh,23.684994,90.356331
Ligula intestinalis,Bangladesh,23.684994,90.356331
Moniezia benedeni,Byelorussia,53.709807,27.953389
Hymenolepis nana,Malaya,3.17,101.7
Hymenolepis diminuta,Malaya,3.17,101.7
Archigetes sieboldi,Russia (European),54.5259614,15.2551187
Khawia sinensis,Kirgizia,41.20438,74.766098
Eubothrium rugosum,Scotland,56.49067119999999,-4.2026458
Hymenolepis nana,French Guiana,3.933889,-53.125782
Taenia taeniaeformis,Balearic Islands,39.3587759,2.7356328
Hymenolepis diminuta,Balearic Islands,39.3587759,2.7356328
Paradilepis caballeroi,Florida,27.6648274,-81.5157535
Rodentolepis straminea,Corsica,42.0396042,9.012892599999999
Paradilepis scolecina,Germany,51.165691,10.451526
Paricterotaenia porosa,Germany,51.165691,10.451526
Ophryocotyle proteus,Germany,51.165691,10.451526
Aploparaksis brachyphallos,Germany,51.165691,10.451526
Dicranotaenia coronula,Germany,51.165691,10.451526
Fimbriaria fasciolaris,Germany,51.165691,10.451526
Microsomacanthus ductilis,Germany,51.165691,10.451526
Microsomacanthus paracompressa,Germany,51.165691,10.451526
Sobolevicanthus gracilis,Germany,51.165691,10.451526
Tschertkovilepis setigera,Germany,51.165691,10.451526
Tatria biremis,Germany,51.165691,10.451526
Rodentolepis straminea,Eastern & Central Europe,48.66,19.5
Taenia taeniaeformis,Eastern & Central Europe,48.66,19.5
Taenia polyacantha,Eastern & Central Europe,48.66,19.5
Joyeuxiella pasqualei,Balearic Islands,39.3587759,2.7356328
Neogryporhynchus cheilancristrotus,Florida,27.6648274,-81.5157535
Valipora mutabilis,Florida,27.6648274,-81.5157535
Taenia pisiformis,Jordan,30.585164,36.238414
Raillietina tetragona,Spain + Andalusia,37.5442706,-4.7277528
Dipylidium caninum,New Hampshire/Vermont/Massachusetts/Connecticut/Rhode Is.,43.2509279,-71.9273024
Taenia pisiformis,Florida,27.6648274,-81.5157535
Proteocephalus pearsei,Canada,56.130366,-106.346771
Proteocephalus pearsei,United States,37.09024,-95.712891
Rodentolepis straminea,Balearic Islands,39.3587759,2.7356328
Rodentolepis microstoma,Balearic Islands,39.3587759,2.7356328
Eubothrium salvelini,Switzerland + Lichtenstein,47.3682887,8.5374552
Bothriocephalus claviceps,Austria,47.516231,14.550072
Cladotaenia globifera,Florida,27.6648274,-81.5157535
Hymenolepis carioca,Florida,27.6648274,-81.5157535
Raillietina tetragona,Florida,27.6648274,-81.5157535
Metroliasthes lucida,Florida,27.6648274,-81.5157535
Raillietina georgiensis,Florida,27.6648274,-81.5157535
Diorchis ransomi,Florida,27.6648274,-81.5157535
Joyeuxilepis decacantha,Sweden,60.12816100000001,18.643501
Joyeuxilepis decacantha,Ethiopian Region,9.145000000000001,40.489673
Caryophyllaeus laticeps,Iran,32.427908,53.688046
Bothriocephalus claviceps,Yugoslavia,37.09024,-95.712891
Proteocephalus macrocephalus,Yugoslavia,37.09024,-95.712891
Paradilepis scolecina,Yugoslavia,37.09024,-95.712891
Lacistorhynchus tenuis,North Sea,56.511018,3.515625
Proteocephalus longicollis,Channel Islands,49.4466698,-2.342378
Bothriocephalus rarus,Arkansas,35.20105,-91.8318334
Bothriocephalus rarus,United States,37.09024,-95.712891
Bothriocephalus rarus,California,36.778261,-119.4179324
Cloacotaenia megalops,Gulf of Mexico,25.304304,-90.065918
Echinococcus granulosus,Mauritania,21.00789,-10.940835
Joyeuxilepis acanthorhyncha,Taiwan,23.69781,120.960515
Joyeuxilepis acanthorhyncha,"England, Wales + Isle of Man",54.236107,-4.548056
Dipylidium caninum,Argentina,-38.416097,-63.61667199999999
Taenia pisiformis,Canary Islands,28.2915637,-16.6291304
Moniezia benedeni,Norway,60.47202399999999,8.468945999999999
Moniezia expansa,Faroes,61.89263500000001,-6.9118061
Moniezia expansa,Norway,60.47202399999999,8.468945999999999
Joyeuxiella echinorhynchoides,Iran,32.427908,53.688046
Hymenolepis peromysci,California,36.778261,-119.4179324
Taenia taeniaeformis,Laos,19.85627,102.495496
Joyeuxiella echinorhynchoides,Corsica,42.0396042,9.012892599999999
Joyeuxiella pasqualei,Senegal,14.497401,-14.452362
Paranoplocephala omphalodes,Finno-Karelian ASSR,63.15587019999999,32.9905552
Hymenolepis diminuta,Finno-Karelian ASSR,63.15587019999999,32.9905552
Lineolepis scutigera,Finno-Karelian ASSR,63.15587019999999,32.9905552
Neoskrjabinolepis schaldybini,Finno-Karelian ASSR,63.15587019999999,32.9905552
Staphylocystis furcata,Finno-Karelian ASSR,63.15587019999999,32.9905552
Molluscotaenia crassiscolex,Finno-Karelian ASSR,63.15587019999999,32.9905552
Taenia martis,Finno-Karelian ASSR,63.15587019999999,32.9905552
Taenia mustelae,Finno-Karelian ASSR,63.15587019999999,32.9905552
Cladotaenia globifera,Finno-Karelian ASSR,63.15587019999999,32.9905552
Aploparaksis furcigera,Armenia,40.069099,45.038189
Diorchis brevis,Armenia,40.069099,45.038189
Diorchis ransomi,Armenia,40.069099,45.038189
Fimbriaria fasciolaris,Armenia,40.069099,45.038189
Megathylacoides giganteum,Manitoba,53.7608608,-98.8138762
Davainea proglottina,Ethiopia (incl. Dhibouti),11.59516,43.146473
Trichostrongylus colubriformis,Kuwait,29.31166,47.481766
Trichostrongylus vitrinus,Kuwait,29.31166,47.481766
Physocephalus sexalatus,Kuwait,29.31166,47.481766
Haemonchus contortus,Kuwait,29.31166,47.481766
Ascaris lumbricoides,Bahrain,26.0667,50.5577
Hedruris spinigera,North Sea,56.511018,3.515625
Hedruris spinigera,"England, Wales + Isle of Man",54.236107,-4.548056
Camallanus cotti,Vietnam,14.058324,108.277199
Spinitectus ranae,Vietnam,14.058324,108.277199
Angiostrongylus cantonensis,Louisiana,30.9842977,-91.96233269999999
Enterobius vermicularis,"England, Wales + Isle of Man",54.236107,-4.548056
Diplotriaena tridens,Spain + Andalusia,37.5442706,-4.7277528
Eustrongylides tubifex,Ontario,51.253775,-85.323214
Eustrongylides tubifex,Europe,54.5259614,15.2551187
Eustrongylides tubifex,Germany,51.165691,10.451526
Eustrongylides tubifex,Lake Erie,42.0668852,-81.3399414
Eustrongylides tubifex,Alaska,64.2008413,-149.4936733
Eustrongylides tubifex,British Columbia,53.7266683,-127.6476205
Eustrongylides tubifex,"England, Wales + Isle of Man",54.236107,-4.548056
Eustrongylides ignotus,Florida,27.6648274,-81.5157535
Toxocara canis,Greece,39.074208,21.824312
Toxascaris leonina,Greece,39.074208,21.824312
Uncinaria stenocephala,Greece,39.074208,21.824312
Trichuris vulpis,Greece,39.074208,21.824312
Spirocerca lupi,Greece,39.074208,21.824312
Trichuris muris,Eire + N. Ireland,54.7877149,-6.4923145
Physaloptera rara,Arkansas,35.20105,-91.8318334
Toxocara cati,Arkansas,35.20105,-91.8318334
Thelastoma bulhoesi,United States,37.09024,-95.712891
Hammerschmidtiella diesingi,United States,37.09024,-95.712891
Pterygodermatites coloradensis,Nevada,38.8026097,-116.419389
Muellerius capillaris,Morocco,31.791702,-7.092619999999999
Neostrongylus linearis,Morocco,31.791702,-7.092619999999999
Angiostrongylus cantonensis,Japan,36.204824,138.252924
Ascarophis arctica,Baltic Sea,58.48795200000001,19.863281
Pseudoterranova decipiens,Sea of Okhotsk,52.87362299999999,149.3658173
Anisakis simplex,Sea of Okhotsk,52.87362299999999,149.3658173
Otostrongylus circumlitus,Sea of Okhotsk,52.87362299999999,149.3658173
Philonema agubernaculum,British Columbia,53.7266683,-127.6476205
Philonema oncorhynchi,British Columbia,53.7266683,-127.6476205
Elaphostrongylus rangiferi,Norway,60.47202399999999,8.468945999999999
Cystidicoloides tenuissima,"England, Wales + Isle of Man",54.236107,-4.548056
Paraquimperia tenerrima,"England, Wales + Isle of Man",54.236107,-4.548056
Echinocephalus overstreeti,South Australia,-30.0002315,136.2091547
Ostertagia ostertagi,United States,37.09024,-95.712891
Ostertagia ostertagi,"England, Wales + Isle of Man",54.236107,-4.548056
Ostertagia ostertagi,South Dakota,43.9695148,-99.9018131
Teladorsagia circumcincta,South Dakota,43.9695148,-99.9018131
Teladorsagia circumcincta,California,36.778261,-119.4179324
Teladorsagia circumcincta,"England, Wales + Isle of Man",54.236107,-4.548056
Teladorsagia circumcincta,Canada,56.130366,-106.346771
Teladorsagia circumcincta,Alaska,64.2008413,-149.4936733
Teladorsagia circumcincta,United States,37.09024,-95.712891
Eustrongylides ignotus,New Zealand,-40.900557,174.885971
Eustrongylides ignotus,California,36.778261,-119.4179324
Oesophagostomum bifurcum,Benin + Togo + Ghana,9.30769,2.315834
Toxascaris leonina,Spain + Andalusia,37.5442706,-4.7277528
Uncinaria stenocephala,Spain + Andalusia,37.5442706,-4.7277528
Toxocara canis,Spain + Andalusia,37.5442706,-4.7277528
Trichuris vulpis,Spain + Andalusia,37.5442706,-4.7277528
Haemonchus contortus,Mexico,23.634501,-102.552784
Eustrongylides excisus,Europe,54.5259614,15.2551187
Eustrongylides excisus,Taiwan,23.69781,120.960515
Ophidascaris baylisi,Malaya,3.17,101.7
Ophidascaris baylisi,Thailand,15.870032,100.992541
Ophidascaris moreliae,Australia,-25.274398,133.775136
Ophidascaris pyrrhus,New South Wales,-31.2532183,146.921099
Ophidascaris pyrrhus,Australia,-25.274398,133.775136
Ophidascaris pyrrhus,Papua New Guinea,-6.314992999999999,143.95555
Toxocara canis,Japan,36.204824,138.252924
Trichostrongylus tenuis,Scotland,56.49067119999999,-4.2026458
Trichostrongylus tenuis,"England, Wales + Isle of Man",54.236107,-4.548056
Heligmosomoides polygyrus,Canada,56.130366,-106.346771
Aspiculuris tetraptera,Canada,56.130366,-106.346771
Ostertagia ostertagi,Louisiana,30.9842977,-91.96233269999999
Dictyocaulus viviparus,Ontario,51.253775,-85.323214
Trichuris ovis,Ontario,51.253775,-85.323214
Trichuris discolor,Ontario,51.253775,-85.323214
Toxocara canis,"England, Wales + Isle of Man",54.236107,-4.548056
Ostertagia ostertagi,Maine,45.253783,-69.4454689
Dictyocaulus arnfieldi,"England, Wales + Isle of Man",54.236107,-4.548056
Dictyocaulus arnfieldi,Paraguay,-23.442503,-58.443832
Dictyocaulus filaria,Ethiopia (incl. Dhibouti),11.59516,43.146473
Dictyocaulus filaria,"England, Wales + Isle of Man",54.236107,-4.548056
Dictyocaulus filaria,Iraq,33.223191,43.679291
Dictyocaulus viviparus,"England, Wales + Isle of Man",54.236107,-4.548056
Dictyocaulus eckerti,"England, Wales + Isle of Man",54.236107,-4.548056
Ollulanus tricuspis,Quebec,52.9399159,-73.5491361
Oslerus osleri,United States,37.09024,-95.712891
Angiostrongylus cantonensis,Islands of Pacific Ocean,-8.783195,-124.508523
Echinocephalus overstreeti,Hawaiian Islands,19.8967662,-155.5827818
Ascaris lumbricoides,Switzerland + Lichtenstein,47.3682887,8.5374552
Trichuris trichiura,Switzerland + Lichtenstein,47.3682887,8.5374552
Enterobius vermicularis,Switzerland + Lichtenstein,47.3682887,8.5374552
Pseudoterranova decipiens,Northeast Atlantic,39.370134,-77.40677199999999
Trichuris vulpis,Japan,36.204824,138.252924
Echinuria uncinata,Bangladesh,23.684994,90.356331
Capillaria anatis,Bangladesh,23.684994,90.356331
Amidostomum anseris,Bangladesh,23.684994,90.356331
Angiostrongylus costaricensis,Japan,36.204824,138.252924
Angiostrongylus siamensis,Japan,36.204824,138.252924
Heterakis spumosa,Japan,36.204824,138.252924
Camallanus lacustris,Finno-Karelian ASSR,63.15587019999999,32.9905552
Trichostrongylus vitrinus,Scotland,56.49067119999999,-4.2026458
Haemonchus contortus,Mauritania,21.00789,-10.940835
Trichostrongylus colubriformis,Mauritania,21.00789,-10.940835
Oesophagostomum columbianum,Mauritania,21.00789,-10.940835
Skrjabinema ovis,Mauritania,21.00789,-10.940835
Anisakis simplex,Faroes,61.89263500000001,-6.9118061
Angiostrongylus cantonensis,Thailand,15.870032,100.992541
Angiostrongylus cantonensis,Taiwan,23.69781,120.960515
Ascaris lumbricoides,Ivory Coast,7.539988999999999,-5.547079999999999
Enterobius vermicularis,Ivory Coast,7.539988999999999,-5.547079999999999
Trichuris trichiura,Ivory Coast,7.539988999999999,-5.547079999999999
Trichuris trichiura,Italy,41.87194,12.56738
Enterobius vermicularis,Iraq,33.223191,43.679291
Ascaris lumbricoides,Yugoslavia,37.09024,-95.712891
Trichuris trichiura,Yugoslavia,37.09024,-95.712891
Enterobius vermicularis,Yugoslavia,37.09024,-95.712891
Haemonchus contortus,Sierra Leone,8.460555,-11.779889
Anisakis simplex,Atlantic Ocean,-14.5994134,-28.6731465
Heligmosomoides laevis,Spain + Andalusia,37.5442706,-4.7277528
Trichostrongylus retortaeformis,Spain + Andalusia,37.5442706,-4.7277528
Mastophorus muris,Spain + Andalusia,37.5442706,-4.7277528
Heligmosomoides polygyrus,"England, Wales + Isle of Man",54.236107,-4.548056
Chabertia ovina,Belgium + Luxembourg,50.0546886,5.467698299999999
Oesophagostomum venulosum,Belgium + Luxembourg,50.0546886,5.467698299999999
Oesophagostomum radiatum,Belgium + Luxembourg,50.0546886,5.467698299999999
Trichostrongylus colubriformis,Belgium + Luxembourg,50.0546886,5.467698299999999
Trichostrongylus vitrinus,Belgium + Luxembourg,50.0546886,5.467698299999999
Ostertagia ostertagi,Belgium + Luxembourg,50.0546886,5.467698299999999
Cooperia pectinata,Belgium + Luxembourg,50.0546886,5.467698299999999
Haemonchus contortus,Belgium + Luxembourg,50.0546886,5.467698299999999
Nematodirus filicollis,Belgium + Luxembourg,50.0546886,5.467698299999999
Trichostrongylus colubriformis,New Zealand,-40.900557,174.885971
Ascaris suum,Italy,41.87194,12.56738
Anisakis simplex,Washington,47.7510741,-120.7401385
Dictyocaulus viviparus,France,46.227638,2.213749
Triodontophorus tenuicollis,Italy,41.87194,12.56738
Cyathostomum catinatum,Italy,41.87194,12.56738
Cylicocyclus nassatus,Italy,41.87194,12.56738
Cylicostephanus longibursatus,Italy,41.87194,12.56738
Heligmosomum mixtum,Finland,61.92410999999999,25.7481511
Mastophorus muris,Finland,61.92410999999999,25.7481511
Enterobius vermicularis,France,46.227638,2.213749
Pseudocapillaria tomentosa,Denmark,56.26392,9.501785
Paraquimperia tenerrima,Denmark,56.26392,9.501785
Raphidascaris acus,Denmark,56.26392,9.501785
Camallanus lacustris,Denmark,56.26392,9.501785
Heligmosomoides laevis,Georgia (USSR),42.315407,43.35689199999999
Heligmosomoides polygyrus,Georgia (USSR),42.315407,43.35689199999999
Oswaldocruzia filiformis,Sweden,60.12816100000001,18.643501
Oswaldocruzia filiformis,Sardinia,40.1208752,9.012892599999999
Trichostrongylus axei,United States,37.09024,-95.712891
Haemonchus contortus,United States,37.09024,-95.712891
Anisakis simplex,Mediterranean,34.5531284,18.0480105
Anisakis physeteris,Mediterranean,34.5531284,18.0480105
Pseudoterranova decipiens,Mediterranean,34.5531284,18.0480105
Toxocara canis,Lithuania,55.169438,23.881275
Trichuris ovis,Pakistan,30.375321,69.34511599999999
Uncinaria stenocephala,Pennsylvania,41.2033216,-77.1945247
Trichuris vulpis,Pennsylvania,41.2033216,-77.1945247
Toxocara cati,Pennsylvania,41.2033216,-77.1945247
Toxascaris leonina,Pennsylvania,41.2033216,-77.1945247
Parelaphostrongylus tenuis,Wisconsin,43.7844397,-88.7878678
Trichostrongylus retortaeformis,Scotland,56.49067119999999,-4.2026458
Raphidascaris acus,Spain + Andalusia,37.5442706,-4.7277528
Aplectana macintoshii,Spain + Andalusia,37.5442706,-4.7277528
Camallanus lacustris,Baltic Sea,58.48795200000001,19.863281
Dictyocaulus filaria,Germany,51.165691,10.451526
Contracaecum rudolphii,Denmark,56.26392,9.501785
Cosmocephalus obvelatus,Denmark,56.26392,9.501785
Philometra ovata,Denmark,56.26392,9.501785
Anisakis simplex,United States,37.09024,-95.712891
Pseudoterranova decipiens,United States,37.09024,-95.712891
Toxascaris leonina,"England, Wales + Isle of Man",54.236107,-4.548056
Eustrongylides tubifex,Canada,56.130366,-106.346771
Camallanus oxycephalus,Wisconsin,43.7844397,-88.7878678
Camallanus lacustris,"England, Wales + Isle of Man",54.236107,-4.548056
Ascaridia galli,Georgia (USSR),42.315407,43.35689199999999
Heterakis gallinarum,Georgia (USSR),42.315407,43.35689199999999
Dispharynx nasuta,Georgia (USSR),42.315407,43.35689199999999
Acuaria hamulosa,Georgia (USSR),42.315407,43.35689199999999
Porrocaecum crassum,Georgia (USSR),42.315407,43.35689199999999
Physocephalus sexalatus,Georgia (USSR),42.315407,43.35689199999999
Raphidascaris acus,Italy,41.87194,12.56738
Physocephalus sexalatus,Transvaal,-23.59,29.13
Philonema oncorhynchi,Iceland,64.963051,-19.020835
Ascaridia columbae,Spain + Andalusia,37.5442706,-4.7277528
Baruscapillaria obsignata,Spain + Andalusia,37.5442706,-4.7277528
Trichuris trichiura,Guinea-Bissau,11.803749,-15.180413
Ascaris lumbricoides,Guinea-Bissau,11.803749,-15.180413
Anisakis simplex,Southwest Atlantic,-14.5994134,-28.6731465
Trichostrongylus colubriformis,Australia,-25.274398,133.775136
Muellerius capillaris,Spain + Andalusia,37.5442706,-4.7277528
Oswaldocruzia filiformis,Spain + Andalusia,37.5442706,-4.7277528
Enterobius vermicularis,Spain + Andalusia,37.5442706,-4.7277528
Eustrongylides excisus,Caspian Sea,41.934977,50.66894500000001
Contracaecum rudolphii,Caspian Sea,41.934977,50.66894500000001
Skrjabinoclava morrisoni,Nova Scotia,44.68198659999999,-63.744311
Skrjabinoclava morrisoni,Alberta,53.9332706,-116.5765035
Skrjabinoclava morrisoni,New Brunswick,46.5653163,-66.46191639999999
Skrjabinoclava morrisoni,Ontario,51.253775,-85.323214
Skrjabinoclava morrisoni,Saskatchewan,52.9399159,-106.4508639
Skrjabinoclava morrisoni,Manitoba,53.7608608,-98.8138762
Toxascaris leonina,France,46.227638,2.213749
Toxocara canis,France,46.227638,2.213749
Uncinaria stenocephala,France,46.227638,2.213749
Trichuris vulpis,France,46.227638,2.213749
Pterygodermatites affinis,France,46.227638,2.213749
Ascaris lumbricoides,Jordan,30.585164,36.238414
Trichuris trichiura,Jordan,30.585164,36.238414
Enterobius vermicularis,Jordan,30.585164,36.238414
Philometra rischta,Lithuania,55.169438,23.881275
Philometra ovata,Lithuania,55.169438,23.881275
Oswaldocruzia filiformis,Eire + N. Ireland,54.7877149,-6.4923145
Philometra abdominalis,Lithuania,55.169438,23.881275
Philometra obturans,Lithuania,55.169438,23.881275
Camallanus lacustris,Lithuania,55.169438,23.881275
Camallanus truncatus,Lithuania,55.169438,23.881275
Raphidascaris acus,Lithuania,55.169438,23.881275
Cystidicoloides tenuissima,Lithuania,55.169438,23.881275
Cystidicola farionis,Lithuania,55.169438,23.881275
Rhabdochona denudata,Lithuania,55.169438,23.881275
Goezia ascaroides,Lithuania,55.169438,23.881275
Ascaris lumbricoides,Thailand,15.870032,100.992541
Trichuris trichiura,Thailand,15.870032,100.992541
Trichostrongylus vitrinus,South Australia,-30.0002315,136.2091547
Trichostrongylus colubriformis,South Australia,-30.0002315,136.2091547
Trichostrongylus rugatus,South Australia,-30.0002315,136.2091547
Nematodirus spathiger,South Australia,-30.0002315,136.2091547
Nematodirus abnormalis,South Australia,-30.0002315,136.2091547
Nematodirus filicollis,South Australia,-30.0002315,136.2091547
Chabertia ovina,South Australia,-30.0002315,136.2091547
Oesophagostomum venulosum,South Australia,-30.0002315,136.2091547
Trichuris skrjabini,South Australia,-30.0002315,136.2091547
Angiostrongylus cantonensis,Papua New Guinea,-6.314992999999999,143.95555
Toxocara pteropodis,Australia,-25.274398,133.775136
Skrjabinoptera phrynosoma,Arizona,34.0489281,-111.0937311
Raphidascaris acus,European USSR (CIS),54.5259614,15.2551187
Trichuris trichiura,Pennsylvania,41.2033216,-77.1945247
Ascaris lumbricoides,Ethiopia (incl. Dhibouti),11.59516,43.146473
Trichuris trichiura,Ethiopia (incl. Dhibouti),11.59516,43.146473
Haemonchus contortus,District of Columbia/Delaware/New Jersey/Maryland,39.0457549,-76.64127119999999
Teladorsagia circumcincta,New South Wales,-31.2532183,146.921099
Trichostrongylus colubriformis,Pennsylvania,41.2033216,-77.1945247
Strongylus edentatus,Louisiana,30.9842977,-91.96233269999999
Elaphostrongylus cervi,Sweden,60.12816100000001,18.643501
Elaphostrongylus rangiferi,Sweden,60.12816100000001,18.643501
Elaphostrongylus alces,Sweden,60.12816100000001,18.643501
Pneumostrongylus calcaratus,Swaziland,-26.522503,31.465866
Dictyocaulus viviparus,Louisiana,30.9842977,-91.96233269999999
Trichuris muris,"England, Wales + Isle of Man",54.236107,-4.548056
Raphidascaris acus,Manitoba,53.7608608,-98.8138762
Neostrongylus linearis,Spain + Andalusia,37.5442706,-4.7277528
Haemonchus contortus,Australia,-25.274398,133.775136
Camallanus cotti,Japan,36.204824,138.252924
Rhabdochona denudata,Japan,36.204824,138.252924
Anisakis simplex,Japan,36.204824,138.252924
Pseudocapillaria tomentosa,Japan,36.204824,138.252924
Skrjabinocerca prima,Alberta,53.9332706,-116.5765035
Streptocara crassicauda,Alberta,53.9332706,-116.5765035
Capillaria anatis,Manitoba,53.7608608,-98.8138762
Otostrongylus circumlitus,Arctic Ocean,65.2481624,-60.4620977
Cooperia pectinata,Hawaiian Islands,19.8967662,-155.5827818
Cooperia punctata,Hawaiian Islands,19.8967662,-155.5827818
Dictyocaulus viviparus,Hawaiian Islands,19.8967662,-155.5827818
Gongylonema pulchrum,Hawaiian Islands,19.8967662,-155.5827818
Haemonchus contortus,Hawaiian Islands,19.8967662,-155.5827818
Metastrongylus apri,Hawaiian Islands,19.8967662,-155.5827818
Metastrongylus pudendotectus,Hawaiian Islands,19.8967662,-155.5827818
Oesophagostomum dentatum,Hawaiian Islands,19.8967662,-155.5827818
Oesophagostomum quadrispinulatum,Hawaiian Islands,19.8967662,-155.5827818
Oesophagostomum radiatum,Hawaiian Islands,19.8967662,-155.5827818
Ostertagia ostertagi,Hawaiian Islands,19.8967662,-155.5827818
Physocephalus sexalatus,Hawaiian Islands,19.8967662,-155.5827818
Stephanurus dentatus,Hawaiian Islands,19.8967662,-155.5827818
Trichostrongylus axei,Hawaiian Islands,19.8967662,-155.5827818
Trichuris suis,Hawaiian Islands,19.8967662,-155.5827818
Didelphostrongylus hayesi,Tennessee,35.5174913,-86.5804473
Elaphostrongylus cervi,Norway,60.47202399999999,8.468945999999999
Haemonchus contortus,Lesser Antilles,14.4122148,-64.7627955
Oesophagostomum columbianum,Lesser Antilles,14.4122148,-64.7627955
Trichostrongylus colubriformis,Lesser Antilles,14.4122148,-64.7627955
Dictyocaulus filaria,Denmark,56.26392,9.501785
Toxocara cati,Finland,61.92410999999999,25.7481511
Toxascaris leonina,Finland,61.92410999999999,25.7481511
Aelurostrongylus abstrusus,Finland,61.92410999999999,25.7481511
Enterobius vermicularis,Denmark,56.26392,9.501785
Muellerius capillaris,East Germany (!! USE Germany),51.165691,10.451526
Ascaris lumbricoides,Tennessee,35.5174913,-86.5804473
Enterobius vermicularis,Tennessee,35.5174913,-86.5804473
Trichuris trichiura,Japan,36.204824,138.252924
Cystidicola farionis,Finland,61.92410999999999,25.7481511
Ascarophis filiformis,Northeast Atlantic,39.370134,-77.40677199999999
Cystidicoloides tenuissima,Newfoundland,53.1355091,-57.6604364
Anisakis simplex,Baltic Sea,58.48795200000001,19.863281
Pseudoterranova decipiens,Baltic Sea,58.48795200000001,19.863281
Toxocara canis,Sweden,60.12816100000001,18.643501
Crenosoma striatum,"England, Wales + Isle of Man",54.236107,-4.548056
Crenosoma striatum,Scotland,56.49067119999999,-4.2026458
Protospirura numidica,Argentina,-38.416097,-63.61667199999999
Protospirura numidica,Peru,-9.189967,-75.015152
Trichuris trichiura,Guatemala,15.783471,-90.23075899999999
Ascaris lumbricoides,Guatemala,15.783471,-90.23075899999999
Haemonchus contortus,Papua New Guinea,-6.314992999999999,143.95555
Cooperia curticei,Papua New Guinea,-6.314992999999999,143.95555
Oesophagostomum columbianum,Papua New Guinea,-6.314992999999999,143.95555
Trichostrongylus axei,Papua New Guinea,-6.314992999999999,143.95555
Trichostrongylus colubriformis,Papua New Guinea,-6.314992999999999,143.95555
Anisakis simplex,Norway,60.47202399999999,8.468945999999999
Metastrongylus pudendotectus,France,46.227638,2.213749
Metastrongylus salmi,France,46.227638,2.213749
Ascarops strongylina,France,46.227638,2.213749
Physocephalus sexalatus,France,46.227638,2.213749
Cooperia fuelleborni,Transvaal,-23.59,29.13
Nematodirus abnormalis,Cape Province,-33.5,20.97
Nematodirus filicollis,Cape Province,-33.5,20.97
Nematodirus spathiger,Cape Province,-33.5,20.97
Parelaphostrongylus andersoni,Canada,56.130366,-106.346771
Elaphostrongylus cervi,Newfoundland,53.1355091,-57.6604364
Ostertagia ostertagi,Ontario,51.253775,-85.323214
Nematodirus helvetianus,Ontario,51.253775,-85.323214
Cooperia punctata,Ontario,51.253775,-85.323214
Cooperia oncophora,Ontario,51.253775,-85.323214
Trichostrongylus axei,Canada,56.130366,-106.346771
Trichostrongylus axei,Ontario,51.253775,-85.323214
Trichostrongylus vitrinus,Ontario,51.253775,-85.323214
Haemonchus contortus,Ontario,51.253775,-85.323214
Oesophagostomum venulosum,Ontario,51.253775,-85.323214
Dictyocaulus viviparus,Canada,56.130366,-106.346771
Anisakis simplex,North Sea,56.511018,3.515625
Raphidascaris acus,Yugoslavia,37.09024,-95.712891
Trichostrongylus tenuis,Western Europe,46.2021848,1.2643875
Streptocara crassicauda,Canada,56.130366,-106.346771
Camallanus truncatus,Yugoslavia,37.09024,-95.712891
Camallanus lacustris,Yugoslavia,37.09024,-95.712891
Gongylonema pulchrum,Mexico,23.634501,-102.552784
Parafilaroides decorus,North Sea,56.511018,3.515625
Otostrongylus circumlitus,North Sea,56.511018,3.515625
Parelaphostrongylus tenuis,Indiana,40.2671941,-86.1349019
Philometra rischta,Finno-Karelian ASSR,63.15587019999999,32.9905552
Raphidascaris acus,Finland,61.92410999999999,25.7481511
Proleptus obtusus,Northeast Atlantic,39.370134,-77.40677199999999
Anisakis simplex,Northeast Atlantic,39.370134,-77.40677199999999
Cucullanus heterochrous,Northeast Atlantic,39.370134,-77.40677199999999
Trichostrongylus retortaeformis,Finland,61.92410999999999,25.7481511
Skrjabingylus nasicola,Finland,61.92410999999999,25.7481511
Graphidium strigosum,Scotland,56.49067119999999,-4.2026458
Rabbium paradoxus,Florida,27.6648274,-81.5157535
Quadriplotriaena hypsokysta,Alberta,53.9332706,-116.5765035
Procyrnea zorillae,Turkmenistan,38.969719,59.556278
Cystidicoloides tenuissima,Labrador,48.66,-56.22
Philonema agubernaculum,Labrador,48.66,-56.22
Strongylus vulgaris,Transvaal,-23.59,29.13
Strongylus edentatus,Transvaal,-23.59,29.13
Strongylus equinus,Transvaal,-23.59,29.13
Oxyuris equi,Transvaal,-23.59,29.13
Cylicostephanus longibursatus,Transvaal,-23.59,29.13
Cylicocyclus nassatus,Transvaal,-23.59,29.13
Cyathostomum catinatum,Transvaal,-23.59,29.13
Anisakis simplex,Arctic Ocean,65.2481624,-60.4620977
Pseudoterranova decipiens,Arctic Ocean,65.2481624,-60.4620977
Pharurus pallasii,Arctic Ocean,65.2481624,-60.4620977
Toxocara cati,Transvaal,-23.59,29.13
Toxocara canis,Transvaal,-23.59,29.13
Physaloptera praeputialis,Transvaal,-23.59,29.13
Aelurostrongylus abstrusus,Transvaal,-23.59,29.13
Epomidiostomum uncinatum,Mexico,23.634501,-102.552784
Hammerschmidtiella diesingi,British Columbia,53.7266683,-127.6476205
Leidynema appendiculata,British Columbia,53.7266683,-127.6476205
Blatticola blattae,British Columbia,53.7266683,-127.6476205
Pseudalius inflexus,North Sea,56.511018,3.515625
Haemonchus contortus,Transvaal,-23.59,29.13
Oesophagostomum columbianum,Transvaal,-23.59,29.13
Trichostrongylus colubriformis,Transvaal,-23.59,29.13
Enterobius vermicularis,Taiwan,23.69781,120.960515
Muellerius capillaris,Zaire,-6.2649292,14.2343282
Abbreviata antarctica,Australia,-25.274398,133.775136
Trichuris skrjabini,Uzbekistan,41.377491,64.585262
Chabertia ovina,Uzbekistan,41.377491,64.585262
Oesophagostomum venulosum,Uzbekistan,41.377491,64.585262
Oesophagostomum columbianum,Uzbekistan,41.377491,64.585262
Skrjabinema ovis,Uzbekistan,41.377491,64.585262
Haemonchus contortus,Uzbekistan,41.377491,64.585262
Nematodirus abnormalis,Uzbekistan,41.377491,64.585262
Nematodirus helvetianus,Uzbekistan,41.377491,64.585262
Nematodirus spathiger,Uzbekistan,41.377491,64.585262
Dictyocaulus filaria,Uzbekistan,41.377491,64.585262
Muellerius capillaris,Uzbekistan,41.377491,64.585262
Cystocaulus ocreatus,Uzbekistan,41.377491,64.585262
Gongylonema pulchrum,Uzbekistan,41.377491,64.585262
Acuaria hamulosa,Uzbekistan,41.377491,64.585262
Gongylonema problematicum,Uzbekistan,41.377491,64.585262
Abbreviata turkomanica,Uzbekistan,41.377491,64.585262
Abbreviata kazachstanica,Uzbekistan,41.377491,64.585262
Streptopharagus kutassi,Uzbekistan,41.377491,64.585262
Physocephalus sexalatus,Uzbekistan,41.377491,64.585262
Toxascaris leonina,Uzbekistan,41.377491,64.585262
Physaloptera praeputialis,Uzbekistan,41.377491,64.585262
Toxascaris leonina,Malaya,3.17,101.7
Cosmocephalus obvelatus,Chile,-35.675147,-71.542969
Acuaria anthuris,Uzbekistan,41.377491,64.585262
Ascaridia galli,Uzbekistan,41.377491,64.585262
Streptopharagus pigmentatus,Japan,36.204824,138.252924
Teladorsagia circumcincta,France,46.227638,2.213749
Haemonchus contortus,France,46.227638,2.213749
Trichostrongylus colubriformis,France,46.227638,2.213749
Spirocerca lupi,Iraq,33.223191,43.679291
Toxocara cati,Iraq,33.223191,43.679291
Physaloptera praeputialis,Iraq,33.223191,43.679291
Ascaris lumbricoides,Malaya,3.17,101.7
Trichuris trichiura,Malaya,3.17,101.7
Echinocephalus uncinatus,Iraq,33.223191,43.679291
Rhabdochona denudata,Tadzhikistan,38.861034,71.276093
Rhabdochona hellichi,Tadzhikistan,38.861034,71.276093
Teladorsagia circumcincta,Cape Province,-33.5,20.97
Trichostrongylus rugatus,Cape Province,-33.5,20.97
Trichostrongylus axei,Cape Province,-33.5,20.97
Haemonchus contortus,Cape Province,-33.5,20.97
Oesophagostomum venulosum,Cape Province,-33.5,20.97
Ostertagia ostertagi,Cape Province,-33.5,20.97
Raphidascaris acus,"England, Wales + Isle of Man",54.236107,-4.548056
Spinitectus inermis,"England, Wales + Isle of Man",54.236107,-4.548056
Haemonchus contortus,Louisiana,30.9842977,-91.96233269999999
Trichostrongylus axei,Arkansas,35.20105,-91.8318334
Trichuris vulpis,Tennessee,35.5174913,-86.5804473
Physaloptera rara,Tennessee,35.5174913,-86.5804473
Physaloptera rara,Manitoba,53.7608608,-98.8138762
Uncinaria stenocephala,Alberta,53.9332706,-116.5765035
Uncinaria stenocephala,Manitoba,53.7608608,-98.8138762
Toxascaris leonina,Tennessee,35.5174913,-86.5804473
Toxascaris leonina,Alberta,53.9332706,-116.5765035
Toxascaris leonina,Manitoba,53.7608608,-98.8138762
Toxocara canis,Alberta,53.9332706,-116.5765035
Chabertia ovina,Spain + Andalusia,37.5442706,-4.7277528
Blatticola blattae,European USSR (CIS),54.5259614,15.2551187
Anguillicola crassus,"England, Wales + Isle of Man",54.236107,-4.548056
Nematodirus battus,Scotland,56.49067119999999,-4.2026458
Dictyocaulus filaria,Scotland,56.49067119999999,-4.2026458
Ascaris lumbricoides,Sierra Leone,8.460555,-11.779889
Trichuris trichiura,Sierra Leone,8.460555,-11.779889
Angiostrongylus cantonensis,Bahamas,25.03428,-77.39627999999999
Hexametra quadricornis,Japan,36.204824,138.252924
Ostertagia ostertagi,Japan,36.204824,138.252924
Trichostrongylus axei,Japan,36.204824,138.252924
Cooperia oncophora,Japan,36.204824,138.252924
Cooperia punctata,Japan,36.204824,138.252924
Nematodirus helvetianus,Japan,36.204824,138.252924
Philometra rischta,European USSR (CIS),54.5259614,15.2551187
Rhabdochona hellichi,Iraq,33.223191,43.679291
Anguillicola crassus,France,46.227638,2.213749
Baylisascaris procyonis,Kansas,39.011902,-98.4842465
Molineus barbatus,Kansas,39.011902,-98.4842465
Physaloptera rara,Kansas,39.011902,-98.4842465
Spinitectus carolini,Mexico,23.634501,-102.552784
Trichuris muris,Tunisia,33.886917,9.537499
Trichuris muris,Egypt,26.820553,30.802498
Trichuris ovis,Tunisia,33.886917,9.537499
Trichuris trichiura,Tunisia,33.886917,9.537499
Trichosomoides crassicauda,Tunisia,33.886917,9.537499
Strongylus equinus,Tunisia,33.886917,9.537499
Strongylus edentatus,Tunisia,33.886917,9.537499
Strongylus vulgaris,Tunisia,33.886917,9.537499
Acuaria gruveli,Tunisia,33.886917,9.537499
Ascaridia galli,Tunisia,33.886917,9.537499
Heterakis gallinarum,Tunisia,33.886917,9.537499
Cyrnea eurycerca,Tunisia,33.886917,9.537499
Acuaria anthuris,Tunisia,33.886917,9.537499
Diplotriaena tricuspis,Tunisia,33.886917,9.537499
Serratospiculum tendo,Tunisia,33.886917,9.537499
Hadjelia truncata,Tunisia,33.886917,9.537499
Sicarius dipterum,Tunisia,33.886917,9.537499
Skrjabinocerca prima,Ontario,51.253775,-85.323214
Skrjabinoclava inornatae,Louisiana,30.9842977,-91.96233269999999
Uncinaria stenocephala,Tunisia,33.886917,9.537499
Dictyocaulus filaria,Tunisia,33.886917,9.537499
Metastrongylus salmi,Tunisia,33.886917,9.537499
Trichostrongylus colubriformis,Tunisia,33.886917,9.537499
Trichostrongylus retortaeformis,Tunisia,33.886917,9.537499
Trichostrongylus retortaeformis,Belgium + Luxembourg,50.0546886,5.467698299999999
Trichostrongylus vitrinus,Tunisia,33.886917,9.537499
Dispharynx nasuta,Arkansas,35.20105,-91.8318334
Pseudoterranova decipiens,Scotland,56.49067119999999,-4.2026458
Camallanus oxycephalus,North Carolina,35.7595731,-79.01929969999999
Spinitectus gracilis,North Carolina,35.7595731,-79.01929969999999
Spinitectus micracanthus,Indiana,40.2671941,-86.1349019
Philometra cylindracea,Lake Erie,42.0668852,-81.3399414
Camallanus oxycephalus,Lake Erie,42.0668852,-81.3399414
Enterobius vermicularis,Transvaal,-23.59,29.13
Oesophagostomum bifurcum,Transvaal,-23.59,29.13
Streptopharagus pigmentatus,Transvaal,-23.59,29.13
Trichuris trichiura,Transvaal,-23.59,29.13
Physocephalus sexalatus,Turkmenistan,38.969719,59.556278
Dictyocaulus filaria,Spain + Andalusia,37.5442706,-4.7277528
Dispharynx nasuta,Spain + Andalusia,37.5442706,-4.7277528
Ascaridia galli,Spain + Andalusia,37.5442706,-4.7277528
Spinitectus gracilis,Lake Superior,47.723087,-86.940716
Cystidicola farionis,Lake Superior,47.723087,-86.940716
Philonema oncorhynchi,Lake Superior,47.723087,-86.940716
Cystidicola cristivomeri,Lake Superior,47.723087,-86.940716
Spinitectus carolini,Lake Superior,47.723087,-86.940716
Rhabdochona canadensis,Lake Superior,47.723087,-86.940716
Amidostomum fulicae,Iraq,33.223191,43.679291
Ornithostrongylus quadriradiatus,Vietnam,14.058324,108.277199
Ascaridia galli,Vietnam,14.058324,108.277199
Contracaecum microcephalum,Vietnam,14.058324,108.277199
Porrocaecum ensicaudatum,Vietnam,14.058324,108.277199
Acuaria anthuris,Vietnam,14.058324,108.277199
Eucoleus annulatus,Vietnam,14.058324,108.277199
Trichosomoides crassicauda,Canada,56.130366,-106.346771
Trichuris muris,Canada,56.130366,-106.346771
Trichuris ovis,Canada,56.130366,-106.346771
Trichuris vulpis,Canada,56.130366,-106.346771
Baylisascaris columnaris,Canada,56.130366,-106.346771
Baylisascaris devosi,Canada,56.130366,-106.346771
Baylisascaris laevis,Canada,56.130366,-106.346771
Baylisascaris transfuga,Canada,56.130366,-106.346771
Toxascaris leonina,Canada,56.130366,-106.346771
Toxocara canis,Canada,56.130366,-106.346771
Toxocara cati,Canada,56.130366,-106.346771
Heterakis spumosa,Canada,56.130366,-106.346771
Skrjabinema ovis,Canada,56.130366,-106.346771
Physaloptera maxillaris,Canada,56.130366,-106.346771
Physaloptera praeputialis,Canada,56.130366,-106.346771
Physaloptera rara,Canada,56.130366,-106.346771
Spirocerca lupi,Canada,56.130366,-106.346771
Spirura infundibuliformis,Canada,56.130366,-106.346771
Placoconus lotoris,Canada,56.130366,-106.346771
Aelurostrongylus pridhami,Canada,56.130366,-106.346771
Andersonstrongylus captivensis,Canada,56.130366,-106.346771
Angiostrongylus vasorum,Canada,56.130366,-106.346771
Trilobostrongylus bioccai,Canada,56.130366,-106.346771
Crenosoma mephitidis,Canada,56.130366,-106.346771
Crenosoma petrowi,Canada,56.130366,-106.346771
Crenosoma vulpis,Canada,56.130366,-106.346771
Filaroides martis,Canada,56.130366,-106.346771
Cystidicola farionis,Lake Baikal,53.5587003,108.1649965
Philonema sibirica,Lake Baikal,53.5587003,108.1649965
Raphidascaris acus,Lake Superior,47.723087,-86.940716
Camallanus oxycephalus,Lake Superior,47.723087,-86.940716
Ostertagia ostertagi,Tunisia,33.886917,9.537499
Oslerus osleri,Canada,56.130366,-106.346771
Elaphostrongylus cervi,Canada,56.130366,-106.346771
Parelaphostrongylus odocoilei,Canada,56.130366,-106.346771
Parelaphostrongylus tenuis,Canada,56.130366,-106.346771
Protostrongylus boughtoni,Canada,56.130366,-106.346771
Varestrongylus alpenae,Canada,56.130366,-106.346771
Skrjabingylus chitwoodorum,Canada,56.130366,-106.346771
Skrjabingylus nasicola,Canada,56.130366,-106.346771
Oesophagostomum venulosum,Canada,56.130366,-106.346771
Dictyocaulus filaria,Canada,56.130366,-106.346771
Nematodirus filicollis,Canada,56.130366,-106.346771
Nematodirus helvetianus,Canada,56.130366,-106.346771
Cooperia oncophora,Canada,56.130366,-106.346771
Haemonchus contortus,Canada,56.130366,-106.346771
Haemonchus placei,Canada,56.130366,-106.346771
Obeliscoides cuniculi,Canada,56.130366,-106.346771
Ostertagia ostertagi,Canada,56.130366,-106.346771
Spinitectus gracilis,Lake Huron,45.0521793,-82.48509399999999
Spinitectus carolini,Lake Huron,45.0521793,-82.48509399999999
Cystidicola farionis,Lake Huron,45.0521793,-82.48509399999999
Cystidicoloides tenuissima,Lake Huron,45.0521793,-82.48509399999999
Rhabdochona cascadilla,Lake Huron,45.0521793,-82.48509399999999
Raphidascaris acus,Lake Huron,45.0521793,-82.48509399999999
Baylisascaris procyonis,Nebraska,41.4925374,-99.9018131
Hysterothylacium haze,Japan,36.204824,138.252924
Philonema oncorhynchi,Japan,36.204824,138.252924
Ascarops strongylina,"Ukraine, incl. Moldavia",48.379433,31.1655799
Physocephalus sexalatus,"Ukraine, incl. Moldavia",48.379433,31.1655799
Anguillicola crassus,Belgium + Luxembourg,50.0546886,5.467698299999999
Rhabdochona canadensis,Lake Huron,45.0521793,-82.48509399999999
Spinitectus gracilis,Tennessee,35.5174913,-86.5804473
Salvelinema salmonicola,Japan,36.204824,138.252924
Philometroides nodulosa,Lake Huron,45.0521793,-82.48509399999999
Aspiculuris tetraptera,Kazakstan,48.019573,66.923684
Trichostrongylus colubriformis,Kazakstan,48.019573,66.923684
Mastophorus muris,Kazakstan,48.019573,66.923684
Streptopharagus kutassi,Kazakstan,48.019573,66.923684
Gongylonema problematicum,Kazakstan,48.019573,66.923684
Obeliscoides cuniculi,Oklahoma,35.0077519,-97.092877
Trichosomoides crassicauda,European USSR (CIS),54.5259614,15.2551187
Crenosoma striatum,European USSR (CIS),54.5259614,15.2551187
Heligmosomoides laevis,European USSR (CIS),54.5259614,15.2551187
Heligmosomoides polygyrus,European USSR (CIS),54.5259614,15.2551187
Eustrongylides tubifex,Lake Huron,45.0521793,-82.48509399999999
Sterliadochona ephemeridarum,Japan,36.204824,138.252924
Rhabdochona oncorhynchi,Japan,36.204824,138.252924
Camallanus oxycephalus,Lake Huron,45.0521793,-82.48509399999999
Philometra cylindracea,Lake Huron,45.0521793,-82.48509399999999
Muellerius capillaris,Mexico,23.634501,-102.552784
Trichostrongylus vitrinus,Armenia,40.069099,45.038189
Cooperia oncophora,Armenia,40.069099,45.038189
Nematodirus helvetianus,Armenia,40.069099,45.038189
Parascaris equorum,Armenia,40.069099,45.038189
Toxascaris leonina,Armenia,40.069099,45.038189
Contracaecum micropapillatum,Armenia,40.069099,45.038189
Toxocara canis,Armenia,40.069099,45.038189
Oxyuris equi,Armenia,40.069099,45.038189
Dicheilonema rheae,Armenia,40.069099,45.038189
Echinocephalus uncinatus,South China Sea,15.488092,114.404754
Chabertia ovina,Armenia,40.069099,45.038189
Oesophagostomum venulosum,Armenia,40.069099,45.038189
Ascaridia galli,Armenia,40.069099,45.038189
Heterakis gallinarum,Armenia,40.069099,45.038189
Trichuris muris,Corsica,42.0396042,9.012892599999999
Mastophorus muris,Corsica,42.0396042,9.012892599999999
Trichosomoides crassicauda,Corsica,42.0396042,9.012892599999999
Spinitectus carolini,Lake Erie,42.0668852,-81.3399414
Spinitectus gracilis,Lake Erie,42.0668852,-81.3399414
Muellerius capillaris,France,46.227638,2.213749
Trichostrongylus colubriformis,European USSR (CIS),54.5259614,15.2551187
Trichostrongylus skrjabini,European USSR (CIS),54.5259614,15.2551187
Passalurus ambiguus,European USSR (CIS),54.5259614,15.2551187
Aspiculuris tetraptera,European USSR (CIS),54.5259614,15.2551187
Spinitectus gracilis,Lake Ontario,43.6333482,-77.82706689999999
Nematodirus filicollis,Italy,41.87194,12.56738
Cystidicoloides tenuissima,Lake Ontario,43.6333482,-77.82706689999999
Cystidicola farionis,Lake Ontario,43.6333482,-77.82706689999999
Camallanus oxycephalus,Lake Ontario,43.6333482,-77.82706689999999
Raphidascaris acus,Lake Ontario,43.6333482,-77.82706689999999
Metastrongylus salmi,Azerbaidzan,40.143105,47.576927
Metastrongylus pudendotectus,Azerbaidzan,40.143105,47.576927
Trichostrongylus axei,Azerbaidzan,40.143105,47.576927
Physocephalus sexalatus,Azerbaidzan,40.143105,47.576927
Ascaris suum,Azerbaidzan,40.143105,47.576927
Oesophagostomum dentatum,Azerbaidzan,40.143105,47.576927
Gongylonema pulchrum,Azerbaidzan,40.143105,47.576927
Gongylonema neoplasticum,European USSR (CIS),54.5259614,15.2551187
Gongylonema pulchrum,European USSR (CIS),54.5259614,15.2551187
Rictularia cristata,European USSR (CIS),54.5259614,15.2551187
Physocephalus sexalatus,European USSR (CIS),54.5259614,15.2551187
Spirocerca lupi,European USSR (CIS),54.5259614,15.2551187
Mastophorus muris,European USSR (CIS),54.5259614,15.2551187
Spirura talpae,European USSR (CIS),54.5259614,15.2551187
Spirura rytipleurites,European USSR (CIS),54.5259614,15.2551187
Streptopharagus kutassi,European USSR (CIS),54.5259614,15.2551187
Oesophagostomum radiatum,Iran,32.427908,53.688046
Ostertagia ostertagi,Spain + Andalusia,37.5442706,-4.7277528
Trichostrongylus axei,Spain + Andalusia,37.5442706,-4.7277528
Trichostrongylus vitrinus,Spain + Andalusia,37.5442706,-4.7277528
Trichostrongylus colubriformis,Spain + Andalusia,37.5442706,-4.7277528
Haemonchus contortus,Spain + Andalusia,37.5442706,-4.7277528
Nematodirus battus,Spain + Andalusia,37.5442706,-4.7277528
Nematodirus filicollis,Spain + Andalusia,37.5442706,-4.7277528
Nematodirus spathiger,Spain + Andalusia,37.5442706,-4.7277528
Nematodirus helvetianus,Spain + Andalusia,37.5442706,-4.7277528
Cooperia oncophora,Spain + Andalusia,37.5442706,-4.7277528
Oesophagostomum venulosum,Spain + Andalusia,37.5442706,-4.7277528
Trichuris ovis,Spain + Andalusia,37.5442706,-4.7277528
Amidostomum acutum,Italy,41.87194,12.56738
Amidostomum anseris,Italy,41.87194,12.56738
Amidostomum fulicae,Italy,41.87194,12.56738
Capillaria anatis,Italy,41.87194,12.56738
Rhabdochona canadensis,Lake Ontario,43.6333482,-77.82706689999999
Philometroides nodulosa,Lake Ontario,43.6333482,-77.82706689999999
Eustrongylides tubifex,Lake Ontario,43.6333482,-77.82706689999999
Spinitectus carolini,Lake Ontario,43.6333482,-77.82706689999999
Philometra cylindracea,Lake Ontario,43.6333482,-77.82706689999999
Gongylonema pulchrum,Turkmenistan,38.969719,59.556278
Skrjabinema ovis,Turkmenistan,38.969719,59.556278
Chabertia ovina,Turkmenistan,38.969719,59.556278
Trichostrongylus colubriformis,Turkmenistan,38.969719,59.556278
Trichostrongylus vitrinus,Turkmenistan,38.969719,59.556278
Nematodirus spathiger,Turkmenistan,38.969719,59.556278
Raphidascaris acus,Finno-Karelian ASSR,63.15587019999999,32.9905552
Cystidicoloides tenuissima,Finno-Karelian ASSR,63.15587019999999,32.9905552
Cystidicola farionis,Finno-Karelian ASSR,63.15587019999999,32.9905552
Camallanus truncatus,Finno-Karelian ASSR,63.15587019999999,32.9905552
Trichostrongylus axei,Uzbekistan,41.377491,64.585262
Ostertagia ostertagi,Uzbekistan,41.377491,64.585262
Protostrongylus hobmaieri,Uzbekistan,41.377491,64.585262
Protostrongylus davtiani,Uzbekistan,41.377491,64.585262
Protostrongylus skrjabini,Uzbekistan,41.377491,64.585262
Trichuris suis,Uzbekistan,41.377491,64.585262
Oesophagostomum dentatum,Uzbekistan,41.377491,64.585262
Ascaris suum,Uzbekistan,41.377491,64.585262
Ascarops strongylina,Uzbekistan,41.377491,64.585262
Strongylus equinus,Uzbekistan,41.377491,64.585262
Triodontophorus tenuicollis,Uzbekistan,41.377491,64.585262
Cylicocyclus nassatus,Uzbekistan,41.377491,64.585262
Dictyocaulus arnfieldi,Uzbekistan,41.377491,64.585262
Oxyuris equi,Uzbekistan,41.377491,64.585262
Parascaris equorum,Uzbekistan,41.377491,64.585262
Cystidicoloides tenuissima,European USSR (CIS),54.5259614,15.2551187
Camallanus lacustris,European USSR (CIS),54.5259614,15.2551187
Mastophorus muris,Uzbekistan,41.377491,64.585262
Spirocerca lupi,Uzbekistan,41.377491,64.585262
Microtetrameres corax,Uzbekistan,41.377491,64.585262
Philometra obturans,Finno-Karelian ASSR,63.15587019999999,32.9905552
Rhabdochona denudata,Finno-Karelian ASSR,63.15587019999999,32.9905552
Philometra ovata,Finno-Karelian ASSR,63.15587019999999,32.9905552
Ascaris lumbricoides,Iran,32.427908,53.688046
Trichuris trichiura,Iran,32.427908,53.688046
Comephoronema oschmarini,Finno-Karelian ASSR,63.15587019999999,32.9905552
Porrocaecum ensicaudatum,Canada,56.130366,-106.346771
Metastrongylus pudendotectus,Italy,41.87194,12.56738
Metastrongylus salmi,Italy,41.87194,12.56738
Metastrongylus apri,Italy,41.87194,12.56738
Physocephalus sexalatus,Italy,41.87194,12.56738
Trichuris suis,Italy,41.87194,12.56738
Pseudoterranova decipiens,Southwest Atlantic,-14.5994134,-28.6731465
Contracaecum rudolphii,Italy,41.87194,12.56738
Trichostrongylus axei,Italy,41.87194,12.56738
Oesophagostomum venulosum,Italy,41.87194,12.56738
Ostertagia ostertagi,Italy,41.87194,12.56738
Oesophagostomum radiatum,Italy,41.87194,12.56738
Trichuris ovis,Italy,41.87194,12.56738
Haemonchus contortus,Italy,41.87194,12.56738
Filaroides hirthi,Italy,41.87194,12.56738
Dictyocaulus eckerti,Italy,41.87194,12.56738
Ascaridia compar,Kazakstan,48.019573,66.923684
Baylisascaris laevis,Uzbekistan,41.377491,64.585262
Trichuris vulpis,Iran,32.427908,53.688046
Porrocaecum ensicaudatum,Belgium + Luxembourg,50.0546886,5.467698299999999
Ascaris lumbricoides,East Germany (!! USE Germany),51.165691,10.451526
Hassalstrongylus musculi,Mexico,23.634501,-102.552784
Aelurostrongylus abstrusus,Austria,47.516231,14.550072
Mastophorus muris,Mongolia,46.862496,103.846656
Ascaris lumbricoides,Uganda,1.373333,32.290275
Trichuris trichiura,Uganda,1.373333,32.290275
Toxocara canis,Canary Islands,28.2915637,-16.6291304
Amidostomum acutum,Manitoba,53.7608608,-98.8138762
Streptocara crassicauda,Manitoba,53.7608608,-98.8138762
Amidostomum anseris,Azerbaidzan,40.143105,47.576927
Amidostomum acutum,Azerbaidzan,40.143105,47.576927
Contracaecum microcephalum,Azerbaidzan,40.143105,47.576927
Streptocara crassicauda,Azerbaidzan,40.143105,47.576927
Echinuria uncinata,Azerbaidzan,40.143105,47.576927
Avioserpens galliardi,Azerbaidzan,40.143105,47.576927
Uncinaria stenocephala,"Ukraine, incl. Moldavia",48.379433,31.1655799
Cucullanus cirratus,North Sea,56.511018,3.515625
Ascaridia compar,Armenia,40.069099,45.038189
Amidostomum anseris,Armenia,40.069099,45.038189
Hystrichis tricolor,Armenia,40.069099,45.038189
Angiostrongylus costaricensis,Costa Rica,9.748916999999999,-83.753428
Teladorsagia circumcincta,South Australia,-30.0002315,136.2091547
Toxascaris leonina,Finno-Karelian ASSR,63.15587019999999,32.9905552
Trichostrongylus vitrinus,Uzbekistan,41.377491,64.585262
Cooperia oncophora,Uzbekistan,41.377491,64.585262
Baylisascaris devosi,District of Columbia/Delaware/New Jersey/Maryland,39.0457549,-76.64127119999999
Soboliphyme baturini,District of Columbia/Delaware/New Jersey/Maryland,39.0457549,-76.64127119999999
Dictyocaulus viviparus,Alberta,53.9332706,-116.5765035
Ascaridia dissimilis,Arkansas,35.20105,-91.8318334
Heterakis gallinarum,Arkansas,35.20105,-91.8318334
Oesophagostomum radiatum,Uzbekistan,41.377491,64.585262
Gongylonema neoplasticum,Uzbekistan,41.377491,64.585262
Toxocara canis,Uzbekistan,41.377491,64.585262
Uncinaria stenocephala,Uzbekistan,41.377491,64.585262
Microtetrameres helix,Uzbekistan,41.377491,64.585262
Dispharynx nasuta,Uzbekistan,41.377491,64.585262
Eucoleus annulatus,European USSR (CIS),54.5259614,15.2551187
Eucoleus annulatus,Cuba,21.521757,-77.781167
Toxocara canis,Libya,26.3351,17.228331
Toxocara canis,Morocco,31.791702,-7.092619999999999
Toxocara canis,Zaire,-6.2649292,14.2343282
Toxocara canis,Iran,32.427908,53.688046
Toxocara canis,Louisiana,30.9842977,-91.96233269999999
Toxocara canis,District of Columbia/Delaware/New Jersey/Maryland,39.0457549,-76.64127119999999
Toxocara canis,Italy,41.87194,12.56738
Toxascaris leonina,Morocco,31.791702,-7.092619999999999
Toxascaris leonina,Zaire,-6.2649292,14.2343282
Toxascaris leonina,Iran,32.427908,53.688046
Toxocara canis,Niger,17.607789,8.081666
Toxascaris leonina,Niger,17.607789,8.081666
Toxascaris leonina,Indiana,40.2671941,-86.1349019
Toxascaris leonina,District of Columbia/Delaware/New Jersey/Maryland,39.0457549,-76.64127119999999
Toxascaris leonina,Scotland,56.49067119999999,-4.2026458
Trichuris vulpis,Zaire,-6.2649292,14.2343282
Trichuris vulpis,Niger,17.607789,8.081666
Trichuris vulpis,Louisiana,30.9842977,-91.96233269999999
Camallanus lacustris,France,46.227638,2.213749
Philometra ovata,France,46.227638,2.213749
Ascarops strongylina,Armenia,40.069099,45.038189
Physocephalus sexalatus,Armenia,40.069099,45.038189
Spirura rytipleurites,Turkmenistan,38.969719,59.556278
Mastophorus muris,Turkmenistan,38.969719,59.556278
Protospirura muricola,Turkmenistan,38.969719,59.556278
Microtetrameres corax,Turkmenistan,38.969719,59.556278
Physaloptera hispida,Turkmenistan,38.969719,59.556278
Physaloptera rara,Turkmenistan,38.969719,59.556278
Acuaria hamulosa,Turkmenistan,38.969719,59.556278
Gongylonema problematicum,Turkmenistan,38.969719,59.556278
Soboliphyme baturini,Alaska,64.2008413,-149.4936733
Toxascaris leonina,Alaska,64.2008413,-149.4936733
Physaloptera praeputialis,Alaska,64.2008413,-149.4936733
Crenosoma vulpis,Alaska,64.2008413,-149.4936733
Uncinaria stenocephala,Alaska,64.2008413,-149.4936733
Passalurus ambiguus,Arizona,34.0489281,-111.0937311
Trichostrongylus colubriformis,Armenia,40.069099,45.038189
Trichostrongylus skrjabini,Armenia,40.069099,45.038189
Blatticola blattae,New Zealand,-40.900557,174.885971
Pseudoterranova decipiens,Atlantic Ocean,-14.5994134,-28.6731465
Elaphostrongylus cervi,European USSR (CIS),54.5259614,15.2551187
Ascaris suum,Georgia (USSR),42.315407,43.35689199999999
Aplectana macintoshii,Uganda,1.373333,32.290275
Ascaridia galli,California,36.778261,-119.4179324
Camallanus cotti,"England, Wales + Isle of Man",54.236107,-4.548056
Ascaridia galli,Azerbaidzan,40.143105,47.576927
Toxocara vitulorum,Sri Lanka,7.873053999999999,80.77179699999999
Protostrongylus hobmaieri,Azerbaidzan,40.143105,47.576927
Protostrongylus davtiani,Azerbaidzan,40.143105,47.576927
Cystocaulus ocreatus,Azerbaidzan,40.143105,47.576927
Strongylus equinus,European USSR (CIS),54.5259614,15.2551187
Triodontophorus tenuicollis,European USSR (CIS),54.5259614,15.2551187
Cylicocyclus nassatus,European USSR (CIS),54.5259614,15.2551187
Trichostrongylus axei,European USSR (CIS),54.5259614,15.2551187
Dictyocaulus arnfieldi,European USSR (CIS),54.5259614,15.2551187
Parascaris equorum,European USSR (CIS),54.5259614,15.2551187
Oxyuris equi,European USSR (CIS),54.5259614,15.2551187
Trichuris skrjabini,Mississippi,32.3546679,-89.3985283
Cystocaulus ocreatus,Spain + Andalusia,37.5442706,-4.7277528
Baylisascaris transfuga,Italy,41.87194,12.56738
Skrjabingylus nasicola,Eire + N. Ireland,54.7877149,-6.4923145
Cooperia oncophora,Tunisia,33.886917,9.537499
Cooperia punctata,Tunisia,33.886917,9.537499
Graphidium strigosum,Tunisia,33.886917,9.537499
Haemonchus contortus,Tunisia,33.886917,9.537499
Nematodirus abnormalis,Tunisia,33.886917,9.537499
Nematodirus filicollis,Tunisia,33.886917,9.537499
Nematodirus helvetianus,Tunisia,33.886917,9.537499
Nematodirus spathiger,Tunisia,33.886917,9.537499
Nematodiroides zembrae,Tunisia,33.886917,9.537499
Oxyuris equi,Tunisia,33.886917,9.537499
Enterobius vermicularis,Tunisia,33.886917,9.537499
Passalurus ambiguus,Tunisia,33.886917,9.537499
Aspiculuris tetraptera,Tunisia,33.886917,9.537499
Maupasina weissi,Tunisia,33.886917,9.537499
Ascaris lumbricoides,Tunisia,33.886917,9.537499
Ascaris suum,Tunisia,33.886917,9.537499
Parascaris equorum,Tunisia,33.886917,9.537499
Toxascaris leonina,Tunisia,33.886917,9.537499
Toxocara canis,Tunisia,33.886917,9.537499
Spirura rytipleurites,Tunisia,33.886917,9.537499
Porrocaecum ensicaudatum,Armenia,40.069099,45.038189
Acuaria anthuris,Armenia,40.069099,45.038189
Spirocerca lupi,Tunisia,33.886917,9.537499
Protospirura numidica,Tunisia,33.886917,9.537499
Gongylonema brevispiculum,Tunisia,33.886917,9.537499
Gongylonema neoplasticum,Tunisia,33.886917,9.537499
Gongylonema pulchrum,Tunisia,33.886917,9.537499
Streptopharagus kutassi,Tunisia,33.886917,9.537499
Physocephalus sexalatus,Tunisia,33.886917,9.537499
Rictularia proni,Tunisia,33.886917,9.537499
Seuratum cadarachense,Tunisia,33.886917,9.537499
Trichuris trichiura,Mexico,23.634501,-102.552784
Ascaris lumbricoides,Mexico,23.634501,-102.552784
Enterobius vermicularis,Mexico,23.634501,-102.552784
Elaphostrongylus cervi,"England, Wales + Isle of Man",54.236107,-4.548056
Elaphostrongylus alces,Norway,60.47202399999999,8.468945999999999
Trichuris trichiura,Jamaica,18.109581,-77.297508
Skrjabinema ovis,Kazakstan,48.019573,66.923684
Nematodirus abnormalis,Kazakstan,48.019573,66.923684
Haemonchus contortus,Zaire,-6.2649292,14.2343282
Trichostrongylus axei,Zaire,-6.2649292,14.2343282
Trichostrongylus colubriformis,Zaire,-6.2649292,14.2343282
Cooperia pectinata,Zaire,-6.2649292,14.2343282
Cooperia punctata,Zaire,-6.2649292,14.2343282
Oesophagostomum columbianum,Zaire,-6.2649292,14.2343282
Ascarops strongylina,Zaire,-6.2649292,14.2343282
Physocephalus sexalatus,Zaire,-6.2649292,14.2343282
Hyostrongylus rubidus,Zaire,-6.2649292,14.2343282
Oesophagostomum dentatum,Zaire,-6.2649292,14.2343282
Oesophagostomum quadrispinulatum,Zaire,-6.2649292,14.2343282
Trichuris suis,Zaire,-6.2649292,14.2343282
Ascaris suum,Zaire,-6.2649292,14.2343282
Metastrongylus salmi,Zaire,-6.2649292,14.2343282
Metastrongylus pudendotectus,Zaire,-6.2649292,14.2343282
Spirocerca lupi,Zaire,-6.2649292,14.2343282
Anguillicola crassus,Western Europe,46.2021848,1.2643875
Soboliphyme soricis,France,46.227638,2.213749
Porrocaecum ensicaudatum,France,46.227638,2.213749
Trichostrongylus vitrinus,France,46.227638,2.213749
Nematodirus filicollis,France,46.227638,2.213749
Streptocara crassicauda,Tadzhikistan,38.861034,71.276093
Eustrongylides tubifex,Tadzhikistan,38.861034,71.276093
Contracaecum microcephalum,Tadzhikistan,38.861034,71.276093
Contracaecum micropapillatum,Tadzhikistan,38.861034,71.276093
Contracaecum rudolphii,Tadzhikistan,38.861034,71.276093
Desportesius brevicaudatus,Tadzhikistan,38.861034,71.276093
Avioserpens galliardi,Tadzhikistan,38.861034,71.276093
Diplotriaena tricuspis,Tadzhikistan,38.861034,71.276093
Amidostomum anseris,Tadzhikistan,38.861034,71.276093
Heterakis gallinarum,Tadzhikistan,38.861034,71.276093
Trichostrongylus tenuis,Tadzhikistan,38.861034,71.276093
Amidostomum acutum,Tadzhikistan,38.861034,71.276093
Epomidiostomum uncinatum,Tadzhikistan,38.861034,71.276093
Eucoleus contortus,Tadzhikistan,38.861034,71.276093
Hystrichis tricolor,Tadzhikistan,38.861034,71.276093
Ascaridia galli,Tadzhikistan,38.861034,71.276093
Echinuria uncinata,Tadzhikistan,38.861034,71.276093
Dictyocaulus viviparus,Germany,51.165691,10.451526
Neostrongylus linearis,France,46.227638,2.213749
Porrocaecum crassum,Tadzhikistan,38.861034,71.276093
Porrocaecum angusticolle,Tadzhikistan,38.861034,71.276093
Hadjelia truncata,Tadzhikistan,38.861034,71.276093
Dispharynx nasuta,Tadzhikistan,38.861034,71.276093
Serratospiculum tendo,Tadzhikistan,38.861034,71.276093
Physocephalus sexalatus,Tadzhikistan,38.861034,71.276093
Spirocerca lupi,Tadzhikistan,38.861034,71.276093
Toxocara canis,Belgium + Luxembourg,50.0546886,5.467698299999999
Toxascaris leonina,Belgium + Luxembourg,50.0546886,5.467698299999999
Uncinaria stenocephala,Belgium + Luxembourg,50.0546886,5.467698299999999
Trichuris vulpis,Belgium + Luxembourg,50.0546886,5.467698299999999
Toxocara cati,Belgium + Luxembourg,50.0546886,5.467698299999999
Protostrongylus boughtoni,Alberta,53.9332706,-116.5765035
Skrjabinoclava morrisoni,District of Columbia/Delaware/New Jersey/Maryland,39.0457549,-76.64127119999999
Skrjabinoclava inornatae,Alberta,53.9332706,-116.5765035
Skrjabinoclava inornatae,Manitoba,53.7608608,-98.8138762
Skrjabinoclava inornatae,California,36.778261,-119.4179324
Skrjabinoclava inornatae,Florida,27.6648274,-81.5157535
Skrjabinoclava inornatae,Peru,-9.189967,-75.015152
Eucoleus annulatus,Tadzhikistan,38.861034,71.276093
Acuaria hamulosa,Tadzhikistan,38.861034,71.276093
Cyrnea eurycerca,Tadzhikistan,38.861034,71.276093
Acuaria gruveli,Tadzhikistan,38.861034,71.276093
Microtetrameres inermis,Tadzhikistan,38.861034,71.276093
Amidostomum fulicae,Tadzhikistan,38.861034,71.276093
Porrocaecum ensicaudatum,Tadzhikistan,38.861034,71.276093
Cosmocephalus obvelatus,Tadzhikistan,38.861034,71.276093
Pseudalius inflexus,Black Sea,43.41302899999999,34.299316
Echinuria uncinata,Iran,32.427908,53.688046
Nematodirus helvetianus,Iran,32.427908,53.688046
Nematodirus abnormalis,Iran,32.427908,53.688046
Nematodirus spathiger,Iran,32.427908,53.688046
Ostertagia ostertagi,Iran,32.427908,53.688046
Haemonchus contortus,Iran,32.427908,53.688046
Haemonchus placei,Iran,32.427908,53.688046
Cooperia oncophora,Iran,32.427908,53.688046
Oesophagostomum venulosum,Iran,32.427908,53.688046
Chabertia ovina,Iran,32.427908,53.688046
Skrjabinema ovis,Iran,32.427908,53.688046
Trichuris skrjabini,Iran,32.427908,53.688046
Trichuris ovis,Iran,32.427908,53.688046
Gongylonema pulchrum,Iran,32.427908,53.688046
Gongylonema pulchrum,"Ukraine, incl. Moldavia",48.379433,31.1655799
Spirocerca lupi,"Ukraine, incl. Moldavia",48.379433,31.1655799
Sicarius dipterum,Tadzhikistan,38.861034,71.276093
Pseudoterranova decipiens,Japan,36.204824,138.252924
Goezia ascaroides,Northern Indian Ocean,-33.137551,81.826172
Trichosomoides crassicauda,Greece,39.074208,21.824312
Dichelyne minutus,Black Sea,43.41302899999999,34.299316
Acuaria anthuris,Tadzhikistan,38.861034,71.276093
Heligmosomoides polygyrus,Spain + Andalusia,37.5442706,-4.7277528
Anisakis simplex,Sea of Japan,38.848848,135
Pseudoterranova decipiens,Sea of Japan,38.848848,135
Microtetrameres helix,Tadzhikistan,38.861034,71.276093
Dicheilonema rheae,Tadzhikistan,38.861034,71.276093
Ascaris lumbricoides,Japan,36.204824,138.252924
Echinocephalus uncinatus,Arabian Sea,12.2501506,64.33717
Proleptus obtusus,Northern Indian Ocean,-33.137551,81.826172
Aonchotheca erinacei,Balearic Islands,39.3587759,2.7356328
Crenosoma striatum,Balearic Islands,39.3587759,2.7356328
Gongylonema mucronatum,Balearic Islands,39.3587759,2.7356328
Pseudoterranova decipiens,Germany,51.165691,10.451526
Anguillicola crassus,Germany,51.165691,10.451526
Seuratum cadarachense,Balearic Islands,39.3587759,2.7356328
Spirura rytipleurites,Balearic Islands,39.3587759,2.7356328
Trichuris muris,Spain + Andalusia,37.5442706,-4.7277528
Rictularia proni,Spain + Andalusia,37.5442706,-4.7277528
Aspiculuris tetraptera,Spain + Andalusia,37.5442706,-4.7277528
Anisakis simplex,Adriatic Sea,41.85509039999999,17.2902839
Anisakis physeteris,Adriatic Sea,41.85509039999999,17.2902839
Proleptus obtusus,Adriatic Sea,41.85509039999999,17.2902839
Anisakis typica,Mediterranean,34.5531284,18.0480105
Anisakis typica,Northeast Atlantic,39.370134,-77.40677199999999
Anisakis physeteris,Northeast Atlantic,39.370134,-77.40677199999999
Pseudalius inflexus,Northeast Atlantic,39.370134,-77.40677199999999
Philonema agubernaculum,Canada,56.130366,-106.346771
Sterliadochona ephemeridarum,Canada,56.130366,-106.346771
Cystidicola farionis,Canada,56.130366,-106.346771
Philometra cylindracea,Canada,56.130366,-106.346771
Philonema oncorhynchi,Canada,56.130366,-106.346771
Raphidascaris acus,Canada,56.130366,-106.346771
Truttaedacnitis truttae,Canada,56.130366,-106.346771
Cheilospirura spinosa,Florida,27.6648274,-81.5157535
Dispharynx nasuta,Florida,27.6648274,-81.5157535
Tetrameres pattersoni,Florida,27.6648274,-81.5157535
Trichostrongylus tenuis,Florida,27.6648274,-81.5157535
Gongylonema ingluvicola,Florida,27.6648274,-81.5157535
Heterakis gallinarum,Florida,27.6648274,-81.5157535
Cyrnea colini,Florida,27.6648274,-81.5157535
Parelaphostrongylus tenuis,Arkansas,35.20105,-91.8318334
Parelaphostrongylus tenuis,Florida,27.6648274,-81.5157535
Parelaphostrongylus tenuis,Louisiana,30.9842977,-91.96233269999999
Parelaphostrongylus tenuis,District of Columbia/Delaware/New Jersey/Maryland,39.0457549,-76.64127119999999
Parelaphostrongylus tenuis,Mississippi,32.3546679,-89.3985283
Parelaphostrongylus tenuis,North Carolina,35.7595731,-79.01929969999999
Parelaphostrongylus tenuis,Tennessee,35.5174913,-86.5804473
Parelaphostrongylus tenuis,West Virginia,38.5976262,-80.4549026
Contracaecum rudolphii,Chile,-35.675147,-71.542969
Parelaphostrongylus tenuis,Oklahoma,35.0077519,-97.092877
Angiostrongylus cantonensis,Hawaiian Islands,19.8967662,-155.5827818
Philometra ovata,Estonia + Latvia,56.95962400000001,24.1016552
Philometra abdominalis,Estonia + Latvia,56.95962400000001,24.1016552
Anisakis simplex,Australia,-25.274398,133.775136
Parascaris equorum,Finland,61.92410999999999,25.7481511
Porrocaecum ensicaudatum,Finland,61.92410999999999,25.7481511
Toxocara canis,Finland,61.92410999999999,25.7481511
Raphidascaris acus,Baltic Sea,58.48795200000001,19.863281
Trichosomoides crassicauda,Balearic Islands,39.3587759,2.7356328
Heligmosomoides polygyrus,Balearic Islands,39.3587759,2.7356328
Streptopharagus kutassi,Balearic Islands,39.3587759,2.7356328
Mastophorus muris,Balearic Islands,39.3587759,2.7356328
Raphidascaris acus,Greece,39.074208,21.824312
Camallanus lacustris,Greece,39.074208,21.824312
Oxyuris equi,Kazakstan,48.019573,66.923684
Parascaris equorum,Kazakstan,48.019573,66.923684
Dictyocaulus arnfieldi,Kazakstan,48.019573,66.923684
Gongylonema pulchrum,Kazakstan,48.019573,66.923684
Triodontophorus tenuicollis,Kazakstan,48.019573,66.923684
Chabertia ovina,Kazakstan,48.019573,66.923684
Cooperia oncophora,Kazakstan,48.019573,66.923684
Dictyocaulus filaria,Kazakstan,48.019573,66.923684
Haemonchus contortus,Kazakstan,48.019573,66.923684
Nematodirus spathiger,Kazakstan,48.019573,66.923684
Physocephalus sexalatus,Kazakstan,48.019573,66.923684
Pseudoterranova decipiens,North Sea,56.511018,3.515625
Enterobius vermicularis,Japan,36.204824,138.252924
Anisakis physeteris,Japan,36.204824,138.252924
Cyclodontostomum purvisi,Thailand,15.870032,100.992541
Skrjabingylus nasicola,Japan,36.204824,138.252924
Filaroides martis,Japan,36.204824,138.252924
Anguillicola crassus,Sweden,60.12816100000001,18.643501
Ascaris suum,Estonia + Latvia,56.95962400000001,24.1016552
Oesophagostomum dentatum,Estonia + Latvia,56.95962400000001,24.1016552
Metastrongylus pudendotectus,Estonia + Latvia,56.95962400000001,24.1016552
Physocephalus sexalatus,Estonia + Latvia,56.95962400000001,24.1016552
Hyostrongylus rubidus,Estonia + Latvia,56.95962400000001,24.1016552
Metastrongylus salmi,Estonia + Latvia,56.95962400000001,24.1016552
Oesophagostomum dentatum,Lithuania,55.169438,23.881275
Ascaris suum,Lithuania,55.169438,23.881275
Rhabdochona hellichi,Georgia (USSR),42.315407,43.35689199999999
Cystidicoloides tenuissima,Georgia (USSR),42.315407,43.35689199999999
Protostrongylus rufescens,France,46.227638,2.213749
Enterobius vermicularis,United States,37.09024,-95.712891
Rhabdochona denudata,Iraq,33.223191,43.679291
Camallanus corderoi,Chile,-35.675147,-71.542969
Capillaria anatis,Japan,36.204824,138.252924
Heterakis gallinarum,Japan,36.204824,138.252924
Ascaridia columbae,Japan,36.204824,138.252924
Ascaridia galli,Japan,36.204824,138.252924
Contracaecum microcephalum,Japan,36.204824,138.252924
Porrocaecum angusticolle,Japan,36.204824,138.252924
Ornithostrongylus quadriradiatus,Japan,36.204824,138.252924
Acuaria anthuris,Japan,36.204824,138.252924
Cosmocephalus obvelatus,Japan,36.204824,138.252924
Echinuria uncinata,Japan,36.204824,138.252924
Diplotriaena bargusinica,Japan,36.204824,138.252924
Serratospiculum tendo,Japan,36.204824,138.252924
Hartertia obesa,Turkmenistan,38.969719,59.556278
Baylisascaris procyonis,United States,37.09024,-95.712891
Toxocara pteropodis,New Hebrides,-15.38,166.9
Aelurostrongylus abstrusus,Yugoslavia,37.09024,-95.712891
Spirocerca lupi,Italy,41.87194,12.56738
Ascaris lumbricoides,Indonesia & Malaysia,-0.789275,113.921327
Trichuris trichiura,Indonesia & Malaysia,-0.789275,113.921327
Haemonchus placei,Lesser Antilles,14.4122148,-64.7627955
Trichostrongylus axei,Lesser Antilles,14.4122148,-64.7627955
Toxocara vitulorum,Lesser Antilles,14.4122148,-64.7627955
Enterobius vermicularis,Italy,41.87194,12.56738
Ascaris lumbricoides,Italy,41.87194,12.56738
Trichuris trichiura,Sri Lanka,7.873053999999999,80.77179699999999
Streptopharagus pigmentatus,Sri Lanka,7.873053999999999,80.77179699999999
Aspiculuris tetraptera,Victoria,-37.01,144.75
Toxocara canis,Egypt,26.820553,30.802498
Toxocara vitulorum,Egypt,26.820553,30.802498
Toxascaris leonina,Egypt,26.820553,30.802498
Haemonchus contortus,Ghana,7.946527,-1.023194
Trichostrongylus colubriformis,Ghana,7.946527,-1.023194
Trichostrongylus axei,Ghana,7.946527,-1.023194
Trichostrongylus vitrinus,Ghana,7.946527,-1.023194
Oesophagostomum venulosum,Ghana,7.946527,-1.023194
Trichuris ovis,Ghana,7.946527,-1.023194
Ostertagia ostertagi,France,46.227638,2.213749
Cooperia oncophora,France,46.227638,2.213749
Chabertia ovina,France,46.227638,2.213749
Ascaris suum,Denmark,56.26392,9.501785
Trichuris suis,Denmark,56.26392,9.501785
Anguillicola crassus,Europe,54.5259614,15.2551187
Trichuris trichiura,Laos,19.85627,102.495496
Ascaris lumbricoides,Laos,19.85627,102.495496
Hepatojarakus malayae,Indonesia & Malaysia,-0.789275,113.921327
Angiostrongylus cantonensis,Islands of Western Pacific,-8.783195,-124.508523
Protospirura muricola,Islands of Western Pacific,-8.783195,-124.508523
Gongylonema neoplasticum,Marshall Islands,7.131474,171.184478
Mastophorus muris,Marshall Islands,7.131474,171.184478
Protospirura muricola,Marshall Islands,7.131474,171.184478
Angiostrongylus cantonensis,Fijian Islands,-17.713371,178.065032
Gongylonema neoplasticum,Fijian Islands,-17.713371,178.065032
Gongylonema neoplasticum,Islands of Pacific Ocean,-8.783195,-124.508523
Protospirura muricola,Islands of Pacific Ocean,-8.783195,-124.508523
Angiostrongylus cantonensis,Samoa Islands,-12.798491,-170.477306
Angiostrongylus cantonensis,Cook Islands,-21.236736,-159.777671
Heterakis spumosa,New Zealand,-40.900557,174.885971
Mastophorus muris,New Zealand,-40.900557,174.885971
Heligmosomoides polygyrus,New Zealand,-40.900557,174.885971
Trichosomoides crassicauda,New Zealand,-40.900557,174.885971
Trichuris vulpis,Argentina,-38.416097,-63.61667199999999
Spirocerca lupi,Turkmenistan,38.969719,59.556278
Haemonchus contortus,Pennsylvania,41.2033216,-77.1945247
Trichuris suis,Japan,36.204824,138.252924
Stephanurus dentatus,Japan,36.204824,138.252924
Metastrongylus apri,Japan,36.204824,138.252924
Metastrongylus pudendotectus,Japan,36.204824,138.252924
Metastrongylus salmi,Japan,36.204824,138.252924
Rictularia cristata,Japan,36.204824,138.252924
Cosmocephalus obvelatus,Turkmenistan,38.969719,59.556278
Streptocara crassicauda,Turkmenistan,38.969719,59.556278
Physaloptera praeputialis,Turkmenistan,38.969719,59.556278
Skrjabinoclava inornatae,Ontario,51.253775,-85.323214
Haemonchus contortus,The Gambia,13.443182,-15.310139
Contracaecum rudolphii,Japan,36.204824,138.252924
Enterobius vermicularis,Peru,-9.189967,-75.015152
Cucullanus cirratus,Northeast Atlantic,39.370134,-77.40677199999999
Angiostrongylus vasorum,Italy,41.87194,12.56738
Blatticola blattae,North Africa,23.4162027,25.66283
Blatticola blattae,Europe,54.5259614,15.2551187
Hammerschmidtiella diesingi,Germany,51.165691,10.451526
Hammerschmidtiella diesingi,Western Europe,46.2021848,1.2643875
Hammerschmidtiella diesingi,Nearctic,53.569001,-113.571487
Hammerschmidtiella diesingi,Malagasay,-20,47
Leidynema appendiculata,United States,37.09024,-95.712891
Thelastoma bulhoesi,Nearctic,53.569001,-113.571487
Parelaphostrongylus tenuis,Alberta,53.9332706,-116.5765035
Toxocara cati,District of Columbia/Delaware/New Jersey/Maryland,39.0457549,-76.64127119999999
Ollulanus tricuspis,District of Columbia/Delaware/New Jersey/Maryland,39.0457549,-76.64127119999999
Heterakis gallinarum,Azerbaidzan,40.143105,47.576927
Toxocara canis,Jordan,30.585164,36.238414
Trichuris vulpis,Jordan,30.585164,36.238414
Cyathostoma lari,Newfoundland,53.1355091,-57.6604364
Cyathostoma lari,"England, Wales + Isle of Man",54.236107,-4.548056
Contracaecum micropapillatum,Cuba,21.521757,-77.781167
Haemonchus placei,Cuba,21.521757,-77.781167
Raphidascaris acus,Azerbaidzan,40.143105,47.576927
Rhabdochona denudata,Azerbaidzan,40.143105,47.576927
Rhabdochona ergensi,Azerbaidzan,40.143105,47.576927
Philometra rischta,Azerbaidzan,40.143105,47.576927
Ascarops strongylina,Azerbaidzan,40.143105,47.576927
Philometra ovata,Azerbaidzan,40.143105,47.576927
Toxocara cati,Japan,36.204824,138.252924
Trichuris trichiura,Ecuador,-1.831239,-78.18340599999999
Ascaris lumbricoides,Ecuador,-1.831239,-78.18340599999999
Heligmosomoides polygyrus,Denmark,56.26392,9.501785
Heligmosomum mixtum,Denmark,56.26392,9.501785
Rhabdochona kidderi,Mexico,23.634501,-102.552784
Nematodirus helvetianus,Cape Province,-33.5,20.97
Molineus barbatus,Arkansas,35.20105,-91.8318334
Cooperia pectinata,Cape Province,-33.5,20.97
Trichostrongylus colubriformis,Cape Province,-33.5,20.97
Cooperia punctata,Cape Province,-33.5,20.97
Cystidicola farionis,Norway,60.47202399999999,8.468945999999999
Ascaridia compar,France,46.227638,2.213749
Heterakis gallinarum,France,46.227638,2.213749
Acuaria hamulosa,France,46.227638,2.213749
Ascaris lumbricoides,Bangladesh,23.684994,90.356331
Pseudoterranova decipiens,Nova Scotia,44.68198659999999,-63.744311
Cosmocephalus obvelatus,Nova Scotia,44.68198659999999,-63.744311
Ostertagia ostertagi,Denmark,56.26392,9.501785
Cooperia oncophora,Denmark,56.26392,9.501785
Parafilaroides gymnurus,North Sea,56.511018,3.515625
Aelurostrongylus abstrusus,Spain + Andalusia,37.5442706,-4.7277528
Sterliadochona ephemeridarum,Newfoundland,53.1355091,-57.6604364
Philonema agubernaculum,Newfoundland,53.1355091,-57.6604364
Pterygodermatites peromysci,Florida,27.6648274,-81.5157535
Physaloptera hispida,Florida,27.6648274,-81.5157535
Protospirura numidica,Florida,27.6648274,-81.5157535
Trichuris muris,Iraq,33.223191,43.679291
Ascaridia columbae,Bangladesh,23.684994,90.356331
Cystidicoloides tenuissima,Canada,56.130366,-106.346771
Parelaphostrongylus andersoni,Maine,45.253783,-69.4454689
Thelastoma bulhoesi,British Columbia,53.7266683,-127.6476205
Ascarops strongylina,Iran,32.427908,53.688046
Physocephalus sexalatus,Iran,32.427908,53.688046
Ascaris suum,Iran,32.427908,53.688046
Oesophagostomum dentatum,Iran,32.427908,53.688046
Trichuris suis,Iran,32.427908,53.688046
Metastrongylus apri,Iran,32.427908,53.688046
Metastrongylus pudendotectus,Iran,32.427908,53.688046
Metastrongylus salmi,Iran,32.427908,53.688046
Trichosomoides crassicauda,Japan,36.204824,138.252924
Teladorsagia circumcincta,Spain + Andalusia,37.5442706,-4.7277528
Angiostrongylus cantonensis,Australia,-25.274398,133.775136
Nematodirus filicollis,Scotland,56.49067119999999,-4.2026458
Nematodirus helvetianus,Scotland,56.49067119999999,-4.2026458
Ostertagia ostertagi,Australia,-25.274398,133.775136
Oesophagostomum venulosum,Australia,-25.274398,133.775136
Dictyocaulus viviparus,Australia,-25.274398,133.775136
Raphidascaris acus,Austria,47.516231,14.550072
Philometra ovata,Austria,47.516231,14.550072
Camallanus lacustris,Austria,47.516231,14.550072
Hedruris androphora,Austria,47.516231,14.550072
Haemonchus placei,Rwanda,-1.940278,29.873888
Oesophagostomum radiatum,Rwanda,-1.940278,29.873888
Trichostrongylus axei,Rwanda,-1.940278,29.873888
Cooperia punctata,Rwanda,-1.940278,29.873888
Ostertagia ostertagi,Rwanda,-1.940278,29.873888
Nematodirus spathiger,Rwanda,-1.940278,29.873888
Toxocara vitulorum,Rwanda,-1.940278,29.873888
Crenosoma striatum,Austria,47.516231,14.550072
Cyathostoma bronchialis,Germany,51.165691,10.451526
Rhabdochona cascadilla,Ontario,51.253775,-85.323214
Haemonchus contortus,New South Wales,-31.2532183,146.921099
Trichostrongylus colubriformis,New South Wales,-31.2532183,146.921099
Crenosoma vulpis,Germany,51.165691,10.451526
Ornithostrongylus quadriradiatus,Bangladesh,23.684994,90.356331
Trichostrongylus axei,Maine,45.253783,-69.4454689
Toxascaris leonina,Arkansas,35.20105,-91.8318334
Ostertagia ostertagi,District of Columbia/Delaware/New Jersey/Maryland,39.0457549,-76.64127119999999
Ostertagia ostertagi,Montana,46.8796822,-110.3625658
Teladorsagia circumcincta,Indiana,40.2671941,-86.1349019
Teladorsagia circumcincta,District of Columbia/Delaware/New Jersey/Maryland,39.0457549,-76.64127119999999
Heligmosomoides kurilensis,Japan,36.204824,138.252924
Trichuris trichiura,"Ukraine, incl. Moldavia",48.379433,31.1655799
Angiostrongylus costaricensis,Nicaragua,12.865416,-85.207229
Angiostrongylus schmidti,Florida,27.6648274,-81.5157535
Angiostrongylus malaysiensis,Malaya,3.17,101.7
Angiostrongylus costaricensis,Central America,12.7690126,-85.60236429999999
Angiostrongylus siamensis,Thailand,15.870032,100.992541
Dictyocaulus viviparus,New Caledonia,-20.904305,165.618042
Passalurus ambiguus,New Caledonia,-20.904305,165.618042
Anisakis simplex,South China Sea,15.488092,114.404754
Ascaris lumbricoides,Jamaica,18.109581,-77.297508
Pseudoterranova decipiens,Coast of Japan,35.4543846,139.644207
Anisakis simplex,Coast of Japan,35.4543846,139.644207
Physocephalus sexalatus,New South Wales,-31.2532183,146.921099
Contracaecum rudolphii,Yugoslavia,37.09024,-95.712891
Filaroides martis,Germany,51.165691,10.451526
Spirocerca lupi,Spain + Andalusia,37.5442706,-4.7277528
Lagochilascaris minor,Venezuela,6.42375,-66.58973
Dictyocaulus arnfieldi,Iraq,33.223191,43.679291
Pseudoterranova decipiens,West Coast of Norway,60.4121981,5.3222701
Oesophagostomum radiatum,New Caledonia,-20.904305,165.618042
Toxocara canis,Iraq,33.223191,43.679291
Toxascaris leonina,Iraq,33.223191,43.679291
Ascaridia galli,Iraq,33.223191,43.679291
Heterakis gallinarum,Iraq,33.223191,43.679291
Trichosomoides crassicauda,Spain + Andalusia,37.5442706,-4.7277528
Heterakis spumosa,Spain + Andalusia,37.5442706,-4.7277528
Cucullanus heterochrous,Baltic Sea,58.48795200000001,19.863281
Dichelyne minutus,Baltic Sea,58.48795200000001,19.863281
Ostertagia ostertagi,Argentina,-38.416097,-63.61667199999999
Haemonchus placei,Argentina,-38.416097,-63.61667199999999
Trichostrongylus axei,Argentina,-38.416097,-63.61667199999999
Cooperia oncophora,Argentina,-38.416097,-63.61667199999999
Cooperia punctata,Argentina,-38.416097,-63.61667199999999
Haemonchus contortus,Malaya,3.17,101.7
Oswaldocruzia filiformis,Greece,39.074208,21.824312
Toxascaris leonina,Iceland,64.963051,-19.020835
Toxocara canis,Iceland,64.963051,-19.020835
Uncinaria stenocephala,Iceland,64.963051,-19.020835
Baylisascaris procyonis,Japan,36.204824,138.252924
Syphacia muris,Taiwan,23.69781,120.960515
Heterakis spumosa,Taiwan,23.69781,120.960515
Mastophorus muris,Taiwan,23.69781,120.960515
Ascarops strongylina,Taiwan,23.69781,120.960515
Angiostrongylus malaysiensis,Japan,36.204824,138.252924
Philometra ovata,Finland,61.92410999999999,25.7481511
Cyathostomum catinatum,Iceland,64.963051,-19.020835
Cylicocyclus nassatus,Iceland,64.963051,-19.020835
Cylicostephanus longibursatus,Iceland,64.963051,-19.020835
Strongylus edentatus,Iceland,64.963051,-19.020835
Strongylus equinus,Iceland,64.963051,-19.020835
Strongylus vulgaris,Iceland,64.963051,-19.020835
Triodontophorus tenuicollis,Iceland,64.963051,-19.020835
Trichostrongylus axei,Iceland,64.963051,-19.020835
Parascaris equorum,Iceland,64.963051,-19.020835
Oxyuris equi,Iceland,64.963051,-19.020835
Teladorsagia circumcincta,Italy,41.87194,12.56738
Hyostrongylus rubidus,Belize,17.189877,-88.49765
Physocephalus sexalatus,Belize,17.189877,-88.49765
Trichostrongylus colubriformis,Belize,17.189877,-88.49765
Ascarops strongylina,Belize,17.189877,-88.49765
Ascaris suum,Belize,17.189877,-88.49765
Trichuris suis,Belize,17.189877,-88.49765
Stephanurus dentatus,Belize,17.189877,-88.49765
Syphacia muris,Corsica,42.0396042,9.012892599999999
Raphidascaris acus,Lake Baikal,53.5587003,108.1649965
Camallanus lacustris,Lake Baikal,53.5587003,108.1649965
Nematodirus spathiger,France,46.227638,2.213749
Triodontophorus tenuicollis,"Ukraine, incl. Moldavia",48.379433,31.1655799
Cylicostephanus longibursatus,"Ukraine, incl. Moldavia",48.379433,31.1655799
Cylicocyclus nassatus,"Ukraine, incl. Moldavia",48.379433,31.1655799
Oxyuris equi,"Ukraine, incl. Moldavia",48.379433,31.1655799
Parascaris equorum,"Ukraine, incl. Moldavia",48.379433,31.1655799
Trichostrongylus axei,"Ukraine, incl. Moldavia",48.379433,31.1655799
Eustrongylides tubifex,New Brunswick,46.5653163,-66.46191639999999
Contracaecum pelagicum,British Columbia,53.7266683,-127.6476205
Syncuaria squamata,Ontario,51.253775,-85.323214
Contracaecum microcephalum,Newfoundland,53.1355091,-57.6604364
Trichostrongylus tenuis,Ontario,51.253775,-85.323214
Amidostomum anseris,Ontario,51.253775,-85.323214
Amidostomum anseris,British Columbia,53.7266683,-127.6476205
Cyathostoma bronchialis,Ontario,51.253775,-85.323214
Trichostrongylus tenuis,Northwest Territories,64.8255441,-124.8457334
Echinuria uncinata,Manitoba,53.7608608,-98.8138762
Amidostomum anseris,Manitoba,53.7608608,-98.8138762
Epomidiostomum uncinatum,Manitoba,53.7608608,-98.8138762
Streptocara crassicauda,British Columbia,53.7266683,-127.6476205
Amidostomum acutum,New Brunswick,46.5653163,-66.46191639999999
Amidostomum acutum,Nova Scotia,44.68198659999999,-63.744311
Epomidiostomum uncinatum,New Brunswick,46.5653163,-66.46191639999999
Epomidiostomum uncinatum,Nova Scotia,44.68198659999999,-63.744311
Streptocara crassicauda,Newfoundland,53.1355091,-57.6604364
Tetrameres crami,Ontario,51.253775,-85.323214
Tetrameres crami,Quebec,52.9399159,-73.5491361
Echinuria uncinata,Alberta,53.9332706,-116.5765035
Amidostomum acutum,Newfoundland,53.1355091,-57.6604364
Amidostomum acutum,Ontario,51.253775,-85.323214
Capillaria anatis,New Brunswick,46.5653163,-66.46191639999999
Capillaria anatis,Newfoundland,53.1355091,-57.6604364
Capillaria anatis,Ontario,51.253775,-85.323214
Capillaria anatis,Quebec,52.9399159,-73.5491361
Epomidiostomum uncinatum,Newfoundland,53.1355091,-57.6604364
Streptocara crassicauda,Ontario,51.253775,-85.323214
Amidostomum acutum,British Columbia,53.7266683,-127.6476205
Streptocara crassicauda,New Brunswick,46.5653163,-66.46191639999999
Capillaria anatis,British Columbia,53.7266683,-127.6476205
Echinuria uncinata,Newfoundland,53.1355091,-57.6604364
Ascaridia galli,Ontario,51.253775,-85.323214
Cheilospirura spinosa,Ontario,51.253775,-85.323214
Ascaridia galli,Manitoba,53.7608608,-98.8138762
Heterakis gallinarum,Manitoba,53.7608608,-98.8138762
Heterakis gallinarum,Saskatchewan,52.9399159,-106.4508639
Ascaridia compar,Newfoundland,53.1355091,-57.6604364
Cheilospirura spinosa,British Columbia,53.7266683,-127.6476205
Geopetitia aspiculata,Manitoba,53.7608608,-98.8138762
Dispharynx nasuta,Alberta,53.9332706,-116.5765035
Physocephalus sexalatus,Alberta,53.9332706,-116.5765035
Physocephalus sexalatus,Manitoba,53.7608608,-98.8138762
Echinuria uncinata,New Brunswick,46.5653163,-66.46191639999999
Echinuria uncinata,Saskatchewan,52.9399159,-106.4508639
Cosmocephalus obvelatus,Alberta,53.9332706,-116.5765035
Cosmocephalus obvelatus,Newfoundland,53.1355091,-57.6604364
Cosmocephalus obvelatus,Quebec,52.9399159,-73.5491361
Cosmocephalus obvelatus,Ontario,51.253775,-85.323214
Ornithostrongylus quadriradiatus,Ontario,51.253775,-85.323214
Ornithostrongylus quadriradiatus,Canada,56.130366,-106.346771
Acuaria anthuris,Ontario,51.253775,-85.323214
Acuaria anthuris,Quebec,52.9399159,-73.5491361
Diplotriaena tricuspis,Ontario,51.253775,-85.323214
Microtetrameres helix,Manitoba,53.7608608,-98.8138762
Microtetrameres helix,Quebec,52.9399159,-73.5491361
Porrocaecum ensicaudatum,Quebec,52.9399159,-73.5491361
Diplotriaena bargusinica,Ontario,51.253775,-85.323214
Porrocaecum ensicaudatum,Ontario,51.253775,-85.323214
Diplotriaena agelaius,Ontario,51.253775,-85.323214
Diplotriaena bargusinica,Manitoba,53.7608608,-98.8138762
Dispharynx nasuta,Manitoba,53.7608608,-98.8138762
Dispharynx nasuta,Quebec,52.9399159,-73.5491361
Porrocaecum ensicaudatum,Manitoba,53.7608608,-98.8138762
Oswaldocruzia filiformis,Canary Islands,28.2915637,-16.6291304
Megalobatrachonema terdentatum,Spain + Andalusia,37.5442706,-4.7277528
Ascaris lumbricoides,Ontario,51.253775,-85.323214
Ascaris suum,Ontario,51.253775,-85.323214
Cooperia oncophora,New Brunswick,46.5653163,-66.46191639999999
Cooperia oncophora,Newfoundland,53.1355091,-57.6604364
Dictyocaulus viviparus,Newfoundland,53.1355091,-57.6604364
Dictyocaulus viviparus,Quebec,52.9399159,-73.5491361
Haemonchus contortus,Quebec,52.9399159,-73.5491361
Nematodirus helvetianus,New Brunswick,46.5653163,-66.46191639999999
Oesophagostomum radiatum,New Brunswick,46.5653163,-66.46191639999999
Oesophagostomum radiatum,Newfoundland,53.1355091,-57.6604364
Oesophagostomum radiatum,Ontario,51.253775,-85.323214
Oesophagostomum radiatum,Quebec,52.9399159,-73.5491361
Ostertagia ostertagi,New Brunswick,46.5653163,-66.46191639999999
Ostertagia ostertagi,Quebec,52.9399159,-73.5491361
Trichostrongylus axei,New Brunswick,46.5653163,-66.46191639999999
Trichostrongylus axei,Quebec,52.9399159,-73.5491361
Trichuris discolor,New Brunswick,46.5653163,-66.46191639999999
Trichuris discolor,Quebec,52.9399159,-73.5491361
Trichuris ovis,New Brunswick,46.5653163,-66.46191639999999
Trichuris ovis,Quebec,52.9399159,-73.5491361
Muellerius capillaris,Ontario,51.253775,-85.323214
Ascaris suum,Quebec,52.9399159,-73.5491361
Chabertia ovina,Canada,56.130366,-106.346771
Chabertia ovina,Nova Scotia,44.68198659999999,-63.744311
Chabertia ovina,Ontario,51.253775,-85.323214
Chabertia ovina,Quebec,52.9399159,-73.5491361
Cooperia curticei,Canada,56.130366,-106.346771
Cooperia curticei,Nova Scotia,44.68198659999999,-63.744311
Cooperia curticei,Ontario,51.253775,-85.323214
Cooperia curticei,Quebec,52.9399159,-73.5491361
Cooperia oncophora,Nova Scotia,44.68198659999999,-63.744311
Cooperia oncophora,Quebec,52.9399159,-73.5491361
Dictyocaulus filaria,Alberta,53.9332706,-116.5765035
Dictyocaulus filaria,Newfoundland,53.1355091,-57.6604364
Dictyocaulus filaria,Ontario,51.253775,-85.323214
Dictyocaulus filaria,Quebec,52.9399159,-73.5491361
Gongylonema pulchrum,Canada,56.130366,-106.346771
Gongylonema pulchrum,Ontario,51.253775,-85.323214
Haemonchus contortus,Nova Scotia,44.68198659999999,-63.744311
Muellerius capillaris,Canada,56.130366,-106.346771
Nematodirus abnormalis,Newfoundland,53.1355091,-57.6604364
Nematodirus battus,Nova Scotia,44.68198659999999,-63.744311
Nematodirus filicollis,Nova Scotia,44.68198659999999,-63.744311
Nematodirus filicollis,Ontario,51.253775,-85.323214
Nematodirus filicollis,Quebec,52.9399159,-73.5491361
Nematodirus spathiger,Canada,56.130366,-106.346771
Nematodirus spathiger,Newfoundland,53.1355091,-57.6604364
Nematodirus spathiger,Nova Scotia,44.68198659999999,-63.744311
Nematodirus spathiger,Ontario,51.253775,-85.323214
Nematodirus spathiger,Quebec,52.9399159,-73.5491361
Oesophagostomum columbianum,Canada,56.130366,-106.346771
Oesophagostomum columbianum,Nova Scotia,44.68198659999999,-63.744311
Oesophagostomum columbianum,Ontario,51.253775,-85.323214
Oesophagostomum columbianum,Quebec,52.9399159,-73.5491361
Oesophagostomum venulosum,Newfoundland,53.1355091,-57.6604364
Oesophagostomum venulosum,Nova Scotia,44.68198659999999,-63.744311
Oesophagostomum venulosum,Quebec,52.9399159,-73.5491361
Blatticola blattae,France,46.227638,2.213749
Ascaris lumbricoides,British Columbia,53.7266683,-127.6476205
Ascaris lumbricoides,Alberta,53.9332706,-116.5765035
Ascaris lumbricoides,Saskatchewan,52.9399159,-106.4508639
Ascaris lumbricoides,Manitoba,53.7608608,-98.8138762
Ascaris lumbricoides,Quebec,52.9399159,-73.5491361
Ascaris lumbricoides,Labrador,48.66,-56.22
Ascaris lumbricoides,Newfoundland,53.1355091,-57.6604364
Ascaris lumbricoides,New Brunswick,46.5653163,-66.46191639999999
Ascaris lumbricoides,Nova Scotia,44.68198659999999,-63.744311
Ascaris suum,Newfoundland,53.1355091,-57.6604364
Ascaris suum,Saskatchewan,52.9399159,-106.4508639
Hyostrongylus rubidus,Ontario,51.253775,-85.323214
Hyostrongylus rubidus,Quebec,52.9399159,-73.5491361
Metastrongylus apri,New Brunswick,46.5653163,-66.46191639999999
Metastrongylus pudendotectus,Ontario,51.253775,-85.323214
Metastrongylus salmi,Nova Scotia,44.68198659999999,-63.744311
Metastrongylus salmi,Ontario,51.253775,-85.323214
Metastrongylus salmi,Quebec,52.9399159,-73.5491361
Oesophagostomum dentatum,New Brunswick,46.5653163,-66.46191639999999
Oesophagostomum dentatum,Ontario,51.253775,-85.323214
Oesophagostomum dentatum,Quebec,52.9399159,-73.5491361
Oesophagostomum quadrispinulatum,New Brunswick,46.5653163,-66.46191639999999
Ollulanus tricuspis,Ontario,51.253775,-85.323214
Stephanurus dentatus,Manitoba,53.7608608,-98.8138762
Stephanurus dentatus,Nova Scotia,44.68198659999999,-63.744311
Parelaphostrongylus tenuis,Ontario,51.253775,-85.323214
Trichostrongylus axei,Nova Scotia,44.68198659999999,-63.744311
Trichostrongylus colubriformis,Canada,56.130366,-106.346771
Trichostrongylus colubriformis,Nova Scotia,44.68198659999999,-63.744311
Trichostrongylus colubriformis,Ontario,51.253775,-85.323214
Trichostrongylus colubriformis,Quebec,52.9399159,-73.5491361
Trichostrongylus vitrinus,Canada,56.130366,-106.346771
Trichostrongylus vitrinus,Nova Scotia,44.68198659999999,-63.744311
Trichostrongylus vitrinus,Quebec,52.9399159,-73.5491361
Trichuris ovis,Newfoundland,53.1355091,-57.6604364
Trichuris ovis,Nova Scotia,44.68198659999999,-63.744311
Syphacia muris,Java,-7.29,109.9
Trichuris suis,New Brunswick,46.5653163,-66.46191639999999
Trichuris suis,Ontario,51.253775,-85.323214
Trichuris suis,Quebec,52.9399159,-73.5491361
Crenosoma vulpis,Newfoundland,53.1355091,-57.6604364
Oslerus osleri,Quebec,52.9399159,-73.5491361
Physaloptera rara,Quebec,52.9399159,-73.5491361
Toxascaris leonina,New Brunswick,46.5653163,-66.46191639999999
Toxascaris leonina,Newfoundland,53.1355091,-57.6604364
Toxascaris leonina,Nova Scotia,44.68198659999999,-63.744311
Toxascaris leonina,Northwest Territories,64.8255441,-124.8457334
Toxascaris leonina,Ontario,51.253775,-85.323214
Toxascaris leonina,Quebec,52.9399159,-73.5491361
Toxascaris leonina,Saskatchewan,52.9399159,-106.4508639
Toxocara canis,Manitoba,53.7608608,-98.8138762
Toxocara canis,New Brunswick,46.5653163,-66.46191639999999
Toxocara canis,Newfoundland,53.1355091,-57.6604364
Toxocara canis,Nova Scotia,44.68198659999999,-63.744311
Toxocara canis,Northwest Territories,64.8255441,-124.8457334
Toxocara canis,Ontario,51.253775,-85.323214
Toxocara canis,Quebec,52.9399159,-73.5491361
Toxocara canis,Saskatchewan,52.9399159,-106.4508639
Trichuris vulpis,Newfoundland,53.1355091,-57.6604364
Trichuris vulpis,Ontario,51.253775,-85.323214
Trichuris vulpis,Quebec,52.9399159,-73.5491361
Uncinaria stenocephala,British Columbia,53.7266683,-127.6476205
Uncinaria stenocephala,Newfoundland,53.1355091,-57.6604364
Uncinaria stenocephala,Northwest Territories,64.8255441,-124.8457334
Uncinaria stenocephala,Ontario,51.253775,-85.323214
Uncinaria stenocephala,Quebec,52.9399159,-73.5491361
Cyathostomum catinatum,Alberta,53.9332706,-116.5765035
Cyathostomum catinatum,Newfoundland,53.1355091,-57.6604364
Cyathostomum catinatum,Saskatchewan,52.9399159,-106.4508639
Cylicocyclus nassatus,Alberta,53.9332706,-116.5765035
Cylicocyclus nassatus,Newfoundland,53.1355091,-57.6604364
Cylicocyclus nassatus,Saskatchewan,52.9399159,-106.4508639
Dictyocaulus arnfieldi,Ontario,51.253775,-85.323214
Oxyuris equi,New Brunswick,46.5653163,-66.46191639999999
Oxyuris equi,Newfoundland,53.1355091,-57.6604364
Oxyuris equi,Ontario,51.253775,-85.323214
Oxyuris equi,Quebec,52.9399159,-73.5491361
Parascaris equorum,New Brunswick,46.5653163,-66.46191639999999
Parascaris equorum,Newfoundland,53.1355091,-57.6604364
Parascaris equorum,Ontario,51.253775,-85.323214
Parascaris equorum,Quebec,52.9399159,-73.5491361
Strongylus edentatus,Alberta,53.9332706,-116.5765035
Strongylus edentatus,New Brunswick,46.5653163,-66.46191639999999
Strongylus edentatus,Newfoundland,53.1355091,-57.6604364
Strongylus edentatus,Ontario,51.253775,-85.323214
Strongylus edentatus,Quebec,52.9399159,-73.5491361
Strongylus edentatus,Saskatchewan,52.9399159,-106.4508639
Strongylus equinus,Alberta,53.9332706,-116.5765035
Strongylus equinus,New Brunswick,46.5653163,-66.46191639999999
Strongylus equinus,Ontario,51.253775,-85.323214
Strongylus equinus,Quebec,52.9399159,-73.5491361
Strongylus equinus,Saskatchewan,52.9399159,-106.4508639
Strongylus vulgaris,Alberta,53.9332706,-116.5765035
Strongylus vulgaris,New Brunswick,46.5653163,-66.46191639999999
Strongylus vulgaris,Newfoundland,53.1355091,-57.6604364
Strongylus vulgaris,Ontario,51.253775,-85.323214
Strongylus vulgaris,Quebec,52.9399159,-73.5491361
Strongylus vulgaris,Saskatchewan,52.9399159,-106.4508639
Triodontophorus tenuicollis,Alberta,53.9332706,-116.5765035
Triodontophorus tenuicollis,Saskatchewan,52.9399159,-106.4508639
Toxocara canis,Trinidad & Tobago,10.3757217,-61.23355919999999
Ascaris lumbricoides,Trinidad & Tobago,10.3757217,-61.23355919999999
Trichuris trichiura,Trinidad & Tobago,10.3757217,-61.23355919999999
Ascaris suum,Pakistan,30.375321,69.34511599999999
Metastrongylus apri,Pakistan,30.375321,69.34511599999999
Ascarops strongylina,Pakistan,30.375321,69.34511599999999
Procamallanus laeviconchus,Egypt,26.820553,30.802498
Crenosoma vulpis,"England, Wales + Isle of Man",54.236107,-4.548056
Dictyocaulus eckerti,Finland,61.92410999999999,25.7481511
Ascaridia galli,Indonesia & Malaysia,-0.789275,113.921327
Heterakis gallinarum,Indonesia & Malaysia,-0.789275,113.921327
Ascarophis morrhuae,Western coast of British Isles,56.41323389999999,-5.472362899999999
Baylisascaris procyonis,Indiana,40.2671941,-86.1349019
Toxocara vitulorum,Japan,36.204824,138.252924
Ornithostrongylus quadriradiatus,District of Columbia/Delaware/New Jersey/Maryland,39.0457549,-76.64127119999999
Oesophagostomum dentatum,Italy,41.87194,12.56738
Ascarops strongylina,Italy,41.87194,12.56738
Gongylonema pulchrum,Italy,41.87194,12.56738
Hyostrongylus rubidus,Italy,41.87194,12.56738
Anguillicola novaezelandiae,Victoria,-37.01,144.75
Enterobius vermicularis,District of Columbia/Delaware/New Jersey/Maryland,39.0457549,-76.64127119999999
Trichuris trichiura,District of Columbia/Delaware/New Jersey/Maryland,39.0457549,-76.64127119999999
Syphacia muris,Japan,36.204824,138.252924
Teladorsagia circumcincta,Syria,34.80207499999999,38.996815
Trichostrongylus vitrinus,Syria,34.80207499999999,38.996815
Gongylonema pulchrum,Japan,36.204824,138.252924
Philometroides cyprini,Japan,36.204824,138.252924
Anguillicola crassus,Japan,36.204824,138.252924
Trichospirura leptostoma,Switzerland + Lichtenstein,47.3682887,8.5374552
Parelaphostrongylus tenuis,Iowa,41.8780025,-93.097702
Hadjelia truncata,Cyprus,35.126413,33.429859
Crenosoma striatum,Western Europe,46.2021848,1.2643875
Uncinaria stenocephala,Iran,32.427908,53.688046
Toxocara cati,Iran,32.427908,53.688046
Physaloptera praeputialis,Iran,32.427908,53.688046
Ascaris lumbricoides,Sudan,12.862807,30.217636
Trichuris trichiura,Sudan,12.862807,30.217636
Trichuris trichiura,United States,37.09024,-95.712891
Ascaris lumbricoides,United States,37.09024,-95.712891
Trichuris trichiura,Kenya,-0.023559,37.906193
Ascaris lumbricoides,Kenya,-0.023559,37.906193
Otostrongylus circumlitus,Lake Baikal,53.5587003,108.1649965
Camallanus xenentodoni,Bangladesh,23.684994,90.356331
Metastrongylus apri,Germany,51.165691,10.451526
Metastrongylus salmi,Germany,51.165691,10.451526
Metastrongylus pudendotectus,Germany,51.165691,10.451526
Physocephalus sexalatus,Germany,51.165691,10.451526
Hyostrongylus rubidus,Germany,51.165691,10.451526
Ascaris suum,Germany,51.165691,10.451526
Trichuris suis,Germany,51.165691,10.451526
Oesophagostomum dentatum,Germany,51.165691,10.451526
Oesophagostomum quadrispinulatum,Germany,51.165691,10.451526
Cosmocephalus obvelatus,Yugoslavia,37.09024,-95.712891
Parelaphostrongylus tenuis,Maine,45.253783,-69.4454689
Thubunaea baylisi,European USSR (CIS),54.5259614,15.2551187
Hysterothylacium analarum,Ontario,51.253775,-85.323214
Anisakis simplex,New Brunswick,46.5653163,-66.46191639999999
Pseudoterranova decipiens,New Brunswick,46.5653163,-66.46191639999999
Cylicostephanus longibursatus,Scotland,56.49067119999999,-4.2026458
Cylicocyclus nassatus,Scotland,56.49067119999999,-4.2026458
Cyathostomum catinatum,Scotland,56.49067119999999,-4.2026458
Ostertagia ostertagi,California,36.778261,-119.4179324
Oesophagostomum venulosum,Mali,17.570692,-3.996166
Cooperia pectinata,Mali,17.570692,-3.996166
Ascaris lumbricoides,Gabon,-0.803689,11.609444
Trichostrongylus colubriformis,Yugoslavia,37.09024,-95.712891
Trichostrongylus vitrinus,Yugoslavia,37.09024,-95.712891
Trichostrongylus axei,Yugoslavia,37.09024,-95.712891
Ostertagia ostertagi,Yugoslavia,37.09024,-95.712891
Haemonchus contortus,Yugoslavia,37.09024,-95.712891
Nematodirus filicollis,Yugoslavia,37.09024,-95.712891
Nematodirus spathiger,Yugoslavia,37.09024,-95.712891
Nematodirus abnormalis,Yugoslavia,37.09024,-95.712891
Oesophagostomum venulosum,Yugoslavia,37.09024,-95.712891
Chabertia ovina,Yugoslavia,37.09024,-95.712891
Ostertagia ostertagi,South Australia,-30.0002315,136.2091547
Pseudoterranova decipiens,Spain + Andalusia,37.5442706,-4.7277528
Toxocara vitulorum,Java,-7.29,109.9
Ostertagia ostertagi,Tennessee,35.5174913,-86.5804473
Haemonchus contortus,Greece,39.074208,21.824312
Trichostrongylus axei,Greece,39.074208,21.824312
Trichostrongylus colubriformis,Greece,39.074208,21.824312
Nematodirus filicollis,Greece,39.074208,21.824312
Cooperia oncophora,Greece,39.074208,21.824312
Aonchotheca putorii,Spain + Andalusia,37.5442706,-4.7277528
Pearsonema plica,Spain + Andalusia,37.5442706,-4.7277528
Trichuris trichiura,Chile,-35.675147,-71.542969
Ascaris lumbricoides,Chile,-35.675147,-71.542969
Oesophagostomum radiatum,Venezuela,6.42375,-66.58973
Toxocara canis,Yugoslavia,37.09024,-95.712891
Toxascaris leonina,Yugoslavia,37.09024,-95.712891
Trichuris vulpis,Yugoslavia,37.09024,-95.712891
Uncinaria stenocephala,Yugoslavia,37.09024,-95.712891
Angiostrongylus cantonensis,Egypt,26.820553,30.802498
Enterobius vermicularis,Iran,32.427908,53.688046
Syphacia muris,"England, Wales + Isle of Man",54.236107,-4.548056
Paracamallanus cyathopharynx,Egypt,26.820553,30.802498
Ascaris suum,South Australia,-30.0002315,136.2091547
Ascarops strongylina,South Australia,-30.0002315,136.2091547
Hyostrongylus rubidus,South Australia,-30.0002315,136.2091547
Oesophagostomum dentatum,South Australia,-30.0002315,136.2091547
Oswaldocruzia filiformis,France,46.227638,2.213749
Oswaldocruzia filiformis,Corsica,42.0396042,9.012892599999999
Oswaldocruzia filiformis,Switzerland + Lichtenstein,47.3682887,8.5374552
Trichuris trichiura,Guinea,9.945587,-9.696645
Ascaris lumbricoides,Guinea,9.945587,-9.696645
Trichuris trichiura,Andaman Islands,11.7400867,92.6586401
Trichuris vulpis,Andaman Islands,11.7400867,92.6586401
Camallanus truncatus,Baltic Sea,58.48795200000001,19.863281
Anisakis simplex,Norwegian Sea,68.8773537,3.13966
Anisakis simplex,Western Iberian coast,40.4830106,-4.087557299999999
Trichuris discolor,Japan,36.204824,138.252924
Cosmocephalus obvelatus,Aral Sea,45.3963063,59.6134113
Mastophorus muris,Japan,36.204824,138.252924
Haemonchus contortus,"England, Wales + Isle of Man",54.236107,-4.548056
Trichostrongylus axei,"England, Wales + Isle of Man",54.236107,-4.548056
Nematodirus battus,"England, Wales + Isle of Man",54.236107,-4.548056
Nematodirus filicollis,"England, Wales + Isle of Man",54.236107,-4.548056
Cooperia oncophora,Orange Free State,-28.4541105,26.7967849
Haemonchus contortus,Armenia,40.069099,45.038189
Nematodirus abnormalis,Armenia,40.069099,45.038189
Nematodirus filicollis,Armenia,40.069099,45.038189
Nematodirus spathiger,Armenia,40.069099,45.038189
Enterobius vermicularis,Guinea-Bissau,11.803749,-15.180413
Oesophagostomum bifurcum,Guinea-Bissau,11.803749,-15.180413
Ascaris lumbricoides,Mozambique,-18.665695,35.529562
Trichuris trichiura,Mozambique,-18.665695,35.529562
Oxyuris equi,Iraq,33.223191,43.679291
Trichostrongylus axei,Iraq,33.223191,43.679291
Parascaris equorum,Iraq,33.223191,43.679291
Ascaridia galli,Mozambique,-18.665695,35.529562
Ascaris suum,Mozambique,-18.665695,35.529562
Spirocerca lupi,Mozambique,-18.665695,35.529562
Toxocara canis,Mozambique,-18.665695,35.529562
Toxocara cati,Mozambique,-18.665695,35.529562
Toxocara vitulorum,Mozambique,-18.665695,35.529562
Trichuris suis,Mozambique,-18.665695,35.529562
Trichuris vulpis,Mozambique,-18.665695,35.529562
Proleptus obtusus,Western coast of British Isles,56.41323389999999,-5.472362899999999
Strongylus vulgaris,Ethiopia (incl. Dhibouti),11.59516,43.146473
Strongylus edentatus,Ethiopia (incl. Dhibouti),11.59516,43.146473
Strongylus equinus,Ethiopia (incl. Dhibouti),11.59516,43.146473
Trichostrongylus axei,Ethiopia (incl. Dhibouti),11.59516,43.146473
Oxyuris equi,Ethiopia (incl. Dhibouti),11.59516,43.146473
Parascaris equorum,Ethiopia (incl. Dhibouti),11.59516,43.146473
Nematodirus helvetianus,Saskatchewan,52.9399159,-106.4508639
Dictyocaulus filaria,Morocco,31.791702,-7.092619999999999
Parascaris equorum,Japan,36.204824,138.252924
Toxocara canis,Germany,51.165691,10.451526
Parascaris equorum,Transvaal,-23.59,29.13
Trichostrongylus colubriformis,Argentina,-38.416097,-63.61667199999999
Trichostrongylus axei,Morocco,31.791702,-7.092619999999999
Parascaris equorum,Morocco,31.791702,-7.092619999999999
Strongylus vulgaris,Morocco,31.791702,-7.092619999999999
Strongylus edentatus,Morocco,31.791702,-7.092619999999999
Oxyuris equi,Morocco,31.791702,-7.092619999999999
Strongylus equinus,Morocco,31.791702,-7.092619999999999
Dictyocaulus arnfieldi,Morocco,31.791702,-7.092619999999999
Cosmocephalus obvelatus,Iceland,64.963051,-19.020835
Oesophagostomum columbianum,Yugoslavia,37.09024,-95.712891
Trichuris skrjabini,Turkmenistan,38.969719,59.556278
Angiostrongylus vasorum,"England, Wales + Isle of Man",54.236107,-4.548056
Baylisascaris procyonis,Ontario,51.253775,-85.323214
Angiostrongylus cantonensis,Dominican Republic,18.735693,-70.162651
Trichostrongylus vitrinus,Italy,41.87194,12.56738
Trichostrongylus colubriformis,Italy,41.87194,12.56738
Chabertia ovina,Italy,41.87194,12.56738
Trichuris skrjabini,Italy,41.87194,12.56738
Protostrongylus rufescens,Italy,41.87194,12.56738
Protostrongylus hobmaieri,Italy,41.87194,12.56738
Dictyocaulus filaria,Italy,41.87194,12.56738
Cooperia curticei,Italy,41.87194,12.56738
Nematodirus abnormalis,Italy,41.87194,12.56738
Nematodirus helvetianus,Italy,41.87194,12.56738
Nematodirus spathiger,Italy,41.87194,12.56738
Skrjabinema ovis,Italy,41.87194,12.56738
Varestrongylus sagittatus,Italy,41.87194,12.56738
Cooperia oncophora,Italy,41.87194,12.56738
Cooperia pectinata,Italy,41.87194,12.56738
Cooperia punctata,Italy,41.87194,12.56738
Echinuria uncinata,Iraq,33.223191,43.679291
Hedruris spinigera,New Zealand,-40.900557,174.885971
Cooperia punctata,United States,37.09024,-95.712891
Cooperia pectinata,United States,37.09024,-95.712891
Thelastoma bulhoesi,Colorado,39.5500507,-105.7820674
Hyostrongylus rubidus,District of Columbia/Delaware/New Jersey/Maryland,39.0457549,-76.64127119999999
Hyostrongylus rubidus,Iowa,41.8780025,-93.097702
Hyostrongylus rubidus,Louisiana,30.9842977,-91.96233269999999
Hyostrongylus rubidus,Puerto Rico,18.220833,-66.590149
Hyostrongylus rubidus,Florida,27.6648274,-81.5157535
Skrjabinoptera phrynosoma,Mexico,23.634501,-102.552784
Angiostrongylus vasorum,Denmark,56.26392,9.501785
Ascaridia galli,British Columbia,53.7266683,-127.6476205
Porrocaecum ensicaudatum,British Columbia,53.7266683,-127.6476205
Aplectana macintoshii,Japan,36.204824,138.252924
Parafilaroides decorus,Pacific coast of USA,62.4113634,-149.0729714
Otostrongylus circumlitus,Pacific coast of USA,62.4113634,-149.0729714
Oslerus osleri,Germany,51.165691,10.451526
Ascaris lumbricoides,Taiwan,23.69781,120.960515
Heterakis spumosa,Germany,51.165691,10.451526
Eustrongylides excisus,Georgia (USSR),42.315407,43.35689199999999
Raphidascaris acus,Georgia (USSR),42.315407,43.35689199999999
Camallanus truncatus,Georgia (USSR),42.315407,43.35689199999999
Philometra rischta,Georgia (USSR),42.315407,43.35689199999999
Philometra ovata,Georgia (USSR),42.315407,43.35689199999999
Filaroides hirthi,France,46.227638,2.213749
Hyostrongylus rubidus,Denmark,56.26392,9.501785
Oesophagostomum dentatum,Denmark,56.26392,9.501785
Rhabdochona denudata,Georgia (USSR),42.315407,43.35689199999999
Libyostrongylus douglassii,Victoria,-37.01,144.75
Enterobius vermicularis,Egypt,26.820553,30.802498
Syphacia muris,Egypt,26.820553,30.802498
Strongylus equinus,Italy,41.87194,12.56738
Strongylus edentatus,Italy,41.87194,12.56738
Strongylus vulgaris,Italy,41.87194,12.56738
Parascaris equorum,Italy,41.87194,12.56738
Philometroides nodulosa,Lake Superior,47.723087,-86.940716
Paraquimperia tenerrima,Nova Scotia,44.68198659999999,-63.744311
Ascarophis morrhuae,Florida,27.6648274,-81.5157535
Anguillicola crassus,Italy,41.87194,12.56738
Camallanus lacustris,Georgia (USSR),42.315407,43.35689199999999
Trichostrongylus axei,Scotland,56.49067119999999,-4.2026458
Trichuris ovis,Scotland,56.49067119999999,-4.2026458
Chabertia ovina,Scotland,56.49067119999999,-4.2026458
Protostrongylus rufescens,District of Columbia/Delaware/New Jersey/Maryland,39.0457549,-76.64127119999999
Parelaphostrongylus odocoilei,British Columbia,53.7266683,-127.6476205
Parelaphostrongylus andersoni,British Columbia,53.7266683,-127.6476205
Parelaphostrongylus andersoni,Northwest Territories,64.8255441,-124.8457334
Parelaphostrongylus andersoni,Alberta,53.9332706,-116.5765035
Elaphostrongylus rangiferi,Newfoundland,53.1355091,-57.6604364
Oesophagostomum columbianum,The Gambia,13.443182,-15.310139
Cooperia curticei,The Gambia,13.443182,-15.310139
Cooperia punctata,The Gambia,13.443182,-15.310139
Cooperia pectinata,The Gambia,13.443182,-15.310139
Trichuris ovis,The Gambia,13.443182,-15.310139
Ostertagia ostertagi,Nearctic,53.569001,-113.571487
Teladorsagia circumcincta,Nearctic,53.569001,-113.571487
Anisakis simplex,Chilean coast,-32.98,-71.00999999999999
Anisakis physeteris,Chilean coast,-32.98,-71.00999999999999
Pseudoterranova decipiens,Chilean coast,-32.98,-71.00999999999999
Trichuris muris,Oklahoma,35.0077519,-97.092877
Gyrinicola batrachiensis,Nearctic,53.569001,-113.571487
Spinitectus gracilis,Nearctic,53.569001,-113.571487
Cystidicola farionis,Wisconsin,43.7844397,-88.7878678
Skrjabinoptera phrynosoma,California,36.778261,-119.4179324
Metastrongylus apri,"England, Wales + Isle of Man",54.236107,-4.548056
Ascaris suum,"England, Wales + Isle of Man",54.236107,-4.548056
Trichuris suis,"England, Wales + Isle of Man",54.236107,-4.548056
Oesophagostomum dentatum,"England, Wales + Isle of Man",54.236107,-4.548056
Simondsia paradoxa,"England, Wales + Isle of Man",54.236107,-4.548056
Cystidicola farionis,"England, Wales + Isle of Man",54.236107,-4.548056
Ornithostrongylus quadriradiatus,"England, Wales + Isle of Man",54.236107,-4.548056
Oesophagostomum columbianum,United States,37.09024,-95.712891
Trichuris ovis,United States,37.09024,-95.712891
Dictyocaulus filaria,United States,37.09024,-95.712891
Muellerius capillaris,United States,37.09024,-95.712891
Cooperia oncophora,"England, Wales + Isle of Man",54.236107,-4.548056
Nematodirus helvetianus,"England, Wales + Isle of Man",54.236107,-4.548056
Trichostrongylus retortaeformis,"England, Wales + Isle of Man",54.236107,-4.548056
Anisakis simplex,New Zealand coast,-42.6919232,171.3399414
Obeliscoides cuniculi,United States,37.09024,-95.712891
Passalurus ambiguus,United States,37.09024,-95.712891
Ollulanus tricuspis,Egypt,26.820553,30.802498
Ascaris suum,Spain + Andalusia,37.5442706,-4.7277528
Pseudoterranova decipiens,New Zealand coast,-42.6919232,171.3399414
Ascaridia galli,Byelorussia,53.709807,27.953389
Porrocaecum crassum,Byelorussia,53.709807,27.953389
Porrocaecum ensicaudatum,Byelorussia,53.709807,27.953389
Anisakis simplex,Western coast of British Isles,56.41323389999999,-5.472362899999999
Heterakis gallinarum,Byelorussia,53.709807,27.953389
Uncinaria stenocephala,Germany,51.165691,10.451526
Toxascaris leonina,Germany,51.165691,10.451526
Ollulanus tricuspis,Germany,51.165691,10.451526
Trichuris vulpis,Germany,51.165691,10.451526
Ascarophis arctica,North Sea,56.511018,3.515625
Ascaris lumbricoides,"England, Wales + Isle of Man",54.236107,-4.548056
Haemonchus contortus,New Zealand,-40.900557,174.885971
Trichostrongylus axei,New Zealand,-40.900557,174.885971
Cooperia curticei,New Zealand,-40.900557,174.885971
Toxocara cati,"England, Wales + Isle of Man",54.236107,-4.548056
Haemonchus placei,District of Columbia/Delaware/New Jersey/Maryland,39.0457549,-76.64127119999999
Cooperia oncophora,District of Columbia/Delaware/New Jersey/Maryland,39.0457549,-76.64127119999999
Oesophagostomum radiatum,District of Columbia/Delaware/New Jersey/Maryland,39.0457549,-76.64127119999999
Ascaris lumbricoides,Egypt,26.820553,30.802498
Ascaris lumbricoides,Venezuela,6.42375,-66.58973
Trichuris trichiura,Venezuela,6.42375,-66.58973
Toxocara cati,France,46.227638,2.213749
Anisakis simplex,Scotland,56.49067119999999,-4.2026458
Passalurus ambiguus,"England, Wales + Isle of Man",54.236107,-4.548056
Graphidium strigosum,"England, Wales + Isle of Man",54.236107,-4.548056
Trichuris trichiura,Bahamas,25.03428,-77.39627999999999
Ascaris lumbricoides,Peru,-9.189967,-75.015152
Trichuris trichiura,Peru,-9.189967,-75.015152
Protospirura muricola,Costa Rica,9.748916999999999,-83.753428
Gongylonema neoplasticum,Taiwan,23.69781,120.960515
Protospirura muricola,Taiwan,23.69781,120.960515
Ascaris suum,Utah,39.3209801,-111.0937311
Ascaridia compar,Finland,61.92410999999999,25.7481511
Graphidium strigosum,New South Wales,-31.2532183,146.921099
Gongylonema neoplasticum,Japan,36.204824,138.252924
Heligmosomoides polygyrus,District of Columbia/Delaware/New Jersey/Maryland,39.0457549,-76.64127119999999
Heligmosomoides laevis,Lithuania,55.169438,23.881275
Heligmosomoides polygyrus,Lithuania,55.169438,23.881275
Heligmosomum mixtum,Lithuania,55.169438,23.881275
Mastophorus muris,Lithuania,55.169438,23.881275
Haemonchus contortus,Florida,27.6648274,-81.5157535
Haemonchus contortus,Maine,45.253783,-69.4454689
Haemonchus contortus,Nebraska,41.4925374,-99.9018131
Haemonchus contortus,North Carolina,35.7595731,-79.01929969999999
Haemonchus contortus,New Hampshire/Vermont/Massachusetts/Connecticut/Rhode Is.,43.2509279,-71.9273024
Haemonchus contortus,West Virginia,38.5976262,-80.4549026
Haemonchus contortus,Oklahoma,35.0077519,-97.092877
Haemonchus contortus,Uganda,1.373333,32.290275
Haemonchus placei,Florida,27.6648274,-81.5157535
Haemonchus placei,Hawaiian Islands,19.8967662,-155.5827818
Haemonchus placei,Louisiana,30.9842977,-91.96233269999999
Haemonchus placei,Mississippi,32.3546679,-89.3985283
Haemonchus placei,Australia,-25.274398,133.775136
Amidostomum anseris,Norway,60.47202399999999,8.468945999999999
Trichostrongylus tenuis,Norway,60.47202399999999,8.468945999999999
Ascaridia compar,Norway,60.47202399999999,8.468945999999999
Rhabdochona denudata,Yugoslavia,37.09024,-95.712891
Anisakis physeteris,Spain + Andalusia,37.5442706,-4.7277528
Dictyocaulus viviparus,Montana,46.8796822,-110.3625658
Ascaris lumbricoides,Paraguay,-23.442503,-58.443832
Trichuris trichiura,Paraguay,-23.442503,-58.443832
Enterobius vermicularis,Pakistan,30.375321,69.34511599999999
Trichuris trichiura,Pakistan,30.375321,69.34511599999999
Ascaris lumbricoides,Pakistan,30.375321,69.34511599999999
Cucullanus heterochrous,Germany,51.165691,10.451526
Goezia ascaroides,Germany,51.165691,10.451526
Graphidium strigosum,Spain + Andalusia,37.5442706,-4.7277528
Enterobius vermicularis,Papua New Guinea,-6.314992999999999,143.95555
Spirura infundibuliformis,Alberta,53.9332706,-116.5765035
Anisakis physeteris,Coast of Japan,35.4543846,139.644207
Anisakis physeteris,Sea of Japan,38.848848,135
Rhabdochona canadensis,Ontario,51.253775,-85.323214
Camallanus oxycephalus,Ontario,51.253775,-85.323214
Spinitectus gracilis,Ontario,51.253775,-85.323214
Cooperia punctata,France,46.227638,2.213749
Skrjabinema ovis,France,46.227638,2.213749
Trichuris ovis,France,46.227638,2.213749
Trichuris skrjabini,France,46.227638,2.213749
Nematodirus helvetianus,France,46.227638,2.213749
Oesophagostomum venulosum,France,46.227638,2.213749
Ascarophis arctica,Norway,60.47202399999999,8.468945999999999
Uncinaria stenocephala,Italy,41.87194,12.56738
Trichuris vulpis,Italy,41.87194,12.56738
Toxascaris leonina,Italy,41.87194,12.56738
Heligmosomoides polygyrus,Eire + N. Ireland,54.7877149,-6.4923145
Heligmosomoides polygyrus,Yugoslavia,37.09024,-95.712891
Heligmosomoides polygyrus,United States,37.09024,-95.712891
Heterakis spumosa,Tunisia,33.886917,9.537499
Heterakis spumosa,Australia,-25.274398,133.775136
Aspiculuris tetraptera,"England, Wales + Isle of Man",54.236107,-4.548056
Aspiculuris tetraptera,Yugoslavia,37.09024,-95.712891
Aspiculuris tetraptera,Italy,41.87194,12.56738
Aspiculuris tetraptera,Egypt,26.820553,30.802498
Aspiculuris tetraptera,Iraq,33.223191,43.679291
Aspiculuris tetraptera,Iran,32.427908,53.688046
Aspiculuris tetraptera,Antilles,18.53,-72.33
Aspiculuris tetraptera,Australia,-25.274398,133.775136
Gongylonema neoplasticum,Denmark,56.26392,9.501785
Gongylonema neoplasticum,Antilles,18.53,-72.33
Trichuris muris,Belgium + Luxembourg,50.0546886,5.467698299999999
Trichuris muris,Yugoslavia,37.09024,-95.712891
Trichuris muris,Australia,-25.274398,133.775136
Trichosomoides crassicauda,Australia,-25.274398,133.775136
Trichosomoides crassicauda,Egypt,26.820553,30.802498
Anisakis physeteris,Western Mediterranean,34.5531284,18.0480105
Baylisascaris transfuga,New Brunswick,46.5653163,-66.46191639999999
Crenosoma vulpis,Japan,36.204824,138.252924
Haemonchus placei,New South Wales,-31.2532183,146.921099
Anguillicola crassus,Morocco,31.791702,-7.092619999999999
Anguillicola crassus,United States,37.09024,-95.712891
Anguillicola crassus,Denmark,56.26392,9.501785
Anguillicola crassus,Baltic Sea,58.48795200000001,19.863281
Anguillicola crassus,Austria,47.516231,14.550072
Anguillicola crassus,Taiwan,23.69781,120.960515
Anguillicola globiceps,Japan,36.204824,138.252924
Anguillicola globiceps,Taiwan,23.69781,120.960515
Cosmocephalus obvelatus,Florida,27.6648274,-81.5157535
Toxocara cati,Scotland,56.49067119999999,-4.2026458
Trichostrongylus retortaeformis,Eire + N. Ireland,54.7877149,-6.4923145
Passalurus ambiguus,Eire + N. Ireland,54.7877149,-6.4923145
Graphidium strigosum,Eire + N. Ireland,54.7877149,-6.4923145
Aelurostrongylus abstrusus,Italy,41.87194,12.56738
Syphacia obvelata,Lithuania,55.169438,23.881275
Hammerschmidtiella diesingi,Cuba,21.521757,-77.781167
Megalobatrachonema terdentatum,Greece,39.074208,21.824312
Brevimulticaecum tenuicolle,Louisiana,30.9842977,-91.96233269999999
Trichosomoides crassicauda,Lithuania,55.169438,23.881275
Trichostrongylus colubriformis,Lithuania,55.169438,23.881275
Trichostrongylus retortaeformis,Lithuania,55.169438,23.881275
Aspiculuris tetraptera,Lithuania,55.169438,23.881275
Oswaldocruzia filiformis,Lithuania,55.169438,23.881275
Capillaria phasianina,Estonia + Latvia,56.95962400000001,24.1016552
Baruscapillaria obsignata,Estonia + Latvia,56.95962400000001,24.1016552
Aonchotheca caudinflata,Estonia + Latvia,56.95962400000001,24.1016552
Aonchotheca bursata,Estonia + Latvia,56.95962400000001,24.1016552
Aonchotheca erinacei,Estonia + Latvia,56.95962400000001,24.1016552
Dictyocaulus viviparus,Estonia + Latvia,56.95962400000001,24.1016552
Nematodirus filicollis,Estonia + Latvia,56.95962400000001,24.1016552
Chabertia ovina,Estonia + Latvia,56.95962400000001,24.1016552
Cooperia curticei,Estonia + Latvia,56.95962400000001,24.1016552
Oesophagostomum venulosum,Estonia + Latvia,56.95962400000001,24.1016552
Muellerius capillaris,Estonia + Latvia,56.95962400000001,24.1016552
Dictyocaulus filaria,Estonia + Latvia,56.95962400000001,24.1016552
Leidynema appendiculata,Japan,36.204824,138.252924
Hammerschmidtiella diesingi,Japan,36.204824,138.252924
Blatticola blattae,Japan,36.204824,138.252924
Oesophagostomum radiatum,Estonia + Latvia,56.95962400000001,24.1016552
Trichostrongylus colubriformis,Estonia + Latvia,56.95962400000001,24.1016552
Haemonchus contortus,Estonia + Latvia,56.95962400000001,24.1016552
Dictyocaulus eckerti,Estonia + Latvia,56.95962400000001,24.1016552
Varestrongylus capreoli,Estonia + Latvia,56.95962400000001,24.1016552
Baruscapillaria obsignata,Lithuania,55.169438,23.881275
Aonchotheca caudinflata,Lithuania,55.169438,23.881275
Cooperia pectinata,Transvaal,-23.59,29.13
Paracamallanus cyathopharynx,Transvaal,-23.59,29.13
Chabertia ovina,Iraq,33.223191,43.679291
Muellerius capillaris,Iraq,33.223191,43.679291
Trichuris trichiura,Hong Kong,22.396428,114.109497
Ascaris lumbricoides,Hong Kong,22.396428,114.109497
Enterobius vermicularis,Hong Kong,22.396428,114.109497
Trichuris trichiura,Bangladesh,23.684994,90.356331
Enterobius vermicularis,Bangladesh,23.684994,90.356331
Enterobius vermicularis,Thailand,15.870032,100.992541
Cyathostomum catinatum,Cape Province,-33.5,20.97
Cylicocyclus nassatus,Cape Province,-33.5,20.97
Goezia ascaroides,Pakistan,30.375321,69.34511599999999
Crenosoma petrowi,Ontario,51.253775,-85.323214
Hysterothylacium haze,Coast of Japan,35.4543846,139.644207
Enterobius vermicularis,European USSR (CIS),54.5259614,15.2551187
Trichostrongylus retortaeformis,Italy,41.87194,12.56738
Passalurus ambiguus,Italy,41.87194,12.56738
Parascaris equorum,Germany,51.165691,10.451526
Oxyuris equi,Germany,51.165691,10.451526
Dictyocaulus arnfieldi,Germany,51.165691,10.451526
Aelurostrongylus abstrusus,Germany,51.165691,10.451526
Crenosoma striatum,Germany,51.165691,10.451526
Elaphostrongylus cervi,Scotland,56.49067119999999,-4.2026458
Crenosoma striatum,"Ukraine, incl. Moldavia",48.379433,31.1655799
Gongylonema mucronatum,"Ukraine, incl. Moldavia",48.379433,31.1655799
Angiostrongylus costaricensis,Neotropical,28.9337826,-95.30845339999999
Angiostrongylus cantonensis,Nearctic,53.569001,-113.571487
Parelaphostrongylus tenuis,Nearctic,53.569001,-113.571487
Trichuris trichiura,Cuba,21.521757,-77.781167
Trichostrongylus axei,Iran,32.427908,53.688046
Ascaris lumbricoides,Guinea + Sierra Leone + Liberia,6.9294578,-11.5006548
Trichuris trichiura,Guinea + Sierra Leone + Liberia,6.9294578,-11.5006548
Baylisascaris transfuga,Spain + Andalusia,37.5442706,-4.7277528
Oswaldocruzia filiformis,Kuwait,29.31166,47.481766
Haemonchus placei,Mauritania,21.00789,-10.940835
Toxocara canis,Mexico,23.634501,-102.552784
Uncinaria stenocephala,Morocco,31.791702,-7.092619999999999
Spirocerca lupi,Morocco,31.791702,-7.092619999999999
Trichuris vulpis,Morocco,31.791702,-7.092619999999999
Heligmosomoides polygyrus,Uzbekistan,41.377491,64.585262
Contracaecum ogmorhini,Chilean coast,-32.98,-71.00999999999999
Syphacia obvelata,Iran,32.427908,53.688046
Pseudalius inflexus,"England, Wales + Isle of Man",54.236107,-4.548056
Oesophagostomum radiatum,Denmark,56.26392,9.501785
Pseudalius inflexus,West Coast of Norway,60.4121981,5.3222701
Protostrongylus rufescens,Morocco,31.791702,-7.092619999999999
Cystocaulus ocreatus,Morocco,31.791702,-7.092619999999999
Pseudoterranova decipiens,Alaska,64.2008413,-149.4936733
Cystidicoloides tenuissima,Yugoslavia,37.09024,-95.712891
Heligmosomoides laevis,Finland,61.92410999999999,25.7481511
Ascaridia galli,Pakistan,30.375321,69.34511599999999
Anguillicola novaezelandiae,Italy,41.87194,12.56738
Cucullanus heterochrous,Western coast of British Isles,56.41323389999999,-5.472362899999999
Cucullanus heterochrous,Norwegian Sea,68.8773537,3.13966
Cooperia oncophora,Victoria,-37.01,144.75
Nematodirus spathiger,Victoria,-37.01,144.75
Camallanus cotti,Hawaiian Islands,19.8967662,-155.5827818
Anisakis simplex,Argentina,-38.416097,-63.61667199999999
Cyclodontostomum purvisi,Borneo,0.9618833999999999,114.5548495
Cyclodontostomum purvisi,Sulawesi,-1.8479,120.5279
Trichostrongylus tenuis,Manitoba,53.7608608,-98.8138762
Trichuris trichiura,Lesser Antilles,14.4122148,-64.7627955
Oslerus osleri,France,46.227638,2.213749
Anisakis simplex,West Coast of Norway,60.4121981,5.3222701
Pseudoterranova decipiens,Iceland,64.963051,-19.020835
Anisakis simplex,Iceland,64.963051,-19.020835
Trichostrongylus colubriformis,Victoria,-37.01,144.75
Trichostrongylus vitrinus,Victoria,-37.01,144.75
Trichostrongylus axei,Victoria,-37.01,144.75
Trichostrongylus retortaeformis,Victoria,-37.01,144.75
Strongylus vulgaris,Louisiana,30.9842977,-91.96233269999999
Rhabdochona canadensis,Nebraska,41.4925374,-99.9018131
Toxocara canis,Eire + N. Ireland,54.7877149,-6.4923145
Toxascaris leonina,Eire + N. Ireland,54.7877149,-6.4923145
Toxocara cati,Eire + N. Ireland,54.7877149,-6.4923145
Angiostrongylus costaricensis,Lesser Antilles,14.4122148,-64.7627955
Ascaris lumbricoides,Iraq,33.223191,43.679291
Trichostrongylus colubriformis,Iraq,33.223191,43.679291
Ascaris lumbricoides,Sulawesi,-1.8479,120.5279
Trichuris trichiura,Sulawesi,-1.8479,120.5279
Enterobius vermicularis,Sulawesi,-1.8479,120.5279
Enterobius vermicularis,Malaya,3.17,101.7
Protostrongylus rufescens,Spain + Andalusia,37.5442706,-4.7277528
Toxocara canis,Austria,47.516231,14.550072
Toxocara cati,Austria,47.516231,14.550072
Contracaecum microcephalum,Iraq,33.223191,43.679291
Eustrongylides tubifex,Iraq,33.223191,43.679291
Anisakis simplex,Spain + Andalusia,37.5442706,-4.7277528
Pseudoterranova decipiens,Canada,56.130366,-106.346771
Syphacia muris,Indonesia & Malaysia,-0.789275,113.921327
Gongylonema neoplasticum,Indonesia & Malaysia,-0.789275,113.921327
Mastophorus muris,Indonesia & Malaysia,-0.789275,113.921327
Raphidascaris acus,Europe,54.5259614,15.2551187
Hexametra boddaertii,California,36.778261,-119.4179324
Hysterothylacium bidentatum,Europe,54.5259614,15.2551187
Goezia ascaroides,Europe,54.5259614,15.2551187
Paraquimperia tenerrima,Europe,54.5259614,15.2551187
Strongylus equinus,Australia,-25.274398,133.775136
Strongylus vulgaris,Victoria,-37.01,144.75
Strongylus edentatus,Victoria,-37.01,144.75
Camallanus lacustris,Europe,54.5259614,15.2551187
Philometra abdominalis,Europe,54.5259614,15.2551187
Philometra kotlani,Europe,54.5259614,15.2551187
Philometra obturans,Europe,54.5259614,15.2551187
Philometra ovata,Europe,54.5259614,15.2551187
Philometra rischta,Europe,54.5259614,15.2551187
Philometroides cyprini,Europe,54.5259614,15.2551187
Philometroides sanguinea,Europe,54.5259614,15.2551187
Philonema oncorhynchi,Europe,54.5259614,15.2551187
Philonema sibirica,Europe,54.5259614,15.2551187
Rhabdochona gnedini,Europe,54.5259614,15.2551187
Rhabdochona denudata,Europe,54.5259614,15.2551187
Rhabdochona ergensi,Europe,54.5259614,15.2551187
Rhabdochona hellichi,Europe,54.5259614,15.2551187
Rhabdochona oncorhynchi,Europe,54.5259614,15.2551187
Rhabdochona phoxini,Europe,54.5259614,15.2551187
Comephoronema oschmarini,Europe,54.5259614,15.2551187
Cystidicola farionis,Europe,54.5259614,15.2551187
Spinitectus inermis,Europe,54.5259614,15.2551187
Hystrichis tricolor,Europe,54.5259614,15.2551187
Contracaecum microcephalum,Europe,54.5259614,15.2551187
Contracaecum micropapillatum,Europe,54.5259614,15.2551187
Contracaecum rudolphii,Europe,54.5259614,15.2551187
Anisakis simplex,Europe,54.5259614,15.2551187
Pseudoterranova decipiens,Europe,54.5259614,15.2551187
Muellerius capillaris,Italy,41.87194,12.56738
Avioserpens mosgovoyi,Europe,54.5259614,15.2551187
Ascarops strongylina,Sardinia,40.1208752,9.012892599999999
Physocephalus sexalatus,Sardinia,40.1208752,9.012892599999999
Simondsia paradoxa,Sardinia,40.1208752,9.012892599999999
Ascaris suum,Sardinia,40.1208752,9.012892599999999
Trichuris suis,Sardinia,40.1208752,9.012892599999999
Oesophagostomum dentatum,Sardinia,40.1208752,9.012892599999999
Metastrongylus pudendotectus,Sardinia,40.1208752,9.012892599999999
Gongylonema pulchrum,Sardinia,40.1208752,9.012892599999999
Desportesius brevicaudatus,Europe,54.5259614,15.2551187
Syncuaria squamata,Europe,54.5259614,15.2551187
Cosmocephalus obvelatus,Europe,54.5259614,15.2551187
Streptocara crassicauda,Europe,54.5259614,15.2551187
Anisakis pegreffii,Mediterranean,34.5531284,18.0480105
Teladorsagia circumcincta,Sardinia,40.1208752,9.012892599999999
Trichostrongylus axei,Sardinia,40.1208752,9.012892599999999
Haemonchus contortus,Sardinia,40.1208752,9.012892599999999
Ostertagia ostertagi,Sardinia,40.1208752,9.012892599999999
Haemonchus contortus,Victoria,-37.01,144.75
Haemonchus contortus,Switzerland + Lichtenstein,47.3682887,8.5374552
Libyostrongylus douglassii,Southern Africa,-24.3570767,19.5687103
Libyostrongylus douglassii,North Carolina,35.7595731,-79.01929969999999
Nematodirus spathiger,Argentina,-38.416097,-63.61667199999999
Haemonchus contortus,Argentina,-38.416097,-63.61667199999999
Nematodirus abnormalis,Argentina,-38.416097,-63.61667199999999
Trichostrongylus vitrinus,Argentina,-38.416097,-63.61667199999999
Teladorsagia circumcincta,Argentina,-38.416097,-63.61667199999999
Trichuris ovis,Argentina,-38.416097,-63.61667199999999
Oesophagostomum venulosum,Argentina,-38.416097,-63.61667199999999
Oesophagostomum columbianum,Argentina,-38.416097,-63.61667199999999
Chabertia ovina,Argentina,-38.416097,-63.61667199999999
Ascaris lumbricoides,Malagasay,-20,47
Trichuris trichiura,Malagasay,-20,47
Teladorsagia circumcincta,Scotland,56.49067119999999,-4.2026458
Trichuris ovis,Mauritania,21.00789,-10.940835
Enterobius vermicularis,Venezuela,6.42375,-66.58973
Ascaris lumbricoides,Ethiopian Region,9.145000000000001,40.489673
Trichuris trichiura,Europe,54.5259614,15.2551187
Trichuris trichiura,Ethiopian Region,9.145000000000001,40.489673
Trichuris trichiura,Neotropical,28.9337826,-95.30845339999999
Echinocephalus uncinatus,Adriatic Sea,41.85509039999999,17.2902839
Parascaris equorum,Victoria,-37.01,144.75
Oxyuris equi,Victoria,-37.01,144.75
Strongylus equinus,Victoria,-37.01,144.75
Triodontophorus tenuicollis,Victoria,-37.01,144.75
Cylicostephanus longibursatus,Victoria,-37.01,144.75
Cyathostomum catinatum,Victoria,-37.01,144.75
Cylicocyclus nassatus,Victoria,-37.01,144.75
Proleptus niedmanni,Chilean coast,-32.98,-71.00999999999999
Anguillicola crassus,Western Mediterranean,34.5531284,18.0480105
Cyathostoma bronchialis,Nearctic,53.569001,-113.571487
Truttaedacnitis pybusae,Ontario,51.253775,-85.323214
Oxyuris equi,New Caledonia,-20.904305,165.618042
Parascaris equorum,Estonia + Latvia,56.95962400000001,24.1016552
Oxyuris equi,Estonia + Latvia,56.95962400000001,24.1016552
Trichostrongylus axei,Estonia + Latvia,56.95962400000001,24.1016552
Dictyocaulus viviparus,Denmark,56.26392,9.501785
Aspiculuris tetraptera,Denmark,56.26392,9.501785
Syphacia obvelata,Denmark,56.26392,9.501785
Acuaria anthuris,Spain + Andalusia,37.5442706,-4.7277528
Subulura bolivari,Spain + Andalusia,37.5442706,-4.7277528
Porrocaecum angusticolle,Spain + Andalusia,37.5442706,-4.7277528
Pterygodermatites affinis,Spain + Andalusia,37.5442706,-4.7277528
Haemonchus contortus,Indian Region,22,79
Oesophagostomum columbianum,Indian Region,22,79
Trichuris ovis,Indian Region,22,79
Nematodirus filicollis,Indian Region,22,79
Trichostrongylus colubriformis,Indian Region,22,79
Trichostrongylus axei,Indian Region,22,79
Chabertia ovina,Indian Region,22,79
Heligmosomoides polygyrus,France,46.227638,2.213749
Dictyocaulus filaria,New Zealand,-40.900557,174.885971
Muellerius capillaris,New Zealand,-40.900557,174.885971
Protostrongylus rufescens,New Zealand,-40.900557,174.885971
Ostertagia ostertagi,New Zealand,-40.900557,174.885971
Cooperia oncophora,New Zealand,-40.900557,174.885971
Cooperia punctata,New Zealand,-40.900557,174.885971
Nematodirus abnormalis,New Zealand,-40.900557,174.885971
Nematodirus filicollis,New Zealand,-40.900557,174.885971
Nematodirus helvetianus,New Zealand,-40.900557,174.885971
Nematodirus spathiger,New Zealand,-40.900557,174.885971
Trichostrongylus vitrinus,New Zealand,-40.900557,174.885971
Chabertia ovina,New Zealand,-40.900557,174.885971
Trichuris ovis,New Zealand,-40.900557,174.885971
Oesophagostomum columbianum,New Zealand,-40.900557,174.885971
Oesophagostomum venulosum,New Zealand,-40.900557,174.885971
Oesophagostomum quadrispinulatum,Denmark,56.26392,9.501785
Cucullanus cirratus,Baltic Sea,58.48795200000001,19.863281
Capillaria gracilis,Baltic Sea,58.48795200000001,19.863281
Anisakis simplex,Greenland,71.706936,-42.604303
Pseudoterranova decipiens,Greenland,71.706936,-42.604303
Philonema agubernaculum,Greenland,71.706936,-42.604303
Ascaridia galli,Indian Region,22,79
Dictyocaulus viviparus,New Zealand,-40.900557,174.885971
Oesophagostomum radiatum,New Zealand,-40.900557,174.885971
Teladorsagia circumcincta,New Zealand,-40.900557,174.885971
Trichuris discolor,New Zealand,-40.900557,174.885971
Elaphostrongylus cervi,New Zealand,-40.900557,174.885971
Varestrongylus sagittatus,New Zealand,-40.900557,174.885971
Cooperia pectinata,New Zealand,-40.900557,174.885971
Batrachocamallanus slomei,Cape Province,-33.5,20.97
Batrachocamallanus slomei,Southern Africa,-24.3570767,19.5687103
Batrachocamallanus slomei,Kenya,-0.023559,37.906193
Batrachocamallanus slomei,Zaire,-6.2649292,14.2343282
Dictyocaulus filaria,Indian Region,22,79
Dictyocaulus viviparus,Indian Region,22,79
Metastrongylus salmi,Indian Region,22,79
Metastrongylus apri,Indian Region,22,79
Protostrongylus rufescens,Indian Region,22,79
Trichuris discolor,Indian Region,22,79
Dispharynx nasuta,Indian Region,22,79
Skrjabinema ovis,Indian Region,22,79
Oesophagostomum radiatum,Indian Region,22,79
Oesophagostomum asperum,Indian Region,22,79
Oesophagostomum venulosum,Indian Region,22,79
Haemonchus placei,Indian Region,22,79
Dictyocaulus arnfieldi,Indian Region,22,79
Varestrongylus pneumonicus,Indian Region,22,79
Raphidascaris acus,Scotland,56.49067119999999,-4.2026458
Cystidicola farionis,Scotland,56.49067119999999,-4.2026458
Raphidascaris acus,British Columbia,53.7266683,-127.6476205
Raphidascaris acus,Ontario,51.253775,-85.323214
Raphidascaris acus,Alberta,53.9332706,-116.5765035
Raphidascaris acus,Labrador + Newfoundland,53.1355091,-57.6604364
Truttaedacnitis truttae,British Columbia,53.7266683,-127.6476205
Truttaedacnitis truttae,New Brunswick,46.5653163,-66.46191639999999
Philometra cylindracea,Ontario,51.253775,-85.323214
Philometroides huronensis,Ontario,51.253775,-85.323214
Philometroides huronensis,British Columbia,53.7266683,-127.6476205
Philometroides nodulosa,Ontario,51.253775,-85.323214
Philonema agubernaculum,Alberta,53.9332706,-116.5765035
Philonema agubernaculum,Labrador + Newfoundland,53.1355091,-57.6604364
Philonema agubernaculum,Northwest Territories,64.8255441,-124.8457334
Cystidicola farionis,Ontario,51.253775,-85.323214
Cystidicola farionis,British Columbia,53.7266683,-127.6476205
Cystidicola farionis,Yukon + Northwest Territories,60.71795149999999,-135.0498961
Salvelinema walkeri,British Columbia,53.7266683,-127.6476205
Spinitectus gracilis,Manitoba,53.7608608,-98.8138762
Spinitectus gracilis,Canada,56.130366,-106.346771
Spinitectus carolini,Ontario,51.253775,-85.323214
Sterliadochona ephemeridarum,Ontario,51.253775,-85.323214
Sterliadochona ephemeridarum,Northwest Territories,64.8255441,-124.8457334
Sterliadochona ephemeridarum,British Columbia,53.7266683,-127.6476205
Sterliadochona ephemeridarum,Manitoba,53.7608608,-98.8138762
Rhabdochona canadensis,Alberta,53.9332706,-116.5765035
Rhabdochona canadensis,British Columbia,53.7266683,-127.6476205
Rhabdochona cascadilla,Manitoba,53.7608608,-98.8138762
Rhabdochona cascadilla,Alberta,53.9332706,-116.5765035
Rhabdochona cascadilla,British Columbia,53.7266683,-127.6476205
Cooperia oncophora,Belgium + Luxembourg,50.0546886,5.467698299999999
Ascaris suum,Indian Region,22,79
Ascaris lumbricoides,Indian Region,22,79
Parascaris equorum,Indian Region,22,79
Toxocara canis,Indian Region,22,79
Heterakis gallinarum,Indian Region,22,79
Strongylus vulgaris,Indian Region,22,79
Strongylus equinus,Indian Region,22,79
Stephanurus dentatus,Indian Region,22,79
Uncinaria stenocephala,Indian Region,22,79
Angiostrongylus cantonensis,Indian Region,22,79
Spirocerca lupi,Indian Region,22,79
Ascarops strongylina,Indian Region,22,79
Physocephalus sexalatus,Indian Region,22,79
Simondsia paradoxa,Indian Region,22,79
Tetrameres mohtedai,Indian Region,22,79
Physaloptera praeputialis,Indian Region,22,79
Rhabdochona hellichi,Spain + Andalusia,37.5442706,-4.7277528
Toxascaris leonina,Japan,36.204824,138.252924
Philonema oncorhynchi,Alaska,64.2008413,-149.4936733
Oswaldocruzia filiformis,Europe,54.5259614,15.2551187
Enterobius vermicularis,Chile,-35.675147,-71.542969
Cystidicola farionis,Eire + N. Ireland,54.7877149,-6.4923145
Dictyocaulus arnfieldi,Chile,-35.675147,-71.542969
Toxocara canis,Chile,-35.675147,-71.542969
Heligmosomoides polygyrus,Germany,51.165691,10.451526
Physocephalus sexalatus,Mexico,23.634501,-102.552784
Toxocara canis,Argentina,-38.416097,-63.61667199999999
Ascaris lumbricoides,Zaire,-6.2649292,14.2343282
Filaroides martis,Ontario,51.253775,-85.323214
Pearsonema plica,Ontario,51.253775,-85.323214
Eucoleus aerophilus,Ontario,51.253775,-85.323214
Haemonchus contortus,Kenya,-0.023559,37.906193
Cooperia oncophora,Lithuania,55.169438,23.881275
Oesophagostomum venulosum,Lithuania,55.169438,23.881275
Crenosoma vulpis,Denmark,56.26392,9.501785
Cystidicoloides tenuissima,Finland,61.92410999999999,25.7481511
Philonema sibirica,Finland,61.92410999999999,25.7481511
Trichostrongylus colubriformis,"England, Wales + Isle of Man",54.236107,-4.548056
Toxocara cati,Spain + Andalusia,37.5442706,-4.7277528
Strongylus vulgaris,Sweden,60.12816100000001,18.643501
Toxocara canis,Estonia + Latvia,56.95962400000001,24.1016552
Uncinaria stenocephala,Estonia + Latvia,56.95962400000001,24.1016552
Toxascaris leonina,Estonia + Latvia,56.95962400000001,24.1016552
Syphacia obvelata,Arizona,34.0489281,-111.0937311
Protostrongylus boughtoni,Wisconsin,43.7844397,-88.7878678
Obeliscoides cuniculi,Wisconsin,43.7844397,-88.7878678
Cucullanus cirratus,West Coast of Norway,60.4121981,5.3222701
Cosmocephalus obvelatus,West Coast of Norway,60.4121981,5.3222701
Anisakis typica,Gulf of Mexico,25.304304,-90.065918
Rhabdochona hellichi,Austria,47.516231,14.550072
Philometroides sanguinea,Norway,60.47202399999999,8.468945999999999
Ascaris lumbricoides,Sri Lanka,7.873053999999999,80.77179699999999
Pseudoterranova decipiens,Norwegian Sea,68.8773537,3.13966
Skrjabinoclava inornatae,Nova Scotia,44.68198659999999,-63.744311
Skrjabinoclava inornatae,Canada,56.130366,-106.346771
Anisakis simplex,Ligurian Sea,43.7542275,8.8362755
Camallanus oxycephalus,Louisiana,30.9842977,-91.96233269999999
Spinitectus carolini,Louisiana,30.9842977,-91.96233269999999
Trichuris muris,France,46.227638,2.213749
Anisakis simplex,France,46.227638,2.213749
Capillaria anatis,Black Sea,43.41302899999999,34.299316
Amidostomum acutum,Black Sea,43.41302899999999,34.299316
Cosmocephalus obvelatus,Black Sea,43.41302899999999,34.299316
Streptocara crassicauda,Black Sea,43.41302899999999,34.299316
Trichosomoides crassicauda,United States,37.09024,-95.712891
Camallanus corderoi,Argentina,-38.416097,-63.61667199999999
Camallanus lacustris,Mexico,23.634501,-102.552784
Trichuris discolor,Italy,41.87194,12.56738
Trichuris muris,Italy,41.87194,12.56738
Capillaria gracilis,Mediterranean,34.5531284,18.0480105
Pseudocapillaria tomentosa,Mediterranean,34.5531284,18.0480105
Trichosomoides crassicauda,Italy,41.87194,12.56738
Oxyuris equi,Italy,41.87194,12.56738
Syphacia muris,Italy,41.87194,12.56738
Syphacia obvelata,Italy,41.87194,12.56738
Blatticola blattae,Italy,41.87194,12.56738
Hammerschmidtiella diesingi,Italy,41.87194,12.56738
Heterakis gallinarum,Italy,41.87194,12.56738
Heterakis spumosa,Italy,41.87194,12.56738
Ascaridia columbae,Italy,41.87194,12.56738
Ascaridia compar,Italy,41.87194,12.56738
Ascaridia dissimilis,Italy,41.87194,12.56738
Ascaridia galli,Italy,41.87194,12.56738
Ascaridia numidae,Italy,41.87194,12.56738
Spirura rytipleurites,Egypt,26.820553,30.802498
Oesophagostomum bifurcum,Italy,41.87194,12.56738
Oesophagostomum columbianum,Italy,41.87194,12.56738
Oesophagostomum quadrispinulatum,Italy,41.87194,12.56738
Cyathostoma lari,Italy,41.87194,12.56738
Graphidium strigosum,Italy,41.87194,12.56738
Trichostrongylus skrjabini,Italy,41.87194,12.56738
Trichostrongylus tenuis,Italy,41.87194,12.56738
Haemonchus placei,Italy,41.87194,12.56738
Dictyocaulus arnfieldi,Italy,41.87194,12.56738
Dictyocaulus viviparus,Italy,41.87194,12.56738
Ollulanus tricuspis,Italy,41.87194,12.56738
Oswaldocruzia filiformis,Italy,41.87194,12.56738
Nematodirus battus,Italy,41.87194,12.56738
Heligmosomoides polygyrus,Italy,41.87194,12.56738
Neostrongylus linearis,Italy,41.87194,12.56738
Varestrongylus capreoli,Italy,41.87194,12.56738
Cystocaulus ocreatus,Italy,41.87194,12.56738
Protostrongylus cuniculorum,Italy,41.87194,12.56738
Crenosoma striatum,Italy,41.87194,12.56738
Crenosoma vulpis,Italy,41.87194,12.56738
Troglostrongylus brevior,Italy,41.87194,12.56738
Filaroides martis,Italy,41.87194,12.56738
Skrjabingylus nasicola,Italy,41.87194,12.56738
Pseudoterranova decipiens,Italy,41.87194,12.56738
Truttaedacnitis truttae,Italy,41.87194,12.56738
Cucullanus cirratus,Mediterranean,34.5531284,18.0480105
Cucullanus heterochrous,Mediterranean,34.5531284,18.0480105
Dichelyne minutus,Mediterranean,34.5531284,18.0480105
Goezia ascaroides,Adriatic Sea,41.85509039999999,17.2902839
Contracaecum microcephalum,Italy,41.87194,12.56738
Raphidascaris acus,Mediterranean,34.5531284,18.0480105
Baylisascaris laevis,Italy,41.87194,12.56738
Toxocara cati,Italy,41.87194,12.56738
Toxocara vitulorum,Italy,41.87194,12.56738
Porrocaecum angusticolle,Italy,41.87194,12.56738
Porrocaecum ensicaudatum,Italy,41.87194,12.56738
Camallanus lacustris,Italy,41.87194,12.56738
Trichostrongylus retortaeformis,Japan,36.204824,138.252924
Hystrichis tricolor,Italy,41.87194,12.56738
Eustrongylides tubifex,Italy,41.87194,12.56738
Philometra rischta,Italy,41.87194,12.56738
Echinocephalus uncinatus,Italy,41.87194,12.56738
Proleptus obtusus,Italy,41.87194,12.56738
Pterygodermatites affinis,Italy,41.87194,12.56738
Spirura rytipleurites,Italy,41.87194,12.56738
Spirura talpae,Italy,41.87194,12.56738
Simondsia paradoxa,Italy,41.87194,12.56738
Mastophorus muris,Italy,41.87194,12.56738
Cyrnea eurycerca,Italy,41.87194,12.56738
Cyrnea mansioni,Italy,41.87194,12.56738
Hedruris androphora,Italy,41.87194,12.56738
Acuaria anthuris,Italy,41.87194,12.56738
Acuaria hamulosa,Italy,41.87194,12.56738
Cosmocephalus obvelatus,Italy,41.87194,12.56738
Dispharynx nasuta,Italy,41.87194,12.56738
Diplotriaena tricuspis,Italy,41.87194,12.56738
Serratospiculum tendo,Italy,41.87194,12.56738
Strongylus vulgaris,Denmark,56.26392,9.501785
Strongylus edentatus,Denmark,56.26392,9.501785
Camallanus truncatus,European USSR (CIS),54.5259614,15.2551187
Enterobius vermicularis,Cuba,21.521757,-77.781167
Toxocara canis,Uruguay,-32.522779,-55.765835
Haemonchus placei,Denmark,56.26392,9.501785
Trichostrongylus axei,Denmark,56.26392,9.501785
Neocamallanus ophiocephali,Pakistan,30.375321,69.34511599999999
Toxascaris leonina,Greenland,71.706936,-42.604303
Uncinaria stenocephala,Greenland,71.706936,-42.604303
Spinitectus carolini,North Carolina,35.7595731,-79.01929969999999
Porrocaecum crassum,Japan,36.204824,138.252924
Camallanus oxycephalus,Great Lakes,45.0522366,-82.4846115
Cystidicola farionis,Great Lakes,45.0522366,-82.4846115
Cystidicoloides tenuissima,Great Lakes,45.0522366,-82.4846115
Philonema oncorhynchi,Great Lakes,45.0522366,-82.4846115
Rhabdochona canadensis,Great Lakes,45.0522366,-82.4846115
Rhabdochona cascadilla,Great Lakes,45.0522366,-82.4846115
Spinitectus gracilis,Great Lakes,45.0522366,-82.4846115
Ascarophis morrhuae,Northeast Atlantic,39.370134,-77.40677199999999
Pseudoterranova decipiens,Western coast of British Isles,56.41323389999999,-5.472362899999999
Ascaris suum,Japan,36.204824,138.252924
Camallanus lacustris,Norway,60.47202399999999,8.468945999999999
Philometra ovata,Norway,60.47202399999999,8.468945999999999
Ascaris lumbricoides,Germany,51.165691,10.451526
Trichostrongylus axei,California,36.778261,-119.4179324
Pterygodermatites coloradensis,Idaho,44.0682019,-114.7420408
Spirura infundibuliformis,Idaho,44.0682019,-114.7420408
Trichuris discolor,Vietnam,14.058324,108.277199
Amidostomum fulicae,Vietnam,14.058324,108.277199
Cyclodontostomum purvisi,Vietnam,14.058324,108.277199
Stephanurus dentatus,Vietnam,14.058324,108.277199
Oesophagostomum dentatum,Vietnam,14.058324,108.277199
Oesophagostomum radiatum,Vietnam,14.058324,108.277199
Oesophagostomum bifurcum,Vietnam,14.058324,108.277199
Oesophagostomum venulosum,Vietnam,14.058324,108.277199
Oesophagostomum asperum,Vietnam,14.058324,108.277199
Metastrongylus pudendotectus,Vietnam,14.058324,108.277199
Metastrongylus salmi,Vietnam,14.058324,108.277199
Cooperia punctata,Vietnam,14.058324,108.277199
Haemonchus contortus,Vietnam,14.058324,108.277199
Dictyocaulus viviparus,Vietnam,14.058324,108.277199
Dictyocaulus eckerti,Vietnam,14.058324,108.277199
Ascaris suum,Vietnam,14.058324,108.277199
Ascaridia columbae,Vietnam,14.058324,108.277199
Toxocara canis,Vietnam,14.058324,108.277199
Syphacia obvelata,Vietnam,14.058324,108.277199
Heterakis gallinarum,Vietnam,14.058324,108.277199
Ascarops strongylina,Vietnam,14.058324,108.277199
Physocephalus sexalatus,Vietnam,14.058324,108.277199
Simondsia paradoxa,Vietnam,14.058324,108.277199
Hadjelia truncata,Vietnam,14.058324,108.277199
Tetrameres mohtedai,Vietnam,14.058324,108.277199
Acuaria hamulosa,Vietnam,14.058324,108.277199
Dispharynx nasuta,Vietnam,14.058324,108.277199
Physaloptera praeputialis,Vietnam,14.058324,108.277199
Oxyspirura mansoni,Vietnam,14.058324,108.277199
Rictularia proni,Vietnam,14.058324,108.277199
Protostrongylus rufescens,Lesser Antilles,14.4122148,-64.7627955
Oesophagostomum venulosum,Lesser Antilles,14.4122148,-64.7627955
Pearsonema plica,Balearic Islands,39.3587759,2.7356328
Eucoleus aerophilus,Spain + Andalusia,37.5442706,-4.7277528
Eucoleus aerophilus,Balearic Islands,39.3587759,2.7356328
Aonchotheca putorii,Balearic Islands,39.3587759,2.7356328
Crenosoma petrowi,Spain + Andalusia,37.5442706,-4.7277528
Crenosoma petrowi,Balearic Islands,39.3587759,2.7356328
Uncinaria stenocephala,Denmark,56.26392,9.501785
Toxocara canis,Denmark,56.26392,9.501785
Camallanus xenentodoni,Pakistan,30.375321,69.34511599999999
Umingmakstrongylus pallikuukensis,Northwest Territories,64.8255441,-124.8457334
Umingmakstrongylus pallikuukensis,Saskatchewan,52.9399159,-106.4508639
Heligmosomoides polygyrus,Japan,36.204824,138.252924
Hystrichis tricolor,Florida,27.6648274,-81.5157535
Amidostomum acutum,Florida,27.6648274,-81.5157535
Capillaria anatis,Florida,27.6648274,-81.5157535
Echinuria uncinata,Florida,27.6648274,-81.5157535
Epomidiostomum uncinatum,Florida,27.6648274,-81.5157535
Porrocaecum crassum,Florida,27.6648274,-81.5157535
Streptocara crassicauda,Florida,27.6648274,-81.5157535
Philometroides huronensis,Quebec,52.9399159,-73.5491361
Philometroides nodulosa,Quebec,52.9399159,-73.5491361
Raphidascaris acus,Quebec,52.9399159,-73.5491361
Sterliadochona ephemeridarum,Quebec,52.9399159,-73.5491361
Gongylonema pulchrum,Florida,27.6648274,-81.5157535
Haemonchus contortus,Pakistan,30.375321,69.34511599999999
Trichostrongylus axei,Pakistan,30.375321,69.34511599999999
Trichostrongylus vitrinus,Pakistan,30.375321,69.34511599999999
Trichostrongylus colubriformis,Pakistan,30.375321,69.34511599999999
Oesophagostomum venulosum,Pakistan,30.375321,69.34511599999999
Nematodirus spathiger,Pakistan,30.375321,69.34511599999999
Dictyocaulus filaria,Pakistan,30.375321,69.34511599999999
Trichuris skrjabini,Pakistan,30.375321,69.34511599999999
Oesophagostomum asperum,Pakistan,30.375321,69.34511599999999
Chabertia ovina,Pakistan,30.375321,69.34511599999999
Varestrongylus pneumonicus,Pakistan,30.375321,69.34511599999999
Oesophagostomum columbianum,Pakistan,30.375321,69.34511599999999
Cooperia pectinata,Pakistan,30.375321,69.34511599999999
Cooperia punctata,Pakistan,30.375321,69.34511599999999
Trichuris discolor,Pakistan,30.375321,69.34511599999999
Oesophagostomum radiatum,Pakistan,30.375321,69.34511599999999
Skrjabinema ovis,Pakistan,30.375321,69.34511599999999
Trichostrongylus axei,The Gambia,13.443182,-15.310139
Trichostrongylus colubriformis,The Gambia,13.443182,-15.310139
Oesophagostomum radiatum,The Gambia,13.443182,-15.310139
Uncinaria stenocephala,"England, Wales + Isle of Man",54.236107,-4.548056
Trichuris vulpis,"England, Wales + Isle of Man",54.236107,-4.548056
Haemonchus contortus,Sumatra,-0.589724,101.3431058
Trichostrongylus axei,Sumatra,-0.589724,101.3431058
Trichostrongylus colubriformis,Sumatra,-0.589724,101.3431058
Cooperia curticei,Sumatra,-0.589724,101.3431058
Heterakis spumosa,Victoria,-37.01,144.75
Raphidascaris acus,Eire + N. Ireland,54.7877149,-6.4923145
Dicheilonema rheae,"Ukraine, incl. Moldavia",48.379433,31.1655799
Elaphostrongylus cervi,Nearctic,53.569001,-113.571487
Pseudalius inflexus,Italy,41.87194,12.56738
Skrjabinoptera phrynosoma,Florida,27.6648274,-81.5157535
Skrjabinoptera phrynosoma,Idaho,44.0682019,-114.7420408
Skrjabinoptera phrynosoma,Oklahoma,35.0077519,-97.092877
Skrjabinoptera phrynosoma,Utah,39.3209801,-111.0937311
Skrjabinoptera phrynosoma,Nevada,38.8026097,-116.419389
Teladorsagia circumcincta,Australia,-25.274398,133.775136
Teladorsagia circumcincta,Germany,51.165691,10.451526
Anisakis simplex,East China Sea/ Yellow Sea,35.4942771,123.7964613
Echinocephalus uncinatus,Coast of Pakistan,24.8684886,67.0251991
Dictyocaulus filaria,Japan,36.204824,138.252924
Haemonchus contortus,Japan,36.204824,138.252924
Oesophagostomum dentatum,Japan,36.204824,138.252924
Skrjabinoclava inornatae,Nearctic,53.569001,-113.571487
Skrjabinoclava morrisoni,Nearctic,53.569001,-113.571487
Graphidium strigosum,Southwest Europe,41.2745004,-1.2121322
Trichostrongylus retortaeformis,Southwest Europe,41.2745004,-1.2121322
Nematodiroides zembrae,Southwest Europe,41.2745004,-1.2121322
Protostrongylus cuniculorum,Southwest Europe,41.2745004,-1.2121322
Passalurus ambiguus,Southwest Europe,41.2745004,-1.2121322
Contracaecum rudolphii,Nova Scotia,44.68198659999999,-63.744311
Anisakis simplex,Persian Gulf,26.7505337,51.6834275
Truttaedacnitis truttae,Utah,39.3209801,-111.0937311
Truttaedacnitis truttae,"England, Wales + Isle of Man",54.236107,-4.548056
Dichelyne cotylophora,Manitoba,53.7608608,-98.8138762
Philometra kotlani,Norway,60.47202399999999,8.468945999999999
Camallanus truncatus,Norway,60.47202399999999,8.468945999999999
Raphidascaris acus,Norway,60.47202399999999,8.468945999999999
Amidostomum anseris,Iceland,64.963051,-19.020835
Echinuria uncinata,Iceland,64.963051,-19.020835
Streptocara crassicauda,Iceland,64.963051,-19.020835
Anisakis typica,Atlantic Ocean,-14.5994134,-28.6731465
Pseudalius inflexus,Atlantic Ocean,-14.5994134,-28.6731465
Anisakis physeteris,Atlantic Ocean,-14.5994134,-28.6731465
Anisakis physeteris,Northern Indian Ocean,-33.137551,81.826172
Dichelyne cotylophora,Lake Huron,45.0521793,-82.48509399999999
Vigisospirura potekhina,Spain + Andalusia,37.5442706,-4.7277528
Soboliphyme baturini,Lake Baikal,53.5587003,108.1649965
Baylisascaris transfuga,Japan,36.204824,138.252924
Trichosomoides crassicauda,Lake Baikal,53.5587003,108.1649965
Mastophorus muris,Lake Baikal,53.5587003,108.1649965
Streptopharagus kutassi,Lake Baikal,53.5587003,108.1649965
Physaloptera praeputialis,Lake Baikal,53.5587003,108.1649965
Gongylonema neoplasticum,Lake Baikal,53.5587003,108.1649965
Ascarops strongylina,Mongolia,46.862496,103.846656
Rictularia cristata,Lake Baikal,53.5587003,108.1649965
Ascaris suum,Lake Baikal,53.5587003,108.1649965
Baylisascaris devosi,Lake Baikal,53.5587003,108.1649965
Toxascaris leonina,Lake Baikal,53.5587003,108.1649965
Parascaris equorum,Lake Baikal,53.5587003,108.1649965
Baylisascaris laevis,Lake Baikal,53.5587003,108.1649965
Toxocara canis,Lake Baikal,53.5587003,108.1649965
Aspiculuris tetraptera,Lake Baikal,53.5587003,108.1649965
Triodontophorus tenuicollis,Scotland,56.49067119999999,-4.2026458
Obeliscoides cuniculi,Manitoba,53.7608608,-98.8138762
Protostrongylus boughtoni,Manitoba,53.7608608,-98.8138762
Passalurus ambiguus,Lake Baikal,53.5587003,108.1649965
Oxyuris equi,Lake Baikal,53.5587003,108.1649965
Filaroides martis,Lake Baikal,53.5587003,108.1649965
Syphacia obvelata,Lake Baikal,53.5587003,108.1649965
Skrjabinema ovis,Lake Baikal,53.5587003,108.1649965
Strongylus equinus,Lake Baikal,53.5587003,108.1649965
Triodontophorus tenuicollis,Lake Baikal,53.5587003,108.1649965
Chabertia ovina,Lake Baikal,53.5587003,108.1649965
Uncinaria stenocephala,Lake Baikal,53.5587003,108.1649965
Cylicocyclus nassatus,Lake Baikal,53.5587003,108.1649965
Oesophagostomum dentatum,Lake Baikal,53.5587003,108.1649965
Oesophagostomum radiatum,Lake Baikal,53.5587003,108.1649965
Oesophagostomum venulosum,Lake Baikal,53.5587003,108.1649965
Oesophagostomum columbianum,Lake Baikal,53.5587003,108.1649965
Metastrongylus pudendotectus,Lake Baikal,53.5587003,108.1649965
Crenosoma petrowi,Lake Baikal,53.5587003,108.1649965
Crenosoma vulpis,Lake Baikal,53.5587003,108.1649965
Protostrongylus hobmaieri,Lake Baikal,53.5587003,108.1649965
Trichostrongylus colubriformis,Lake Baikal,53.5587003,108.1649965
Trichostrongylus skrjabini,Lake Baikal,53.5587003,108.1649965
Trichostrongylus axei,Lake Baikal,53.5587003,108.1649965
Trichostrongylus vitrinus,Lake Baikal,53.5587003,108.1649965
Ostertagia ostertagi,Lake Baikal,53.5587003,108.1649965
Cooperia punctata,Lake Baikal,53.5587003,108.1649965
Cooperia oncophora,Lake Baikal,53.5587003,108.1649965
Cooperia pectinata,Lake Baikal,53.5587003,108.1649965
Haemonchus contortus,Lake Baikal,53.5587003,108.1649965
Nematodirus spathiger,Lake Baikal,53.5587003,108.1649965
Nematodirus filicollis,Lake Baikal,53.5587003,108.1649965
Nematodirus helvetianus,Lake Baikal,53.5587003,108.1649965
Dictyocaulus filaria,Lake Baikal,53.5587003,108.1649965
Dictyocaulus viviparus,Lake Baikal,53.5587003,108.1649965
Dictyocaulus arnfieldi,Lake Baikal,53.5587003,108.1649965
Heligmosomum mixtum,Lake Baikal,53.5587003,108.1649965
Nematodirus filicollis,Iran,32.427908,53.688046
Nematodirus battus,Iran,32.427908,53.688046
Trichostrongylus colubriformis,Iran,32.427908,53.688046
Trichostrongylus vitrinus,Iran,32.427908,53.688046
Trichuris discolor,Iran,32.427908,53.688046
Anisakis simplex,Black Sea,43.41302899999999,34.299316
Spirocerca lupi,Iran,32.427908,53.688046
Toxocara cati,Iceland,64.963051,-19.020835
Heligmosomoides laevis,France,46.227638,2.213749
Heligmosomum mixtum,France,46.227638,2.213749
Camallanus lacustris,Belgium + Luxembourg,50.0546886,5.467698299999999
Trichuris skrjabini,Spain + Andalusia,37.5442706,-4.7277528
Trichostrongylus colubriformis,Java,-7.29,109.9
Trichostrongylus axei,Java,-7.29,109.9
Haemonchus contortus,Java,-7.29,109.9
Oesophagostomum columbianum,Java,-7.29,109.9
Cooperia curticei,Java,-7.29,109.9
Trichuris ovis,Java,-7.29,109.9
Oesophagostomum asperum,Java,-7.29,109.9
Oesophagostomum radiatum,Indonesia & Malaysia,-0.789275,113.921327
Haemonchus contortus,Indonesia & Malaysia,-0.789275,113.921327
Ostertagia ostertagi,Indonesia & Malaysia,-0.789275,113.921327
Cooperia punctata,Indonesia & Malaysia,-0.789275,113.921327
Dictyocaulus eckerti,Germany,51.165691,10.451526
Strongylus vulgaris,Germany,51.165691,10.451526
Strongylus edentatus,Germany,51.165691,10.451526
Triodontophorus tenuicollis,Germany,51.165691,10.451526
Cyathostomum catinatum,Germany,51.165691,10.451526
Cylicocyclus nassatus,Germany,51.165691,10.451526
Cylicostephanus longibursatus,Germany,51.165691,10.451526
Uncinaria stenocephala,Victoria,-37.01,144.75
Pseudalius inflexus,Baltic Sea,58.48795200000001,19.863281
Rhabdochona denudata,Greece,39.074208,21.824312
Crenosoma vulpis,Spain + Andalusia,37.5442706,-4.7277528
Aelurostrongylus pridhami,Spain + Andalusia,37.5442706,-4.7277528
Angiostrongylus vasorum,Spain + Andalusia,37.5442706,-4.7277528
Filaroides martis,Spain + Andalusia,37.5442706,-4.7277528
Skrjabingylus nasicola,Spain + Andalusia,37.5442706,-4.7277528
Baylisascaris columnaris,Spain + Andalusia,37.5442706,-4.7277528
Physaloptera praeputialis,Spain + Andalusia,37.5442706,-4.7277528
Skrjabingylus nasicola,Byelorussia,53.709807,27.953389
Filaroides martis,Byelorussia,53.709807,27.953389
Heligmosomoides polygyrus,Quebec,52.9399159,-73.5491361
Ascarophis filiformis,Sea of Japan,38.848848,135
Anisakis physeteris,Sea of Okhotsk,52.87362299999999,149.3658173
Syphacia obvelata,"England, Wales + Isle of Man",54.236107,-4.548056
Skrjabingylus nasicola,"England, Wales + Isle of Man",54.236107,-4.548056
Filaroides martis,"England, Wales + Isle of Man",54.236107,-4.548056
Aelurostrongylus falciformis,"England, Wales + Isle of Man",54.236107,-4.548056
Parafilaroides gymnurus,"England, Wales + Isle of Man",54.236107,-4.548056
Otostrongylus circumlitus,"England, Wales + Isle of Man",54.236107,-4.548056
Pseudoterranova decipiens,"England, Wales + Isle of Man",54.236107,-4.548056
Anisakis simplex,"England, Wales + Isle of Man",54.236107,-4.548056
Oxyuris equi,"England, Wales + Isle of Man",54.236107,-4.548056
Strongylus equinus,"England, Wales + Isle of Man",54.236107,-4.548056
Strongylus vulgaris,"England, Wales + Isle of Man",54.236107,-4.548056
Strongylus edentatus,"England, Wales + Isle of Man",54.236107,-4.548056
Trichostrongylus vitrinus,"England, Wales + Isle of Man",54.236107,-4.548056
Oesophagostomum venulosum,"England, Wales + Isle of Man",54.236107,-4.548056
Chabertia ovina,"England, Wales + Isle of Man",54.236107,-4.548056
Skrjabinema ovis,"England, Wales + Isle of Man",54.236107,-4.548056
Trichuris ovis,"England, Wales + Isle of Man",54.236107,-4.548056
Muellerius capillaris,"England, Wales + Isle of Man",54.236107,-4.548056
Parelaphostrongylus tenuis,United States,37.09024,-95.712891
Oesophagostomum bifurcum,Ghana,7.946527,-1.023194
Pseudoterranova decipiens,Norway,60.47202399999999,8.468945999999999
Aspiculuris tetraptera,France,46.227638,2.213749
Spirocerca lupi,Byelorussia,53.709807,27.953389
Ascaris lumbricoides,Nicaragua,12.865416,-85.207229
Trichuris trichiura,Nicaragua,12.865416,-85.207229
Parelaphostrongylus tenuis,Quebec,52.9399159,-73.5491361
Camallanus lacustris,Eire + N. Ireland,54.7877149,-6.4923145
Aspiculuris tetraptera,Eire + N. Ireland,54.7877149,-6.4923145
Anisakis simplex,Irish Sea,53.8276917,-4.465836599999999
Syncuaria squamata,Gulf of Mexico,25.304304,-90.065918
Anisakis pegreffii,Western Iberian coast,40.4830106,-4.087557299999999
Anisakis pegreffii,New Zealand coast,-42.6919232,171.3399414
Anisakis pegreffii,Southwest Atlantic,-14.5994134,-28.6731465
Cheilospirura spinosa,Tennessee,35.5174913,-86.5804473
Nematodirus abnormalis,Spain + Andalusia,37.5442706,-4.7277528
Oesophagostomum venulosum,Denmark,56.26392,9.501785
Ascaridia galli,Denmark,56.26392,9.501785
Trichostrongylus colubriformis,Ethiopia (incl. Dhibouti),11.59516,43.146473
Haemonchus contortus,Ethiopia (incl. Dhibouti),11.59516,43.146473
Cooperia curticei,Ghana,7.946527,-1.023194
Trichostrongylus axei,Belgium + Luxembourg,50.0546886,5.467698299999999
Camallanus lacustris,Finland,61.92410999999999,25.7481511
Parelaphostrongylus tenuis,New Brunswick,46.5653163,-66.46191639999999
Spirura talpae,Spain + Andalusia,37.5442706,-4.7277528
Pterygodermatites hispanica,Spain + Andalusia,37.5442706,-4.7277528
Syphacia obvelata,Spain + Andalusia,37.5442706,-4.7277528
Syphacia muris,Spain + Andalusia,37.5442706,-4.7277528
Toxocara cati,Greece,39.074208,21.824312
Trichuris trichiura,Zaire,-6.2649292,14.2343282
Trichuris trichiura,Egypt,26.820553,30.802498
Otostrongylus circumlitus,Quebec,52.9399159,-73.5491361
Cylicocyclus nassatus,France,46.227638,2.213749
Cylicostephanus longibursatus,France,46.227638,2.213749
Cooperia punctata,Venezuela,6.42375,-66.58973
Trichostrongylus axei,Venezuela,6.42375,-66.58973
Ostertagia ostertagi,Venezuela,6.42375,-66.58973
Trichostrongylus axei,Germany,51.165691,10.451526
Ascaridia galli,Yugoslavia,37.09024,-95.712891
Ascaridia columbae,Yugoslavia,37.09024,-95.712891
Heterakis gallinarum,Yugoslavia,37.09024,-95.712891
Capillaria phasianina,Yugoslavia,37.09024,-95.712891
Acuaria hamulosa,Yugoslavia,37.09024,-95.712891
Ornithostrongylus quadriradiatus,Yugoslavia,37.09024,-95.712891
Mastophorus muris,France,46.227638,2.213749
Syphacia muris,France,46.227638,2.213749
Syphacia obvelata,France,46.227638,2.213749
Philometra abdominalis,Lake Baikal,53.5587003,108.1649965
Philometra rischta,Lake Baikal,53.5587003,108.1649965
Teladorsagia circumcincta,Belgium + Luxembourg,50.0546886,5.467698299999999
Trichostrongylus axei,France,46.227638,2.213749
Cooperia curticei,Scotland,56.49067119999999,-4.2026458
Cooperia curticei,"England, Wales + Isle of Man",54.236107,-4.548056
Haemonchus contortus,Scotland,56.49067119999999,-4.2026458
Nematodirus spathiger,"England, Wales + Isle of Man",54.236107,-4.548056
Oesophagostomum venulosum,Scotland,56.49067119999999,-4.2026458
Trichostrongylus colubriformis,Scotland,56.49067119999999,-4.2026458
Dictyocaulus filaria,France,46.227638,2.213749
Cystocaulus ocreatus,France,46.227638,2.213749
Nematodirus abnormalis,France,46.227638,2.213749
Nematodirus battus,France,46.227638,2.213749
Oesophagostomum radiatum,France,46.227638,2.213749
Trichuris discolor,France,46.227638,2.213749
Heterakis gallinarum,Scotland,56.49067119999999,-4.2026458
Gongylonema pulchrum,Germany,51.165691,10.451526
Rhabdochona denudata,Norway,60.47202399999999,8.468945999999999
Eustrongylides tubifex,Bangladesh,23.684994,90.356331
Spirocamallanus mysti,Bangladesh,23.684994,90.356331
Strongylus vulgaris,Iraq,33.223191,43.679291
Pseudoterranova decipiens,Gulf of Mexico,25.304304,-90.065918
Filaroides hirthi,Eire + N. Ireland,54.7877149,-6.4923145
Haemonchus contortus,Bangladesh,23.684994,90.356331
Physaloptera maxillaris,Argentina,-38.416097,-63.61667199999999
Toxascaris leonina,Argentina,-38.416097,-63.61667199999999
Anisakis simplex,Western Mediterranean,34.5531284,18.0480105
Nematodirus battus,Canada,56.130366,-106.346771
Ascaris lumbricoides,France,46.227638,2.213749
Philometra abdominalis,Norway,60.47202399999999,8.468945999999999
Philometra rischta,Norway,60.47202399999999,8.468945999999999
Philonema oncorhynchi,Norway,60.47202399999999,8.468945999999999
Pseudocapillaria tomentosa,Norway,60.47202399999999,8.468945999999999
Hadjelia truncata,Egypt,26.820553,30.802498
Ascaridia columbae,Egypt,26.820553,30.802498
Philonema agubernaculum,Quebec,52.9399159,-73.5491361
Pearsonema plica,Southwest Europe,41.2745004,-1.2121322
Eucoleus aerophilus,Southwest Europe,41.2745004,-1.2121322
Aonchotheca putorii,Southwest Europe,41.2745004,-1.2121322
Trichuris vulpis,Southwest Europe,41.2745004,-1.2121322
Uncinaria stenocephala,Southwest Europe,41.2745004,-1.2121322
Crenosoma vulpis,Southwest Europe,41.2745004,-1.2121322
Crenosoma petrowi,Southwest Europe,41.2745004,-1.2121322
Aelurostrongylus pridhami,Southwest Europe,41.2745004,-1.2121322
Angiostrongylus vasorum,Southwest Europe,41.2745004,-1.2121322
Filaroides martis,Southwest Europe,41.2745004,-1.2121322
Skrjabingylus nasicola,Southwest Europe,41.2745004,-1.2121322
Toxocara canis,Southwest Europe,41.2745004,-1.2121322
Toxocara cati,Southwest Europe,41.2745004,-1.2121322
Baylisascaris columnaris,Southwest Europe,41.2745004,-1.2121322
Toxascaris leonina,Southwest Europe,41.2745004,-1.2121322
Spirocerca lupi,Southwest Europe,41.2745004,-1.2121322
Mastophorus muris,Southwest Europe,41.2745004,-1.2121322
Physaloptera praeputialis,Southwest Europe,41.2745004,-1.2121322
Pterygodermatites affinis,Southwest Europe,41.2745004,-1.2121322
Chabertia ovina,Victoria,-37.01,144.75
Oesophagostomum venulosum,Victoria,-37.01,144.75
Toxocara canis,Taiwan,23.69781,120.960515
Toxascaris leonina,Taiwan,23.69781,120.960515
Toxocara cati,Taiwan,23.69781,120.960515
Parascaris equorum,Sweden,60.12816100000001,18.643501
Trichostrongylus axei,Sweden,60.12816100000001,18.643501
Strongylus edentatus,Sweden,60.12816100000001,18.643501
Toxocara vitulorum,Vietnam,14.058324,108.277199
Teladorsagia circumcincta,Canary Islands,28.2915637,-16.6291304
Trichostrongylus axei,Canary Islands,28.2915637,-16.6291304
Haemonchus contortus,Canary Islands,28.2915637,-16.6291304
Toxocara canis,Malaya,3.17,101.7
Oesophagostomum quadrispinulatum,Europe,54.5259614,15.2551187
Oesophagostomum dentatum,Europe,54.5259614,15.2551187
Amidostomum acutum,Egypt,26.820553,30.802498
Amidostomum anseris,Egypt,26.820553,30.802498
Amidostomum anseris,Sudan,12.862807,30.217636
Epomidiostomum uncinatum,Senegal,14.497401,-14.452362
Porrocaecum crassum,Kenya,-0.023559,37.906193
Contracaecum microcephalum,Zaire,-6.2649292,14.2343282
Gongylonema congolense,Zaire,-6.2649292,14.2343282
Capillaria anatis,Senegal,14.497401,-14.452362
Pseudocapillaria tomentosa,Europe,54.5259614,15.2551187
Cooperia oncophora,Scotland,56.49067119999999,-4.2026458
Cooperia punctata,Arkansas,35.20105,-91.8318334
Cooperia punctata,Victoria,-37.01,144.75
Cooperia curticei,France,46.227638,2.213749
Nematodirus spathiger,New South Wales,-31.2532183,146.921099
Nematodirus filicollis,Victoria,-37.01,144.75
Nematodirus filicollis,Germany,51.165691,10.451526
Nematodirus helvetianus,Arkansas,35.20105,-91.8318334
Cystidicoloides tenuissima,Norway,60.47202399999999,8.468945999999999
Trichostrongylus retortaeformis,Germany,51.165691,10.451526
Toxocara cati,Germany,51.165691,10.451526
Toxascaris leonina,Austria,47.516231,14.550072
Uncinaria stenocephala,Austria,47.516231,14.550072
Rhabdochona denudata,Austria,47.516231,14.550072
Haemonchus contortus,Burkina Faso,12.238333,-1.561593
Haemonchus contortus,Senegal,14.497401,-14.452362
Trichostrongylus axei,Senegal,14.497401,-14.452362
Trichostrongylus colubriformis,Burkina Faso,12.238333,-1.561593
Trichostrongylus colubriformis,Senegal,14.497401,-14.452362
Cooperia curticei,Burkina Faso,12.238333,-1.561593
Cooperia curticei,Senegal,14.497401,-14.452362
Cooperia punctata,Burkina Faso,12.238333,-1.561593
Trichuris ovis,Burkina Faso,12.238333,-1.561593
Trichuris ovis,Senegal,14.497401,-14.452362
Oesophagostomum columbianum,Burkina Faso,12.238333,-1.561593
Oesophagostomum columbianum,Senegal,14.497401,-14.452362
Angiostrongylus mackerrasae,Australia,-25.274398,133.775136
Cyclodontostomum purvisi,Australia,-25.274398,133.775136
Syphacia muris,Australia,-25.274398,133.775136
Mastophorus muris,Australia,-25.274398,133.775136
Cucullanus heterochrous,Black Sea,43.41302899999999,34.299316
Camallanus cotti,Puerto Rico,18.220833,-66.590149
Eustrongylides ignotus,Puerto Rico,18.220833,-66.590149
Spinitectus carolini,Puerto Rico,18.220833,-66.590149
Uncinaria stenocephala,Peru,-9.189967,-75.015152
Ascaris suum,Victoria,-37.01,144.75
Ascaris suum,Scotland,56.49067119999999,-4.2026458
Trichostrongylus axei,Louisiana,30.9842977,-91.96233269999999
Trichostrongylus colubriformis,Louisiana,30.9842977,-91.96233269999999
Ascaris lumbricoides,Victoria,-37.01,144.75
Toxascaris leonina,Victoria,-37.01,144.75
Toxocara canis,Victoria,-37.01,144.75
Toxocara cati,Victoria,-37.01,144.75
Baylisascaris procyonis,Germany,51.165691,10.451526
Ascaridia galli,Victoria,-37.01,144.75
Ascaridia columbae,Victoria,-37.01,144.75
Heterakis gallinarum,Victoria,-37.01,144.75
Rhabdochona denudata,European USSR (CIS),54.5259614,15.2551187
Philometra ovata,European USSR (CIS),54.5259614,15.2551187
Trichostrongylus retortaeformis,European USSR (CIS),54.5259614,15.2551187
Syphacia obvelata,European USSR (CIS),54.5259614,15.2551187
Anisakis physeteris,Western Iberian coast,40.4830106,-4.087557299999999
Dispharynx nasuta,Pennsylvania,41.2033216,-77.1945247
Crenosoma vulpis,European USSR (CIS),54.5259614,15.2551187
Uncinaria stenocephala,European USSR (CIS),54.5259614,15.2551187
Toxascaris leonina,European USSR (CIS),54.5259614,15.2551187
Toxocara canis,European USSR (CIS),54.5259614,15.2551187
Crenosoma petrowi,European USSR (CIS),54.5259614,15.2551187
Filaroides martis,European USSR (CIS),54.5259614,15.2551187
Skrjabingylus nasicola,European USSR (CIS),54.5259614,15.2551187
Passalurus ambiguus,France,46.227638,2.213749
Hammerschmidtiella diesingi,France,46.227638,2.213749
Thelastoma bulhoesi,France,46.227638,2.213749
Gongylonema soricis,Spain + Andalusia,37.5442706,-4.7277528
Pseudalius inflexus,Western coast of British Isles,56.41323389999999,-5.472362899999999
Dictyocaulus viviparus,Spain + Andalusia,37.5442706,-4.7277528
Anisakis simplex,Tyrrhenian Sea,40.0769862,11.3431058
Haemonchus contortus,Germany,51.165691,10.451526
Haemonchus contortus,Arkansas,35.20105,-91.8318334
Trichostrongylus axei,Australia,-25.274398,133.775136
Trichostrongylus vitrinus,Australia,-25.274398,133.775136
Cooperia oncophora,Australia,-25.274398,133.775136
Cooperia punctata,Australia,-25.274398,133.775136
Nematodirus filicollis,Australia,-25.274398,133.775136
Nematodirus spathiger,Australia,-25.274398,133.775136
Chabertia ovina,Germany,51.165691,10.451526
Chabertia ovina,Australia,-25.274398,133.775136
Oesophagostomum radiatum,Australia,-25.274398,133.775136
Oesophagostomum columbianum,Australia,-25.274398,133.775136
Paracamallanus cyathopharynx,Zaire,-6.2649292,14.2343282
Paracamallanus cyathopharynx,Sudan,12.862807,30.217636
Paracamallanus cyathopharynx,Senegal,14.497401,-14.452362
Serpinema trispinosum,Mexico,23.634501,-102.552784
Procamallanus laeviconchus,Sudan,12.862807,30.217636
Procamallanus laeviconchus,Zaire,-6.2649292,14.2343282
Procamallanus laeviconchus,Senegal,14.497401,-14.452362
Procamallanus laeviconchus,Ghana,7.946527,-1.023194
Procamallanus laeviconchus,Uganda,1.373333,32.290275
Cystidicola farionis,European USSR (CIS),54.5259614,15.2551187
Philonema sibirica,European USSR (CIS),54.5259614,15.2551187
Trichostrongylus vitrinus,Morocco,31.791702,-7.092619999999999
Teladorsagia circumcincta,Morocco,31.791702,-7.092619999999999
Ostertagia ostertagi,Morocco,31.791702,-7.092619999999999
Ascaris suum,Northern Europe,62.27864750000001,12.3401709
Trichuris suis,Northern Europe,62.27864750000001,12.3401709
Umingmakstrongylus pallikuukensis,Canada,56.130366,-106.346771
Heligmosomoides polygyrus,Scotland,56.49067119999999,-4.2026458
Enterobius vermicularis,Java,-7.29,109.9
Ascaris lumbricoides,Java,-7.29,109.9
Trichuris trichiura,Java,-7.29,109.9
Eustrongylides tubifex,Japan,36.204824,138.252924
Oesophagostomum venulosum,Germany,51.165691,10.451526
Oesophagostomum dentatum,Yugoslavia,37.09024,-95.712891
Elaphostrongylus rangiferi,Nearctic,53.569001,-113.571487
Parelaphostrongylus odocoilei,Nearctic,53.569001,-113.571487
Dictyocaulus viviparus,Nearctic,53.569001,-113.571487
Trichuris discolor,Nearctic,53.569001,-113.571487
Strongylus vulgaris,Eire + N. Ireland,54.7877149,-6.4923145
Ascaridia galli,Ethiopia (incl. Dhibouti),11.59516,43.146473
Heterakis gallinarum,Ethiopia (incl. Dhibouti),11.59516,43.146473
Toxocara canis,North Carolina,35.7595731,-79.01929969999999
Oslerus osleri,Norway,60.47202399999999,8.468945999999999
Toxocara cati,Malaya,3.17,101.7
Oesophagostomum columbianum,Bangladesh,23.684994,90.356331
Cucullanus heterochrous,North Sea,56.511018,3.515625
Chabertia ovina,Mauritania,21.00789,-10.940835
Chabertia ovina,Morocco,31.791702,-7.092619999999999
Oesophagostomum venulosum,Morocco,31.791702,-7.092619999999999
Haemonchus contortus,Morocco,31.791702,-7.092619999999999
Trichostrongylus colubriformis,Morocco,31.791702,-7.092619999999999
Trichuris suis,Spain + Andalusia,37.5442706,-4.7277528
Trichostrongylus axei,New South Wales,-31.2532183,146.921099
Anisakis ziphidarum,Tyrrhenian Sea,40.0769862,11.3431058
Angiostrongylus cantonensis,Cuba,21.521757,-77.781167
Gyrinicola batrachiensis,Canada,56.130366,-106.346771
Toxocara canis,Wisconsin,43.7844397,-88.7878678
Toxascaris leonina,Wisconsin,43.7844397,-88.7878678
Trichuris vulpis,Wisconsin,43.7844397,-88.7878678
Toxocara vitulorum,Thailand,15.870032,100.992541
Mastophorus muris,"Ukraine, incl. Moldavia",48.379433,31.1655799
Rictularia proni,"Ukraine, incl. Moldavia",48.379433,31.1655799
Syphacia obvelata,"Ukraine, incl. Moldavia",48.379433,31.1655799
Acuaria hamulosa,Mexico,23.634501,-102.552784
Syncuaria squamata,Mexico,23.634501,-102.552784
Angiostrongylus vasorum,Mexico,23.634501,-102.552784
Contracaecum microcephalum,Mexico,23.634501,-102.552784
Contracaecum rudolphii,Mexico,23.634501,-102.552784
Toxascaris leonina,Mexico,23.634501,-102.552784
Ascaridia galli,Mexico,23.634501,-102.552784
Crenosoma mephitidis,California,36.778261,-119.4179324
Oesophagostomum dentatum,Mexico,23.634501,-102.552784
Diplotriaena tricuspis,Mexico,23.634501,-102.552784
Echinocephalus pseudouncinatus,Gulf of Mexico,25.304304,-90.065918
Gongylonema neoplasticum,Mexico,23.634501,-102.552784
Heterakis gallinarum,Mexico,23.634501,-102.552784
Heterakis spumosa,Mexico,23.634501,-102.552784
Ascaris lumbricoides,Equatorial Guinea,1.650801,10.267895
Trichuris trichiura,Equatorial Guinea,1.650801,10.267895
Paraquimperia tenerrima,Norway,60.47202399999999,8.468945999999999
Oesophagostomum quadrispinulatum,Estonia + Latvia,56.95962400000001,24.1016552
Trichuris trichiura,Nepal,28.394857,84.12400799999999
Ascaris lumbricoides,Nepal,28.394857,84.12400799999999
Anisakis simplex,Caribbean Sea,14.5401107,-74.9676365
Syphacia obvelata,Egypt,26.820553,30.802498
Rhabdochona cascadilla,Quebec,52.9399159,-73.5491361
Pseudocapillaria tomentosa,Quebec,52.9399159,-73.5491361
Spirocamallanus hilarii,Argentina,-38.416097,-63.61667199999999
Angiostrongylus cantonensis,Haiti,18.971187,-72.285215
Angiostrongylus costaricensis,Haiti,18.971187,-72.285215
Ascaris lumbricoides,Argentina,-38.416097,-63.61667199999999
Trichuris trichiura,Argentina,-38.416097,-63.61667199999999
Aonchotheca caudinflata,Italy,41.87194,12.56738
Oesophagostomum radiatum,New South Wales,-31.2532183,146.921099
Oesophagostomum radiatum,Victoria,-37.01,144.75
Oesophagostomum columbianum,New South Wales,-31.2532183,146.921099
Rhabdochona denudata,Iran,32.427908,53.688046
Ascaris lumbricoides,Denmark,56.26392,9.501785
Anisakis physeteris,Caribbean Sea,14.5401107,-74.9676365
Anisakis typica,Caribbean Sea,14.5401107,-74.9676365
Rhabdochona coronacauda,Japan,36.204824,138.252924
Ascaris suum,Australia,-25.274398,133.775136
Teladorsagia circumcincta,Cyprus,35.126413,33.429859
Trichostrongylus vitrinus,Cyprus,35.126413,33.429859
Trichostrongylus axei,Cyprus,35.126413,33.429859
Ostertagia ostertagi,Cyprus,35.126413,33.429859
Trichuris ovis,Cyprus,35.126413,33.429859
Trichuris discolor,Cyprus,35.126413,33.429859
Muellerius capillaris,Cyprus,35.126413,33.429859
Cystidicoloides tenuissima,Eire + N. Ireland,54.7877149,-6.4923145
Angiostrongylus costaricensis,Ecuador,-1.831239,-78.18340599999999
Pseudocapillaria tomentosa,Italy,41.87194,12.56738
Paraquimperia tenerrima,Eire + N. Ireland,54.7877149,-6.4923145
Cystidicola farionis,Mongolia,46.862496,103.846656
Spirura talpae,Egypt,26.820553,30.802498
Aplectana macintoshii,Egypt,26.820553,30.802498
Toxocara cati,New Hampshire/Vermont/Massachusetts/Connecticut/Rhode Is.,43.2509279,-71.9273024
Toxocara cati,Kansas,39.011902,-98.4842465
Angiostrongylus cantonensis,Puerto Rico,18.220833,-66.590149
Trichostrongylus axei,Transvaal,-23.59,29.13
Parafilaroides gymnurus,Atlantic Ocean,-14.5994134,-28.6731465
Otostrongylus circumlitus,Sea of Japan,38.848848,135
Otostrongylus circumlitus,Atlantic Ocean,-14.5994134,-28.6731465
Protostrongylus rufescens,Yugoslavia,37.09024,-95.712891
Gongylonema pulchrum,Yugoslavia,37.09024,-95.712891
Trichostrongylus axei,Armenia,40.069099,45.038189
Teladorsagia circumcincta,Armenia,40.069099,45.038189
Skrjabinema ovis,Armenia,40.069099,45.038189
Graphidium strigosum,France,46.227638,2.213749
Trichostrongylus retortaeformis,France,46.227638,2.213749
Trichostrongylus tenuis,Iceland,64.963051,-19.020835
Rhabdochona oncorhynchi,Norway,60.47202399999999,8.468945999999999
Eustrongylides tubifex,Florida,27.6648274,-81.5157535
Avioserpens galliardi,Florida,27.6648274,-81.5157535
Contracaecum microcephalum,Florida,27.6648274,-81.5157535
Parelaphostrongylus tenuis,Nebraska,41.4925374,-99.9018131
Skrjabinoclava morrisoni,Canada,56.130366,-106.346771
Protostrongylus tauricus,Spain + Andalusia,37.5442706,-4.7277528
Haemonchus placei,Kenya,-0.023559,37.906193
Cooperia pectinata,Kenya,-0.023559,37.906193
Cooperia punctata,Kenya,-0.023559,37.906193
Oesophagostomum radiatum,Kenya,-0.023559,37.906193
Trichostrongylus axei,Kenya,-0.023559,37.906193
Nematodirus helvetianus,Kenya,-0.023559,37.906193
Acuaria gruveli,Spain + Andalusia,37.5442706,-4.7277528
Amidostomum fulicae,Spain + Andalusia,37.5442706,-4.7277528
Anguillicola crassus,Spain + Andalusia,37.5442706,-4.7277528
Ascaris lumbricoides,Spain + Andalusia,37.5442706,-4.7277528
Ascaris lumbricoides,Gibraltar,36.140751,-5.353585
Ascarops strongylina,Spain + Andalusia,37.5442706,-4.7277528
Eustrongylides ignotus,Neotropical,28.9337826,-95.30845339999999
Eustrongylides tubifex,Neotropical,28.9337826,-95.30845339999999
Trichuris trichiura,Mali,17.570692,-3.996166
Avioserpens mosgovoyi,Spain + Andalusia,37.5442706,-4.7277528
Cooperia curticei,Spain + Andalusia,37.5442706,-4.7277528
Cooperia punctata,Spain + Andalusia,37.5442706,-4.7277528
Oesophagostomum radiatum,Argentina,-38.416097,-63.61667199999999
Crenosoma striatum,Spain + Andalusia,37.5442706,-4.7277528
Cucullanus heterochrous,Western Iberian coast,40.4830106,-4.087557299999999
Cyathostomum catinatum,Spain + Andalusia,37.5442706,-4.7277528
Cystidicoloides tenuissima,Spain + Andalusia,37.5442706,-4.7277528
Dictyocaulus arnfieldi,Spain + Andalusia,37.5442706,-4.7277528
Trichuris ovis,South Australia,-30.0002315,136.2091547
Echinuria uncinata,Spain + Andalusia,37.5442706,-4.7277528
Epomidiostomum uncinatum,Spain + Andalusia,37.5442706,-4.7277528
Anisakis typica,Western Mediterranean,34.5531284,18.0480105
Gongylonema neoplasticum,Spain + Andalusia,37.5442706,-4.7277528
Gongylonema neoplasticum,Balearic Islands,39.3587759,2.7356328
Gongylonema pulchrum,Spain + Andalusia,37.5442706,-4.7277528
Hadjelia truncata,Spain + Andalusia,37.5442706,-4.7277528
Haemonchus placei,Spain + Andalusia,37.5442706,-4.7277528
Hammerschmidtiella diesingi,Spain + Andalusia,37.5442706,-4.7277528
Heterakis gallinarum,Spain + Andalusia,37.5442706,-4.7277528
Hyostrongylus rubidus,Spain + Andalusia,37.5442706,-4.7277528
Leidynema appendiculata,Spain + Andalusia,37.5442706,-4.7277528
Metastrongylus salmi,Spain + Andalusia,37.5442706,-4.7277528
Teladorsagia circumcincta,Spitzbergen (Svalbard),78.90136,13.4838877
Oesophagostomum columbianum,Spain + Andalusia,37.5442706,-4.7277528
Oesophagostomum dentatum,Spain + Andalusia,37.5442706,-4.7277528
Oesophagostomum radiatum,Spain + Andalusia,37.5442706,-4.7277528
Ornithostrongylus quadriradiatus,Spain + Andalusia,37.5442706,-4.7277528
Dictyocaulus viviparus,Sweden,60.12816100000001,18.643501
Oxyuris equi,Spain + Andalusia,37.5442706,-4.7277528
Paraquimperia tenerrima,Spain + Andalusia,37.5442706,-4.7277528
Parascaris equorum,Spain + Andalusia,37.5442706,-4.7277528
Passalurus ambiguus,Spain + Andalusia,37.5442706,-4.7277528
Physocephalus sexalatus,Spain + Andalusia,37.5442706,-4.7277528
Porrocaecum ensicaudatum,Spain + Andalusia,37.5442706,-4.7277528
Proleptus obtusus,Western Iberian coast,40.4830106,-4.087557299999999
Proleptus obtusus,Western Mediterranean,34.5531284,18.0480105
Protospirura numidica,Spain + Andalusia,37.5442706,-4.7277528
Rhabdochona denudata,Spain + Andalusia,37.5442706,-4.7277528
Rhabdochona gnedini,Spain + Andalusia,37.5442706,-4.7277528
Seuratum cadarachense,Spain + Andalusia,37.5442706,-4.7277528
Sicarius dipterum,Spain + Andalusia,37.5442706,-4.7277528
Simondsia paradoxa,Spain + Andalusia,37.5442706,-4.7277528
Spirura rytipleurites,Spain + Andalusia,37.5442706,-4.7277528
Stephanurus dentatus,Spain + Andalusia,37.5442706,-4.7277528
Strongylus edentatus,Spain + Andalusia,37.5442706,-4.7277528
Strongylus equinus,Spain + Andalusia,37.5442706,-4.7277528
Strongylus vulgaris,Spain + Andalusia,37.5442706,-4.7277528
Syphacia muris,Balearic Islands,39.3587759,2.7356328
Anguillicola crassus,Eire + N. Ireland,54.7877149,-6.4923145
Ascaris lumbricoides,Hawaiian Islands,19.8967662,-155.5827818
Baylisascaris tasmaniensis,Australia,-25.274398,133.775136
Trichostrongylus tenuis,Spain + Andalusia,37.5442706,-4.7277528
Trichuris trichiura,Canary Islands,28.2915637,-16.6291304
Trichuris trichiura,Spain + Andalusia,37.5442706,-4.7277528
Trichuris vulpis,Canary Islands,28.2915637,-16.6291304
Triodontophorus tenuicollis,Spain + Andalusia,37.5442706,-4.7277528
Teladorsagia circumcincta,Iceland,64.963051,-19.020835
Nematodirus filicollis,Iceland,64.963051,-19.020835
Nematodirus spathiger,Iceland,64.963051,-19.020835
Chabertia ovina,Iceland,64.963051,-19.020835
Oesophagostomum venulosum,Iceland,64.963051,-19.020835
Trichuris ovis,Iceland,64.963051,-19.020835
Muellerius capillaris,Iceland,64.963051,-19.020835
Salvelinema salmonicola,British Columbia,53.7266683,-127.6476205
Toxocara vitulorum,Lithuania,55.169438,23.881275
Oxyuris equi,Lithuania,55.169438,23.881275
Parascaris equorum,Lithuania,55.169438,23.881275
Trichuris suis,Lithuania,55.169438,23.881275
Aspiculuris tetraptera,Iceland,64.963051,-19.020835
Syphacia obvelata,Iceland,64.963051,-19.020835
Heligmosomoides polygyrus,Iceland,64.963051,-19.020835
Trichuris muris,Iceland,64.963051,-19.020835
Eucoleus aerophilus,Nearctic,53.569001,-113.571487
Cystidicola farionis,Western coast of British Isles,56.41323389999999,-5.472362899999999
Hystrichis tricolor,Uzbekistan,41.377491,64.585262
Oswaldocruzia filiformis,Uzbekistan,41.377491,64.585262
Oesophagostomum bifurcum,Ethiopian Region,9.145000000000001,40.489673
Haemonchus contortus,Neotropical,28.9337826,-95.30845339999999
Trichostrongylus axei,Ethiopian Region,9.145000000000001,40.489673
Trichostrongylus axei,Neotropical,28.9337826,-95.30845339999999
Trichostrongylus colubriformis,Nearctic,53.569001,-113.571487
Trichostrongylus vitrinus,Neotropical,28.9337826,-95.30845339999999
Comephoronema oschmarini,France,46.227638,2.213749
Anisakis simplex,Nearctic,53.569001,-113.571487
Baylisascaris procyonis,Nearctic,53.569001,-113.571487
Lagochilascaris minor,Neotropical,28.9337826,-95.30845339999999
Gongylonema pulchrum,Nearctic,53.569001,-113.571487
Cosmocephalus obvelatus,North Sea,56.511018,3.515625
Heterakis spumosa,Egypt,26.820553,30.802498
Gongylonema neoplasticum,Egypt,26.820553,30.802498
Leidynema appendiculata,Cuba,21.521757,-77.781167
Cyrnea colini,United States,37.09024,-95.712891
Dispharynx nasuta,United States,37.09024,-95.712891
Pseudocapillaria tomentosa,Iran,32.427908,53.688046
Toxocara cati,Egypt,26.820553,30.802498
Capillaria gracilis,North Sea,56.511018,3.515625
Anisakis brevispiculata,NW African coast,-8.783195,34.508523
Anisakis pegreffii,Western Mediterranean,34.5531284,18.0480105
Anisakis pegreffii,NW African coast,-8.783195,34.508523
Anisakis ziphidarum,NW African coast,-8.783195,34.508523
Oxyuris equi,Mexico,23.634501,-102.552784
Passalurus ambiguus,Mexico,23.634501,-102.552784
Syphacia obvelata,Mexico,23.634501,-102.552784
Dichelyne cotylophora,Lake Michigan,43.4501005,-87.22201869999999
Eustrongylides tubifex,Lake Michigan,43.4501005,-87.22201869999999
Dichelyne cotylophora,Great Lakes,45.0522366,-82.4846115
Eustrongylides tubifex,Great Lakes,45.0522366,-82.4846115
Philometra cylindracea,Great Lakes,45.0522366,-82.4846115
Raphidascaris acus,Great Lakes,45.0522366,-82.4846115
Spinitectus carolini,Great Lakes,45.0522366,-82.4846115
Physaloptera maxillaris,Mexico,23.634501,-102.552784
Physaloptera praeputialis,Mexico,23.634501,-102.552784
Turgida turgida,Guatemala,15.783471,-90.23075899999999
Turgida turgida,Mexico,23.634501,-102.552784
Strongylus equinus,Mexico,23.634501,-102.552784
Strongylus vulgaris,Mexico,23.634501,-102.552784
Oxyspirura mansoni,Mexico,23.634501,-102.552784
Obeliscoides cuniculi,Mexico,23.634501,-102.552784
Trichuris muris,Mexico,23.634501,-102.552784
Raphidascaris acus,Germany,51.165691,10.451526
Eucoleus contortus,Florida,27.6648274,-81.5157535
Contracaecum rudolphii,Florida,27.6648274,-81.5157535
Contracaecum microcephalum,Transvaal,-23.59,29.13
Contracaecum rudolphii,Transvaal,-23.59,29.13
Goezia ascaroides,Northeast Atlantic,39.370134,-77.40677199999999
Raphidascaris acus,Northeast Atlantic,39.370134,-77.40677199999999
Dichelyne minutus,Northeast Atlantic,39.370134,-77.40677199999999
Cosmocephalus obvelatus,Northeast Atlantic,39.370134,-77.40677199999999
Anguillicola crassus,Northeast Atlantic,39.370134,-77.40677199999999
Camallanus lacustris,Northeast Atlantic,39.370134,-77.40677199999999
Camallanus truncatus,Northeast Atlantic,39.370134,-77.40677199999999
Ascarophis arctica,Northeast Atlantic,39.370134,-77.40677199999999
Cystidicola farionis,Northeast Atlantic,39.370134,-77.40677199999999
Capillaria gracilis,Northeast Atlantic,39.370134,-77.40677199999999
Toxocara canis,Peru,-9.189967,-75.015152
Protostrongylus boughtoni,Yukon,64.2823274,-135
Baylisascaris procyonis,California,36.778261,-119.4179324
Amidostomum acutum,Uzbekistan,41.377491,64.585262
Amidostomum fulicae,Uzbekistan,41.377491,64.585262
Epomidiostomum uncinatum,Uzbekistan,41.377491,64.585262
Contracaecum rudolphii,Uzbekistan,41.377491,64.585262
Acuaria gruveli,Uzbekistan,41.377491,64.585262
Toxocara vitulorum,Uganda,1.373333,32.290275
Anguillicola crassus,District of Columbia/Delaware/New Jersey/Maryland,39.0457549,-76.64127119999999
Ascaris lumbricoides,Morocco,31.791702,-7.092619999999999
Enterobius vermicularis,Morocco,31.791702,-7.092619999999999
Trichuris trichiura,Morocco,31.791702,-7.092619999999999
Trichuris trichiura,Austria,47.516231,14.550072
Trichuris trichiura,France,46.227638,2.213749
Trichuris trichiura,Germany,51.165691,10.451526
Trichuris trichiura,Denmark,56.26392,9.501785
Ascaris lumbricoides,Austria,47.516231,14.550072
Dictyocaulus filaria,Armenia,40.069099,45.038189
Muellerius capillaris,Armenia,40.069099,45.038189
Syphacia obvelata,Russia (Asian),61.52401,105.318756
Crenosoma vulpis,Sweden,60.12816100000001,18.643501
Graphidium strigosum,Sweden,60.12816100000001,18.643501
Libyostrongylus douglassii,Sweden,60.12816100000001,18.643501
Syphacia obvelata,Sweden,60.12816100000001,18.643501
Trichostrongylus retortaeformis,Sweden,60.12816100000001,18.643501
Cosmocephalus obvelatus,Western Mediterranean,34.5531284,18.0480105
Eucoleus contortus,Western Mediterranean,34.5531284,18.0480105
Ascaris suum,Kansas,39.011902,-98.4842465
Trichuris suis,Kansas,39.011902,-98.4842465
Cystidicola farionis,Baltic Sea,58.48795200000001,19.863281
Anisakis simplex,Belgium + Luxembourg,50.0546886,5.467698299999999
Stephanurus dentatus,Taiwan,23.69781,120.960515
Chabertia ovina,Sweden,60.12816100000001,18.643501
Cooperia curticei,Sweden,60.12816100000001,18.643501
Nematodirus filicollis,Sweden,60.12816100000001,18.643501
Ostertagia ostertagi,Sweden,60.12816100000001,18.643501
Trichostrongylus colubriformis,Sweden,60.12816100000001,18.643501
Trichostrongylus vitrinus,Sweden,60.12816100000001,18.643501
Trichuris ovis,Sweden,60.12816100000001,18.643501
Varestrongylus capreoli,Sweden,60.12816100000001,18.643501
Echinocephalus uncinatus,Mediterranean,34.5531284,18.0480105
Spirocerca lupi,Egypt,26.820553,30.802498
Uncinaria stenocephala,Egypt,26.820553,30.802498
Trichostrongylus colubriformis,Egypt,26.820553,30.802498
Ollulanus tricuspis,Saskatchewan,52.9399159,-106.4508639
Toxocara cati,Saskatchewan,52.9399159,-106.4508639
Crenosoma striatum,Channel Islands,49.4466698,-2.342378
Camallanus oxycephalus,Nearctic,53.569001,-113.571487
Camallanus truncatus,Nearctic,53.569001,-113.571487
Sulcascaris sulcata,Adriatic Sea,41.85509039999999,17.2902839
Teladorsagia circumcincta,Nebraska,41.4925374,-99.9018131
Teladorsagia circumcincta,British Columbia,53.7266683,-127.6476205
Teladorsagia circumcincta,Mississippi,32.3546679,-89.3985283
Cosmocephalus obvelatus,Morocco,31.791702,-7.092619999999999
Trichuris suis,Vietnam,14.058324,108.277199
Camallanus lacustris,Switzerland + Lichtenstein,47.3682887,8.5374552
Ascaridia galli,Thailand,15.870032,100.992541
Haemonchus contortus,Antilles,18.53,-72.33
Haemonchus placei,Burkina Faso,12.238333,-1.561593
Haemonchus placei,Ivory Coast,7.539988999999999,-5.547079999999999
Haemonchus placei,Mexico,23.634501,-102.552784
Haemonchus placei,Nearctic,53.569001,-113.571487
Haemonchus placei,Neotropical,28.9337826,-95.30845339999999
Haemonchus placei,Ethiopian Region,9.145000000000001,40.489673
Pseudocapillaria tomentosa,Germany,51.165691,10.451526
Muellerius capillaris,Yugoslavia,37.09024,-95.712891
Neostrongylus linearis,Yugoslavia,37.09024,-95.712891
Cystocaulus ocreatus,Yugoslavia,37.09024,-95.712891
Dictyocaulus filaria,Yugoslavia,37.09024,-95.712891
Camallanus cotti,Germany,51.165691,10.451526
Anisakis simplex,Germany,51.165691,10.451526
Paraquimperia tenerrima,France,46.227638,2.213749
Paraquimperia tenerrima,Germany,51.165691,10.451526
Ascaris lumbricoides,Louisiana,30.9842977,-91.96233269999999
Baylisascaris procyonis,Louisiana,30.9842977,-91.96233269999999
Baylisascaris transfuga,West Virginia,38.5976262,-80.4549026
Parascaris equorum,Louisiana,30.9842977,-91.96233269999999
Toxascaris leonina,South Dakota,43.9695148,-99.9018131
Trichuris vulpis,Colorado,39.5500507,-105.7820674
Uncinaria stenocephala,Colorado,39.5500507,-105.7820674
Heligmosomoides polygyrus,Switzerland + Lichtenstein,47.3682887,8.5374552
Aspiculuris tetraptera,Switzerland + Lichtenstein,47.3682887,8.5374552
Trichuris muris,Switzerland + Lichtenstein,47.3682887,8.5374552
Metastrongylus salmi,Ghana,7.946527,-1.023194
Physocephalus sexalatus,Ghana,7.946527,-1.023194
Hyostrongylus rubidus,Ghana,7.946527,-1.023194
Trichuris suis,Ghana,7.946527,-1.023194
Ascaris suum,Ghana,7.946527,-1.023194
Ascarops strongylina,Ghana,7.946527,-1.023194
Oesophagostomum dentatum,Ghana,7.946527,-1.023194
Oesophagostomum quadrispinulatum,Ghana,7.946527,-1.023194
Pseudoterranova decipiens,California,36.778261,-119.4179324
Anguillicola crassus,Norway,60.47202399999999,8.468945999999999
Brevimulticaecum tenuicolle,Arkansas,35.20105,-91.8318334
Serpinema trispinosum,Louisiana,30.9842977,-91.96233269999999
Serpinema trispinosum,Arkansas,35.20105,-91.8318334
Trichuris vulpis,Byelorussia,53.709807,27.953389
Uncinaria stenocephala,Byelorussia,53.709807,27.953389
Crenosoma vulpis,Byelorussia,53.709807,27.953389
Toxascaris leonina,Byelorussia,53.709807,27.953389
Toxocara canis,Byelorussia,53.709807,27.953389
Haemonchus contortus,California,36.778261,-119.4179324
Ascaris lumbricoides,Australia,-25.274398,133.775136
Ophidascaris moreliae,New South Wales,-31.2532183,146.921099
Ophidascaris pyrrhus,Victoria,-37.01,144.75
Ophidascaris pyrrhus,South Australia,-30.0002315,136.2091547
Polydelphis anoura,Australia,-25.274398,133.775136
Polydelphis anoura,New South Wales,-31.2532183,146.921099
Angiostrongylus costaricensis,Germany,51.165691,10.451526
Cylicocyclus nassatus,"England, Wales + Isle of Man",54.236107,-4.548056
Abbreviata antarctica,South Australia,-30.0002315,136.2091547
Abbreviata antarctica,New South Wales,-31.2532183,146.921099
Abbreviata antarctica,Victoria,-37.01,144.75
Trichostrongylus retortaeformis,Quebec,52.9399159,-73.5491361
Anisakis pegreffii,Tyrrhenian Sea,40.0769862,11.3431058
Anisakis physeteris,Tyrrhenian Sea,40.0769862,11.3431058
Trichostrongylus axei,Chile,-35.675147,-71.542969
Parascaris equorum,Chile,-35.675147,-71.542969
Oxyuris equi,Chile,-35.675147,-71.542969
Strongylus equinus,Chile,-35.675147,-71.542969
Strongylus vulgaris,Chile,-35.675147,-71.542969
Strongylus edentatus,Chile,-35.675147,-71.542969
Triodontophorus tenuicollis,Chile,-35.675147,-71.542969
Cylicostephanus longibursatus,Chile,-35.675147,-71.542969
Haemonchus placei,Chile,-35.675147,-71.542969
Haemonchus contortus,Chile,-35.675147,-71.542969
Ostertagia ostertagi,Chile,-35.675147,-71.542969
Trichostrongylus vitrinus,Chile,-35.675147,-71.542969
Cooperia oncophora,Chile,-35.675147,-71.542969
Cooperia curticei,Chile,-35.675147,-71.542969
Cooperia pectinata,Chile,-35.675147,-71.542969
Nematodirus spathiger,Chile,-35.675147,-71.542969
Chabertia ovina,Chile,-35.675147,-71.542969
Oesophagostomum radiatum,Chile,-35.675147,-71.542969
Trichuris ovis,Chile,-35.675147,-71.542969
Dictyocaulus viviparus,Chile,-35.675147,-71.542969
Trichostrongylus vitrinus,Egypt,26.820553,30.802498
Trichostrongylus colubriformis,Chile,-35.675147,-71.542969
Nematodirus filicollis,Chile,-35.675147,-71.542969
Skrjabinema ovis,Chile,-35.675147,-71.542969
Oesophagostomum venulosum,Chile,-35.675147,-71.542969
Oesophagostomum columbianum,Chile,-35.675147,-71.542969
Dictyocaulus filaria,Chile,-35.675147,-71.542969
Muellerius capillaris,Chile,-35.675147,-71.542969
Ascarops strongylina,Chile,-35.675147,-71.542969
Physocephalus sexalatus,Chile,-35.675147,-71.542969
Hyostrongylus rubidus,Chile,-35.675147,-71.542969
Ascaris suum,Chile,-35.675147,-71.542969
Oesophagostomum dentatum,Chile,-35.675147,-71.542969
Trichuris suis,Chile,-35.675147,-71.542969
Stephanurus dentatus,Chile,-35.675147,-71.542969
Metastrongylus apri,Chile,-35.675147,-71.542969
Metastrongylus salmi,Chile,-35.675147,-71.542969
Toxascaris leonina,Chile,-35.675147,-71.542969
Uncinaria stenocephala,Chile,-35.675147,-71.542969
Trichuris vulpis,Chile,-35.675147,-71.542969
Ollulanus tricuspis,Chile,-35.675147,-71.542969
Aelurostrongylus abstrusus,Chile,-35.675147,-71.542969
Trichostrongylus retortaeformis,Chile,-35.675147,-71.542969
Passalurus ambiguus,Chile,-35.675147,-71.542969
Ascaridia galli,Chile,-35.675147,-71.542969
Heterakis gallinarum,Chile,-35.675147,-71.542969
Trichostrongylus tenuis,Chile,-35.675147,-71.542969
Ascaridia columbae,Chile,-35.675147,-71.542969
Gongylonema ingluvicola,Chile,-35.675147,-71.542969
Cyathostomum catinatum,Egypt,26.820553,30.802498
Ascarops strongylina,Byelorussia,53.709807,27.953389
Oswaldocruzia filiformis,Byelorussia,53.709807,27.953389
Physocephalus sexalatus,Byelorussia,53.709807,27.953389
Cucullanus heterochrous,"England, Wales + Isle of Man",54.236107,-4.548056
Nematodiroides zembrae,Spain + Andalusia,37.5442706,-4.7277528
Protospirura muricola,Egypt,26.820553,30.802498
Mastophorus muris,Egypt,26.820553,30.802498
Echinocephalus pseudouncinatus,Mexico,23.634501,-102.552784
Trichuris ovis,Jordan,30.585164,36.238414
Cooperia oncophora,Jordan,30.585164,36.238414
Enterobius vermicularis,Laos,19.85627,102.495496
Toxocara canis,Thailand,15.870032,100.992541
Gnathostoma vietnamicum,Thailand,15.870032,100.992541
Ascarops strongylina,Europe,54.5259614,15.2551187
Physocephalus sexalatus,Europe,54.5259614,15.2551187
Spirocerca lupi,Europe,54.5259614,15.2551187
Anisakis simplex,Russia (Asian),61.52401,105.318756
Pseudoterranova decipiens,Russia (Asian),61.52401,105.318756
Rhabdochona oncorhynchi,Russia (Asian),61.52401,105.318756
Salvelinema salmonicola,Russia (Asian),61.52401,105.318756
Camallanus lacustris,Russia (Asian),61.52401,105.318756
Camallanus cotti,Russia (Asian),61.52401,105.318756
Philonema oncorhynchi,Russia (Asian),61.52401,105.318756
Oswaldocruzia filiformis,Russia (Asian),61.52401,105.318756
Eucoleus contortus,Spain + Andalusia,37.5442706,-4.7277528
Cosmocephalus obvelatus,Spain + Andalusia,37.5442706,-4.7277528
Nematodirus battus,Quebec,52.9399159,-73.5491361
Nematodirus battus,Norway,60.47202399999999,8.468945999999999
Streptocara crassicauda,Russia (Asian),61.52401,105.318756
Toxocara canis,United States,37.09024,-95.712891
Toxocara cati,Yugoslavia,37.09024,-95.712891
Skrjabinocerca prima,Russia (Asian),61.52401,105.318756
Gongylonema ingluvicola,Yugoslavia,37.09024,-95.712891
Oxyspirura mansoni,Germany,51.165691,10.451526
Contracaecum micropapillatum,Italy,41.87194,12.56738
Raphidascaris acus,Adriatic Sea,41.85509039999999,17.2902839
Sulcascaris sulcata,Italy,41.87194,12.56738
Enterobius vermicularis,Ethiopia (incl. Dhibouti),11.59516,43.146473
Ascaris lumbricoides,Malawi,-13.254308,34.301525
Skrjabinoptera phrynosoma,Antilles,18.53,-72.33
Contracaecum microcephalum,Yugoslavia,37.09024,-95.712891
Contracaecum micropapillatum,Egypt,26.820553,30.802498
Dictyocaulus eckerti,Sweden,60.12816100000001,18.643501
Oswaldocruzia filiformis,"Ukraine, incl. Moldavia",48.379433,31.1655799
Trichostrongylus retortaeformis,Canary Islands,28.2915637,-16.6291304
Passalurus ambiguus,Canary Islands,28.2915637,-16.6291304
Rictularia proni,Italy,41.87194,12.56738
Ascaris suum,Eire + N. Ireland,54.7877149,-6.4923145
Muellerius capillaris,District of Columbia/Delaware/New Jersey/Maryland,39.0457549,-76.64127119999999
Rhabdochona ergensi,Russia (European),54.5259614,15.2551187
Rhabdochona phoxini,Russia (European),54.5259614,15.2551187
Rhabdochona denudata,Russia (European),54.5259614,15.2551187
Cystidicola farionis,Russia (European),54.5259614,15.2551187
Cystidicoloides tenuissima,Russia (European),54.5259614,15.2551187
Camallanus lacustris,Russia (European),54.5259614,15.2551187
Camallanus truncatus,Russia (European),54.5259614,15.2551187
Philometra obturans,Russia (European),54.5259614,15.2551187
Philometra rischta,Russia (European),54.5259614,15.2551187
Raphidascaris acus,Russia (European),54.5259614,15.2551187
Dictyocaulus viviparus,Idaho,44.0682019,-114.7420408
Syphacia obvelata,Ethiopia (incl. Dhibouti),11.59516,43.146473
Dictyocaulus eckerti,Yugoslavia,37.09024,-95.712891
Haemonchus contortus,Thailand,15.870032,100.992541
Trichostrongylus colubriformis,Thailand,15.870032,100.992541
Trichostrongylus vitrinus,Iceland,64.963051,-19.020835
Cooperia oncophora,Iceland,64.963051,-19.020835
Ascaridia columbae,Botswana,-22.328474,24.684866
Contracaecum rudolphii,Germany,51.165691,10.451526
Pseudalius inflexus,Germany,51.165691,10.451526
Hedruris androphora,Germany,51.165691,10.451526
Rhabdochona denudata,Italy,41.87194,12.56738
Eustrongylides ignotus,District of Columbia/Delaware/New Jersey/Maryland,39.0457549,-76.64127119999999
Haemonchus placei,Venezuela,6.42375,-66.58973
Baylisascaris procyonis,British Columbia,53.7266683,-127.6476205
Acuaria hamulosa,Ghana,7.946527,-1.023194
Allodapa suctoria,Ghana,7.946527,-1.023194
Ascaridia galli,Ghana,7.946527,-1.023194
Gongylonema ingluvicola,Ghana,7.946527,-1.023194
Heterakis gallinarum,Ghana,7.946527,-1.023194
Trichostrongylus tenuis,Ghana,7.946527,-1.023194
Anisakis simplex,NW African coast,-8.783195,34.508523
Streptocara crassicauda,Lake Baikal,53.5587003,108.1649965
Heligmosomum mixtum,Finno-Karelian ASSR,63.15587019999999,32.9905552
Raphidascaris acus,Wisconsin,43.7844397,-88.7878678
Dichelyne cotylophora,Wisconsin,43.7844397,-88.7878678
Spinitectus gracilis,Wisconsin,43.7844397,-88.7878678
Aplectana macintoshii,Sudan,12.862807,30.217636
Hexametra quadricornis,Malawi,-13.254308,34.301525
Anguillicola crassus,Estonia + Latvia,56.95962400000001,24.1016552
Raphidascaris acus,Estonia + Latvia,56.95962400000001,24.1016552
Camallanus lacustris,Estonia + Latvia,56.95962400000001,24.1016552
Ophidascaris labiatopapillosa,California,36.778261,-119.4179324
Anisakis simplex,Pacific coast of USA,62.4113634,-149.0729714
Heterakis spumosa,Iceland,64.963051,-19.020835
Cooperia pectinata,Vietnam,14.058324,108.277199
Cooperia oncophora,Vietnam,14.058324,108.277199
Trichostrongylus axei,Vietnam,14.058324,108.277199
Trichostrongylus colubriformis,Vietnam,14.058324,108.277199
Cucullanus heterochrous,Denmark,56.26392,9.501785
Cooperia oncophora,Sweden,60.12816100000001,18.643501
Parelaphostrongylus tenuis,Saskatchewan,52.9399159,-106.4508639
Rhabdochona cascadilla,Nearctic,53.569001,-113.571487
Spinitectus carolini,Nearctic,53.569001,-113.571487
Heterakis gallinarum,"England, Wales + Isle of Man",54.236107,-4.548056
Pseudoterranova cattani,Chilean coast,-32.98,-71.00999999999999
Cylicocyclus nassatus,Australia,-25.274398,133.775136
Strongylus edentatus,Australia,-25.274398,133.775136
Strongylus edentatus,United States,37.09024,-95.712891
Strongylus equinus,United States,37.09024,-95.712891
Strongylus vulgaris,Australia,-25.274398,133.775136
Strongylus vulgaris,United States,37.09024,-95.712891
Philonema sibirica,Yakut ASSR,66.7613451,124.123753
Raphidascaris acus,Yakut ASSR,66.7613451,124.123753
Cystidicola farionis,Yakut ASSR,66.7613451,124.123753
Passalurus ambiguus,Byelorussia,53.709807,27.953389
Trichostrongylus colubriformis,Byelorussia,53.709807,27.953389
Trichostrongylus retortaeformis,Byelorussia,53.709807,27.953389
Anisakis simplex,Denmark,56.26392,9.501785
Pseudocapillaria tomentosa,Mexico,23.634501,-102.552784
Oesophagostomum columbianum,Ethiopia (incl. Dhibouti),11.59516,43.146473
Trichuris skrjabini,Ethiopia (incl. Dhibouti),11.59516,43.146473
Dictyocaulus filaria,Kashmir + Jammu,32.7266016,74.8570259
Anisakis brevispiculata,Western Iberian coast,40.4830106,-4.087557299999999
Cylicostephanus longibursatus,"England, Wales + Isle of Man",54.236107,-4.548056
Cyathostomum catinatum,"England, Wales + Isle of Man",54.236107,-4.548056
Rhabdochona ergensi,Finno-Karelian ASSR,63.15587019999999,32.9905552
Philonema sibirica,Finno-Karelian ASSR,63.15587019999999,32.9905552
Philometroides sanguinea,Finno-Karelian ASSR,63.15587019999999,32.9905552
Eustrongylides excisus,Finno-Karelian ASSR,63.15587019999999,32.9905552
Serpinema trispinosum,Nicaragua,12.865416,-85.207229
Trichuris ovis,Papua New Guinea,-6.314992999999999,143.95555
Trichuris skrjabini,Papua New Guinea,-6.314992999999999,143.95555
Anguillicola crassus,Adriatic Sea,41.85509039999999,17.2902839
Cosmocephalus obvelatus,Adriatic Sea,41.85509039999999,17.2902839
Baruscapillaria obsignata,Italy,41.87194,12.56738
Ornithostrongylus quadriradiatus,Italy,41.87194,12.56738
Neostrongylus linearis,Sardinia,40.1208752,9.012892599999999
Muellerius capillaris,Sardinia,40.1208752,9.012892599999999
Cystocaulus ocreatus,Sardinia,40.1208752,9.012892599999999
Dictyocaulus filaria,Sardinia,40.1208752,9.012892599999999
Aelurostrongylus falciformis,Italy,41.87194,12.56738
Anisakis ziphidarum,Mediterranean,34.5531284,18.0480105
Anisakis brevispiculata,Mediterranean,34.5531284,18.0480105
Anisakis simplex,Italy,41.87194,12.56738
Anisakis pegreffii,Italy,41.87194,12.56738
Sterliadochona ephemeridarum,North Carolina,35.7595731,-79.01929969999999
Eucoleus aerophilus,European USSR (CIS),54.5259614,15.2551187
Rhabdochona kidderi,Central America,12.7690126,-85.60236429999999
Serpinema trispinosum,Central America,12.7690126,-85.60236429999999
Trichostrongylus retortaeformis,Australia,-25.274398,133.775136
Toxocara pteropodis,Florida,27.6648274,-81.5157535
Gallegostrongylus australis,New South Wales,-31.2532183,146.921099
Trichuris trichiura,Rwanda,-1.940278,29.873888
Aonchotheca bovis,United States,37.09024,-95.712891
Pearsonema plica,Europe,54.5259614,15.2551187
Gongylonema pulchrum,Costa Rica,9.748916999999999,-83.753428
Parelaphostrongylus tenuis,Costa Rica,9.748916999999999,-83.753428
Rhabdochona kidderi,Nicaragua,12.865416,-85.207229
Rhabdochona canadensis,Mexico,23.634501,-102.552784
Syphacia muris,Vietnam,14.058324,108.277199
Gongylonema neoplasticum,Vietnam,14.058324,108.277199
Cosmocephalus obvelatus,Egypt,26.820553,30.802498
Cosmocephalus obvelatus,Canada,56.130366,-106.346771
Cosmocephalus obvelatus,New Zealand,-40.900557,174.885971
Contracaecum rudolphii,Spain + Andalusia,37.5442706,-4.7277528
Dictyocaulus viviparus,Uzbekistan,41.377491,64.585262
Trichostrongylus colubriformis,Uzbekistan,41.377491,64.585262
Teladorsagia circumcincta,Uzbekistan,41.377491,64.585262
Baylisascaris devosi,Byelorussia,53.709807,27.953389
Cylicocyclus nassatus,Europe,54.5259614,15.2551187
Trichostrongylus axei,Bangladesh,23.684994,90.356331
Toxocara cati,Mongolia,46.862496,103.846656
Trichuris vulpis,Tunisia,33.886917,9.537499
Cosmocephalus obvelatus,"Ukraine, incl. Moldavia",48.379433,31.1655799
Trichostrongylus retortaeformis,Yakut ASSR,66.7613451,124.123753
Spirura malayensis,Malaya,3.17,101.7
Spirura rytipleurites,Europe,54.5259614,15.2551187
Spirura rytipleurites,Morocco,31.791702,-7.092619999999999
Spirura talpae,Europe,54.5259614,15.2551187
Philometra ovata,Yugoslavia,37.09024,-95.712891
Philometroides cyprini,Yugoslavia,37.09024,-95.712891
Toxocara canis,"Ukraine, incl. Moldavia",48.379433,31.1655799
Toxascaris leonina,"Ukraine, incl. Moldavia",48.379433,31.1655799
Cyathostomum catinatum,"Ukraine, incl. Moldavia",48.379433,31.1655799
Cylicocyclus nassatus,Kazakstan,48.019573,66.923684
Cylicostephanus longibursatus,Kazakstan,48.019573,66.923684
Capillaria gracilis,Western Iberian coast,40.4830106,-4.087557299999999
Nematodirus battus,Sweden,60.12816100000001,18.643501
Cyrnea colini,Kansas,39.011902,-98.4842465
Varestrongylus capreoli,Germany,51.165691,10.451526
Heterakis spumosa,Nepal,28.394857,84.12400799999999
Rictularia cristata,Nepal,28.394857,84.12400799999999
Amidostomum anseris,Japan,36.204824,138.252924
Dictyocaulus viviparus,Iran,32.427908,53.688046
Elaphostrongylus cervi,Spain + Andalusia,37.5442706,-4.7277528
Uncinaria stenocephala,Mexico,23.634501,-102.552784
Spirocerca lupi,Mexico,23.634501,-102.552784
Trichuris vulpis,Mexico,23.634501,-102.552784
Serratospiculum tendo,Southwest Europe,41.2745004,-1.2121322
Varestrongylus sagittatus,Spain + Andalusia,37.5442706,-4.7277528
Eucoleus contortus,Japan,36.204824,138.252924
Oesophagostomum columbianum,Mexico,23.634501,-102.552784
Turgida turgida,California,36.778261,-119.4179324
Anisakis simplex,Pacific coast of Indonesia,-0.789275,113.921327
Skrjabinoptera phrynosoma,Cuba,21.521757,-77.781167
Ascaridia galli,Germany,51.165691,10.451526
Cyathostomum catinatum,Louisiana,30.9842977,-91.96233269999999
Cylicocyclus nassatus,Louisiana,30.9842977,-91.96233269999999
Cylicostephanus longibursatus,Louisiana,30.9842977,-91.96233269999999
Oxyuris equi,Louisiana,30.9842977,-91.96233269999999
Raphidascaris acus,Atlantic Ocean,-14.5994134,-28.6731465
Ascarophis arctica,Atlantic Ocean,-14.5994134,-28.6731465
Ascarophis filiformis,Atlantic Ocean,-14.5994134,-28.6731465
Capillaria gracilis,Atlantic Ocean,-14.5994134,-28.6731465
Cucullanus heterochrous,Atlantic Ocean,-14.5994134,-28.6731465
Toxascaris leonina,Switzerland + Lichtenstein,47.3682887,8.5374552
Aelurostrongylus abstrusus,Switzerland + Lichtenstein,47.3682887,8.5374552
Oxyuris equi,France,46.227638,2.213749
Parascaris equorum,France,46.227638,2.213749
Philometra obturans,Finland,61.92410999999999,25.7481511
Libyostrongylus douglassii,Scotland,56.49067119999999,-4.2026458
Ascaris suum,Botswana,-22.328474,24.684866
Trichuris suis,Botswana,-22.328474,24.684866
Anisakis simplex,Aegean Sea,39.019184,25.268555
Toxascaris leonina,Vietnam,14.058324,108.277199
Physaloptera praeputialis,Sudan,12.862807,30.217636
Toxocara cati,Sudan,12.862807,30.217636
Ascaridia galli,Botswana,-22.328474,24.684866
Heterakis gallinarum,Botswana,-22.328474,24.684866
Trichuris trichiura,Taiwan,23.69781,120.960515
Trichuris vulpis,Iceland,64.963051,-19.020835
Dictyocaulus eckerti,New Zealand,-40.900557,174.885971
Oesophagostomum venulosum,Byelorussia,53.709807,27.953389
Chabertia ovina,Byelorussia,53.709807,27.953389
Contracaecum microcephalum,Black Sea,43.41302899999999,34.299316
Echinocephalus sinensis,Black Sea,43.41302899999999,34.299316
Skrjabinema ovis,Argentina,-38.416097,-63.61667199999999
Anisakis typica,Off Azores/Canary/Cape Verde Isles,28.2915637,-16.6291304
Anisakis simplex,Off Azores/Canary/Cape Verde Isles,28.2915637,-16.6291304
Anisakis pegreffii,Off Azores/Canary/Cape Verde Isles,28.2915637,-16.6291304
Anisakis ziphidarum,Off Azores/Canary/Cape Verde Isles,28.2915637,-16.6291304
Nematodirus helvetianus,Quebec,52.9399159,-73.5491361
Varestrongylus capreoli,France,46.227638,2.213749
Gongylonema soricis,Byelorussia,53.709807,27.953389
Aonchotheca putorii,Byelorussia,53.709807,27.953389
Eucoleus aerophilus,Byelorussia,53.709807,27.953389
Pearsonema mucronata,Byelorussia,53.709807,27.953389
Spirura talpae,Byelorussia,53.709807,27.953389
Gongylonema neoplasticum,Iran,32.427908,53.688046
Heterakis spumosa,Iran,32.427908,53.688046
Trichosomoides crassicauda,Iran,32.427908,53.688046
Amidostomum anseris,Iran,32.427908,53.688046
Hystrichis tricolor,Iran,32.427908,53.688046
Ascaridia galli,Iran,32.427908,53.688046
Capillaria anatis,Iran,32.427908,53.688046
Heterakis gallinarum,Iran,32.427908,53.688046
Trichostrongylus tenuis,Iran,32.427908,53.688046
Camallanus oxycephalus,Mexico,23.634501,-102.552784
Trichuris vulpis,Denmark,56.26392,9.501785
Aplectana macintoshii,Kuwait,29.31166,47.481766
Raphidascaris acus,Russia (Asian),61.52401,105.318756
Rhabdochona coronacauda,Russia (Asian),61.52401,105.318756
Ostertagia ostertagi,Pakistan,30.375321,69.34511599999999
Dispharynx nasuta,"Ukraine, incl. Moldavia",48.379433,31.1655799
Streptocara crassicauda,"Ukraine, incl. Moldavia",48.379433,31.1655799
Desportesius brevicaudatus,"Ukraine, incl. Moldavia",48.379433,31.1655799
Echinuria uncinata,"Ukraine, incl. Moldavia",48.379433,31.1655799
Acuaria anthuris,"Ukraine, incl. Moldavia",48.379433,31.1655799
Acuaria subula,"Ukraine, incl. Moldavia",48.379433,31.1655799
Cucullanus cirratus,South China Sea,15.488092,114.404754
Anguillicola crassus,East China Sea/ Yellow Sea,35.4942771,123.7964613
Anguillicola globiceps,East China Sea/ Yellow Sea,35.4942771,123.7964613
Haemonchus placei,United States,37.09024,-95.712891
Cooperia oncophora,United States,37.09024,-95.712891
Nematodirus abnormalis,United States,37.09024,-95.712891
Nematodirus filicollis,United States,37.09024,-95.712891
Nematodirus spathiger,United States,37.09024,-95.712891
Trichostrongylus colubriformis,United States,37.09024,-95.712891
Oesophagostomum venulosum,United States,37.09024,-95.712891
Nematodirus helvetianus,United States,37.09024,-95.712891
Chabertia ovina,United States,37.09024,-95.712891
Oesophagostomum radiatum,United States,37.09024,-95.712891
Raphidascaris gigi,Japan,36.204824,138.252924
Cucullanus heterochrous,Spain + Andalusia,37.5442706,-4.7277528
Spinitectus inermis,Spain + Andalusia,37.5442706,-4.7277528
Trichostrongylus vitrinus,United States,37.09024,-95.712891
Cooperia curticei,United States,37.09024,-95.712891
Parelaphostrongylus tenuis,Pennsylvania,41.2033216,-77.1945247
Parelaphostrongylus tenuis,Nova Scotia,44.68198659999999,-63.744311
Spinitectus gracilis,Kansas,39.011902,-98.4842465
Spinitectus gracilis,South Dakota,43.9695148,-99.9018131
Ophidascaris labiatopapillosa,Arizona,34.0489281,-111.0937311
Ascarops strongylina,Arizona,34.0489281,-111.0937311
Passalurus ambiguus,Scotland,56.49067119999999,-4.2026458
Cosmocephalus obvelatus,Baltic Sea,58.48795200000001,19.863281
Toxocara canis,Orange Free State,-28.4541105,26.7967849
Toxascaris leonina,Orange Free State,-28.4541105,26.7967849
Spirocerca lupi,Orange Free State,-28.4541105,26.7967849
Camallanus cotti,Norway,60.47202399999999,8.468945999999999
Pearsonema plica,Byelorussia,53.709807,27.953389
Aspiculuris tetraptera,Byelorussia,53.709807,27.953389
Mastophorus muris,Byelorussia,53.709807,27.953389
Heligmosomoides polygyrus,Byelorussia,53.709807,27.953389
Rictularia cristata,Byelorussia,53.709807,27.953389
Toxocara vitulorum,Indian Region,22,79
Contracaecum microcephalum,Kazakstan,48.019573,66.923684
Contracaecum micropapillatum,Kazakstan,48.019573,66.923684
Anisakis simplex,District of Columbia/Delaware/New Jersey/Maryland,39.0457549,-76.64127119999999
Raphidascaris acus,Iceland,64.963051,-19.020835
Gongylonema pulchrum,Indian Region,22,79
Uncinaria stenocephala,Australia,-25.274398,133.775136
Nematodiroides zembrae,France,46.227638,2.213749
Truttaedacnitis truttae,Arizona,34.0489281,-111.0937311
Gallegostrongylus australis,Australia,-25.274398,133.775136
Strongylus edentatus,Indian Region,22,79
Heligmosomoides laevis,Byelorussia,53.709807,27.953389
Heligmosomum mixtum,Byelorussia,53.709807,27.953389
Rictularia proni,Byelorussia,53.709807,27.953389
Anisakis simplex,Alaska,64.2008413,-149.4936733
Anisakis simplex,Canada,56.130366,-106.346771
Anisakis simplex,Western Europe,46.2021848,1.2643875
Enterobius vermicularis,Iceland,64.963051,-19.020835
Ascaris suum,Iceland,64.963051,-19.020835
Ascaris lumbricoides,Lithuania,55.169438,23.881275
Ascaris lumbricoides,Estonia + Latvia,56.95962400000001,24.1016552
Trichuris trichiura,Lithuania,55.169438,23.881275
Trichuris trichiura,Estonia + Latvia,56.95962400000001,24.1016552
Enterobius vermicularis,Estonia + Latvia,56.95962400000001,24.1016552
Enterobius vermicularis,Lithuania,55.169438,23.881275
Parascaris equorum,Montana,46.8796822,-110.3625658
Strongylus equinus,Louisiana,30.9842977,-91.96233269999999
Triodontophorus tenuicollis,Louisiana,30.9842977,-91.96233269999999
Trichuris skrjabini,Indian Region,22,79
Pseudoterranova decipiens,Pacific coast of USA,62.4113634,-149.0729714
Enterobius vermicularis,Argentina,-38.416097,-63.61667199999999
Camallanus oxycephalus,Indiana,40.2671941,-86.1349019
Spinitectus carolini,Indiana,40.2671941,-86.1349019
Contracaecum ogmorhini,Pacific coast of USA,62.4113634,-149.0729714
Contracaecum ogmorhini,SE Atlantic Islands,-14.5994134,-28.6731465
Contracaecum ogmorhini,New Zealand coast,-42.6919232,171.3399414
Raphidascaris acus,Aral Sea,45.3963063,59.6134113
Contracaecum microcephalum,Aral Sea,45.3963063,59.6134113
Camallanus truncatus,Aral Sea,45.3963063,59.6134113
Goezia ascaroides,Coast of Bangladesh,21.4275547,91.9789563
Camallanus cotti,Coast of Bangladesh,21.4275547,91.9789563
Camallanus truncatus,Bangladesh,23.684994,90.356331
Paracamallanus sweeti,Bangladesh,23.684994,90.356331
Procamallanus spiculogubernaculus,Bangladesh,23.684994,90.356331
Toxocara cati,Byelorussia,53.709807,27.953389
Dictyocaulus eckerti,Byelorussia,53.709807,27.953389
Trichuris ovis,Byelorussia,53.709807,27.953389
Heterakis spumosa,Malaya,3.17,101.7
Mastophorus muris,Malaya,3.17,101.7
Syphacia muris,Malaya,3.17,101.7
Gongylonema neoplasticum,Malaya,3.17,101.7
Angiostrongylus cantonensis,Malaya,3.17,101.7
Cystidicola farionis,Alberta,53.9332706,-116.5765035
Aelurostrongylus abstrusus,Australia,-25.274398,133.775136
Oslerus osleri,Australia,-25.274398,133.775136
Metastrongylus apri,Australia,-25.274398,133.775136
Metastrongylus pudendotectus,Australia,-25.274398,133.775136
Cystoopsis atractostei,Mexico,23.634501,-102.552784
Anisakis physeteris,Off Azores/Canary/Cape Verde Isles,28.2915637,-16.6291304
Anisakis brevispiculata,Off Azores/Canary/Cape Verde Isles,28.2915637,-16.6291304
Ascaris lumbricoides,French Guiana,3.933889,-53.125782
Trichuris trichiura,French Guiana,3.933889,-53.125782
Enterobius vermicularis,French Guiana,3.933889,-53.125782
Ohbayashinema erbaevae,France,46.227638,2.213749
Trichuris muris,Balearic Islands,39.3587759,2.7356328
Rictularia proni,Balearic Islands,39.3587759,2.7356328
Aspiculuris tetraptera,Balearic Islands,39.3587759,2.7356328
Camallanus lacustris,Germany,51.165691,10.451526
Contracaecum micropapillatum,Florida,27.6648274,-81.5157535
Heligmosomoides polygyrus,Corsica,42.0396042,9.012892599999999
Rictularia proni,Corsica,42.0396042,9.012892599999999
Capillaria anatis,Germany,51.165691,10.451526
Trichuris muris,Eastern & Central Europe,48.66,19.5
Heligmosomoides polygyrus,Eastern & Central Europe,48.66,19.5
Mastophorus muris,Eastern & Central Europe,48.66,19.5
Gongylonema neoplasticum,Eastern & Central Europe,48.66,19.5
Syphacia obvelata,Eastern & Central Europe,48.66,19.5
Amidostomum acutum,Germany,51.165691,10.451526
Amidostomum anseris,Germany,51.165691,10.451526
Cosmocephalus obvelatus,Germany,51.165691,10.451526
Streptocara crassicauda,Germany,51.165691,10.451526
Amidostomum anseris,Florida,27.6648274,-81.5157535
Obeliscoides cuniculi,Italy,41.87194,12.56738
Capillaria anatis,Spain + Andalusia,37.5442706,-4.7277528
Aelurostrongylus abstrusus,New Hampshire/Vermont/Massachusetts/Connecticut/Rhode Is.,43.2509279,-71.9273024
Cosmocephalus obvelatus,Gulf of Mexico,25.304304,-90.065918
Contracaecum micropapillatum,United States,37.09024,-95.712891
Contracaecum rudolphii,Mississippi,32.3546679,-89.3985283
Molineus barbatus,Florida,27.6648274,-81.5157535
Physaloptera rara,Florida,27.6648274,-81.5157535
Spirocerca lupi,Florida,27.6648274,-81.5157535
Camallanus oxycephalus,Canada,56.130366,-106.346771
Cystidicoloides tenuissima,United States,37.09024,-95.712891
Dichelyne cotylophora,Canada,56.130366,-106.346771
Raphidascaris acus,United States,37.09024,-95.712891
Rhabdochona cascadilla,Canada,56.130366,-106.346771
Heterakis spumosa,Balearic Islands,39.3587759,2.7356328
Syphacia obvelata,Balearic Islands,39.3587759,2.7356328
Tetrameres crami,Florida,27.6648274,-81.5157535
Porrocaecum angusticolle,Florida,27.6648274,-81.5157535
Dictyocaulus filaria,Sweden,60.12816100000001,18.643501
Dictyocaulus eckerti,Norway,60.47202399999999,8.468945999999999
Dictyocaulus eckerti,Alaska,64.2008413,-149.4936733
Haemonchus placei,Sweden,60.12816100000001,18.643501
Haemonchus contortus,Sweden,60.12816100000001,18.643501
Physocephalus sexalatus,Florida,27.6648274,-81.5157535
Ascaridia compar,Florida,27.6648274,-81.5157535
Ascaridia galli,Florida,27.6648274,-81.5157535
Tetrameres americana,Florida,27.6648274,-81.5157535
Ascaridia dissimilis,Florida,27.6648274,-81.5157535
Amidostomum fulicae,Florida,27.6648274,-81.5157535
Protospirura muricola,Malawi,-13.254308,34.301525
Ascaridia columbae,Florida,27.6648274,-81.5157535
Ornithostrongylus quadriradiatus,Florida,27.6648274,-81.5157535
Diplotriaena tricuspis,Florida,27.6648274,-81.5157535
Diplotriaena agelaius,Florida,27.6648274,-81.5157535
Contracaecum micropapillatum,Mexico,23.634501,-102.552784
Ascaris lumbricoides,Burma [Myanmar],21.916221,95.955974
Trichuris trichiura,Burma [Myanmar],21.916221,95.955974
Goezia ascaroides,Yugoslavia,37.09024,-95.712891
Angiostrongylus vasorum,Germany,51.165691,10.451526
Haemonchus contortus,Ivory Coast,7.539988999999999,-5.547079999999999
Oesophagostomum dentatum,France,46.227638,2.213749
Ascaris suum,France,46.227638,2.213749
Simondsia paradoxa,France,46.227638,2.213749
Trichuris suis,France,46.227638,2.213749
Parelaphostrongylus tenuis,Manitoba,53.7608608,-98.8138762
Parelaphostrongylus tenuis,North Dakota,47.5514926,-101.0020119
Graphidium strigosum,Madeira,32.76070740000001,-16.9594723
Trichostrongylus retortaeformis,Madeira,32.76070740000001,-16.9594723
Passalurus ambiguus,Madeira,32.76070740000001,-16.9594723
Metastrongylus salmi,California,36.778261,-119.4179324
Muellerius capillaris,California,36.778261,-119.4179324
Parelaphostrongylus odocoilei,California,36.778261,-119.4179324
Otostrongylus circumlitus,California,36.778261,-119.4179324
Didelphostrongylus hayesi,California,36.778261,-119.4179324
Oslerus osleri,California,36.778261,-119.4179324
Parafilaroides decorus,California,36.778261,-119.4179324
Skrjabingylus chitwoodorum,California,36.778261,-119.4179324
Pseudalius inflexus,Pacific coast of USA,62.4113634,-149.0729714
Haemonchus contortus,Iceland,64.963051,-19.020835
Haemonchus contortus,Norway,60.47202399999999,8.468945999999999
Ostertagia ostertagi,Norway,60.47202399999999,8.468945999999999
Trichostrongylus axei,Faroes,61.89263500000001,-6.9118061
Trichostrongylus axei,Norway,60.47202399999999,8.468945999999999
Cooperia curticei,Norway,60.47202399999999,8.468945999999999
Cooperia oncophora,Norway,60.47202399999999,8.468945999999999
Cooperia punctata,"England, Wales + Isle of Man",54.236107,-4.548056
Nematodirus abnormalis,Greenland,71.706936,-42.604303
Nematodirus battus,Faroes,61.89263500000001,-6.9118061
Nematodirus filicollis,Faroes,61.89263500000001,-6.9118061
Nematodirus filicollis,Norway,60.47202399999999,8.468945999999999
Nematodirus helvetianus,Greenland,71.706936,-42.604303
Nematodirus helvetianus,Norway,60.47202399999999,8.468945999999999
Nematodirus spathiger,Greenland,71.706936,-42.604303
Nematodirus spathiger,Norway,60.47202399999999,8.468945999999999
Trichostrongylus colubriformis,Norway,60.47202399999999,8.468945999999999
Trichostrongylus vitrinus,Faroes,61.89263500000001,-6.9118061
Trichostrongylus vitrinus,Norway,60.47202399999999,8.468945999999999
Chabertia ovina,Faroes,61.89263500000001,-6.9118061
Chabertia ovina,Norway,60.47202399999999,8.468945999999999
Oesophagostomum venulosum,Norway,60.47202399999999,8.468945999999999
Oesophagostomum venulosum,Faroes,61.89263500000001,-6.9118061
Skrjabinema ovis,Norway,60.47202399999999,8.468945999999999
Trichuris ovis,Greenland,71.706936,-42.604303
Trichuris ovis,Faroes,61.89263500000001,-6.9118061
Trichuris ovis,Norway,60.47202399999999,8.468945999999999
Trichuris skrjabini,"England, Wales + Isle of Man",54.236107,-4.548056
Libyostrongylus douglassii,Sardinia,40.1208752,9.012892599999999
Nematodirus spathiger,Sardinia,40.1208752,9.012892599999999
Physaloptera praeputialis,Laos,19.85627,102.495496
Toxocara canis,Laos,19.85627,102.495496
Toxocara cati,Laos,19.85627,102.495496
Eucoleus aerophilus,Japan,36.204824,138.252924
Aonchotheca putorii,Japan,36.204824,138.252924
Soboliphyme baturini,Japan,36.204824,138.252924
Pearsonema plica,Japan,36.204824,138.252924
Angiostrongylus cantonensis,Vietnam,14.058324,108.277199
Ascaridia columbae,Pennsylvania,41.2033216,-77.1945247
Ascaridia columbae,Tennessee,35.5174913,-86.5804473
