Parasite.species,Chain.length,Host.habitat,Min.lat,Avg.lat,Max.lat,Min.long,Avg.long,Max.long,parasiteKingdom,parasitePhylum,parasiteClass,parasiteOrder,parasiteFamily,parasiteGenus
Abbreviata antarctica,2,terrestrial,-37.01,-30.884461950000002,-25.274398,133.775136,140.413847425,146.921099,Animalia,Nematoda,Chromadorea,Rhabditida,Physalopteridae,Abbreviata
Abbreviata kazachstanica,3,terrestrial,41.377491,41.377491,41.377491,64.585262,64.585262,64.585262,Animalia,Nematoda,Chromadorea,Rhabditida,Physalopteridae,Abbreviata
Abbreviata turkomanica,2,terrestrial,41.377491,41.377491,41.377491,64.585262,64.585262,64.585262,Animalia,Nematoda,Chromadorea,Rhabditida,Physalopteridae,Abbreviata
Acanthobothrium brevissime,2,marine,25.304304,25.304304,25.304304,-90.065918,-90.065918,-90.065918,Animalia,Platyhelminthes,Cestoda,Onchoproteocephalidea,Onchobothriidae,Acanthobothrium
Acanthobothrium olseni,3,marine,62.4113634,62.4113634,62.4113634,-149.0729714,-149.0729714,-149.0729714,Animalia,Platyhelminthes,Cestoda,Onchoproteocephalidea,Onchobothriidae,Acanthobothrium
Acanthocephalus anguillae,2,freshwater,23.634501,49.81109222272727,63.15587019999999,-102.552784,2.129834368181818,47.576927,Animalia,Acanthocephala,Palaeacanthocephala,Echinorhynchida,Echinorhynchidae,Acanthocephalus
Acanthocephalus anthuris,2,freshwater,37.5442706,39.4968062,41.87194,-4.7277528,9.887979733333333,21.824312,Animalia,Acanthocephala,Palaeacanthocephala,Echinorhynchida,Echinorhynchidae,Acanthocephalus
Acanthocephalus clavula,2,freshwater,-14.5994134,41.3615730875,63.15587019999999,-77.40677199999999,-7.629373487499999,32.9905552,Animalia,Acanthocephala,Palaeacanthocephala,Echinorhynchida,Echinorhynchidae,Acanthocephalus
Acanthocephalus dirus,2,freshwater,23.634501,42.953079463636364,56.130366,-106.346771,-89.14837646363637,-76.64127119999999,Animalia,Acanthocephala,Palaeacanthocephala,Echinorhynchida,Echinorhynchidae,Acanthocephalus
Acanthocephalus lucii,2,freshwater,-14.5994134,48.40717918928571,63.15587019999999,-95.712891,5.987349689285715,34.299316,Animalia,Acanthocephala,Palaeacanthocephala,Echinorhynchida,Echinorhynchidae,Acanthocephalus
Acanthocephalus ranae,2,freshwater,39.0457549,46.80860881666667,60.12816100000001,-76.64127119999999,11.819210800000002,64.585262,Animalia,Acanthocephala,Palaeacanthocephala,Echinorhynchida,Echinorhynchidae,Acanthocephalus
Acanthocephalus tumescens,3,freshwater,-38.416097,-37.045622,-35.675147,-71.542969,-67.5798205,-63.61667199999999,Animalia,Acanthocephala,Palaeacanthocephala,Echinorhynchida,Echinorhynchidae,Acanthocephalus
Acuaria anthuris,2,terrestrial,14.058324,39.67700213636363,52.9399159,-85.323214,28.82727481818182,138.252924,Animalia,Nematoda,Chromadorea,Rhabditida,Acuariidae,Acuaria
Acuaria gruveli,2,terrestrial,33.886917,37.91742815,41.377491,-4.7277528,35.1677753,71.276093,Animalia,Nematoda,Chromadorea,Rhabditida,Acuariidae,Acuaria
Acuaria hamulosa,2,terrestrial,7.946527,33.2352821,46.227638,-102.552784,16.2543984,108.277199,Animalia,Nematoda,Chromadorea,Rhabditida,Acuariidae,Acuaria
Acuaria subula,2,terrestrial,48.379433,48.379433,48.379433,31.1655799,31.1655799,31.1655799,Animalia,Nematoda,Chromadorea,Rhabditida,Acuariidae,Acuaria
Aelurostrongylus abstrusus,3,terrestrial,-35.675147,25.74474129090909,61.92410999999999,-95.712891,-0.8319268090909089,133.775136,Animalia,Nematoda,Chromadorea,Rhabditida,Metastrongylidae,Aelurostrongylus
Aelurostrongylus falciformis,2,terrestrial,41.87194,48.0540235,54.236107,-4.548056,4.0096620000000005,12.56738,Animalia,Nematoda,Chromadorea,Rhabditida,Metastrongylidae,Aelurostrongylus
Aelurostrongylus pridhami,3,terrestrial,37.5442706,44.98304566666667,56.130366,-106.346771,-37.428885333333334,-1.2121322,Animalia,Nematoda,Chromadorea,Rhabditida,Metastrongylidae,Aelurostrongylus
Subulura suctoria,2,terrestrial,7.946527,7.946527,7.946527,-1.023194,-1.023194,-1.023194,Animalia,Nematoda,Chromadorea,Rhabditida,Subuluridae,Subulura
Amidostomum acutum,1,freshwater,26.820553,43.88869903571428,53.7608608,-127.6476205,-22.114866142857142,71.276093,Animalia,Nematoda,Chromadorea,Rhabditida,Amidostomidae,Amidostomum
Amidostomum anseris,1,freshwater,12.862807,40.99707259375,64.963051,-127.6476205,7.898449800000001,138.252924,Animalia,Nematoda,Chromadorea,Rhabditida,Amidostomidae,Amidostomum
Amidostomum fulicae,1,freshwater,14.058324,33.514439714285714,41.87194,-81.5157535,30.5916741,108.277199,Animalia,Nematoda,Chromadorea,Rhabditida,Amidostomidae,Amidostomum
Amirthalingamia macracantha,3,freshwater,-23.59,-5.3635965,12.862807,29.13,29.673817999999997,30.217636,Animalia,Platyhelminthes,Cestoda,Cyclophyllidea,Gryporhynchidae,Amirthalingamia
Amoebotaenia cuneata,2,terrestrial,-2.2179704,27.120281933333334,42.315407,12.56738,79.35421466666666,138.252924,Animalia,Platyhelminthes,Cestoda,Cyclophyllidea,Dilepididae,Amoebotaenia
Amphilina foliacea,2,freshwater,34.5531284,42.04860896666667,54.5259614,-95.712891,7.363909199999999,50.66894500000001,Animalia,Platyhelminthes,Cestoda,Amphilinidea,Amphilinidae,Amphilina
Andersonstrongylus captivensis,1,terrestrial,56.130366,56.130366,56.130366,-106.346771,-106.346771,-106.346771,Animalia,Nematoda,Chromadorea,Rhabditida,Metastrongylidae,Andersonstrongylus
Angiostrongylus cantonensis,3,terrestrial,-25.274398,11.265953586363636,53.569001,-170.477306,-7.6737587045454525,178.065032,Animalia,Nematoda,Chromadorea,Rhabditida,Metastrongylidae,Angiostrongylus
Angiostrongylus costaricensis,2,terrestrial,-1.831239,20.359978444444444,51.165691,-95.30845339999999,-46.26649346666666,138.252924,Animalia,Nematoda,Chromadorea,Rhabditida,Metastrongylidae,Angiostrongylus
Angiostrongylus mackerrasae,2,terrestrial,-25.274398,-25.274398,-25.274398,133.775136,133.775136,133.775136,Animalia,Nematoda,Chromadorea,Rhabditida,Metastrongylidae,Angiostrongylus
Angiostrongylus malaysiensis,2,terrestrial,3.17,19.687412000000002,36.204824,101.7,119.976462,138.252924,Animalia,Nematoda,Chromadorea,Rhabditida,Metastrongylidae,Angiostrongylus
Angiostrongylus schmidti,2,terrestrial,27.6648274,27.6648274,27.6648274,-81.5157535,-81.5157535,-81.5157535,Animalia,Nematoda,Chromadorea,Rhabditida,Metastrongylidae,Angiostrongylus
Angiostrongylus siamensis,2,terrestrial,15.870032,26.037428000000002,36.204824,100.992541,119.62273250000001,138.252924,Animalia,Nematoda,Chromadorea,Rhabditida,Metastrongylidae,Angiostrongylus
Angiostrongylus vasorum,3,terrestrial,23.634501,45.265162000000004,56.26392,-106.346771,-23.358350625,12.56738,Animalia,Nematoda,Chromadorea,Rhabditida,Metastrongylidae,Angiostrongylus
Anguillicola crassus,3,freshwater,23.69781,45.647794545833335,60.47202399999999,-95.712891,12.003150704166668,138.252924,Animalia,Nematoda,Chromadorea,Rhabditida,Anguillicolidae,Anguillicola
Anguillicola globiceps,3,freshwater,23.69781,31.798970366666666,36.204824,120.960515,127.66996676666668,138.252924,Animalia,Nematoda,Chromadorea,Rhabditida,Anguillicolidae,Anguillicola
Anguillicola novaezelandiae,3,freshwater,-37.01,2.430970000000002,41.87194,12.56738,78.658690000000007,144.75,Animalia,Nematoda,Chromadorea,Rhabditida,Anguillicolidae,Anguillicola
Anisakis brevispiculata,4,marine,-8.783195,23.636126925,40.4830106,-16.6291304,7.959961449999999,34.508523,Animalia,Nematoda,Chromadorea,Rhabditida,Anisakidae,Skrjabinisakis
Anisakis pegreffii,4,marine,-42.6919232,17.083913966666668,41.87194,-28.6731465,24.051681888888886,171.3399414,Animalia,Nematoda,Chromadorea,Rhabditida,Anisakidae,Anisakis
Anisakis physeteris,4,marine,-33.137551,24.620758637499996,52.87362299999999,-77.40677199999999,26.957283468750003,149.3658173,Animalia,Nematoda,Chromadorea,Rhabditida,Anisakidae,Skrjabinisakis
Anisakis simplex,4,marine,-42.6919232,37.58167420892857,71.706936,-149.4936733,4.386703239285715,171.3399414,Animalia,Nematoda,Chromadorea,Rhabditida,Anisakidae,Anisakis
Anisakis typica,4,marine,-14.5994134,23.14470797142857,39.370134,-90.065918,-35.94951177142857,18.0480105,Animalia,Nematoda,Chromadorea,Rhabditida,Anisakidae,Anisakis
Anisakis ziphidarum,4,marine,-8.783195,23.534620825,40.0769862,-16.6291304,11.817627224999999,34.508523,Animalia,Nematoda,Chromadorea,Rhabditida,Anisakidae,Anisakis
Anomotaenia constricta,2,terrestrial,28.2915637,32.91791715,37.5442706,-16.6291304,-10.678441600000001,-4.7277528,Animalia,Platyhelminthes,Cestoda,Cyclophyllidea,Dilepididae,Spiniglans
Anoplocephala magna,2,terrestrial,-35.675147,37.435996235714285,54.5259614,-102.552784,-7.012378114285713,108.1649965,Animalia,Platyhelminthes,Cestoda,Cyclophyllidea,Anoplocephalidae,Anoplocephala
Anoplocephala manubriata,2,terrestrial,14.058324,14.058324,14.058324,108.277199,108.277199,108.277199,Animalia,Platyhelminthes,Cestoda,Cyclophyllidea,Anoplocephalidae,Anoplocephala
Anoplocephala perfoliata,2,terrestrial,-37.01,30.802347656,64.963051,-102.552784,18.904445464000002,146.921099,Animalia,Platyhelminthes,Cestoda,Cyclophyllidea,Anoplocephalidae,Anoplocephala
Anoplotaenia dasyuri,2,terrestrial,-25.274398,6.885678449999999,39.0457549,-76.64127119999999,28.566932400000006,133.775136,Animalia,Platyhelminthes,Cestoda,Cyclophyllidea,Taeniidae,Anoplotaenia
Aonchotheca bovis,1,terrestrial,37.09024,37.09024,37.09024,-95.712891,-95.712891,-95.712891,Animalia,Nematoda,Enoplea,Trichinellida,Capillariidae,Aonchotheca
Aonchotheca bursata,2,terrestrial,56.95962400000001,56.95962400000001,56.95962400000001,24.1016552,24.1016552,24.1016552,Animalia,Nematoda,Enoplea,Trichinellida,Capillariidae,Aonchotheca
Aonchotheca caudinflata,2,terrestrial,41.87194,51.33366733333334,56.95962400000001,12.56738,20.183436733333334,24.1016552,Animalia,Nematoda,Enoplea,Trichinellida,Capillariidae,Aonchotheca
Aonchotheca erinacei,2,terrestrial,39.3587759,48.15919995,56.95962400000001,2.7356328,13.418644,24.1016552,Animalia,Nematoda,Enoplea,Trichinellida,Capillariidae,Aonchotheca
Aonchotheca putorii,2,terrestrial,36.204824,41.618435579999996,53.709807,-4.7277528,32.600412160000005,138.252924,Animalia,Nematoda,Enoplea,Trichinellida,Capillariidae,Aonchotheca
Aplectana macintoshii,1,terrestrial,1.373333,24.0195746,37.5442706,-4.7277528,45.7195577,138.252924,Animalia,Nematoda,Chromadorea,Rhabditida,Cosmocercidae,Oxysomatium
Aploparaksis australis,2,terrestrial,-25.274398,-8.700672,7.873053999999999,80.77179699999999,107.2734665,133.775136,Animalia,Platyhelminthes,Cestoda,Cyclophyllidea,Hymenolepididae,Aploparaksis
Aploparaksis birulai,2,terrestrial,48.019573,48.019573,48.019573,66.923684,66.923684,66.923684,Animalia,Platyhelminthes,Cestoda,Cyclophyllidea,Hymenolepididae,Aploparaksis
Aploparaksis brachyphallos,2,terrestrial,46.5653163,53.97728286666666,64.2008413,-149.4936733,-68.50135456666666,10.451526,Animalia,Platyhelminthes,Cestoda,Cyclophyllidea,Hymenolepididae,Aploparaksis
Aploparaksis crassirostris,2,terrestrial,37.5442706,49.138174916666664,63.15587019999999,-66.46191639999999,0.012485116666668331,32.9905552,Animalia,Platyhelminthes,Cestoda,Cyclophyllidea,Hymenolepididae,Aploparaksis
Aploparaksis filum,2,terrestrial,37.09024,39.1438874,41.87194,-95.712891,-10.708768699999998,45.038189,Animalia,Platyhelminthes,Cestoda,Cyclophyllidea,Hymenolepididae,Aploparaksis
Aploparaksis furcigera,2,terrestrial,40.069099,49.16387945,61.52401,-106.346771,22.006448866666666,105.318756,Animalia,Platyhelminthes,Cestoda,Cyclophyllidea,Hymenolepididae,Aploparaksis
Aploparaksis pseudofilum,2,terrestrial,37.5442706,38.547160649999995,39.5500507,-105.7820674,-55.254910100000004,-4.7277528,Animalia,Platyhelminthes,Cestoda,Cyclophyllidea,Hymenolepididae,Aploparaksis
Aploparaksis rissae,2,terrestrial,37.09024,50.64554065,64.2008413,-149.4936733,-122.60328215000001,-95.712891,Animalia,Platyhelminthes,Cestoda,Cyclophyllidea,Hymenolepididae,Aploparaksis
Aporhynchus norvegicus,3,marine,39.370134,54.12374385,68.8773537,-77.40677199999999,-37.13355599999999,3.13966,Animalia,Platyhelminthes,Cestoda,Trypanorhyncha,Aporhynchidae,Aporhynchus
Archigetes sieboldi,2,freshwater,36.204824,45.70025435,54.5259614,-4.7277528,41.00885215,138.252924,Animalia,Platyhelminthes,Cestoda,Caryophyllidea,Capingentidae,Archigetes
Arhythmorhynchus frassoni,2,marine,27.6648274,38.136818875,47.516231,-81.5157535,17.34953995,123.7964613,Animalia,Acanthocephala,Palaeacanthocephala,Polymorphida,Polymorphidae,Arhythmorhynchus
Ascaridia columbae,1,terrestrial,-37.01,17.4343973,41.87194,-95.712891,10.185912284615384,144.75,Animalia,Nematoda,Chromadorea,Rhabditida,Ascaridiidae,Ascaridia
Ascaridia compar,1,terrestrial,27.6648274,47.423090062499995,61.92410999999999,-81.5157535,2.722988649999999,66.923684,Animalia,Nematoda,Chromadorea,Rhabditida,Ascaridiidae,Ascaridia
Ascaridia dissimilis,1,terrestrial,27.6648274,34.9126058,41.87194,-91.8318334,-53.5934023,12.56738,Animalia,Nematoda,Chromadorea,Rhabditida,Ascaridiidae,Ascaridia
Ascaridia galli,1,terrestrial,-37.01,26.573453471875,56.26392,-127.6476205,15.9010718625,144.75,Animalia,Nematoda,Chromadorea,Rhabditida,Ascaridiidae,Ascaridia
Ascaridia numidae,1,terrestrial,41.87194,41.87194,41.87194,12.56738,12.56738,12.56738,Animalia,Nematoda,Chromadorea,Rhabditida,Ascaridiidae,Ascaridia
Ascaris lumbricoides,1,terrestrial,-38.416097,20.97090952278481,56.95962400000001,-155.5827818,1.8003308607594946,144.75,Animalia,Nematoda,Chromadorea,Rhabditida,Ascarididae,Ascaris
Ascaris suum,1,terrestrial,-37.01,30.603871394736842,64.963051,-111.0937311,15.326876236842105,144.75,Animalia,Nematoda,Chromadorea,Rhabditida,Ascarididae,Ascaris
Ascarophis arctica,2,marine,-14.5994134,40.048342919999996,60.47202399999999,-77.40677199999999,-14.846413299999998,19.863281,Animalia,Nematoda,Chromadorea,Rhabditida,Cystidicolidae,Ascarophis
Ascarophis filiformis,2,marine,-14.5994134,21.206522866666667,39.370134,-77.40677199999999,9.64002716666667,135,Animalia,Nematoda,Chromadorea,Rhabditida,Cystidicolidae,Ascarophis
Ascarophis morrhuae,2,marine,27.6648274,41.14939843333333,56.41323389999999,-81.5157535,-54.79829613333333,-5.472362899999999,Animalia,Nematoda,Chromadorea,Rhabditida,Cystidicolidae,Ascarophis
Ascarops strongylina,3,terrestrial,-35.675147,27.301659254545456,54.5259614,-111.0937311,30.183827509090907,136.2091547,Animalia,Nematoda,Chromadorea,Rhabditida,Spirocercidae,Ascarops
Aspersentis megarhynchus,2,marine,-33.137551,-23.868482200000003,-14.5994134,-28.6731465,26.57651275,81.826172,Animalia,Acanthocephala,Palaeacanthocephala,Echinorhynchida,Heteracanthocephalidae,Aspersentis
Aspiculuris tetraptera,1,terrestrial,-37.01,38.4099983826087,64.963051,-106.346771,16.72992673478261,144.75,Animalia,Nematoda,Chromadorea,Rhabditida,Heteroxynematidae,Aspiculuris
Atactorhynchus verecundus,2,freshwater,25.304304,25.304304,25.304304,-90.065918,-90.065918,-90.065918,Animalia,Acanthocephala,Eoacanthocephala,Neoechinorhynchida,Neoechinorhynchidae,Atactorhynchus
Atriotaenia procyonis,2,terrestrial,35.20105,42.8866599,56.130366,-106.346771,-93.4643439,-77.1945247,Animalia,Platyhelminthes,Cestoda,Cyclophyllidea,Anoplocephalidae,Atriotaenia
Austramphilina elongata,2,freshwater,-31.2532183,-28.842615933333335,-25.274398,133.775136,138.96846323333332,146.921099,Animalia,Platyhelminthes,Cestoda,Amphilinidea,Schizochoeridae,Austramphilina
Avioserpens galliardi,3,freshwater,27.6648274,35.55632213333333,40.143105,-81.5157535,12.445755499999999,71.276093,Animalia,Nematoda,Chromadorea,Rhabditida,Dracunculidae,Avioserpens
Avioserpens mosgovoyi,3,freshwater,37.5442706,46.035116,54.5259614,-4.7277528,5.26368295,15.2551187,Animalia,Nematoda,Chromadorea,Rhabditida,Dracunculidae,Avioserpens
Avitellina arctica,2,terrestrial,53.5587003,54.844533150000004,56.130366,-106.346771,0.9091127499999985,108.1649965,Animalia,Platyhelminthes,Cestoda,Cyclophyllidea,Anoplocephalidae,Avitellina
Avitellina centripunctata,2,terrestrial,14.058324,32.792762135714284,53.5587003,-14.452362,43.78062476428571,108.277199,Animalia,Platyhelminthes,Cestoda,Cyclophyllidea,Anoplocephalidae,Avitellina
Avitellina lahorea,2,terrestrial,22,22,22,79,79,79,Animalia,Platyhelminthes,Cestoda,Cyclophyllidea,Anoplocephalidae,Avitellina
Baruscapillaria obsignata,1,terrestrial,37.5442706,47.88631815,56.95962400000001,-4.7277528,13.95563935,24.1016552,Animalia,Nematoda,Enoplea,Trichinellida,Capillariidae,Baruscapillaria
Batrachocamallanus slomei,2,freshwater,-33.5,-16.036391225,-0.023559,14.2343282,23.169807875,37.906193,Animalia,Nematoda,Chromadorea,Rhabditida,Camallanidae,Procamallanus
Baylisascaris columnaris,2,terrestrial,37.5442706,44.98304566666667,56.130366,-106.346771,-37.428885333333334,-1.2121322,Animalia,Nematoda,Chromadorea,Rhabditida,Ascarididae,Baylisascaris
Baylisascaris devosi,2,terrestrial,39.0457549,50.61115705,56.130366,-106.346771,-11.717414174999998,108.1649965,Animalia,Nematoda,Chromadorea,Rhabditida,Ascarididae,Baylisascaris
Baylisascaris laevis,1,terrestrial,41.377491,48.234624325,56.130366,-106.346771,19.742716875,108.1649965,Animalia,Nematoda,Chromadorea,Rhabditida,Ascarididae,Baylisascaris
Baylisascaris procyonis,2,terrestrial,30.9842977,42.86767195454546,53.7266683,-127.6476205,-69.95018082727273,138.252924,Animalia,Nematoda,Chromadorea,Rhabditida,Ascarididae,Baylisascaris
Baylisascaris tasmaniensis,2,terrestrial,-25.274398,-25.274398,-25.274398,133.775136,133.775136,133.775136,Animalia,Nematoda,Chromadorea,Rhabditida,Ascarididae,Baylisascaris
Baylisascaris transfuga,2,terrestrial,36.204824,42.819057183333335,56.130366,-106.346771,-17.8618398,138.252924,Animalia,Nematoda,Chromadorea,Rhabditida,Ascarididae,Baylisascaris
Bertiella mucronata,2,terrestrial,28.9337826,28.9337826,28.9337826,-95.30845339999999,-95.30845339999999,-95.30845339999999,Plantae,Tracheophyta,Magnoliopsida,Gentianales,Rubiaceae,Bertiera
Bertiella studeri,2,terrestrial,-23.59,9.649314963636364,37.5442706,-15.180413,61.72384318181818,138.252924,Animalia,Platyhelminthes,Cestoda,Cyclophyllidea,Anoplocephalidae,Bertiella
Biacetabulum biloculoides,2,freshwater,40.2671941,40.2671941,40.2671941,-86.1349019,-86.1349019,-86.1349019,Animalia,Platyhelminthes,Cestoda,Caryophyllidea,Capingentidae,Biacetabulum
Blatticola blattae,1,terrestrial,-40.900557,33.69982985,54.5259614,-127.6476205,32.055683862500004,174.885971,Animalia,Nematoda,Chromadorea,Rhabditida,Thelastomatidae,Blatticola
Bolbosoma balaenae,3,marine,-31.2532183,20.451723525,65.2481624,-149.0729714,-22.82177915,146.921099,Animalia,Acanthocephala,Palaeacanthocephala,Polymorphida,Polymorphidae,Bolbosoma
Bolbosoma nipponicum,3,marine,35.4543846,44.16400379999999,52.87362299999999,139.644207,144.50501215,149.3658173,Animalia,Acanthocephala,Palaeacanthocephala,Polymorphida,Polymorphidae,Bolbosoma
Bolbosoma vasculosum,3,marine,-33.137551,14.751502515384615,43.7542275,-77.40677199999999,27.06144470769231,121.9269656,Animalia,Acanthocephala,Palaeacanthocephala,Polymorphida,Polymorphidae,Bolbosoma
Bothrimonus fallax,2,marine,41.934977,45.5473436,54.5259614,15.2551187,35.895067925,50.66894500000001,Animalia,Platyhelminthes,Cestoda,Spathebothriidea,Acrobothriidae,Bothrimonus
Bothriocephalus acheilognathi,3,freshwater,-37.01,32.81765911212121,60.47202399999999,-155.5827818,-12.079794133333332,146.921099,Animalia,Platyhelminthes,Cestoda,Bothriocephalidea,Bothriocephalidae,Schyzocotyle
Bothriocephalus barbatus,2,marine,34.5531284,38.6760072,46.227638,-77.40677199999999,-9.774250499999997,18.0480105,Animalia,Platyhelminthes,Cestoda,Bothriocephalidea,Bothriocephalidae,Bothriocephalus
Bothriocephalus claviceps,2,freshwater,34.5531284,49.06421015833333,63.15587019999999,-113.571487,-20.136899920833333,138.252924,Animalia,Platyhelminthes,Cestoda,Bothriocephalidea,Bothriocephalidae,Bothriocephalus
Bothriocephalus cuspidatus,2,freshwater,23.684994,46.06589362,56.130366,-113.571487,-73.10797033,90.356331,Animalia,Platyhelminthes,Cestoda,Bothriocephalidea,Bothriocephalidae,Bothriocephalus
Bothriocephalus gregarius,3,marine,34.5531284,42.76750163333333,58.48795200000001,-77.40677199999999,2.5109325000000013,34.299316,Animalia,Platyhelminthes,Cestoda,Bothriocephalidea,Bothriocephalidae,Bothriocephalus
Bothriocephalus opsariichthydis,2,freshwater,33.223191,46.34119624444444,63.15587019999999,-127.6476205,31.58256428888889,138.252924,Animalia,Platyhelminthes,Cestoda,Bothriocephalidea,Bothriocephalidae,Bothriocephalus
Bothriocephalus rarus,3,freshwater,35.20105,38.080119725,43.2509279,-119.4179324,-94.7224898,-71.9273024,Animalia,Platyhelminthes,Cestoda,Bothriocephalidea,Bothriocephalidae,Bothriocephalus
Bothriocephalus scorpii,3,marine,-42.6919232,34.95645273333333,65.2481624,-149.0729714,34.98208187619048,171.3399414,Animalia,Platyhelminthes,Cestoda,Bothriocephalidea,Bothriocephalidae,Bothriocephalus
Brevimulticaecum tenuicolle,2,freshwater,30.9842977,33.09267385,35.20105,-91.96233269999999,-91.89708304999999,-91.8318334,Animalia,Nematoda,Chromadorea,Rhabditida,Heterocheilidae,Brevimulticaecum
Caballerorhynchus lamothei,2,marine,23.634501,24.4694025,25.304304,-102.552784,-96.30935099999999,-90.065918,Animalia,Acanthocephala,Palaeacanthocephala,Echinorhynchida,Cavisomidae,Caballerorhynchus
Calliobothrium verticillatum,2,marine,28.2915637,35.038541775,41.85509039999999,-16.6291304,39.588342749999995,139.644207,Animalia,Platyhelminthes,Cestoda,Tetraphyllidea,Calliobothriidae,Calliobothrium
Camallanus corderoi,3,freshwater,-38.416097,-37.045622,-35.675147,-71.542969,-67.5798205,-63.61667199999999,Animalia,Nematoda,Chromadorea,Rhabditida,Camallanidae,Camallanus
Camallanus cotti,2,freshwater,14.058324,37.46734821111111,61.52401,-155.5827818,26.225257833333334,138.252924,Animalia,Nematoda,Chromadorea,Rhabditida,Camallanidae,Camallanus
Camallanus lacustris,4,freshwater,23.634501,50.632252876,63.15587019999999,-102.552784,9.442440964,108.1649965,Animalia,Nematoda,Chromadorea,Rhabditida,Camallanidae,Camallanus
Camallanus oxycephalus,3,freshwater,23.634501,42.99314491538461,56.130366,-113.571487,-89.59816060769231,-77.82706689999999,Animalia,Nematoda,Chromadorea,Rhabditida,Camallanidae,Camallanus
Camallanus truncatus,2,freshwater,23.684994,48.98027410833333,63.15587019999999,-113.571487,1.8624815749999997,90.356331,Animalia,Nematoda,Chromadorea,Rhabditida,Camallanidae,Camallanus
Camallanus xenentodoni,2,freshwater,23.684994,27.0301575,30.375321,69.34511599999999,79.85072349999999,90.356331,Animalia,Nematoda,Chromadorea,Rhabditida,Camallanidae,Camallanus
Capillaria anatis,2,terrestrial,14.497401,41.32379536,53.7608608,-127.6476205,-18.03576966,138.252924,Animalia,Nematoda,Enoplea,Trichinellida,Capillariidae,Capillaria
Capillaria gracilis,3,marine,-14.5994134,35.800971600000004,58.48795200000001,-77.40677199999999,-11.456759883333332,19.863281,Animalia,Nematoda,Enoplea,Trichinellida,Capillariidae,Capillaria
Capillaria phasianina,2,terrestrial,37.09024,47.02493200000001,56.95962400000001,-95.712891,-35.8056179,24.1016552,Animalia,Nematoda,Enoplea,Trichinellida,Capillariidae,Capillaria
Caryophyllaeus laticeps,2,freshwater,26.820553,45.87519872916666,63.15587019999999,-95.712891,12.638539620833333,59.6134113,Animalia,Platyhelminthes,Cestoda,Caryophyllidea,Caryophyllaeidae,Caryophyllaeus
Catenotaenia pusilla,2,terrestrial,36.204824,47.7413242,61.52401,-6.4923145,35.84384209375,138.252924,Animalia,Platyhelminthes,Cestoda,Cyclophyllidea,Catenotaeniidae,Catenotaenia
Centrorhynchus aluconis,3,terrestrial,37.5442706,47.25424811666666,56.49067119999999,-4.7277528,5.828805016666667,31.1655799,Animalia,Acanthocephala,Palaeacanthocephala,Polymorphida,Centrorhynchidae,Centrorhynchus
Centrorhynchus milvus,3,terrestrial,14.497401,14.497401,14.497401,-14.452362,-14.452362,-14.452362,Animalia,Acanthocephala,Palaeacanthocephala,Polymorphida,Centrorhynchidae,Centrorhynchus
Cephalochlamys namaquensis,2,freshwater,-33.5,11.015197362499999,54.7877149,-119.4179324,2.4640066375000007,37.906193,Animalia,Platyhelminthes,Cestoda,Diphyllobothriidea,Cephalochlamydidae,Cephalochlamys
Chabertia ovina,1,terrestrial,-40.900557,32.234638769444445,64.963051,-106.346771,16.013210080555556,174.885971,Animalia,Nematoda,Chromadorea,Rhabditida,Strongylidae,Chabertia
Cheilospirura spinosa,2,terrestrial,27.6648274,42.0406905,53.7266683,-127.6476205,-95.266758825,-81.5157535,Animalia,Nematoda,Chromadorea,Rhabditida,Acuariidae,Cheilospirura
Choanotaenia infundibulum,2,terrestrial,-35.675147,25.98861789230769,46.227638,-71.542969,37.41127024615385,138.252924,Animalia,Platyhelminthes,Cestoda,Cyclophyllidea,Dilepididae,Choanotaenia
Cittotaenia denticulata,2,terrestrial,37.5442706,47.700867349999996,56.49067119999999,-6.4923145,-1.4359202166666667,12.56738,Animalia,Platyhelminthes,Cestoda,Cyclophyllidea,Anoplocephalidae,Cittotaenia
Cladotaenia circi,2,terrestrial,27.6648274,43.456887880000004,56.130366,-106.346771,-37.09723032,66.923684,Animalia,Platyhelminthes,Cestoda,Cyclophyllidea,Paruterinidae,Cladotaenia
Cladotaenia globifera,2,terrestrial,27.6648274,47.74978478125,63.15587019999999,-106.346771,20.2797636875,138.252924,Animalia,Platyhelminthes,Cestoda,Cyclophyllidea,Paruterinidae,Cladotaenia
Clistobothrium carcharodoni,4,marine,62.4113634,62.4113634,62.4113634,-149.0729714,-149.0729714,-149.0729714,Animalia,Platyhelminthes,Cestoda,Phyllobothriidea,Phyllobothriidae,Clistobothrium
Cloacotaenia megalops,2,freshwater,-13.254308,32.58797676875,56.130366,-106.346771,-2.2676907625,138.252924,Animalia,Platyhelminthes,Cestoda,Cyclophyllidea,Hymenolepididae,Cloacotaenia
Comephoronema oschmarini,2,freshwater,46.227638,54.636489866666665,63.15587019999999,2.213749,16.819807633333333,32.9905552,Animalia,Nematoda,Chromadorea,Rhabditida,Cystidicolidae,Comephoronema
Confluaria furcifera,2,freshwater,48.379433,52.5364461,56.26392,-116.5765035,-27.80134974,31.1655799,Animalia,Platyhelminthes,Cestoda,Cyclophyllidea,Hymenolepididae,Confluaria
Confluaria podicipina,2,freshwater,40.069099,44.224266,48.379433,31.1655799,38.10188445,45.038189,Animalia,Platyhelminthes,Cestoda,Cyclophyllidea,Hymenolepididae,Confluaria
Contracaecum microcephalum,3,freshwater,-23.59,31.71171475,54.5259614,-102.552784,18.97773795625,138.252924,Animalia,Nematoda,Chromadorea,Rhabditida,Anisakidae,Contracaecum
Contracaecum micropapillatum,3,freshwater,21.521757,36.00794858,54.5259614,-102.552784,-11.56996328,71.276093,Animalia,Nematoda,Chromadorea,Rhabditida,Anisakidae,Contracaecum
Contracaecum ogmorhini,3,marine,-42.6919232,-6.964993299999999,62.4113634,-149.0729714,-19.354044125,171.3399414,Animalia,Nematoda,Chromadorea,Rhabditida,Anisakidae,Contracaecum
Contracaecum pelagicum,3,marine,53.7266683,53.7266683,53.7266683,-127.6476205,-127.6476205,-127.6476205,Animalia,Nematoda,Chromadorea,Rhabditida,Anisakidae,Contracaecum
Contracaecum rudolphii,3,freshwater,-35.675147,31.619449056249998,56.26392,-102.552784,-6.719122243749999,138.252924,Animalia,Nematoda,Chromadorea,Rhabditida,Anisakidae,Contracaecum
Cooperia curticei,1,terrestrial,-40.900557,27.88098824090909,60.47202399999999,-106.346771,2.4561283318181824,174.885971,Animalia,Nematoda,Chromadorea,Rhabditida,Trichostrongylidae,Cooperia
Cooperia fuelleborni,1,terrestrial,-23.59,-23.59,-23.59,29.13,29.13,29.13,NA,NA,NA,NA,NA,NA
Cooperia oncophora,1,terrestrial,-40.900557,32.22276205714286,64.963051,-106.346771,12.01096782857143,174.885971,Animalia,Nematoda,Chromadorea,Rhabditida,Trichostrongylidae,Cooperia
Cooperia pectinata,1,terrestrial,-40.900557,9.197710793333334,53.5587003,-155.5827818,15.920262346666668,174.885971,Animalia,Nematoda,Chromadorea,Rhabditida,Trichostrongylidae,Cooperia
Cooperia punctata,1,terrestrial,-40.900557,13.575681796,54.236107,-155.5827818,21.354841748000002,174.885971,Animalia,Nematoda,Chromadorea,Rhabditida,Trichostrongylidae,Cooperia
Corallobothrium fimbriatum,3,freshwater,23.634501,40.69818289,51.253775,-111.0937311,-88.90657644,-77.82706689999999,Animalia,Platyhelminthes,Cestoda,Onchoproteocephalidea,Proteocephalidae,Essexiella
Corallobothrium parafimbriatum,2,freshwater,41.87194,41.87194,41.87194,12.56738,12.56738,12.56738,Animalia,Platyhelminthes,Cestoda,Onchoproteocephalidea,Proteocephalidae,Corallotaenia
Corallotaenia minutia,2,freshwater,45.0521793,48.15297715,51.253775,-85.323214,-83.90415399999999,-82.48509399999999,Animalia,Platyhelminthes,Cestoda,Onchoproteocephalidea,Proteocephalidae,Corallotaenia
Corynosoma australe,3,marine,-32.98,-27.525605974999998,-14.5994134,-71.00999999999999,-4.809956699999999,136.2091547,Animalia,Acanthocephala,Palaeacanthocephala,Polymorphida,Polymorphidae,Corynosoma
Corynosoma bullosum,3,marine,-54.4138333,-27.8708867,-14.5994134,-36.5827165,-31.309669833333334,-28.6731465,Animalia,Acanthocephala,Palaeacanthocephala,Polymorphida,Polymorphidae,Corynosoma
Corynosoma cetaceum,3,marine,-33.137551,-26.9056548,-14.5994134,-71.00999999999999,-5.952324833333331,81.826172,Animalia,Acanthocephala,Palaeacanthocephala,Polymorphida,Polymorphidae,Corynosoma
Corynosoma hamanni,3,marine,-33.137551,-23.868482200000003,-14.5994134,-28.6731465,26.57651275,81.826172,Animalia,Acanthocephala,Palaeacanthocephala,Polymorphida,Polymorphidae,Corynosoma
Corynosoma magdaleni,3,marine,-14.5994134,42.6939249,64.963051,-28.6731465,-0.5206373500000003,25.7481511,Animalia,Acanthocephala,Palaeacanthocephala,Polymorphida,Polymorphidae,Corynosoma
Corynosoma pseudohamanni,3,marine,-14.5994134,-14.5994134,-14.5994134,-28.6731465,-28.6731465,-28.6731465,Animalia,Acanthocephala,Palaeacanthocephala,Polymorphida,Polymorphidae,Corynosoma
Corynosoma semerme,3,marine,-14.5994134,52.144911566666664,65.2481624,-149.4936733,-17.862237453333332,149.3658173,Animalia,Acanthocephala,Palaeacanthocephala,Polymorphida,Polymorphidae,Corynosoma
Corynosoma strumosum,3,marine,-42.6919232,46.936290459374995,65.2481624,-149.4936733,2.008173549999999,171.3399414,Animalia,Acanthocephala,Palaeacanthocephala,Polymorphida,Polymorphidae,Corynosoma
Cosmocephalus obvelatus,3,freshwater,-40.900557,39.77159502580645,64.963051,-116.5765035,-7.6973719967741925,174.885971,Animalia,Nematoda,Chromadorea,Rhabditida,Acuariidae,Cosmocephalus
Crenosoma mephitidis,3,terrestrial,36.778261,46.4543135,56.130366,-119.4179324,-112.8823517,-106.346771,Animalia,Nematoda,Chromadorea,Rhabditida,Metastrongylidae,Crenosoma
Crenosoma petrowi,3,terrestrial,37.5442706,47.66376422857143,56.130366,-106.346771,-10.207731714285714,108.1649965,Animalia,Nematoda,Chromadorea,Rhabditida,Metastrongylidae,Crenosoma
Crenosoma striatum,2,terrestrial,37.5442706,47.88526688181818,56.49067119999999,-4.7277528,6.560805845454546,31.1655799,Animalia,Nematoda,Chromadorea,Rhabditida,Metastrongylidae,Crenosoma
Crenosoma vulpis,2,terrestrial,36.204824,50.99647136428572,64.2008413,-149.4936733,1.2001284642857137,138.252924,Animalia,Nematoda,Chromadorea,Rhabditida,Metastrongylidae,Crenosoma
Ctenotaenia marmotae,2,terrestrial,41.87194,45.75326723333333,48.019573,8.5374552,29.34283973333333,66.923684,Animalia,Platyhelminthes,Cestoda,Cyclophyllidea,Anoplocephalidae,Ctenotaenia
Cucullanus cirratus,3,marine,15.488092,44.137087083333334,60.4121981,-77.40677199999999,13.957861433333335,114.404754,Animalia,Nematoda,Chromadorea,Rhabditida,Cucullanidae,Cucullanus
Cucullanus heterochrous,2,marine,-14.5994134,44.8245719076923,68.8773537,-77.40677199999999,-2.007418769230769,34.299316,Animalia,Nematoda,Chromadorea,Rhabditida,Cucullanidae,Cucullanus
Cyathocephalus truncatus,2,freshwater,-6.2649292,50.26032938918919,66.7613451,-135.0498961,-18.1055147,124.123753,Animalia,Platyhelminthes,Cestoda,Spathebothriidea,Acrobothriidae,Cyathocephalus
Cyathostoma bronchialis,2,terrestrial,51.165691,51.99615566666667,53.569001,-113.571487,-62.814391666666666,10.451526,Animalia,Nematoda,Chromadorea,Rhabditida,Strongylidae,Cyathostoma
Cyathostoma lari,2,terrestrial,41.87194,49.74785203333333,54.236107,-57.6604364,-16.547037466666666,12.56738,Animalia,Nematoda,Chromadorea,Rhabditida,Strongylidae,Cyathostoma
Cyathostomum catinatum,1,terrestrial,-37.01,31.89098067333333,64.963051,-116.5765035,-8.354162813333334,144.75,Animalia,Nematoda,Chromadorea,Rhabditida,Strongylidae,Cyathostomum
Cyclodontostomum purvisi,1,terrestrial,-25.274398,0.7535882799999999,15.870032,100.992541,115.6255251,133.775136,Animalia,Nematoda,Chromadorea,Rhabditida,Strongylidae,Cyclodontostomum
Cyclustera capito,3,freshwater,23.634501,25.6496642,27.6648274,-102.552784,-92.03426875,-81.5157535,Animalia,Platyhelminthes,Cestoda,Cyclophyllidea,Gryporhynchidae,Cyclustera
Cyclustera ibisae,3,freshwater,23.634501,29.463189466666666,37.09024,-102.552784,-93.26047616666666,-81.5157535,Animalia,Platyhelminthes,Cestoda,Cyclophyllidea,Gryporhynchidae,Cyclustera
Cyclustera ralli,3,freshwater,23.634501,23.634501,23.634501,-102.552784,-102.552784,-102.552784,Animalia,Platyhelminthes,Cestoda,Cyclophyllidea,Gryporhynchidae,Cyclustera
Cylicocyclus nassatus,1,terrestrial,-37.01,34.34804068,64.963051,-116.5765035,12.739293875,144.75,Animalia,Nematoda,Chromadorea,Rhabditida,Strongylidae,Cylicocyclus
Cylicostephanus longibursatus,1,terrestrial,-37.01,28.838604574999998,64.963051,-91.96233269999999,8.827090033333334,144.75,Animalia,Nematoda,Chromadorea,Rhabditida,Strongylidae,Cylicostephanus
Cyrnea colini,2,terrestrial,27.6648274,34.5889898,39.011902,-98.4842465,-91.904297,-81.5157535,Animalia,Nematoda,Chromadorea,Rhabditida,Habronematidae,Cyrnea
Cyrnea eurycerca,2,terrestrial,33.886917,38.20663033333333,41.87194,9.537499,31.126990666666668,71.276093,Animalia,Nematoda,Chromadorea,Rhabditida,Habronematidae,Cyrnea
Cyrnea mansioni,3,terrestrial,41.87194,41.87194,41.87194,12.56738,12.56738,12.56738,Animalia,Nematoda,Chromadorea,Rhabditida,Habronematidae,Cyrnea
Cystidicola cristivomeri,3,freshwater,47.723087,47.723087,47.723087,-86.940716,-86.940716,-86.940716,Animalia,Nematoda,Chromadorea,Rhabditida,Cystidicolidae,Cystidicola
Cystidicola farionis,3,freshwater,39.370134,53.549038576923074,66.7613451,-135.0498961,-22.87455933076923,124.123753,Animalia,Nematoda,Chromadorea,Rhabditida,Cystidicolidae,Cystidicola
Cystidicoloides tenuissima,3,freshwater,37.09024,50.250054649999996,63.15587019999999,-106.346771,-28.070101577777777,43.35689199999999,Animalia,Nematoda,Chromadorea,Rhabditida,Cystidicolidae,Salmonema
Cystocaulus ocreatus,2,terrestrial,31.791702,39.520907725,46.227638,-95.712891,3.55286835,64.585262,Animalia,Nematoda,Chromadorea,Rhabditida,Metastrongylidae,Cystocaulus
Cystoopsis atractostei,2,freshwater,23.634501,23.634501,23.634501,-102.552784,-102.552784,-102.552784,Animalia,Nematoda,Enoplea,Trichinellida,Cystoopsidae,Cystoopsis
Davainea proglottina,2,terrestrial,-35.675147,22.149885949999998,48.379433,-95.712891,7.5343888875000005,101.7,Animalia,Platyhelminthes,Cestoda,Cyclophyllidea,Davaineidae,Davainea
Davainea tetraoensis,2,terrestrial,61.92410999999999,61.92410999999999,61.92410999999999,25.7481511,25.7481511,25.7481511,Animalia,Platyhelminthes,Cestoda,Cyclophyllidea,Davaineidae,Davainea
Desportesius brevicaudatus,4,freshwater,38.861034,47.25547613333333,54.5259614,15.2551187,39.23226386666667,71.276093,Animalia,Nematoda,Chromadorea,Rhabditida,Acuariidae,Desportesius
Dicheilonema rheae,3,terrestrial,38.861034,42.436522,48.379433,31.1655799,49.15995396666667,71.276093,Animalia,Nematoda,Chromadorea,Rhabditida,Diplotriaenidae,Dicheilonema
Dichelyne cotylophora,2,freshwater,43.4501005,47.87169715,56.130366,-106.346771,-91.0233732,-82.4846115,Animalia,Nematoda,Chromadorea,Rhabditida,Cucullanidae,Dichelyne
Dichelyne minutus,2,marine,34.5531284,43.95606085,58.48795200000001,-77.40677199999999,-1.2990411249999978,34.299316,Animalia,Nematoda,Chromadorea,Rhabditida,Cucullanidae,Dichelyne
Dicranotaenia coronula,3,freshwater,-40.900557,37.7210563,56.130366,-116.5765035,-3.9578964222222224,174.885971,Animalia,Platyhelminthes,Cestoda,Cyclophyllidea,Hymenolepididae,Dicranotaenia
Dictyocaulus arnfieldi,1,terrestrial,-35.675147,32.96076802142857,54.5259614,-85.323214,12.067772457142857,108.1649965,Animalia,Nematoda,Chromadorea,Rhabditida,Metastrongylidae,Dictyocaulus
Dictyocaulus eckerti,1,terrestrial,-40.900557,42.90969269166667,64.2008413,-149.4936733,13.445258166666667,174.885971,Animalia,Nematoda,Chromadorea,Rhabditida,Metastrongylidae,Dictyocaulus
Dictyocaulus filaria,1,terrestrial,-40.900557,38.09145453225806,60.12816100000001,-116.5765035,9.061710761290323,174.885971,Animalia,Nematoda,Chromadorea,Rhabditida,Metastrongylidae,Dictyocaulus
Dictyocaulus viviparus,1,terrestrial,-40.900557,33.62430198148148,60.12816100000001,-155.5827818,-5.223029562962962,174.885971,Animalia,Nematoda,Chromadorea,Rhabditida,Metastrongylidae,Dictyocaulus
Didelphostrongylus hayesi,2,terrestrial,35.5174913,36.14787615,36.778261,-119.4179324,-102.99918985,-86.5804473,Animalia,Nematoda,Chromadorea,Rhabditida,Metastrongylidae,Didelphostrongylus
Diorchis asiatica,2,freshwater,56.130366,56.130366,56.130366,-106.346771,-106.346771,-106.346771,Animalia,Platyhelminthes,Cestoda,Cyclophyllidea,Hymenolepididae,Diorchis
Diorchis brevis,2,freshwater,14.058324,38.51965145,48.379433,8.5374552,50.60356635,108.277199,Animalia,Platyhelminthes,Cestoda,Cyclophyllidea,Hymenolepididae,Diorchis
Diorchis bulbodes,2,freshwater,27.6648274,41.8975967,56.130366,-106.346771,-93.93126225,-81.5157535,Animalia,Platyhelminthes,Cestoda,Cyclophyllidea,Hymenolepididae,Diorchis
Diorchis danutae,2,freshwater,48.019573,48.019573,48.019573,66.923684,66.923684,66.923684,Animalia,Platyhelminthes,Cestoda,Cyclophyllidea,Hymenolepididae,Diorchis
Diorchis inflata,3,freshwater,32.427908,42.0818295375,56.130366,-106.346771,14.919940174999999,66.923684,Animalia,Platyhelminthes,Cestoda,Cyclophyllidea,Hymenolepididae,Diorchis
Diorchis nyrocae,3,freshwater,36.204824,46.0288919,56.130366,-106.346771,5.657586050000001,138.252924,Animalia,Platyhelminthes,Cestoda,Cyclophyllidea,Hymenolepididae,Diorchis
Diorchis parvogenitalis,2,freshwater,37.5442706,42.7819218,48.019573,-4.7277528,31.0979656,66.923684,Animalia,Platyhelminthes,Cestoda,Cyclophyllidea,Hymenolepididae,Diorchis
Diorchis ransomi,3,freshwater,27.6648274,42.04961215714286,56.130366,-106.346771,-1.5880750428571442,66.923684,Animalia,Platyhelminthes,Cestoda,Cyclophyllidea,Hymenolepididae,Diorchis
Diphyllobothrium ditremum,3,freshwater,39.370134,54.877054183999995,71.706936,-149.4936733,-29.373860712,108.1649965,Animalia,Platyhelminthes,Cestoda,Diphyllobothriidea,Diphyllobothriidae,Dibothriocephalus
Diplocotyle olrikii,2,marine,-14.5994134,50.77847688,66.7613451,-149.4936733,-5.841170266666667,124.123753,Animalia,Platyhelminthes,Cestoda,Spathebothriidea,Acrobothriidae,Diplocotyle
Diploposthe laevis,3,freshwater,-6.2649292,30.587838186666666,56.130366,-106.346771,26.566989653333334,138.252924,Animalia,Platyhelminthes,Cestoda,Cyclophyllidea,Hymenolepididae,Diploposthe
Diploposthe skrjabini,2,freshwater,40.143105,44.081339,48.019573,47.576927,57.250305499999996,66.923684,Animalia,Platyhelminthes,Cestoda,Cyclophyllidea,Hymenolepididae,Diploposthe
Diplopylidium acanthotetra,3,terrestrial,28.2915637,36.543243366666665,41.87194,-16.6291304,16.196949766666666,59.556278,Animalia,Platyhelminthes,Cestoda,Cyclophyllidea,Dipylidiidae,Diplopylidium
Diplotriaena agelaius,2,terrestrial,27.6648274,39.4593012,51.253775,-85.323214,-83.41948375,-81.5157535,Animalia,Nematoda,Chromadorea,Rhabditida,Diplotriaenidae,Diplotriaena
Diplotriaena bargusinica,2,terrestrial,36.204824,47.073153266666665,53.7608608,-98.8138762,-15.29472206666666,138.252924,Animalia,Nematoda,Chromadorea,Rhabditida,Diplotriaenidae,Diplotriaena
Diplotriaena tricuspis,2,terrestrial,23.634501,36.19549906666666,51.253775,-102.552784,-29.335129916666666,71.276093,Animalia,Nematoda,Chromadorea,Rhabditida,Diplotriaenidae,Diplotriaena
Diplotriaena tridens,2,terrestrial,37.5442706,37.5442706,37.5442706,-4.7277528,-4.7277528,-4.7277528,Animalia,Nematoda,Chromadorea,Rhabditida,Diplotriaenidae,Diplotriaena
Dipylidium caninum,2,terrestrial,-38.416097,28.86510766734694,64.8255441,-124.8457334,5.592490016326531,138.252924,Animalia,Platyhelminthes,Cestoda,Cyclophyllidea,Dipylidiidae,Dipylidium
Dispharynx nasuta,2,terrestrial,14.058324,39.213425726666664,53.9332706,-116.5765035,-15.312924353333333,108.277199,Animalia,Nematoda,Chromadorea,Rhabditida,Acuariidae,Dispharynx
Dollfusentis chandleri,2,marine,23.634501,24.4694025,25.304304,-102.552784,-96.30935099999999,-90.065918,Animalia,Acanthocephala,Palaeacanthocephala,Echinorhynchida,Illiosentidae,Dollfusentis
Drepanidotaenia lanceolata,2,freshwater,32.427908,43.466903522222225,64.8255441,-124.8457334,-12.192950911111112,66.923684,Animalia,Platyhelminthes,Cestoda,Cyclophyllidea,Hymenolepididae,Drepanidotaenia
Duplicibothrium minutum,2,marine,25.304304,25.304304,25.304304,-90.065918,-90.065918,-90.065918,Animalia,Platyhelminthes,Cestoda,Tetraphyllidea,Serendipidae,Duplicibothrium
Echinobothrium typus,2,marine,43.41302899999999,43.41302899999999,43.41302899999999,34.299316,34.299316,34.299316,Animalia,Platyhelminthes,Cestoda,Diphyllidea,Echinobothriidae,Echinobothrium
Echinocephalus overstreeti,2,marine,-30.0002315,-5.051732650000002,19.8967662,-155.5827818,-9.686813549999997,136.2091547,Animalia,Nematoda,Chromadorea,Rhabditida,Gnathostomatidae,Echinocephalus
Echinocephalus pseudouncinatus,2,marine,23.634501,24.4694025,25.304304,-102.552784,-96.30935099999999,-90.065918,Animalia,Nematoda,Chromadorea,Rhabditida,Gnathostomatidae,Echinocephalus
Echinocephalus sinensis,2,marine,43.41302899999999,43.41302899999999,43.41302899999999,34.299316,34.299316,34.299316,Animalia,Nematoda,Chromadorea,Rhabditida,Gnathostomatidae,Echinocephalus
Echinocephalus uncinatus,2,marine,12.2501506,29.158582999999997,41.87194,12.56738,48.193155499999996,114.404754,Animalia,Nematoda,Chromadorea,Rhabditida,Gnathostomatidae,Echinocephalus
Echinococcus granulosus,2,terrestrial,-51.796253,29.673776947560974,66.7613451,-116.5765035,13.683460590243902,174.885971,Animalia,Platyhelminthes,Cestoda,Cyclophyllidea,Taeniidae,Echinococcus
Echinococcus multilocularis,2,terrestrial,-31.2532183,43.97490370967742,64.8255441,-149.4936733,-25.10907887419355,146.921099,Animalia,Platyhelminthes,Cestoda,Cyclophyllidea,Taeniidae,Echinococcus
Echinococcus oligarthrus,2,terrestrial,6.42375,17.18523765,28.9337826,-102.552784,-87.05109885,-66.58973,Animalia,Platyhelminthes,Cestoda,Cyclophyllidea,Taeniidae,Echinococcus
Echinococcus vogeli,2,terrestrial,-1.831239,20.223645575,47.3682887,-95.30845339999999,-57.88603354999999,8.5374552,Animalia,Platyhelminthes,Cestoda,Cyclophyllidea,Taeniidae,Echinococcus
Echinocotyle clerci,2,freshwater,48.019573,48.019573,48.019573,66.923684,66.923684,66.923684,Animalia,Platyhelminthes,Cestoda,Cyclophyllidea,Hymenolepididae,Echinocotyle
Echinocotyle rosseteri,3,freshwater,41.87194,48.347541925,56.130366,-106.346771,-4.579562950000002,66.923684,Animalia,Platyhelminthes,Cestoda,Cyclophyllidea,Hymenolepididae,Echinocotyle
Echinorhynchus cinctulus,2,freshwater,48.379433,56.75452837499999,63.15587019999999,25.7481511,49.517320675,108.1649965,Animalia,Acanthocephala,Palaeacanthocephala,Echinorhynchida,Echinorhynchidae,Echinorhynchus
Echinorhynchus bothniensis,2,freshwater,61.92410999999999,61.92410999999999,61.92410999999999,25.7481511,25.7481511,25.7481511,Animalia,Acanthocephala,Palaeacanthocephala,Echinorhynchida,Echinorhynchidae,Echinorhynchus
Echinorhynchus gadi,3,marine,-14.5994134,51.64607984827586,71.706936,-149.0729714,-10.239663006896551,149.3658173,Animalia,Acanthocephala,Palaeacanthocephala,Echinorhynchida,Echinorhynchidae,Echinorhynchus
Echinorhynchus leidyi,2,freshwater,43.4501005,53.05867636,65.2481624,-124.8457334,-65.21667353,149.3658173,Animalia,Acanthocephala,Palaeacanthocephala,Echinorhynchida,Echinorhynchidae,Echinorhynchus
Echinorhynchus salmonis,3,freshwater,-14.5994134,45.97196842727273,64.8255441,-124.8457334,-59.03969220909091,123.7964613,Animalia,Acanthocephala,Palaeacanthocephala,Echinorhynchida,Echinorhynchidae,Echinorhynchus
Echinorhynchus truttae,2,freshwater,36.204824,49.469724899999996,60.47202399999999,-77.40677199999999,16.504094533333333,138.252924,Animalia,Acanthocephala,Palaeacanthocephala,Echinorhynchida,Echinorhynchidae,Echinorhynchus
Echinuria uncinata,2,freshwater,23.684994,42.895434046666665,64.963051,-116.5765035,-5.0155163866666665,138.252924,Animalia,Nematoda,Chromadorea,Rhabditida,Acuariidae,Echinuria
Elaphostrongylus alces,2,terrestrial,60.12816100000001,60.300092500000005,60.47202399999999,8.468945999999999,13.5562235,18.643501,Animalia,Nematoda,Chromadorea,Rhabditida,Metastrongylidae,Varestrongylus
Elaphostrongylus cervi,2,terrestrial,-40.900557,44.53315143,60.47202399999999,-113.571487,-7.38036123,174.885971,Animalia,Nematoda,Chromadorea,Rhabditida,Metastrongylidae,Elaphostrongylus
Elaphostrongylus rangiferi,2,terrestrial,53.1355091,56.826173775,60.47202399999999,-113.571487,-36.0298691,18.643501,Animalia,Nematoda,Chromadorea,Rhabditida,Metastrongylidae,Elaphostrongylus
Enterobius vermicularis,1,terrestrial,-38.416097,23.618899283333334,64.963051,-102.552784,15.09257132857143,143.95555,Animalia,Nematoda,Chromadorea,Rhabditida,Oxyuridae,Enterobius
Epomidiostomum uncinatum,1,freshwater,14.497401,38.172319779999995,53.7608608,-102.552784,-35.40678373,71.276093,Animalia,Nematoda,Chromadorea,Rhabditida,Trichostrongylidae,Epomidiostomum
Eubothrium rugosum,3,freshwater,45.0521793,55.65494745833333,63.15587019999999,-106.346771,-3.5504816749999994,105.318756,Animalia,Platyhelminthes,Cestoda,Bothriocephalidea,Triaenophoridae,Eubothrium
Eubothrium salvelini,3,freshwater,39.370134,53.60427319,78.90136,-127.6476205,-17.880657316666667,149.3658173,Animalia,Platyhelminthes,Cestoda,Bothriocephalidea,Triaenophoridae,Eubothrium
Eucoleus aerophilus,2,terrestrial,36.204824,45.9301144125,54.5259614,-113.571487,-2.5796901874999985,138.252924,Animalia,Nematoda,Enoplea,Trichinellida,Capillariidae,Eucoleus
Eucoleus annulatus,2,terrestrial,14.058324,32.2417691,54.5259614,-77.781167,29.256810925,108.277199,Animalia,Nematoda,Enoplea,Trichinellida,Capillariidae,Capillaria
Eucoleus contortus,2,terrestrial,27.6648274,34.96561688,38.861034,-81.5157535,28.266704240000003,138.252924,Animalia,Nematoda,Enoplea,Trichinellida,Capillariidae,Capillaria
Eurycestus avoceti,2,freshwater,46.227638,47.1236055,48.019573,2.213749,34.568716499999994,66.923684,Animalia,Platyhelminthes,Cestoda,Cyclophyllidea,Dilepididae,Eurycestus
Eustrongylides excisus,3,freshwater,23.69781,45.12600512,63.15587019999999,15.2551187,52.64640518,120.960515,Animalia,Nematoda,Enoplea,Dioctophymatida,Dioctophymatidae,Eustrongylides
Eustrongylides ignotus,3,freshwater,-40.900557,18.29048365,39.0457549,-119.4179324,-44.09793141666666,174.885971,Animalia,Nematoda,Enoplea,Dioctophymatida,Dioctophymatidae,Eustrongylides
Eustrongylides tubifex,3,freshwater,23.684994,44.075203455,64.2008413,-149.4936733,-37.308276344999996,138.252924,Animalia,Nematoda,Enoplea,Dioctophymatida,Dioctophymatidae,Eustrongylides
Fessisentis fessus,2,freshwater,30.9842977,30.9842977,30.9842977,-91.96233269999999,-91.96233269999999,-91.96233269999999,Animalia,Acanthocephala,Palaeacanthocephala,Echinorhynchida,Fessisentidae,Fessisentis
Fessisentis friedi,2,freshwater,46.5653163,50.067158649999996,53.569001,-113.571487,-90.0167017,-66.46191639999999,Animalia,Acanthocephala,Palaeacanthocephala,Echinorhynchida,Fessisentidae,Fessisentis
Fessisentis necturorum,2,freshwater,30.9842977,34.790961949999996,38.5976262,-91.96233269999999,-86.20861765,-80.4549026,Animalia,Acanthocephala,Palaeacanthocephala,Echinorhynchida,Fessisentidae,Fessisentis
Filaroides hirthi,1,terrestrial,41.87194,47.62909763333333,54.7877149,-6.4923145,2.762938166666667,12.56738,Animalia,Nematoda,Chromadorea,Rhabditida,Filaroididae,Filaroides
Filaroides martis,3,terrestrial,36.204824,48.31599479090909,56.130366,-106.346771,10.044309836363638,138.252924,Animalia,Nematoda,Chromadorea,Rhabditida,Filaroididae,Filaroides
Filicollis anatis,2,freshwater,22,42.52690937777778,54.5259614,10.451526,33.973244522222224,79,Animalia,Acanthocephala,Palaeacanthocephala,Polymorphida,Polymorphidae,Filicollis
Fimbriaria fasciolaris,3,freshwater,-0.023559,38.09306228333333,56.130366,-116.5765035,12.557566233333333,138.252924,Animalia,Platyhelminthes,Cestoda,Cyclophyllidea,Hymenolepididae,Fimbriaria
Fimbriarioides intermedia,2,freshwater,43.41302899999999,53.22146975,64.963051,-106.346771,-14.975677525000002,34.299316,Animalia,Platyhelminthes,Cestoda,Cyclophyllidea,Hymenolepididae,Fimbriarioides
Fimbriarioides tadornae,2,freshwater,48.019573,48.019573,48.019573,66.923684,66.923684,66.923684,Animalia,Platyhelminthes,Cestoda,Cyclophyllidea,Hymenolepididae,Fimbriarioides
Flamingolepis dolguschini,2,freshwater,48.019573,48.019573,48.019573,66.923684,66.923684,66.923684,Animalia,Platyhelminthes,Cestoda,Cyclophyllidea,Hymenolepididae,Flamingolepis
Flamingolepis flamingo,2,freshwater,37.5442706,43.930493866666666,48.019573,-4.7277528,21.469893399999997,66.923684,Animalia,Platyhelminthes,Cestoda,Cyclophyllidea,Hymenolepididae,Flamingolepis
Flamingolepis liguloides,2,freshwater,34.5531284,39.61147805,46.227638,-4.7277528,6.136724825,18.0480105,Animalia,Platyhelminthes,Cestoda,Cyclophyllidea,Hymenolepididae,Flamingolepis
Flamingolepis tengizi,2,freshwater,48.019573,48.019573,48.019573,66.923684,66.923684,66.923684,Animalia,Platyhelminthes,Cestoda,Cyclophyllidea,Hymenolepididae,Flamingolepis
Gallegostrongylus australis,2,terrestrial,-31.2532183,-28.263808150000003,-25.274398,133.775136,140.3481175,146.921099,Animalia,Nematoda,Chromadorea,Rhabditida,Metastrongylidae,Gallegostrongylus
Gangesia parasiluri,3,freshwater,33.223191,43.650675,61.52401,43.679291,95.75032366666667,138.252924,Animalia,Platyhelminthes,Cestoda,Onchoproteocephalidea,Proteocephalidae,Gangesia
Gastrotaenia paracygni,2,freshwater,48.019573,48.019573,48.019573,66.923684,66.923684,66.923684,Animalia,Platyhelminthes,Cestoda,Cyclophyllidea,Hymenolepididae,Gastrotaenia
Geopetitia aspiculata,2,terrestrial,53.7608608,53.7608608,53.7608608,-98.8138762,-98.8138762,-98.8138762,Animalia,Nematoda,Chromadorea,Rhabditida,Tetrameridae,Geopetitia
Glaridacris catostomi,2,freshwater,37.09024,46.99178515,56.130366,-106.4508639,-90.73753363,-77.82706689999999,Animalia,Platyhelminthes,Cestoda,Caryophyllidea,Caryophyllaeidae,Glaridacris
Glaridacris confusa,2,freshwater,23.634501,23.634501,23.634501,-102.552784,-102.552784,-102.552784,Animalia,Platyhelminthes,Cestoda,Caryophyllidea,Capingentidae,Pseudoglaridacris
Glaridacris vogei,2,freshwater,53.7266683,53.7266683,53.7266683,-127.6476205,-127.6476205,-127.6476205,Animalia,Platyhelminthes,Cestoda,Caryophyllidea,Caryophyllaeidae,Glaridacris
Glossocercus caribaensis,3,freshwater,23.634501,25.6496642,27.6648274,-102.552784,-92.03426875,-81.5157535,Animalia,Platyhelminthes,Cestoda,Cyclophyllidea,Gryporhynchidae,Glossocercus
Gnathostoma vietnamicum,3,freshwater,15.870032,15.870032,15.870032,100.992541,100.992541,100.992541,Animalia,Nematoda,Chromadorea,Rhabditida,Gnathostomatidae,Gnathostoma
Goezia ascaroides,3,freshwater,-33.137551,33.093542166666666,55.169438,-95.712891,15.21208721111111,91.9789563,Animalia,Nematoda,Chromadorea,Rhabditida,Raphidascarididae,Goezia
Golvanacanthus blennii,2,marine,34.5531284,42.0543826,48.379433,12.56738,24.0200716,34.299316,Animalia,Acanthocephala,Palaeacanthocephala,Echinorhynchida,Rhadinorhynchidae,Golvanacanthus
Gongylonema brevispiculum,2,terrestrial,33.886917,33.886917,33.886917,9.537499,9.537499,9.537499,Animalia,Nematoda,Chromadorea,Rhabditida,Gongylonematidae,Gongylonema
Gongylonema congolense,2,terrestrial,-6.2649292,-6.2649292,-6.2649292,14.2343282,14.2343282,14.2343282,Animalia,Nematoda,Chromadorea,Rhabditida,Gongylonematidae,Gongylonema
Gongylonema ingluvicola,2,terrestrial,-35.675147,9.256611849999999,37.09024,-95.712891,-62.448701875,-1.023194,Animalia,Nematoda,Chromadorea,Rhabditida,Gongylonematidae,Gongylonema
Gongylonema mucronatum,2,terrestrial,39.3587759,43.869104449999995,48.379433,2.7356328,16.95060635,31.1655799,Animalia,Nematoda,Chromadorea,Rhabditida,Gongylonematidae,Gongylonema
Gongylonema neoplasticum,2,terrestrial,-17.713371,26.17827946,56.26392,-124.508523,47.100662660000005,178.065032,Animalia,Nematoda,Chromadorea,Rhabditida,Gongylonematidae,Gongylonema
Gongylonema problematicum,2,terrestrial,38.969719,42.788927666666666,48.019573,59.556278,63.688407999999995,66.923684,Animalia,Nematoda,Chromadorea,Rhabditida,Gongylonematidae,Gongylonema
Gongylonema pulchrum,2,terrestrial,9.748916999999999,38.43755008181818,56.130366,-155.5827818,-10.523352086363637,138.252924,Animalia,Nematoda,Chromadorea,Rhabditida,Gongylonematidae,Gongylonema
Gongylonema soricis,2,terrestrial,37.5442706,45.627038799999994,53.709807,-4.7277528,11.6128181,27.953389,Animalia,Nematoda,Chromadorea,Rhabditida,Gongylonematidae,Gongylonema
Graphidium strigosum,1,terrestrial,-31.2532183,38.9050372,60.12816100000001,-16.9594723,13.794623127272727,146.921099,Animalia,Nematoda,Chromadorea,Rhabditida,Trichostrongylidae,Graphidium
Grillotia erinaceus,3,marine,-14.5994134,40.24994546,68.8773537,-77.40677199999999,5.095142390000001,149.3658173,Animalia,Platyhelminthes,Cestoda,Trypanorhyncha,Lacistorhynchidae,Grillotia
Gynandrotaenia stammeri,2,freshwater,46.227638,46.227638,46.227638,2.213749,2.213749,2.213749,Animalia,Platyhelminthes,Cestoda,Cyclophyllidea,Progynotaeniidae,Gynandrotaenia
Gyrinicola batrachiensis,1,freshwater,53.569001,54.8496835,56.130366,-113.571487,-109.959129,-106.346771,Animalia,Nematoda,Chromadorea,Rhabditida,Pharyngodonidae,Gyrinicola
Hadjelia truncata,2,terrestrial,14.058324,31.049585266666664,38.861034,-4.7277528,41.432565866666664,108.277199,Animalia,Nematoda,Chromadorea,Rhabditida,Habronematidae,Hadjelia
Haemonchus contortus,1,terrestrial,-40.900557,24.168675263157894,64.963051,-155.5827818,2.005723860526317,174.885971,Animalia,Nematoda,Chromadorea,Rhabditida,Trichostrongylidae,Haemonchus
Haemonchus placei,1,terrestrial,-38.416097,19.28436692413793,60.12816100000001,-155.5827818,-28.044722317241376,146.921099,Animalia,Nematoda,Chromadorea,Rhabditida,Trichostrongylidae,Haemonchus
Hammerschmidtiella diesingi,1,terrestrial,-20,36.82947406363636,53.7266683,-127.6476205,-18.880995618181817,138.252924,Animalia,Nematoda,Chromadorea,Rhabditida,Thelastomatidae,Hammerschmidtiella
Haplobothrium globuliforme,3,freshwater,43.6333482,49.67418598,56.130366,-113.571487,-94.37128134,-77.82706689999999,Animalia,Platyhelminthes,Cestoda,Haplobothriidea,Haplobothriidae,Haplobothrium
Hartertia obesa,2,terrestrial,38.969719,38.969719,38.969719,59.556278,59.556278,59.556278,Animalia,Nematoda,Chromadorea,Rhabditida,Hartertiidae,Hartertia
Hassalstrongylus musculi,1,terrestrial,23.634501,23.634501,23.634501,-102.552784,-102.552784,-102.552784,Animalia,Nematoda,Chromadorea,Rhabditida,Heligmosomidae,Hassalstrongylus
Hedruris androphora,2,freshwater,41.87194,46.85128733333333,51.165691,10.451526,12.522992666666667,14.550072,Animalia,Nematoda,Chromadorea,Rhabditida,Hedruridae,Hedruris
Hedruris spinigera,2,freshwater,-40.900557,23.28218933333333,56.511018,-4.548056,57.95118,174.885971,Animalia,Nematoda,Chromadorea,Rhabditida,Hedruridae,Hedruris
Heligmosomoides kurilensis,1,terrestrial,36.204824,36.204824,36.204824,138.252924,138.252924,138.252924,Animalia,Nematoda,Chromadorea,Rhabditida,Heligmosomidae,Heligmosomoides
Heligmosomoides laevis,1,terrestrial,37.5442706,50.202376,61.92410999999999,-4.7277528,19.097260285714285,43.35689199999999,Animalia,Nematoda,Chromadorea,Rhabditida,Heligmosomidae,Heligmosomoides
Heligmosomoides polygyrus,1,terrestrial,-40.900557,44.227062427999996,64.963051,-106.346771,3.0294675160000004,174.885971,Animalia,Nematoda,Chromadorea,Rhabditida,Heligmosomidae,Heligmosomoides
Heligmosomum mixtum,1,terrestrial,46.227638,55.7156405,63.15587019999999,2.213749,32.92198582857143,108.1649965,Animalia,Nematoda,Chromadorea,Rhabditida,Heligmosomidae,Heligmosomum
Hepatojarakus malayae,1,terrestrial,-0.789275,-0.789275,-0.789275,113.921327,113.921327,113.921327,Animalia,Nematoda,Chromadorea,Rhabditida,Molineidae,Hepatojarakus
Heterakis gallinarum,2,terrestrial,-37.01,27.760729603571427,56.49067119999999,-106.4508639,12.357058014285714,144.75,Animalia,Nematoda,Chromadorea,Rhabditida,Heterakidae,Heterakis
Heterakis spumosa,2,terrestrial,-40.900557,23.29920644117647,64.963051,-106.346771,46.210764294117645,174.885971,Animalia,Nematoda,Chromadorea,Rhabditida,Heterakidae,Heterakis
Hexametra boddaertii,2,terrestrial,36.778261,36.778261,36.778261,-119.4179324,-119.4179324,-119.4179324,Animalia,Nematoda,Chromadorea,Rhabditida,Ascarididae,Hexametra
Hexametra quadricornis,2,terrestrial,-13.254308,11.475258,36.204824,34.301525,86.2772245,138.252924,Animalia,Nematoda,Chromadorea,Rhabditida,Ascarididae,Hexametra
Hunterella nodulosa,2,freshwater,43.6333482,50.339163066666664,56.130366,-106.346771,-89.83235063333333,-77.82706689999999,Animalia,Platyhelminthes,Cestoda,Caryophyllidea,Capingentidae,Hunterella
Hymenolepis abortiva,2,freshwater,53.9332706,53.9332706,53.9332706,-116.5765035,-116.5765035,-116.5765035,Animalia,Platyhelminthes,Cestoda,Cyclophyllidea,Hymenolepididae,Microsomacanthus
Hymenolepis cantaniana,2,terrestrial,22,31.93597,41.87194,12.56738,45.78369,79,NA,NA,NA,NA,NA,NA
Hymenolepis carioca,2,terrestrial,-35.675147,10.3296719,33.223191,-81.5157535,19.07784025,101.7,NA,NA,NA,NA,NA,NA
Hymenolepis citelli,2,terrestrial,37.09024,47.00130364,56.130366,-116.5765035,-104.43321482,-88.7878678,Animalia,Platyhelminthes,Cestoda,Cyclophyllidea,Hymenolepididae,Hymenolepis
Hymenolepis diminuta,2,terrestrial,-40.900557,27.64217857,63.15587019999999,-170.477306,20.316741318333335,178.065032,Animalia,Platyhelminthes,Cestoda,Cyclophyllidea,Hymenolepididae,Hymenolepis
Hymenolepis nana,2,terrestrial,-38.416097,18.994858095652173,64.963051,-170.477306,8.63412625,143.95555,Animalia,Platyhelminthes,Cestoda,Cyclophyllidea,Hymenolepididae,Rodentolepis
Hymenolepis peromysci,2,terrestrial,36.778261,36.778261,36.778261,-119.4179324,-119.4179324,-119.4179324,NA,NA,NA,NA,NA,NA
Hyostrongylus rubidus,1,terrestrial,-35.675147,26.9993499,56.95962400000001,-93.097702,-31.023840894117644,136.2091547,Animalia,Nematoda,Chromadorea,Rhabditida,Trichostrongylidae,Hyostrongylus
Hysterothylacium analarum,3,freshwater,51.253775,51.253775,51.253775,-85.323214,-85.323214,-85.323214,Animalia,Nematoda,Chromadorea,Rhabditida,Raphidascarididae,Hysterothylacium
Hysterothylacium bidentatum,2,freshwater,54.5259614,54.5259614,54.5259614,15.2551187,15.2551187,15.2551187,Animalia,Nematoda,Chromadorea,Rhabditida,Raphidascarididae,Hysterothylacium
Hysterothylacium haze,2,marine,35.4543846,35.8296043,36.204824,138.252924,138.9485655,139.644207,Animalia,Nematoda,Chromadorea,Rhabditida,Raphidascarididae,Hysterothylacium
Hystrichis tricolor,2,freshwater,27.6648274,39.542608685714285,54.5259614,-81.5157535,25.842047885714287,71.276093,Animalia,Nematoda,Enoplea,Dioctophymatida,Dioctophymatidae,Hystrichis
Joyeuxiella echinorhynchoides,3,terrestrial,22,36.9131426,42.0396042,-4.7277528,36.938302225,79,Animalia,Platyhelminthes,Cestoda,Cyclophyllidea,Dipylidiidae,Joyeuxiella
Joyeuxiella pasqualei,3,terrestrial,14.497401,33.79839385,51.165691,-14.452362,23.5568571,79,Animalia,Platyhelminthes,Cestoda,Cyclophyllidea,Dipylidiidae,Joyeuxiella
Joyeuxilepis acanthorhyncha,2,freshwater,23.69781,42.10445,54.236107,-4.548056,49.192679633333334,120.960515,Animalia,Platyhelminthes,Cestoda,Cyclophyllidea,Amabiliidae,Joyeuxilepis
Joyeuxilepis decacantha,2,freshwater,9.145000000000001,34.63658050000001,60.12816100000001,18.643501,29.566587000000002,40.489673,Animalia,Platyhelminthes,Cestoda,Cyclophyllidea,Amabiliidae,Joyeuxilepis
Joyeuxilepis octacantha,2,freshwater,48.379433,48.379433,48.379433,31.1655799,31.1655799,31.1655799,Animalia,Platyhelminthes,Cestoda,Cyclophyllidea,Amabiliidae,Tatria
Khawia armeniaca,2,freshwater,33.223191,38.535899,42.315407,43.35689199999999,44.02479066666666,45.038189,Animalia,Platyhelminthes,Cestoda,Caryophyllidea,Lytocestidae,Khawia
Khawia baltica,2,freshwater,55.169438,55.169438,55.169438,23.881275,23.881275,23.881275,Animalia,Platyhelminthes,Cestoda,Caryophyllidea,Caryophyllaeidae,Caryophyllaeus
Khawia japonensis,2,freshwater,36.204824,39.0699005,41.934977,50.66894500000001,94.46093450000001,138.252924,Animalia,Platyhelminthes,Cestoda,Caryophyllidea,Lytocestidae,Khawia
Khawia parva,2,freshwater,36.204824,36.204824,36.204824,138.252924,138.252924,138.252924,Animalia,Platyhelminthes,Cestoda,Caryophyllidea,Lytocestidae,Khawia
Khawia sinensis,2,freshwater,36.204824,46.50893482857143,63.15587019999999,-95.712891,29.380436771428574,138.252924,Animalia,Platyhelminthes,Cestoda,Caryophyllidea,Lytocestidae,Khawia
Lacistorhynchus dollfusi,3,marine,-32.98,22.0698748,62.4113634,-149.0729714,-113.16696793333332,-71.00999999999999,Animalia,Platyhelminthes,Cestoda,Trypanorhyncha,Lacistorhynchidae,Lacistorhynchus
Lacistorhynchus tenuis,3,marine,-42.6919232,26.41547791,68.8773537,-149.0729714,-21.19284847,171.3399414,Animalia,Platyhelminthes,Cestoda,Trypanorhyncha,Lacistorhynchidae,Lacistorhynchus
Lagochilascaris minor,2,terrestrial,6.42375,17.6787663,28.9337826,-95.30845339999999,-80.9490917,-66.58973,Animalia,Nematoda,Chromadorea,Rhabditida,Ascarididae,Lagochilascaris
Lateriporus clerci,2,freshwater,40.069099,51.03466085,61.52401,15.2551187,58.133936925,105.318756,Animalia,Platyhelminthes,Cestoda,Cyclophyllidea,Dilepididae,Lateriporus
Lateriporus mathevossianae,2,freshwater,56.130366,61.445855550000005,66.7613451,-106.346771,8.888490999999995,124.123753,Animalia,Platyhelminthes,Cestoda,Cyclophyllidea,Dilepididae,Lateriporus
Lateriporus skrjabini,2,freshwater,53.7608608,57.646460625,66.7613451,-116.5765035,-49.403349425,124.123753,Animalia,Platyhelminthes,Cestoda,Cyclophyllidea,Dilepididae,Lateriporus
Leidynema appendiculata,1,terrestrial,21.521757,37.21755198,53.7266683,-127.6476205,-33.52330146,138.252924,Animalia,Nematoda,Chromadorea,Rhabditida,Thelastomatidae,Leidynema
Leptorhynchoides thecatus,4,freshwater,30.9842977,43.92805434117647,56.130366,-106.346771,-85.09540053529412,-56.22,Animalia,Acanthocephala,Palaeacanthocephala,Echinorhynchida,Rhadinorhynchidae,Leptorhynchoides
Libyostrongylus douglassii,1,terrestrial,-37.01,21.8553673,60.12816100000001,-79.01929969999999,18.125526400000002,144.75,Animalia,Nematoda,Chromadorea,Rhabditida,Trichostrongylidae,Libyostrongylus
Ligula intestinalis,3,freshwater,-23.59,43.56123704782608,63.15587019999999,-127.6476205,-5.439725058695652,108.1649965,Animalia,Platyhelminthes,Cestoda,Diphyllobothriidea,Diphyllobothriidae,Ligula
Lineolepis scutigera,2,terrestrial,48.019573,52.6801418,63.15587019999999,10.451526,35.382836275,66.923684,Animalia,Platyhelminthes,Cestoda,Cyclophyllidea,Hymenolepididae,Lineolepis
Macracanthorhynchus catulinus,3,terrestrial,37.5442706,46.82507541428571,54.236107,-4.7277528,40.30709951428572,108.1649965,Animalia,Acanthocephala,Archiacanthocephala,Oligacanthorhynchida,Oligacanthorhynchidae,Macracanthorhynchus
Macracanthorhynchus ingens,3,terrestrial,27.6648274,37.5605266,53.569001,-113.571487,-91.1615460625,-77.1945247,Animalia,Acanthocephala,Archiacanthocephala,Oligacanthorhynchida,Oligacanthorhynchidae,Macracanthorhynchus
Mastophorus muris,2,terrestrial,-40.900557,33.181355552,61.92410999999999,-4.7277528,62.106120344000004,174.885971,Animalia,Nematoda,Chromadorea,Rhabditida,Spirocercidae,Mastophorus
Mathevotaenia symmetrica,2,terrestrial,15.870032,40.87412678333333,54.5259614,15.2551187,74.45078353333334,108.1649965,Animalia,Platyhelminthes,Cestoda,Cyclophyllidea,Anoplocephalidae,Mathevotaenia
Maupasina weissi,2,terrestrial,33.886917,33.886917,33.886917,9.537499,9.537499,9.537499,Animalia,Nematoda,Chromadorea,Rhabditida,Maupasinidae,Maupasina
Mediorhynchus centurorum,2,terrestrial,27.6648274,27.6648274,27.6648274,-81.5157535,-81.5157535,-81.5157535,Animalia,Acanthocephala,Archiacanthocephala,Gigantorhynchida,Giganthorhynchidae,Mediorhynchus
Mediorhynchus grandis,2,terrestrial,-25.274398,22.32899724,39.0457549,-97.092877,-42.661319819999996,133.775136,Animalia,Acanthocephala,Archiacanthocephala,Gigantorhynchida,Giganthorhynchidae,Mediorhynchus
Megalobatrachonema terdentatum,2,freshwater,37.5442706,38.3092393,39.074208,-4.7277528,8.548279599999999,21.824312,Animalia,Nematoda,Chromadorea,Rhabditida,Cosmocercidae,Megalobatrachonema
Megathylacoides giganteum,3,freshwater,23.634501,43.46693286,53.7608608,-102.552784,-89.40040701999999,-77.82706689999999,Animalia,Platyhelminthes,Cestoda,Onchoproteocephalidea,Proteocephalidae,Megathylacoides
Metacanthocephalus johnstoni,2,marine,-14.5994134,-14.5994134,-14.5994134,-28.6731465,-28.6731465,-28.6731465,Animalia,Acanthocephala,Palaeacanthocephala,Echinorhynchida,Rhadinorhynchidae,Metacanthocephalus
Metastrongylus apri,2,terrestrial,-35.675147,24.8903935,54.236107,-155.5827818,18.085854981818184,138.252924,Animalia,Nematoda,Chromadorea,Rhabditida,Metastrongylidae,Metastrongylus
Metastrongylus pudendotectus,2,terrestrial,-25.274398,32.31070310714286,56.95962400000001,-155.5827818,30.100768835714288,138.252924,Animalia,Nematoda,Chromadorea,Rhabditida,Metastrongylidae,Metastrongylus
Metastrongylus salmi,2,terrestrial,-35.675147,31.341701716666666,56.95962400000001,-119.4179324,4.47626245,138.252924,Animalia,Nematoda,Chromadorea,Rhabditida,Metastrongylidae,Metastrongylus
Metroliasthes lucida,2,terrestrial,27.6648274,39.04779776666667,46.227638,-81.5157535,-50.40976896666667,2.213749,Animalia,Platyhelminthes,Cestoda,Cyclophyllidea,Paruterinidae,Metroliasthes
Microsomacanthus compressa,3,freshwater,27.6648274,43.34546514,56.130366,-106.346771,-23.425827620000003,66.923684,Animalia,Platyhelminthes,Cestoda,Cyclophyllidea,Hymenolepididae,Microsomacanthus
Microsomacanthus diorchis,2,marine,78.90136,78.90136,78.90136,13.4838877,13.4838877,13.4838877,Animalia,Platyhelminthes,Cestoda,Cyclophyllidea,Hymenolepididae,Diorchis
Microsomacanthus ductilis,2,marine,36.204824,59.14417574,78.90136,-149.4936733,-9.55348666,138.252924,Animalia,Platyhelminthes,Cestoda,Cyclophyllidea,Hymenolepididae,Microsomacanthus
Microsomacanthus hopkinsi,2,freshwater,27.6648274,47.51347656666667,56.130366,-106.346771,-59.9606282,66.923684,Animalia,Platyhelminthes,Cestoda,Cyclophyllidea,Hymenolepididae,Microsomacanthus
Microsomacanthus microskrjabini,2,freshwater,43.41302899999999,49.30760933333333,56.130366,-106.346771,-13.627291700000002,34.299316,Animalia,Platyhelminthes,Cestoda,Cyclophyllidea,Hymenolepididae,Microsomacanthus
Microsomacanthus paracompressa,3,freshwater,47.3682887,50.670979675,56.130366,-106.346771,-5.108526450000003,66.923684,Animalia,Platyhelminthes,Cestoda,Cyclophyllidea,Hymenolepididae,Microsomacanthus
Microsomacanthus paramicrosoma,3,freshwater,40.069099,44.044336,48.019573,45.038189,55.9809365,66.923684,Animalia,Platyhelminthes,Cestoda,Cyclophyllidea,Hymenolepididae,Microsomacanthus
Microsomacanthus spiralibursata,3,freshwater,47.3682887,51.74932735,56.130366,-106.346771,-48.904657900000004,8.5374552,Animalia,Platyhelminthes,Cestoda,Cyclophyllidea,Hymenolepididae,Microsomacanthus
Microsomacanthus tuvensis,2,freshwater,48.019573,52.0749695,56.130366,-106.346771,-19.711543500000005,66.923684,Animalia,Platyhelminthes,Cestoda,Cyclophyllidea,Hymenolepididae,Microsomacanthus
Microtetrameres corax,2,terrestrial,38.969719,40.173604999999995,41.377491,59.556278,62.070769999999996,64.585262,Animalia,Nematoda,Chromadorea,Rhabditida,Tetrameridae,Microtetrameres
Microtetrameres helix,2,terrestrial,38.861034,46.734825425,53.7608608,-98.8138762,-9.125414324999998,71.276093,Animalia,Nematoda,Chromadorea,Rhabditida,Tetrameridae,Microtetrameres
Microtetrameres inermis,2,terrestrial,38.861034,38.861034,38.861034,71.276093,71.276093,71.276093,Animalia,Nematoda,Chromadorea,Rhabditida,Tetrameridae,Microtetrameres
Molineus barbatus,1,terrestrial,27.6648274,33.9592598,39.011902,-98.4842465,-90.61061113333334,-81.5157535,Animalia,Nematoda,Chromadorea,Rhabditida,Molineidae,Molineus
Molluscotaenia crassiscolex,2,terrestrial,46.227638,51.587525575,63.15587019999999,2.213749,25.187959225,66.923684,Animalia,Platyhelminthes,Cestoda,Cyclophyllidea,Dilepididae,Choanotaenia
Moniezia benedeni,2,terrestrial,-40.900557,32.497875095833336,60.47202399999999,-155.5827818,4.720901525,174.885971,Animalia,Platyhelminthes,Cestoda,Cyclophyllidea,Anoplocephalidae,Moniezia
Moniezia expansa,2,terrestrial,-40.900557,29.616413712765958,64.963051,-113.571487,2.1917614723404255,174.885971,Animalia,Platyhelminthes,Cestoda,Cyclophyllidea,Anoplocephalidae,Moniezia
Moniliformis clarki,2,terrestrial,27.6648274,38.80137854,53.5587003,-91.8318334,27.531119120000003,138.252924,Animalia,Acanthocephala,Archiacanthocephala,Moniliformida,Moniliformidae,Moniliformis
Moniliformis moniliformis,2,terrestrial,-25.274398,30.565512820689655,56.49067119999999,-119.4179324,8.434688531034483,178.065032,Animalia,Acanthocephala,Archiacanthocephala,Moniliformida,Moniliformidae,Moniliformis
Monobothrium hunteri,2,freshwater,47.723087,50.741973900000005,53.7608608,-98.8138762,-92.8772961,-86.940716,Animalia,Platyhelminthes,Cestoda,Caryophyllidea,Caryophyllaeidae,Promonobothrium
Mosgovoyia pectinata,2,terrestrial,14.058324,46.91503807142857,61.92410999999999,-105.7820674,8.338401907142856,108.277199,Animalia,Platyhelminthes,Cestoda,Cyclophyllidea,Anoplocephalidae,Mosgovoyia
Muellerius capillaris,2,terrestrial,-40.900557,33.602591195652174,64.963051,-119.4179324,-15.410429756521738,174.885971,Animalia,Nematoda,Chromadorea,Rhabditida,Metastrongylidae,Muellerius
Multitesticulata filamentosa,2,terrestrial,41.87194,41.87194,41.87194,12.56738,12.56738,12.56738,Animalia,Platyhelminthes,Cestoda,Cyclophyllidea,Dilepididae,Choanotaenia
Nematodiroides zembrae,1,terrestrial,33.886917,39.7333315,46.227638,-4.7277528,1.45284075,9.537499,Animalia,Nematoda,Chromadorea,Rhabditida,Molineidae,Nematodiroides
Nematodirus abnormalis,1,terrestrial,-40.900557,23.6019297625,71.706936,-95.712891,14.161499281250002,174.885971,Animalia,Nematoda,Chromadorea,Rhabditida,Molineidae,Nematodirus
Nematodirus battus,1,terrestrial,32.427908,50.420301941666665,61.89263500000001,-106.346771,-14.037404733333334,53.688046,Animalia,Nematoda,Chromadorea,Rhabditida,Molineidae,Nematodirus
Nematodirus filicollis,1,terrestrial,-40.900557,31.328317456666667,64.963051,-106.346771,12.61381603,174.885971,Animalia,Nematoda,Chromadorea,Rhabditida,Molineidae,Nematodirus
Nematodirus helvetianus,1,terrestrial,-40.900557,37.5552604,71.706936,-106.4508639,-0.23827077826086787,174.885971,Animalia,Nematoda,Chromadorea,Rhabditida,Molineidae,Nematodirus
Nematodirus spathiger,1,terrestrial,-40.900557,24.818114871875,71.706936,-106.346771,16.011782765625,174.885971,Animalia,Nematoda,Chromadorea,Rhabditida,Molineidae,Nematodirus
Nematoparataenia southwelli,2,freshwater,37.09024,48.617436133333335,54.5259614,-95.712891,-28.335276099999998,15.2551187,Animalia,Platyhelminthes,Cestoda,Cyclophyllidea,Hymenolepididae,Nematoparataenia
Neocamallanus ophiocephali,2,freshwater,30.375321,30.375321,30.375321,69.34511599999999,69.34511599999999,69.34511599999999,Animalia,Nematoda,Chromadorea,Rhabditida,Camallanidae,Camallanus
Neoctenotaenia ctenoides,2,terrestrial,37.09024,38.636337,41.2745004,-95.712891,-33.88425866666667,-1.2121322,Animalia,Platyhelminthes,Cestoda,Cyclophyllidea,Anoplocephalidae,Neoctenotaenia
Neoechinorhynchus cristatus,2,freshwater,42.0668852,48.77656994444445,53.9332706,-127.6476205,-87.54547693333333,-56.22,Animalia,Acanthocephala,Eoacanthocephala,Neoechinorhynchida,Neoechinorhynchidae,Neoechinorhynchus
Neoechinorhynchus cylindratus,4,freshwater,30.9842977,45.84138235882353,56.130366,-127.6476205,-91.15112311764706,-63.744311,Animalia,Acanthocephala,Eoacanthocephala,Neoechinorhynchida,Neoechinorhynchidae,Neoechinorhynchus
Neoechinorhynchus emydis,3,freshwater,23.634501,35.427744733333334,43.7844397,-102.552784,-76.38005481666667,12.56738,Animalia,Acanthocephala,Eoacanthocephala,Neoechinorhynchida,Neoechinorhynchidae,Neoechinorhynchus
Neoechinorhynchus rutili,4,freshwater,-14.5994134,49.28327287948718,66.7613451,-135,-28.663101756410256,124.123753,Animalia,Acanthocephala,Eoacanthocephala,Neoechinorhynchida,Neoechinorhynchidae,Neoechinorhynchus
Neoechinorhynchus saginatus,2,freshwater,37.09024,47.72878948,53.7266683,-127.6476205,-92.0119857,-73.5491361,Animalia,Acanthocephala,Eoacanthocephala,Neoechinorhynchida,Neoechinorhynchidae,Neoechinorhynchus
Neogryporhynchus cheilancristrotus,3,freshwater,23.634501,36.83465935,51.165691,-102.552784,-24.418863666666667,31.1655799,Animalia,Platyhelminthes,Cestoda,Cyclophyllidea,Dilepididae,Neogryporhynchus
Neoskrjabinolepis schaldybini,2,terrestrial,36.204824,49.85251194285714,63.15587019999999,10.451526,44.22706568571429,138.252924,Animalia,Platyhelminthes,Cestoda,Cyclophyllidea,Hymenolepididae,Hymenolepis
Neostrongylus linearis,2,terrestrial,31.791702,39.107777633333335,46.227638,-95.712891,-13.956540366666667,12.56738,Animalia,Nematoda,Chromadorea,Rhabditida,Metastrongylidae,Neostrongylus
Nippotaenia mogurndae,3,freshwater,36.204824,48.864417,61.52401,105.318756,121.78584000000001,138.252924,Animalia,Platyhelminthes,Cestoda,Nippotaeniidea,Nippotaeniidae,Nippotaenia
Nybelinia surmenicola,3,marine,-32.98,36.33386471428571,62.4113634,-149.0729714,63.928390414285715,149.3658173,Animalia,Platyhelminthes,Cestoda,Trypanorhyncha,Tentaculariidae,Nybelinia
Obeliscoides cuniculi,1,terrestrial,23.634501,41.61144277142857,56.130366,-106.346771,-82.39138385714286,12.56738,Animalia,Nematoda,Chromadorea,Rhabditida,Trichostrongylidae,Obeliscoides
Octospiniferoides chandleri,3,freshwater,23.634501,23.634501,23.634501,-102.552784,-102.552784,-102.552784,Animalia,Acanthocephala,Eoacanthocephala,Neoechinorhynchida,Neoechinorhynchidae,Octospiniferoides
Oesophagostomum asperum,1,terrestrial,-7.29,14.78591125,30.375321,69.34511599999999,91.63057875,109.9,Animalia,Nematoda,Chromadorea,Rhabditida,Strongylidae,Oesophagostomum
Oesophagostomum bifurcum,1,terrestrial,-23.59,10.077604285714287,41.87194,-15.180413,25.225211285714284,108.277199,Animalia,Nematoda,Chromadorea,Rhabditida,Strongylidae,Oesophagostomum
Oesophagostomum columbianum,1,terrestrial,-40.900557,14.67064078275862,56.130366,-106.346771,12.072776768965518,174.885971,Animalia,Nematoda,Chromadorea,Rhabditida,Strongylidae,Oesophagostomum
Oesophagostomum dentatum,1,terrestrial,-35.675147,33.8170212,56.95962400000001,-155.5827818,4.498058607692308,138.252924,Animalia,Nematoda,Chromadorea,Rhabditida,Strongylidae,Oesophagostomum
Oesophagostomum quadrispinulatum,1,terrestrial,-6.2649292,36.547868522222224,56.95962400000001,-155.5827818,-15.217344344444443,24.1016552,Animalia,Nematoda,Chromadorea,Rhabditida,Strongylidae,Oesophagostomum
Oesophagostomum radiatum,1,terrestrial,-40.900557,18.397651632258064,56.95962400000001,-155.5827818,21.02727849354839,174.885971,Animalia,Nematoda,Chromadorea,Rhabditida,Strongylidae,Oesophagostomum
Oesophagostomum venulosum,1,terrestrial,-40.900557,29.337309912820512,64.963051,-106.346771,11.123110538461539,174.885971,Animalia,Nematoda,Chromadorea,Rhabditida,Strongylidae,Oesophagostomum
Ohbayashinema erbaevae,1,terrestrial,46.227638,46.227638,46.227638,2.213749,2.213749,2.213749,Animalia,Nematoda,Chromadorea,Rhabditida,Heligmosomidae,Ohbayashinema
Oligacanthorhynchus tortuosa,2,terrestrial,23.634501,37.468184,53.569001,-113.571487,-102.6520348,-91.8318334,Animalia,Acanthocephala,Archiacanthocephala,Oligacanthorhynchida,Oligacanthorhynchidae,Oligacanthorhynchus
Ollulanus tricuspis,1,terrestrial,-35.675147,35.045299837500004,52.9399159,-106.4508639,-44.960756275,30.802498,Animalia,Nematoda,Chromadorea,Rhabditida,Molineidae,Ollulanus
Oncicola pomatostomi,3,terrestrial,-25.274398,-25.274398,-25.274398,133.775136,133.775136,133.775136,Animalia,Acanthocephala,Archiacanthocephala,Oligacanthorhynchida,Oligacanthorhynchidae,Oncicola
Oochoristica anolis,2,terrestrial,14.4122148,32.9885045,53.569001,-113.571487,-90.09887173333333,-64.7627955,Animalia,Platyhelminthes,Cestoda,Cyclophyllidea,Anoplocephalidae,Oochoristica
Oochoristica javaensis,2,terrestrial,-8.783195,6.03828214,30.9842977,-124.508523,19.152958220000006,109.9,Animalia,Platyhelminthes,Cestoda,Cyclophyllidea,Anoplocephalidae,Oochoristica
Oochoristica osheroffi,2,terrestrial,23.634501,37.993921,53.569001,-119.4179324,-111.84740113333334,-102.552784,Animalia,Platyhelminthes,Cestoda,Cyclophyllidea,Anoplocephalidae,Oochoristica
Oochoristica scelopori,2,terrestrial,23.634501,37.02418622,53.569001,-119.4179324,-108.4697651,-95.712891,Animalia,Platyhelminthes,Cestoda,Cyclophyllidea,Anoplocephalidae,Oochoristica
Ophidascaris baylisi,2,terrestrial,3.17,9.520016,15.870032,100.992541,101.3462705,101.7,Animalia,Nematoda,Chromadorea,Rhabditida,Ascarididae,Ophidascaris
Ophidascaris labiatopapillosa,2,freshwater,34.0489281,35.41359455,36.778261,-119.4179324,-115.25583175,-111.0937311,Animalia,Nematoda,Chromadorea,Rhabditida,Ascarididae,Ophidascaris
Ophidascaris moreliae,3,terrestrial,-31.2532183,-28.263808150000003,-25.274398,133.775136,140.3481175,146.921099,Animalia,Nematoda,Chromadorea,Rhabditida,Ascarididae,Ophidascaris
Ophidascaris pyrrhus,2,terrestrial,-37.01,-25.97056816,-6.314992999999999,133.775136,141.12218794,146.921099,Animalia,Nematoda,Chromadorea,Rhabditida,Ascarididae,Ophidascaris
Ophiotaenia filaroides,3,freshwater,23.634501,23.634501,23.634501,-102.552784,-102.552784,-102.552784,Animalia,Platyhelminthes,Cestoda,Onchoproteocephalidea,Proteocephalidae,Ophiotaenia
Ophiotaenia gracilis,2,freshwater,53.569001,53.569001,53.569001,-113.571487,-113.571487,-113.571487,Animalia,Platyhelminthes,Cestoda,Onchoproteocephalidea,Proteocephalidae,Ophiotaenia
Ophiotaenia perspicua,3,freshwater,23.634501,23.634501,23.634501,-102.552784,-102.552784,-102.552784,Animalia,Platyhelminthes,Cestoda,Onchoproteocephalidea,Proteocephalidae,Ophiotaenia
Ophiotaenia ranae,2,freshwater,36.204824,36.204824,36.204824,138.252924,138.252924,138.252924,Animalia,Platyhelminthes,Cestoda,Onchoproteocephalidea,Proteocephalidae,Ophiotaenia
Ophryocotyle insignis,2,marine,27.6648274,41.585814125,53.9332706,-116.5765035,-97.217116475,-81.5157535,Animalia,Platyhelminthes,Cestoda,Cyclophyllidea,Davaineidae,Ophryocotyle
Ophryocotyle proteus,2,marine,28.2915637,43.62980995,54.5259614,-16.6291304,8.0137869,31.1655799,Animalia,Platyhelminthes,Cestoda,Cyclophyllidea,Davaineidae,Ophryocotyle
Ornithostrongylus quadriradiatus,1,terrestrial,14.058324,38.071402081818185,56.130366,-106.346771,-9.578352318181818,138.252924,Animalia,Nematoda,Chromadorea,Rhabditida,Heligmosomidae,Ornithostrongylus
Oslerus osleri,1,terrestrial,-25.274398,39.4412172375,60.47202399999999,-119.4179324,-30.014671687499998,133.775136,Animalia,Nematoda,Chromadorea,Rhabditida,Filaroididae,Filaroides
Ostertagia ostertagi,1,terrestrial,-40.900557,28.647831036585366,60.47202399999999,-155.5827818,-12.492087521951218,174.885971,Animalia,Nematoda,Chromadorea,Rhabditida,Trichostrongylidae,Ostertagia
Oswaldocruzia filiformis,1,terrestrial,28.2915637,45.9677685117647,61.52401,-16.6291304,21.741419488235294,105.318756,Animalia,Nematoda,Chromadorea,Rhabditida,Molineidae,Oswaldocruzia
Otostrongylus circumlitus,2,marine,-14.5994134,45.88065856,65.2481624,-149.0729714,-3.9676901299999994,149.3658173,Animalia,Nematoda,Chromadorea,Rhabditida,Crenosomatidae,Otostrongylus
Oxyspirura mansoni,2,terrestrial,14.058324,29.619505333333336,51.165691,-102.552784,5.391980333333331,108.277199,Animalia,Nematoda,Chromadorea,Rhabditida,Thelaziidae,Oxyspirura
Oxyuris equi,1,terrestrial,-37.01,33.78210179642857,64.963051,-102.552784,9.134559567857144,165.618042,Animalia,Nematoda,Chromadorea,Rhabditida,Oxyuridae,Oxyuris
Pallisentis nagpurensis,3,freshwater,23.684994,23.684994,23.684994,90.356331,90.356331,90.356331,Animalia,Acanthocephala,Eoacanthocephala,Gyracanthocephala,Quadrigyridae,Pallisentis
Parabisaccanthes philactes,2,freshwater,47.3682887,50.044556925,56.130366,-106.346771,-2.8464079500000024,66.923684,Animalia,Platyhelminthes,Cestoda,Cyclophyllidea,Hymenolepididae,Parabisaccanthes
Paracamallanus cyathopharynx,2,freshwater,-23.59,4.86516636,26.820553,-14.452362,17.98642004,30.802498,Animalia,Nematoda,Chromadorea,Rhabditida,Camallanidae,Paracamallanus
Paracamallanus sweeti,3,freshwater,23.684994,23.684994,23.684994,90.356331,90.356331,90.356331,Animalia,Nematoda,Chromadorea,Rhabditida,Camallanidae,Paracamallanus
Paradilepis caballeroi,3,freshwater,23.634501,25.534544133333334,27.6648274,-102.552784,-91.37815183333333,-81.5157535,Animalia,Platyhelminthes,Cestoda,Cyclophyllidea,Gryporhynchidae,Paradilepis
Paradilepis scolecina,3,freshwater,-23.59,40.53974023076923,61.52401,-95.712891,39.83607438461538,138.252924,Animalia,Platyhelminthes,Cestoda,Cyclophyllidea,Gryporhynchidae,Paradilepis
Parafilaroides decorus,2,marine,36.778261,51.900214133333336,62.4113634,-149.0729714,-88.32509293333334,3.515625,Animalia,Nematoda,Chromadorea,Rhabditida,Filaroididae,Parafilaroides
Parafilaroides gymnurus,2,marine,-14.5994134,32.0492372,56.511018,-28.6731465,-9.901859166666668,3.515625,Animalia,Nematoda,Chromadorea,Rhabditida,Filaroididae,Parafilaroides
Paranoplocephala macrocephala,2,terrestrial,34.0489281,46.48471646666666,64.2008413,-149.4936733,-61.94043546666667,74.766098,Animalia,Platyhelminthes,Cestoda,Cyclophyllidea,Anoplocephalidae,Paranoplocephala
Paranoplocephala omphalodes,2,terrestrial,37.09024,51.57790687058824,64.2008413,-149.4936733,18.19435584117647,108.1649965,Animalia,Platyhelminthes,Cestoda,Cyclophyllidea,Anoplocephalidae,Paranoplocephala
Paraquimperia tenerrima,2,freshwater,37.5442706,51.10059038888888,60.47202399999999,-63.744311,-3.735701066666667,15.2551187,Animalia,Nematoda,Chromadorea,Rhabditida,Quimperiidae,Paraquimperia
Parascaris equorum,1,terrestrial,-37.01,37.20231081666667,64.963051,-110.3625658,11.617749206666668,144.75,Animalia,Nematoda,Chromadorea,Rhabditida,Ascarididae,Parascaris
Paratenuisentis ambiguus,2,freshwater,39.370134,45.587821,51.165691,-77.40677199999999,-21.580498999999996,10.451526,Animalia,Acanthocephala,Eoacanthocephala,Neoechinorhynchida,Tenuisentidae,Paratenuisentis
Parelaphostrongylus andersoni,2,terrestrial,45.253783,54.7739264,64.8255441,-127.6476205,-108.97241946,-69.4454689,Animalia,Nematoda,Chromadorea,Rhabditida,Metastrongylidae,Parelaphostrongylus
Parelaphostrongylus odocoilei,2,terrestrial,36.778261,50.051074075,56.130366,-127.6476205,-116.745952725,-106.346771,Animalia,Nematoda,Chromadorea,Rhabditida,Metastrongylidae,Parelaphostrongylus
Parelaphostrongylus tenuis,2,terrestrial,9.748916999999999,41.63619912592593,56.130366,-116.5765035,-88.9024420037037,-63.744311,Animalia,Nematoda,Chromadorea,Rhabditida,Metastrongylidae,Parelaphostrongylus
Paricterotaenia porosa,2,freshwater,28.2915637,46.95095285714286,64.2008413,-149.4936733,5.294247028571426,105.318756,Animalia,Platyhelminthes,Cestoda,Cyclophyllidea,Dilepididae,Paricterotaenia
Paruterina candelabraria,2,terrestrial,37.5442706,47.745257333333335,56.130366,-106.346771,2.472873133333332,66.923684,Animalia,Platyhelminthes,Cestoda,Cyclophyllidea,Paruterinidae,Paruterina
Paruterina rauschi,2,terrestrial,56.130366,56.130366,56.130366,-106.346771,-106.346771,-106.346771,Animalia,Platyhelminthes,Cestoda,Cyclophyllidea,Paruterinidae,Paruterina
Parvitaenia cochlearii,3,freshwater,23.634501,23.634501,23.634501,-102.552784,-102.552784,-102.552784,Animalia,Platyhelminthes,Cestoda,Cyclophyllidea,Gryporhynchidae,Parvitaenia
Passalurus ambiguus,1,terrestrial,-35.675147,34.85337311111111,56.49067119999999,-111.0937311,-5.24242805,165.618042,Animalia,Nematoda,Chromadorea,Rhabditida,Oxyuridae,Passalurus
Passerilepis stylosa,2,terrestrial,37.5442706,39.82843653333333,41.87194,-4.7277528,17.625938733333335,45.038189,Animalia,Platyhelminthes,Cestoda,Cyclophyllidea,Hymenolepididae,Passerilepis
Pearsonema mucronata,2,terrestrial,53.709807,53.709807,53.709807,27.953389,27.953389,27.953389,Animalia,Nematoda,Enoplea,Trichinellida,Trichuridae,Pearsonema
Pearsonema plica,2,terrestrial,36.204824,44.8388449,54.5259614,-85.323214,13.276280785714288,138.252924,Animalia,Nematoda,Enoplea,Trichinellida,Trichuridae,Pearsonema
Pharurus pallasii,2,marine,65.2481624,65.2481624,65.2481624,-60.4620977,-60.4620977,-60.4620977,Animalia,Nematoda,Chromadorea,Rhabditida,Pseudaliidae,Pharurus
Philometra abdominalis,2,freshwater,53.5587003,56.13714954,60.47202399999999,8.468945999999999,35.97439828,108.1649965,Animalia,Nematoda,Chromadorea,Rhabditida,Philometridae,Philometra
Philometra cylindracea,2,freshwater,42.0668852,47.198131716666666,56.130366,-106.346771,-85.96778313333333,-77.82706689999999,Animalia,Nematoda,Chromadorea,Rhabditida,Philometridae,Philometra
Philometra kotlani,2,freshwater,54.5259614,57.498992699999995,60.47202399999999,8.468945999999999,11.86203235,15.2551187,Animalia,Nematoda,Chromadorea,Rhabditida,Philometridae,Philometra
Philometra obturans,3,freshwater,54.5259614,57.86026819999999,63.15587019999999,15.2551187,22.62604374,32.9905552,Animalia,Nematoda,Chromadorea,Rhabditida,Philometridae,Philometra
Philometra ovata,2,freshwater,37.09024,52.02227153846154,63.15587019999999,-95.712891,12.860565684615384,47.576927,Animalia,Nematoda,Chromadorea,Rhabditida,Philometridae,Philometra
Philometra rischta,2,freshwater,40.143105,52.02643687,63.15587019999999,8.468945999999999,32.27723278,108.1649965,Animalia,Nematoda,Chromadorea,Rhabditida,Philometridae,Philometra
Philometroides cyprini,2,freshwater,36.204824,42.60700846666667,54.5259614,-95.712891,19.26505056666667,138.252924,Animalia,Nematoda,Chromadorea,Rhabditida,Philometridae,Philometroides
Philometroides huronensis,2,freshwater,51.253775,52.640119733333336,53.7266683,-127.6476205,-95.50665686666666,-73.5491361,Animalia,Nematoda,Chromadorea,Rhabditida,Philometridae,Philometroides
Philometroides nodulosa,2,freshwater,43.6333482,48.12046108,52.9399159,-86.940716,-81.2250454,-73.5491361,Animalia,Nematoda,Chromadorea,Rhabditida,Philometridae,Philometroides
Philometroides sanguinea,2,freshwater,54.5259614,59.384618533333324,63.15587019999999,8.468945999999999,18.904873300000002,32.9905552,Animalia,Nematoda,Chromadorea,Rhabditida,Philometridae,Philometroides
Philonema agubernaculum,2,freshwater,48.66,56.46596878888889,71.706936,-127.6476205,-84.79010447777777,-42.604303,Animalia,Nematoda,Chromadorea,Rhabditida,Philonematidae,Philonema
Philonema oncorhynchi,2,freshwater,36.204824,54.45230696,64.963051,-149.4936733,-30.463848260000002,138.252924,Animalia,Nematoda,Chromadorea,Rhabditida,Philonematidae,Philonema
Philonema sibirica,2,freshwater,53.5587003,59.07532473333333,66.7613451,15.2551187,53.58961553333333,124.123753,Animalia,Nematoda,Chromadorea,Rhabditida,Philonematidae,Philonema
Physaloptera hispida,2,terrestrial,27.6648274,33.3172732,38.969719,-81.5157535,-10.979737750000002,59.556278,Animalia,Nematoda,Chromadorea,Rhabditida,Physalopteridae,Physaloptera
Physaloptera maxillaris,2,terrestrial,-38.416097,13.782923333333335,56.130366,-106.346771,-90.83874233333333,-63.61667199999999,Animalia,Nematoda,Chromadorea,Rhabditida,Physalopteridae,Physaloptera
Physaloptera praeputialis,3,terrestrial,-23.59,31.16859264,64.2008413,-149.4936733,20.964072746666666,108.277199,Animalia,Nematoda,Chromadorea,Rhabditida,Physalopteridae,Physaloptera
Physaloptera rara,3,terrestrial,27.6648274,42.39951655,56.130366,-106.346771,-72.19572325,59.556278,Animalia,Nematoda,Chromadorea,Rhabditida,Physalopteridae,Physaloptera
Physocephalus sexalatus,3,terrestrial,-35.675147,30.718629518181817,56.95962400000001,-155.5827818,9.506860803030303,146.921099,Animalia,Nematoda,Chromadorea,Rhabditida,Spirocercidae,Physocephalus
Placoconus lotoris,1,terrestrial,56.130366,56.130366,56.130366,-106.346771,-106.346771,-106.346771,Animalia,Nematoda,Chromadorea,Rhabditida,Ancylostomatidae,Placoconus
Plagiorhynchus cylindraceus,2,terrestrial,27.6648274,40.75250234285714,54.236107,-99.9018131,-59.93418454285714,31.1655799,Animalia,Acanthocephala,Palaeacanthocephala,Polymorphida,Plagiorhynchidae,Plagiorhynchus
Platyscolex ciliata,2,freshwater,27.6648274,45.2422708,56.130366,-106.346771,-63.094271175,34.299316,Animalia,Platyhelminthes,Cestoda,Cyclophyllidea,Dilepididae,Platyscolex
Pneumostrongylus calcaratus,2,terrestrial,-26.522503,-26.522503,-26.522503,31.465866,31.465866,31.465866,Animalia,Nematoda,Chromadorea,Rhabditida,Metastrongylidae,Pneumostrongylus
Polydelphis anoura,4,terrestrial,-31.2532183,-28.263808150000003,-25.274398,133.775136,140.3481175,146.921099,Animalia,Nematoda,Chromadorea,Rhabditida,Ascarididae,Polydelphis
Polymorphus cincli,2,freshwater,48.379433,48.379433,48.379433,31.1655799,31.1655799,31.1655799,Animalia,Acanthocephala,Palaeacanthocephala,Polymorphida,Polymorphidae,Polymorphus
Polymorphus contortus,2,freshwater,47.516231,53.002091500000006,58.48795200000001,14.550072,17.2066765,19.863281,Animalia,Acanthocephala,Palaeacanthocephala,Polymorphida,Polymorphidae,Polymorphus
Polymorphus marilis,2,freshwater,53.7608608,53.8470657,53.9332706,-116.5765035,-107.69518984999999,-98.8138762,Animalia,Acanthocephala,Palaeacanthocephala,Polymorphida,Polymorphidae,Polymorphus
Polymorphus minutus,2,freshwater,26.820553,47.885040970588236,64.963051,-149.4936733,10.195138694117647,123.7964613,Animalia,Acanthocephala,Palaeacanthocephala,Polymorphida,Polymorphidae,Polymorphus
Polymorphus paradoxus,2,freshwater,53.9332706,55.0318183,56.130366,-116.5765035,-111.46163725,-106.346771,Animalia,Acanthocephala,Palaeacanthocephala,Polymorphida,Polymorphidae,Polymorphus
Polymorphus trochus,2,freshwater,27.6648274,40.6169142,53.569001,-113.571487,-97.54362025,-81.5157535,Animalia,Acanthocephala,Palaeacanthocephala,Polymorphida,Polymorphidae,Polymorphus
Polyonchobothrium clarias,3,freshwater,-23.59,5.1934008333333335,26.820553,-14.452362,19.932915166666668,32.290275,Animalia,Platyhelminthes,Cestoda,Bothriocephalidea,Bothriocephalidae,Tetracampos
Pomphorhynchus bulbocolli,2,freshwater,23.634501,46.11030251363636,56.130366,-127.6476205,-91.2581087090909,-63.744311,Animalia,Acanthocephala,Palaeacanthocephala,Echinorhynchida,Pomphorhynchidae,Pomphorhynchus
Pomphorhynchus laevis,4,freshwater,-14.5994134,46.2787929,63.15587019999999,-102.552784,4.156626185185186,71.276093,Animalia,Acanthocephala,Palaeacanthocephala,Echinorhynchida,Pomphorhynchidae,Pomphorhynchus
Porrocaecum angusticolle,3,terrestrial,27.6648274,36.4293792,41.87194,-81.5157535,27.17057814,138.252924,Animalia,Nematoda,Chromadorea,Rhabditida,Ascarididae,Porrocaecum
Porrocaecum crassum,2,freshwater,-0.023559,33.12205673333333,53.709807,-81.5157535,39.53828958333333,138.252924,Animalia,Nematoda,Chromadorea,Rhabditida,Ascarididae,Porrocaecum
Porrocaecum ensicaudatum,2,terrestrial,14.058324,46.580892657142854,61.92410999999999,-127.6476205,-14.133323014285713,108.277199,Animalia,Nematoda,Chromadorea,Rhabditida,Ascarididae,Porrocaecum
Procamallanus laeviconchus,3,freshwater,-6.2649292,9.5392819666666675,26.820553,-14.452362,15.344863533333333,32.290275,Animalia,Nematoda,Chromadorea,Rhabditida,Camallanidae,Procamallanus
Procamallanus spiculogubernaculus,2,freshwater,23.684994,23.684994,23.684994,90.356331,90.356331,90.356331,Animalia,Nematoda,Chromadorea,Rhabditida,Camallanidae,Procamallanus
Prochristianella hispida,3,marine,25.304304,25.304304,25.304304,-90.065918,-90.065918,-90.065918,Animalia,Platyhelminthes,Cestoda,Trypanorhyncha,Eutetrarhynchidae,Prochristianella
Procyrnea zorillae,3,terrestrial,38.969719,38.969719,38.969719,59.556278,59.556278,59.556278,Animalia,Nematoda,Chromadorea,Rhabditida,Habronematidae,Procyrnea
Profilicollis altmani,2,marine,35.7595731,36.26891705,36.778261,-119.4179324,-99.21861605,-79.01929969999999,Animalia,Acanthocephala,Palaeacanthocephala,Polymorphida,Polymorphidae,Profilicollis
Profilicollis botulus,2,marine,53.7266683,58.918190325,64.963051,-127.6476205,-33.670971125,8.468945999999999,Animalia,Acanthocephala,Palaeacanthocephala,Polymorphida,Polymorphidae,Profilicollis
Profilicollis novaezelandensis,2,marine,-42.6919232,-42.6919232,-42.6919232,171.3399414,171.3399414,171.3399414,Animalia,Acanthocephala,Palaeacanthocephala,Polymorphida,Polymorphidae,Profilicollis
Proleptus niedmanni,2,marine,-32.98,-32.98,-32.98,-71.00999999999999,-71.00999999999999,-71.00999999999999,Animalia,Nematoda,Chromadorea,Rhabditida,Physalopteridae,Proleptus
Proleptus obtusus,2,marine,-33.137551,31.62985518571428,56.41323389999999,-77.40677199999999,6.109307742857144,81.826172,Animalia,Nematoda,Chromadorea,Rhabditida,Physalopteridae,Proleptus
Prosthenorchis elegans,2,terrestrial,23.634501,39.84338833333333,48.379433,-102.552784,-18.9457107,31.1655799,Animalia,Acanthocephala,Archiacanthocephala,Oligacanthorhynchida,Oligacanthorhynchidae,Prosthenorchis
Proteocephalus ambiguus,2,freshwater,39.370134,54.273120657142854,63.15587019999999,-77.40677199999999,0.3888131428571449,32.9905552,Animalia,Platyhelminthes,Cestoda,Onchoproteocephalidea,Proteocephalidae,Proteocephalus
Proteocephalus ambloplitis,4,freshwater,18.220833,40.767669507142855,53.569001,-113.571487,-90.28472939285714,-66.590149,Animalia,Platyhelminthes,Cestoda,Onchoproteocephalidea,Proteocephalidae,Proteocephalus
Proteocephalus cernuae,2,freshwater,37.09024,55.30519405,63.15587019999999,-95.712891,17.2489003,105.318756,Animalia,Platyhelminthes,Cestoda,Onchoproteocephalidea,Proteocephalidae,Proteocephalus
Proteocephalus filicollis,3,freshwater,39.370134,55.88314896428571,63.15587019999999,-116.5765035,-4.375640449999999,105.318756,Animalia,Platyhelminthes,Cestoda,Onchoproteocephalidea,Proteocephalidae,Proteocephalus
Proteocephalus fluviatilis,3,freshwater,36.204824,43.64220234,51.253775,-85.323214,-37.744478459999996,138.252924,Animalia,Platyhelminthes,Cestoda,Onchoproteocephalidea,Proteocephalidae,Proteocephalus
Proteocephalus longicollis,4,freshwater,39.370134,53.968599765,71.706936,-106.346771,-10.207609329999999,32.9905552,Animalia,Platyhelminthes,Cestoda,Onchoproteocephalidea,Proteocephalidae,Proteocephalus
Proteocephalus macrocephalus,2,freshwater,37.09024,50.26835462727273,64.963051,-113.571487,-18.01703196818182,32.9905552,Animalia,Platyhelminthes,Cestoda,Onchoproteocephalidea,Proteocephalidae,Proteocephalus
Proteocephalus osculatus,2,freshwater,33.223191,47.0219008375,55.169438,-4.548056,29.908298124999998,59.6134113,Animalia,Platyhelminthes,Cestoda,Onchoproteocephalidea,Proteocephalidae,Glanitaenia
Proteocephalus pearsei,2,freshwater,37.09024,47.40641822,56.130366,-113.571487,-91.71489253,-77.82706689999999,Animalia,Platyhelminthes,Cestoda,Onchoproteocephalidea,Proteocephalidae,Proteocephalus
Proteocephalus percae,4,freshwater,37.5442706,51.24441103333333,63.15587019999999,-88.7878678,18.58355230952381,108.1649965,Animalia,Platyhelminthes,Cestoda,Onchoproteocephalidea,Proteocephalidae,Proteocephalus
Proteocephalus thymalli,2,freshwater,46.862496,54.617769814285715,63.15587019999999,15.2551187,44.949834114285714,108.1649965,Animalia,Platyhelminthes,Cestoda,Onchoproteocephalidea,Proteocephalidae,Proteocephalus
Proteocephalus torulosus,3,freshwater,23.634501,48.52495613125,63.15587019999999,-102.552784,17.0267306625,105.318756,Animalia,Platyhelminthes,Cestoda,Onchoproteocephalidea,Proteocephalidae,Proteocephalus
Protospirura muricola,2,terrestrial,-13.254308,9.443471875,38.969719,-124.508523,10.504352500000003,171.184478,Animalia,Nematoda,Chromadorea,Rhabditida,Spiruridae,Protospirura
Protospirura numidica,2,terrestrial,-38.416097,10.2979902,37.5442706,-81.5157535,-43.06756626,9.537499,Animalia,Nematoda,Chromadorea,Rhabditida,Spiruridae,Protospirura
Protostrongylus boughtoni,2,terrestrial,43.7844397,54.3782529,64.2823274,-135,-109.1050037,-88.7878678,Animalia,Nematoda,Chromadorea,Rhabditida,Metastrongylidae,Protostrongylus
Protostrongylus cuniculorum,2,terrestrial,41.2745004,41.5732202,41.87194,-1.2121322,5.6776239,12.56738,Animalia,Nematoda,Chromadorea,Rhabditida,Metastrongylidae,Protostrongylus
Protostrongylus davtiani,2,terrestrial,40.143105,40.760298,41.377491,47.576927,56.0810945,64.585262,Animalia,Nematoda,Chromadorea,Rhabditida,Metastrongylidae,Protostrongylus
Protostrongylus hobmaieri,2,terrestrial,40.143105,44.237809075,53.5587003,12.56738,58.223641375,108.1649965,Animalia,Nematoda,Chromadorea,Rhabditida,Metastrongylidae,Protostrongylus
Protostrongylus rufescens,2,terrestrial,-40.900557,25.453689255555556,46.227638,-95.712891,2.192196611111114,174.885971,Animalia,Nematoda,Chromadorea,Rhabditida,Metastrongylidae,Protostrongylus
Protostrongylus skrjabini,2,terrestrial,41.377491,41.377491,41.377491,64.585262,64.585262,64.585262,Animalia,Nematoda,Chromadorea,Rhabditida,Metastrongylidae,Protostrongylus
Protostrongylus tauricus,2,terrestrial,37.5442706,37.5442706,37.5442706,-4.7277528,-4.7277528,-4.7277528,Animalia,Nematoda,Chromadorea,Rhabditida,Metastrongylidae,Protostrongylus
Pseudalius inflexus,2,marine,-14.5994134,46.33575027272727,62.4113634,-149.0729714,-16.286719154545455,34.299316,Animalia,Nematoda,Chromadorea,Rhabditida,Pseudaliidae,Pseudalius
Pseudanoplocephala crawfordi,2,terrestrial,14.058324,14.058324,14.058324,108.277199,108.277199,108.277199,Animalia,Platyhelminthes,Cestoda,Cyclophyllidea,Hymenolepididae,Pseudanoplocephala
Pseudhymenolepis redonica,2,terrestrial,37.5442706,39.591662166666666,41.87194,-4.7277528,3.5250866666666667,12.56738,Animalia,Platyhelminthes,Cestoda,Cyclophyllidea,Hymenolepididae,Pseudhymenolepis
Pseudocapillaria tomentosa,2,freshwater,23.634501,44.40598137,60.47202399999999,-102.552784,9.01318161,138.252924,Animalia,Nematoda,Enoplea,Trichinellida,Capillariidae,Pseudocapillaria
Pseudoterranova cattani,4,marine,-32.98,-32.98,-32.98,-71.00999999999999,-71.00999999999999,-71.00999999999999,Animalia,Nematoda,Chromadorea,Rhabditida,Anisakidae,Pseudoterranova
Pseudoterranova decipiens,4,marine,-42.6919232,41.94257208529412,71.706936,-149.4936733,-7.398942344117647,171.3399414,Animalia,Nematoda,Chromadorea,Rhabditida,Anisakidae,Pseudoterranova
Pterygodermatites affinis,3,terrestrial,37.5442706,41.72958725,46.227638,-4.7277528,2.210311,12.56738,Animalia,Nematoda,Chromadorea,Rhabditida,Rictulariidae,Pterygodermatites
Pterygodermatites coloradensis,2,terrestrial,38.8026097,41.4354058,44.0682019,-116.419389,-115.5807149,-114.7420408,Animalia,Nematoda,Chromadorea,Rhabditida,Rictulariidae,Pterygodermatites
Pterygodermatites hispanica,2,terrestrial,37.5442706,37.5442706,37.5442706,-4.7277528,-4.7277528,-4.7277528,Animalia,Nematoda,Chromadorea,Rhabditida,Rictulariidae,Pterygodermatites
Pterygodermatites peromysci,2,terrestrial,27.6648274,27.6648274,27.6648274,-81.5157535,-81.5157535,-81.5157535,Animalia,Nematoda,Chromadorea,Rhabditida,Rictulariidae,Pterygodermatites
Quadriplotriaena hypsokysta,2,terrestrial,53.9332706,53.9332706,53.9332706,-116.5765035,-116.5765035,-116.5765035,Animalia,Nematoda,Chromadorea,Rhabditida,Diplotriaenidae,Quadriplotriaena
Rabbium paradoxus,2,terrestrial,27.6648274,27.6648274,27.6648274,-81.5157535,-81.5157535,-81.5157535,Animalia,Nematoda,Chromadorea,Rhabditida,Seuratidae,Rabbium
Raillietina australis,2,terrestrial,-37.01,-32.75448326666667,-30.0002315,136.2091547,142.62675123333332,146.921099,Animalia,Arthropoda,Arachnida,Mesostigmata,Raillietiidae,Raillietia
Raillietina beveridgei,2,terrestrial,-37.01,-33.50511575,-30.0002315,136.2091547,140.47957735,144.75,Animalia,Platyhelminthes,Cestoda,Cyclophyllidea,Davaineidae,Raillietina
Raillietina cesticillus,2,terrestrial,-35.675147,18.554217945454546,41.87194,-81.5157535,25.76513768181818,138.252924,Animalia,Platyhelminthes,Cestoda,Cyclophyllidea,Davaineidae,Skrjabinia
Raillietina chiltoni,2,terrestrial,-30.0002315,-30.0002315,-30.0002315,136.2091547,136.2091547,136.2091547,Animalia,Platyhelminthes,Cestoda,Cyclophyllidea,Davaineidae,Raillietina
Raillietina dromaius,2,terrestrial,-37.01,-32.75448326666667,-30.0002315,136.2091547,142.62675123333332,146.921099,Animalia,Platyhelminthes,Cestoda,Cyclophyllidea,Davaineidae,Raillietina
Raillietina echinobothrida,2,terrestrial,3.17,27.849736411764706,48.379433,-95.712891,45.47507958235294,138.252924,Animalia,Platyhelminthes,Cestoda,Cyclophyllidea,Davaineidae,Raillietina
Raillietina georgiensis,2,terrestrial,27.6648274,27.6648274,27.6648274,-81.5157535,-81.5157535,-81.5157535,Animalia,Platyhelminthes,Cestoda,Cyclophyllidea,Davaineidae,Raillietina
Raillietina mitchelli,2,terrestrial,-30.0002315,-30.0002315,-30.0002315,136.2091547,136.2091547,136.2091547,Animalia,Platyhelminthes,Cestoda,Cyclophyllidea,Davaineidae,Raillietina
Raillietina tetragona,2,terrestrial,3.17,29.16903511111111,48.379433,-95.712891,25.962188533333332,108.277199,Animalia,Platyhelminthes,Cestoda,Cyclophyllidea,Davaineidae,Raillietina
Raphidascaris acus,3,freshwater,-14.5994134,49.04289899302326,66.7613451,-127.6476205,-15.063555667441861,124.123753,Animalia,Nematoda,Chromadorea,Rhabditida,Raphidascarididae,Raphidascaris
Raphidascaris gigi,3,freshwater,36.204824,36.204824,36.204824,138.252924,138.252924,138.252924,Animalia,Nematoda,Chromadorea,Rhabditida,Raphidascarididae,Ichthyascaris
Retinometra venusta,2,freshwater,40.069099,48.0997325,56.130366,-106.346771,-30.654291,45.038189,Animalia,Platyhelminthes,Cestoda,Cyclophyllidea,Hymenolepididae,Retinometra
Rhabdochona canadensis,2,freshwater,23.634501,45.05573371111111,53.9332706,-127.6476205,-95.74882483333333,-77.82706689999999,Animalia,Nematoda,Chromadorea,Rhabditida,Rhabdochonidae,Rhabdochona
Rhabdochona cascadilla,2,freshwater,45.0521793,51.7131415,56.130366,-127.6476205,-98.53314597777778,-73.5491361,Animalia,Nematoda,Chromadorea,Rhabditida,Rhabdochonidae,Rhabdochona
Rhabdochona coronacauda,2,freshwater,36.204824,48.864417,61.52401,105.318756,121.78584000000001,138.252924,Animalia,Nematoda,Chromadorea,Rhabditida,Rhabdochonidae,Rhabdochona
Rhabdochona denudata,2,freshwater,32.427908,45.214563235294115,63.15587019999999,-95.712891,26.908083852941175,138.252924,Animalia,Nematoda,Chromadorea,Rhabditida,Rhabdochonidae,Rhabdochona
Rhabdochona ergensi,2,freshwater,40.143105,53.08772449999999,63.15587019999999,15.2551187,27.7694299,47.576927,Animalia,Nematoda,Chromadorea,Rhabditida,Rhabdochonidae,Rhabdochona
Rhabdochona gnedini,2,freshwater,37.5442706,46.035116,54.5259614,-4.7277528,5.26368295,15.2551187,Animalia,Nematoda,Chromadorea,Rhabditida,Rhabdochonidae,Rhabdochona
Rhabdochona hellichi,2,freshwater,33.223191,42.33101583333333,54.5259614,-4.7277528,30.564952316666666,71.276093,Animalia,Nematoda,Chromadorea,Rhabditida,Rhabdochonidae,Rhabdochona
Rhabdochona kidderi,2,freshwater,12.7690126,16.422976533333333,23.634501,-102.552784,-91.12079243333334,-85.207229,Animalia,Nematoda,Chromadorea,Rhabditida,Rhabdochonidae,Rhabdochona
Rhabdochona oncorhynchi,2,freshwater,36.204824,53.181704849999996,61.52401,8.468945999999999,66.823936175,138.252924,Animalia,Nematoda,Chromadorea,Rhabditida,Rhabdochonidae,Rhabdochona
Rhabdochona phoxini,2,freshwater,54.5259614,54.5259614,54.5259614,15.2551187,15.2551187,15.2551187,Animalia,Nematoda,Chromadorea,Rhabditida,Rhabdochonidae,Rhabdochona
Rictularia cristata,2,terrestrial,28.394857,45.27882994,54.5259614,15.2551187,74.75008724,138.252924,Animalia,Nematoda,Chromadorea,Rhabditida,Rictulariidae,Rictularia
Rictularia proni,2,terrestrial,14.058324,38.856133962499996,53.709807,-4.7277528,24.5652274375,108.277199,Animalia,Nematoda,Chromadorea,Rhabditida,Rictulariidae,Rictularia
Rodentolepis asymmetrica,2,terrestrial,37.5442706,47.2062133,54.5259614,-4.7277528,11.466664100000001,31.1655799,Animalia,Platyhelminthes,Cestoda,Cyclophyllidea,Hymenolepididae,Rodentolepis
Rodentolepis microstoma,2,terrestrial,37.5442706,45.37389898,54.5259614,-4.7277528,16.69620814,74.766098,Animalia,Platyhelminthes,Cestoda,Cyclophyllidea,Hymenolepididae,Rodentolepis
Rodentolepis straminea,2,terrestrial,14.058324,45.29829725882353,61.52401,-4.7277528,39.90874745294118,108.277199,Animalia,Platyhelminthes,Cestoda,Cyclophyllidea,Hymenolepididae,Rodentolepis
Ryjikovilepis dubininae,2,freshwater,48.379433,48.379433,48.379433,31.1655799,31.1655799,31.1655799,Animalia,Platyhelminthes,Cestoda,Cyclophyllidea,Schistotaeniidae,Ryjikovilepis
Salvelinema salmonicola,2,freshwater,36.204824,50.48516743333333,61.52401,-127.6476205,38.64135316666667,138.252924,Animalia,Nematoda,Chromadorea,Rhabditida,Cystidicolidae,Salvelinema
Salvelinema walkeri,2,freshwater,53.7266683,53.7266683,53.7266683,-127.6476205,-127.6476205,-127.6476205,Animalia,Nematoda,Chromadorea,Rhabditida,Cystidicolidae,Salvelinema
Schistocephalus pungitii,3,freshwater,39.370134,53.845050314285714,63.15587019999999,-77.40677199999999,8.022557557142857,105.318756,Animalia,Platyhelminthes,Cestoda,Diphyllobothriidea,Diphyllobothriidae,Schistocephalus
Schistocephalus solidus,3,freshwater,36.204824,52.853506603999996,64.963051,-149.4936733,-28.56723958,138.252924,Animalia,Platyhelminthes,Cestoda,Diphyllobothriidea,Diphyllobothriidae,Schistocephalus
Schistotaenia colymba,2,freshwater,53.9332706,53.9332706,53.9332706,-116.5765035,-116.5765035,-116.5765035,Animalia,Platyhelminthes,Cestoda,Cyclophyllidea,Schistotaeniidae,Schistotaenia
Schistotaenia srivastavai,2,freshwater,53.9332706,53.9332706,53.9332706,-116.5765035,-116.5765035,-116.5765035,Animalia,Platyhelminthes,Cestoda,Cyclophyllidea,Schistotaeniidae,Schistotaenia
Schistotaenia tenuicirrus,2,freshwater,53.9332706,53.9332706,53.9332706,-116.5765035,-116.5765035,-116.5765035,Animalia,Platyhelminthes,Cestoda,Cyclophyllidea,Schistotaeniidae,Schistotaenia
Schizorchis altaica,2,terrestrial,53.5587003,53.5587003,53.5587003,108.1649965,108.1649965,108.1649965,Animalia,Platyhelminthes,Cestoda,Cyclophyllidea,Anoplocephalidae,Schizorchis
Serpinema trispinosum,3,freshwater,12.7690126,23.09085546,35.20105,-102.552784,-91.43130868,-85.207229,Animalia,Nematoda,Chromadorea,Rhabditida,Camallanidae,Serpinema
Serratospiculum tendo,2,terrestrial,33.886917,38.41984308,41.87194,-1.2121322,46.08435276,138.252924,Animalia,Nematoda,Chromadorea,Rhabditida,Diplotriaenidae,Serratospiculum
Seuratum cadarachense,2,terrestrial,33.886917,36.92998783333333,39.3587759,-4.7277528,2.5151263333333334,9.537499,Animalia,Nematoda,Chromadorea,Rhabditida,Seuratidae,Seuratum
Sicarius dipterum,2,terrestrial,33.886917,36.764073866666664,38.861034,-4.7277528,25.3619464,71.276093,Animalia,Nematoda,Chromadorea,Rhabditida,Habronematidae,Sicarius
Simondsia paradoxa,3,terrestrial,14.058324,36.579879257142856,54.236107,-4.7277528,28.82791597142857,108.277199,Animalia,Nematoda,Chromadorea,Rhabditida,Spirocercidae,Simondsia
Skrjabinema ovis,1,terrestrial,-38.416097,32.04078326875,60.47202399999999,-106.346771,19.534771468749998,108.1649965,Animalia,Nematoda,Chromadorea,Rhabditida,Oxyuridae,Skrjabinema
Skrjabingylus chitwoodorum,3,terrestrial,36.778261,46.4543135,56.130366,-119.4179324,-112.8823517,-106.346771,Animalia,Nematoda,Chromadorea,Rhabditida,Metastrongylidae,Skrjabingylus
Skrjabingylus nasicola,3,terrestrial,36.204824,49.22096013,61.92410999999999,-106.346771,9.64499363,138.252924,Animalia,Nematoda,Chromadorea,Rhabditida,Metastrongylidae,Skrjabingylus
Skrjabinocerca prima,2,terrestrial,51.253775,55.57035186666666,61.52401,-116.5765035,-32.193653833333336,105.318756,Animalia,Nematoda,Chromadorea,Rhabditida,Acuariidae,Skrjabinocerca
Skrjabinoclava inornatae,2,marine,-9.189967,39.95666791,56.130366,-119.4179324,-95.22873333,-63.744311,Animalia,Nematoda,Chromadorea,Rhabditida,Acuariidae,Skrjabinoclava
Skrjabinoclava morrisoni,2,marine,39.0457549,50.20891634444445,56.130366,-116.5765035,-92.65891268888889,-63.744311,Animalia,Nematoda,Chromadorea,Rhabditida,Acuariidae,Skrjabinoclava
Skrjabinoptera phrynosoma,2,terrestrial,18.53,31.93778181,44.0682019,-119.4179324,-100.40394059,-72.33,Animalia,Nematoda,Chromadorea,Rhabditida,Physalopteridae,Skrjabinoptera
Sobolevicanthus gracilis,3,freshwater,27.6648274,45.99068546363637,56.130366,-106.346771,5.936480054545454,138.252924,Animalia,Platyhelminthes,Cestoda,Cyclophyllidea,Hymenolepididae,Sobolevicanthus
Sobolevicanthus krabbeella,2,freshwater,47.3682887,50.5505939,56.26392,8.5374552,28.32097473333333,66.923684,Animalia,Platyhelminthes,Cestoda,Cyclophyllidea,Hymenolepididae,Sobolevicanthus
Sobolevicanthus octacantha,3,freshwater,-6.2649292,31.176390700000002,56.130366,-106.346771,1.4034347999999977,66.923684,Animalia,Platyhelminthes,Cestoda,Cyclophyllidea,Hymenolepididae,Sobolevicanthus
Soboliphyme baturini,3,terrestrial,36.204824,48.252530125,64.2008413,-149.4936733,5.070744000000001,138.252924,Animalia,Nematoda,Enoplea,Dioctophymatida,Soboliphymatidae,Soboliphyme
Soboliphyme soricis,2,terrestrial,46.227638,46.227638,46.227638,2.213749,2.213749,2.213749,Animalia,Nematoda,Enoplea,Dioctophymatida,Soboliphymatidae,Soboliphyme
Southwellina hispida,3,marine,19.8967662,29.2437631,41.87194,-155.5827818,-85.47712471666667,12.56738,Animalia,Acanthocephala,Palaeacanthocephala,Polymorphida,Polymorphidae,Southwellina
Spathebothrium simplex,2,marine,-14.5994134,32.063638899999994,54.5259614,-28.6731465,68.897999125,149.3658173,Animalia,Platyhelminthes,Cestoda,Spathebothriidea,Spathebothriidae,Spathebothrium
Sphaerirostris picae,3,terrestrial,48.379433,48.379433,48.379433,31.1655799,31.1655799,31.1655799,Animalia,Acanthocephala,Palaeacanthocephala,Polymorphida,Centrorhynchidae,Sphaerirostris
Spinitectus carolini,3,freshwater,18.220833,39.768075933333336,53.569001,-113.571487,-86.352633175,-66.590149,Animalia,Nematoda,Chromadorea,Rhabditida,Cystidicolidae,Spinitectus
Spinitectus gracilis,3,freshwater,35.5174913,45.448904285714285,56.130366,-113.571487,-90.56474659999999,-77.82706689999999,Animalia,Nematoda,Chromadorea,Rhabditida,Cystidicolidae,Spinitectus
Spinitectus inermis,2,freshwater,37.5442706,48.76877966666667,54.5259614,-4.7277528,1.9931033000000002,15.2551187,Animalia,Nematoda,Chromadorea,Rhabditida,Cystidicolidae,Spinitectus
Spinitectus micracanthus,2,freshwater,40.2671941,40.2671941,40.2671941,-86.1349019,-86.1349019,-86.1349019,Animalia,Nematoda,Chromadorea,Rhabditida,Cystidicolidae,Spinitectus
Spinitectus ranae,2,freshwater,14.058324,14.058324,14.058324,108.277199,108.277199,108.277199,Animalia,Nematoda,Chromadorea,Rhabditida,Cystidicolidae,Spinitectus
Spirocamallanus hilarii,3,freshwater,-38.416097,-38.416097,-38.416097,-63.61667199999999,-63.61667199999999,-63.61667199999999,Animalia,Nematoda,Chromadorea,Rhabditida,Camallanidae,Procamallanus
Spirocamallanus mysti,2,freshwater,23.684994,23.684994,23.684994,90.356331,90.356331,90.356331,Animalia,Nematoda,Chromadorea,Rhabditida,Camallanidae,Spirocamallanus
Spirocerca lupi,3,terrestrial,-28.4541105,31.491719847826086,56.130366,-106.346771,13.446031604347827,79,Animalia,Nematoda,Chromadorea,Rhabditida,Spirocercidae,Spirocerca
Spirura infundibuliformis,2,terrestrial,44.0682019,51.3772795,56.130366,-116.5765035,-112.5551051,-106.346771,Animalia,Nematoda,Chromadorea,Rhabditida,Spiruridae,Spirura
Spirura malayensis,2,terrestrial,3.17,3.17,3.17,101.7,101.7,101.7,Animalia,Nematoda,Chromadorea,Rhabditida,Spiruridae,Spirura
Spirura rytipleurites,2,terrestrial,26.820553,39.921755588888885,54.5259614,-7.092619999999999,14.87657248888889,59.556278,Animalia,Nematoda,Chromadorea,Rhabditida,Spiruridae,Spirura
Spirura talpae,2,terrestrial,26.820553,44.833082233333336,54.5259614,-4.7277528,16.184291933333334,30.802498,Animalia,Nematoda,Chromadorea,Rhabditida,Spiruridae,Spirura
Staphylocystis brusatae,2,terrestrial,38.969719,43.494646,48.019573,59.556278,63.239981,66.923684,Animalia,Platyhelminthes,Cestoda,Cyclophyllidea,Hymenolepididae,Staphylocystis
Staphylocystis furcata,2,terrestrial,0.9618833999999999,41.10688897272727,63.15587019999999,-4.548056,58.90927168181818,138.252924,Animalia,Platyhelminthes,Cestoda,Cyclophyllidea,Hymenolepididae,Staphylocystis
Staphylocystis pistillum,2,terrestrial,41.87194,41.87194,41.87194,12.56738,12.56738,12.56738,Animalia,Platyhelminthes,Cestoda,Cyclophyllidea,Hymenolepididae,Staphylocystis
Staphylocystis scalaris,2,terrestrial,41.87194,48.0540235,54.236107,-4.548056,4.0096620000000005,12.56738,Animalia,Platyhelminthes,Cestoda,Cyclophyllidea,Hymenolepididae,Staphylocystis
Stephanurus dentatus,2,terrestrial,-35.675147,23.335957219999997,53.7608608,-155.5827818,-3.641870279999998,138.252924,Animalia,Nematoda,Chromadorea,Rhabditida,Strongylidae,Stephanurus
Sterliadochona ephemeridarum,2,freshwater,35.7595731,50.8596707,64.8255441,-127.6476205,-68.32812925555555,138.252924,Animalia,Nematoda,Chromadorea,Rhabditida,Cystidicolidae,Salmonema
Stilesia globipunctata,2,terrestrial,21.00789,30.8712216,41.87194,-10.940835,33.1553257,79,Animalia,Platyhelminthes,Cestoda,Cyclophyllidea,Anoplocephalidae,Stilesia
Streptocara crassicauda,3,freshwater,27.6648274,49.53746262222222,64.963051,-127.6476205,-15.350129744444445,108.1649965,Animalia,Nematoda,Chromadorea,Rhabditida,Acuariidae,Streptocara
Streptopharagus kutassi,2,terrestrial,33.886917,45.12123643333333,54.5259614,2.7356328,44.53369883333333,108.1649965,Animalia,Nematoda,Chromadorea,Rhabditida,Spirocercidae,Streptopharagus
Streptopharagus pigmentatus,2,terrestrial,-23.59,6.829292666666667,36.204824,29.13,82.71824033333333,138.252924,Animalia,Nematoda,Chromadorea,Rhabditida,Spirocercidae,Streptopharagus
Strongylus edentatus,1,terrestrial,-37.01,31.423461526086957,64.963051,-116.5765035,-13.483748991304347,144.75,Animalia,Nematoda,Chromadorea,Rhabditida,Strongylidae,Strongylus
Strongylus equinus,1,terrestrial,-37.01,29.35404294347826,64.963051,-116.5765035,-8.939565617391303,144.75,Animalia,Nematoda,Chromadorea,Rhabditida,Strongylidae,Strongylus
Strongylus vulgaris,1,terrestrial,-37.01,32.09173161538462,64.963051,-116.5765035,-14.44200131923077,144.75,Animalia,Nematoda,Chromadorea,Rhabditida,Strongylidae,Strongylus
Subulura bolivari,2,terrestrial,37.5442706,37.5442706,37.5442706,-4.7277528,-4.7277528,-4.7277528,Animalia,Nematoda,Chromadorea,Rhabditida,Subuluridae,Subulura
Sulcascaris sulcata,2,marine,41.85509039999999,41.863515199999995,41.87194,12.56738,14.92883195,17.2902839,Animalia,Nematoda,Chromadorea,Rhabditida,Anisakidae,Sulcascaris
Syncuaria squamata,3,freshwater,23.634501,38.67963535,54.5259614,-102.552784,-65.67169932499999,15.2551187,Animalia,Nematoda,Chromadorea,Rhabditida,Acuariidae,Syncuaria
Syphacia muris,1,terrestrial,-25.274398,23.705440978571428,54.236107,-4.7277528,62.488817471428575,138.252924,Animalia,Nematoda,Chromadorea,Rhabditida,Oxyuridae,Syphacia
Syphacia obvelata,1,terrestrial,11.59516,43.249839015,64.963051,-111.0937311,17.14594155,108.277199,Animalia,Nematoda,Chromadorea,Rhabditida,Oxyuridae,Syphacia
Taenia acinonyxi,2,terrestrial,-6.2649292,1.4400354000000006,9.145000000000001,14.2343282,27.362000600000002,40.489673,Animalia,Platyhelminthes,Cestoda,Cyclophyllidea,Taeniidae,Taenia
Taenia asiatica,2,terrestrial,-0.789275,19.704453,36.204824,113.921327,124.37825533333334,138.252924,Animalia,Platyhelminthes,Cestoda,Cyclophyllidea,Taeniidae,Taenia
Taenia crassiceps,2,terrestrial,-0.023559,44.873155286956525,64.8255441,-149.4936733,-10.051086330434783,138.252924,Animalia,Platyhelminthes,Cestoda,Cyclophyllidea,Taeniidae,Taenia
Taenia crocutae,2,terrestrial,-23.59,-7.222499999999999,9.145000000000001,29.13,34.8098365,40.489673,Animalia,Platyhelminthes,Cestoda,Cyclophyllidea,Taeniidae,Taenia
Taenia endothoracicus,2,terrestrial,23.4162027,39.308142025,54.5259614,15.2551187,49.613162675,103.846656,Animalia,Platyhelminthes,Cestoda,Cyclophyllidea,Taeniidae,Taenia
Taenia gonyamai,2,terrestrial,9.145000000000001,9.145000000000001,9.145000000000001,40.489673,40.489673,40.489673,Animalia,Platyhelminthes,Cestoda,Cyclophyllidea,Taeniidae,Taenia
Taenia hyaenae,2,terrestrial,-24.3570767,-12.934025566666666,9.145000000000001,19.5687103,29.7294611,40.489673,Animalia,Platyhelminthes,Cestoda,Cyclophyllidea,Taeniidae,Taenia
Taenia hydatigena,2,terrestrial,-40.900557,27.63108330740741,64.963051,-124.8457334,9.351017518518518,174.885971,Animalia,Platyhelminthes,Cestoda,Cyclophyllidea,Taeniidae,Taenia
Taenia laticollis,2,terrestrial,14.058324,40.303050150000004,56.130366,-116.5765035,-52.589741625,108.277199,Animalia,Platyhelminthes,Cestoda,Cyclophyllidea,Taeniidae,Taenia
Taenia macrocystis,2,terrestrial,6.42375,34.643869,56.130366,-106.346771,-36.11707966666667,64.585262,Animalia,Platyhelminthes,Cestoda,Cyclophyllidea,Taeniidae,Taenia
Taenia madoquae,2,terrestrial,-0.023559,4.5607205,9.145000000000001,37.906193,39.197933000000006,40.489673,Animalia,Platyhelminthes,Cestoda,Cyclophyllidea,Taeniidae,Taenia
Taenia martis,2,terrestrial,37.09024,50.02733105,63.15587019999999,-106.346771,-2.916971721428571,108.1649965,Animalia,Platyhelminthes,Cestoda,Cyclophyllidea,Taeniidae,Taenia
Taenia multiceps,2,terrestrial,-35.675147,29.33914201111111,56.130366,-116.5765035,-36.27054215555555,53.688046,Animalia,Platyhelminthes,Cestoda,Cyclophyllidea,Taeniidae,Taenia
Taenia mustelae,2,terrestrial,27.6648274,49.379121616666666,64.2008413,-149.4936733,0.8326440333333334,138.252924,Animalia,Platyhelminthes,Cestoda,Cyclophyllidea,Taeniidae,Taenia
Taenia olngojinei,2,terrestrial,-0.023559,5.244184000000001,9.145000000000001,20.939444,33.11177,40.489673,Animalia,Platyhelminthes,Cestoda,Cyclophyllidea,Taeniidae,Taenia
Taenia omissa,2,terrestrial,-6.2555679,33.40522414285714,56.130366,-116.5765035,-78.41349191428571,29.5107708,Animalia,Platyhelminthes,Cestoda,Cyclophyllidea,Taeniidae,Taenia
Taenia parenchymatosa,2,terrestrial,54.5259614,60.9371055,66.7613451,15.2551187,81.5658759,124.123753,Animalia,Platyhelminthes,Cestoda,Cyclophyllidea,Taeniidae,Taenia
Taenia parva,2,terrestrial,-24.3570767,25.346962299999998,47.3682887,-4.7277528,11.3833087,30.802498,Animalia,Platyhelminthes,Cestoda,Cyclophyllidea,Taeniidae,Hydatigera
Taenia pisiformis,2,terrestrial,-40.900557,31.346455645833334,64.8255441,-124.8457334,-5.355249154166666,174.885971,Animalia,Platyhelminthes,Cestoda,Cyclophyllidea,Taeniidae,Taenia
Taenia polyacantha,2,terrestrial,36.204824,51.13105511111111,64.8255441,-149.4936733,3.229409977777777,138.252924,Animalia,Platyhelminthes,Cestoda,Cyclophyllidea,Taeniidae,Taenia
Taenia regis,2,terrestrial,-23.59,-0.24720223999999985,12.862807,14.2343282,27.00221624,40.489673,Animalia,Platyhelminthes,Cestoda,Cyclophyllidea,Taeniidae,Taenia
Taenia rileyi,2,terrestrial,27.6648274,50.391258925,64.2008413,-149.4936733,-112.7319212,-81.5157535,Animalia,Platyhelminthes,Cestoda,Cyclophyllidea,Taeniidae,Taenia
Taenia saginata,2,terrestrial,-35.675147,22.351026133333335,64.2008413,-149.4936733,20.739715933333333,138.252924,Animalia,Platyhelminthes,Cestoda,Cyclophyllidea,Taeniidae,Taenia
Taenia serialis,2,terrestrial,-38.416097,29.233886773684212,64.8255441,-124.8457334,-32.85806388421052,138.252924,Animalia,Platyhelminthes,Cestoda,Cyclophyllidea,Taeniidae,Taenia
Taenia simbae,2,terrestrial,9.145000000000001,9.145000000000001,9.145000000000001,40.489673,40.489673,40.489673,Animalia,Platyhelminthes,Cestoda,Cyclophyllidea,Taeniidae,Taenia
Taenia solium,2,terrestrial,-31.2532183,23.685953223255815,56.95962400000001,-155.5827818,14.88629126744186,146.921099,Animalia,Platyhelminthes,Cestoda,Cyclophyllidea,Taeniidae,Taenia
Taenia taeniaeformis,2,terrestrial,-40.900557,29.91981244468085,61.92410999999999,-124.508523,7.311494348936171,174.885971,Animalia,Platyhelminthes,Cestoda,Cyclophyllidea,Taeniidae,Hydatigera
Taenia taxidiensis,2,terrestrial,37.09024,47.655030866666664,56.130366,-113.571487,-107.25638496666667,-95.712891,Animalia,Platyhelminthes,Cestoda,Cyclophyllidea,Taeniidae,Taenia
Taenia twitchelli,2,terrestrial,53.7608608,57.006334675,64.2008413,-149.4936733,-117.807706,-98.8138762,Animalia,Platyhelminthes,Cestoda,Cyclophyllidea,Taeniidae,Taenia
Tatria biremis,2,freshwater,48.379433,52.001089,54.5259614,-116.5765035,-14.926069725,31.1655799,Animalia,Platyhelminthes,Cestoda,Cyclophyllidea,Amabiliidae,Tatria
Tegorhynchus furcatus,2,marine,14.5401107,19.92220735,25.304304,-90.065918,-82.51677724999999,-74.9676365,Animalia,Acanthocephala,Palaeacanthocephala,Echinorhynchida,Illiosentidae,Tegorhynchus
Teladorsagia circumcincta,1,terrestrial,-40.900557,31.282278218181816,78.90136,-149.4936733,-13.212054409090909,174.885971,Animalia,Nematoda,Chromadorea,Rhabditida,Trichostrongylidae,Ostertagia
Tetrabothrius erostris,3,marine,7.873053999999999,37.91617824285714,65.2481624,-60.4620977,25.848385714285715,138.252924,Animalia,Platyhelminthes,Cestoda,Tetrabothriidea,Tetrabothriidae,Tetrabothrius
Tetrameres americana,2,terrestrial,27.6648274,27.6648274,27.6648274,-81.5157535,-81.5157535,-81.5157535,Animalia,Nematoda,Chromadorea,Rhabditida,Tetrameridae,Tetrameres
Tetrameres crami,2,freshwater,27.6648274,43.95283943333333,52.9399159,-85.323214,-80.12936786666667,-73.5491361,Animalia,Nematoda,Chromadorea,Rhabditida,Tetrameridae,Tetrameres
Tetrameres mohtedai,2,terrestrial,14.058324,18.029162,22,79,93.6385995,108.277199,Animalia,Nematoda,Chromadorea,Rhabditida,Tetrameridae,Tetrameres
Tetrameres pattersoni,2,terrestrial,27.6648274,27.6648274,27.6648274,-81.5157535,-81.5157535,-81.5157535,Animalia,Nematoda,Chromadorea,Rhabditida,Tetrameridae,Tetrameres
Thelastoma bulhoesi,1,terrestrial,37.09024,46.0327196,53.7266683,-127.6476205,-88.10006338,2.213749,Animalia,Nematoda,Chromadorea,Rhabditida,Thelastomatidae,Thelastoma
Thubunaea baylisi,2,terrestrial,54.5259614,54.5259614,54.5259614,15.2551187,15.2551187,15.2551187,Animalia,Nematoda,Chromadorea,Rhabditida,Physalopteridae,Thubunaea
Thysaniezia giardi,2,terrestrial,-28.4541105,23.775730275,53.5587003,-4.7277528,50.304615475,108.1649965,Animalia,Platyhelminthes,Cestoda,Cyclophyllidea,Anoplocephalidae,Thysaniezia
Toxascaris leonina,2,terrestrial,-38.416097,38.260199579310346,71.706936,-149.4936733,-14.280848787931035,144.75,Animalia,Nematoda,Chromadorea,Rhabditida,Ascarididae,Toxascaris
Toxocara canis,2,terrestrial,-38.416097,31.765406716923078,64.963051,-124.8457334,-3.9164675784615373,144.75,Animalia,Nematoda,Chromadorea,Rhabditida,Ascarididae,Toxocara
Toxocara cati,2,terrestrial,-37.01,35.311007970588236,64.963051,-106.4508639,8.5598665,144.75,Animalia,Nematoda,Chromadorea,Rhabditida,Ascarididae,Toxocara
Toxocara pteropodis,1,terrestrial,-25.274398,-4.329856866666668,27.6648274,-81.5157535,73.0531275,166.9,Animalia,Nematoda,Chromadorea,Rhabditida,Ascarididae,Toxocara
Toxocara vitulorum,1,terrestrial,-18.665695,15.981364600000001,55.169438,-64.7627955,55.18281103846154,138.252924,Animalia,Nematoda,Chromadorea,Rhabditida,Ascarididae,Toxocara
Triaenophorus crassus,3,freshwater,43.6333482,54.74376376,66.7613451,-149.4936733,-29.668664404999998,124.123753,Animalia,Platyhelminthes,Cestoda,Bothriocephalidea,Triaenophoridae,Triaenophorus
Triaenophorus nodulosus,3,freshwater,37.09024,50.5914988375,63.15587019999999,-116.5765035,-14.943780290625,108.1649965,Animalia,Platyhelminthes,Cestoda,Bothriocephalidea,Triaenophoridae,Triaenophorus
Triaenophorus stizostedionis,3,freshwater,42.0668852,48.2710936,56.130366,-106.346771,-87.709248325,-77.82706689999999,Animalia,Platyhelminthes,Cestoda,Bothriocephalidea,Triaenophoridae,Triaenophorus
Trichosomoides crassicauda,1,terrestrial,-40.900557,32.4705469625,56.130366,-106.346771,32.974766675,174.885971,Animalia,Nematoda,Enoplea,Trichinellida,Trichosomoididae,Trichosomoides
Trichospirura leptostoma,2,terrestrial,47.3682887,47.3682887,47.3682887,8.5374552,8.5374552,8.5374552,Animalia,Nematoda,Chromadorea,Rhabditida,Rhabdochonidae,Trichospirura
Trichostrongylus axei,1,terrestrial,-40.900557,25.46036384,64.963051,-155.5827818,10.007985546153847,174.885971,Animalia,Nematoda,Chromadorea,Rhabditida,Trichostrongylidae,Trichostrongylus
Trichostrongylus colubriformis,1,terrestrial,-40.900557,23.43826142586207,60.47202399999999,-113.571487,18.815058013793102,174.885971,Animalia,Nematoda,Chromadorea,Rhabditida,Trichostrongylidae,Trichostrongylus
Trichostrongylus retortaeformis,1,terrestrial,-37.01,37.91288813913044,66.7613451,-73.5491361,21.424238739130434,144.75,Animalia,Nematoda,Chromadorea,Rhabditida,Trichostrongylidae,Trichostrongylus
Trichostrongylus rugatus,1,terrestrial,-33.5,-31.75011575,-30.0002315,20.97,78.58957735,136.2091547,Animalia,Nematoda,Chromadorea,Rhabditida,Trichostrongylidae,Trichostrongylus
Trichostrongylus skrjabini,1,terrestrial,40.069099,47.506425175000004,54.5259614,12.56738,45.25642105,108.1649965,Animalia,Nematoda,Chromadorea,Rhabditida,Trichostrongylidae,Trichostrongylus
Trichostrongylus tenuis,1,terrestrial,-35.675147,40.18970519333333,64.963051,-124.8457334,-23.219945146666667,71.276093,Animalia,Nematoda,Chromadorea,Rhabditida,Trichostrongylidae,Trichostrongylus
Trichostrongylus vitrinus,1,terrestrial,-40.900557,29.755254091666664,64.963051,-106.346771,11.089545619444445,174.885971,Animalia,Nematoda,Chromadorea,Rhabditida,Trichostrongylidae,Trichostrongylus
Trichuris discolor,1,terrestrial,-40.900557,32.43998609230769,53.569001,-113.571487,25.59649926923077,174.885971,Animalia,Nematoda,Enoplea,Trichinellida,Trichuridae,Trichuris
Trichuris muris,1,terrestrial,-25.274398,39.34901056842105,64.963051,-106.346771,-8.350792073684211,133.775136,Animalia,Nematoda,Enoplea,Trichinellida,Trichuridae,Trichuris
Trichuris ovis,1,terrestrial,-40.900557,29.885096577142857,71.706936,-106.346771,3.0507067457142862,174.885971,Animalia,Nematoda,Enoplea,Trichinellida,Trichinellidae,Trichocephalus
Trichuris skrjabini,1,terrestrial,-30.0002315,27.12807676923077,54.236107,-89.3985283,43.50712858461538,143.95555,Animalia,Nematoda,Enoplea,Trichinellida,Trichuridae,Trichuris
Trichuris suis,1,terrestrial,-35.675147,30.034037854166666,62.27864750000001,-155.5827818,-5.438331287499999,138.252924,Animalia,Nematoda,Enoplea,Trichinellida,Trichuridae,Trichuris
Trichuris trichiura,1,terrestrial,-38.416097,17.64267541014493,56.95962400000001,-102.552784,7.810870076811596,138.252924,Animalia,Nematoda,Enoplea,Trichinellida,Trichuridae,Trichuris
Trichuris vulpis,1,terrestrial,-38.416097,33.09187693529412,64.963051,-106.346771,-20.048285917647057,138.252924,Animalia,Nematoda,Enoplea,Trichinellida,Trichuridae,Trichuris
Trilobostrongylus bioccai,3,terrestrial,56.130366,56.130366,56.130366,-106.346771,-106.346771,-106.346771,Animalia,Nematoda,Chromadorea,Rhabditida,Metastrongylidae,Trilobostrongylus
Triodontolepis bifurca,2,freshwater,48.379433,51.4526972,54.5259614,15.2551187,23.2103493,31.1655799,Animalia,Platyhelminthes,Cestoda,Cyclophyllidea,Hymenolepididae,Triodontolepis
Triodontolepis hamanni,2,freshwater,54.5259614,54.5259614,54.5259614,15.2551187,15.2551187,15.2551187,Animalia,Platyhelminthes,Cestoda,Cyclophyllidea,Hymenolepididae,Triodontolepis
Triodontophorus tenuicollis,1,terrestrial,-37.01,37.537941313333334,64.963051,-116.5765035,2.6253096266666667,144.75,Animalia,Nematoda,Chromadorea,Rhabditida,Strongylidae,Triodontophorus
Troglostrongylus brevior,3,terrestrial,41.87194,41.87194,41.87194,12.56738,12.56738,12.56738,Animalia,Nematoda,Chromadorea,Rhabditida,Metastrongylidae,Troglostrongylus
Truttaedacnitis pybusae,1,freshwater,51.253775,51.253775,51.253775,-85.323214,-85.323214,-85.323214,Animalia,Nematoda,Chromadorea,Rhabditida,Cucullanidae,Cucullanus
Truttaedacnitis truttae,2,freshwater,34.0489281,46.557186542857146,56.130366,-127.6476205,-73.51777801428571,12.56738,Animalia,Nematoda,Chromadorea,Rhabditida,Cucullanidae,Cucullanus
Tschertkovilepis setigera,2,freshwater,37.5442706,49.60722297142857,63.15587019999999,-106.346771,7.825850914285714,66.923684,Animalia,Platyhelminthes,Cestoda,Cyclophyllidea,Hymenolepididae,Tschertkovilepis
Turgida turgida,2,terrestrial,15.783471,25.398744333333333,36.778261,-119.4179324,-104.06715846666667,-90.23075899999999,Animalia,Nematoda,Chromadorea,Rhabditida,Physalopteridae,Turgida
Umingmakstrongylus pallikuukensis,2,terrestrial,52.9399159,57.96527533333334,64.8255441,-124.8457334,-112.54778943333334,-106.346771,Animalia,Nematoda,Chromadorea,Rhabditida,Metastrongylidae,Umingmakstrongylus
Uncinaria stenocephala,1,terrestrial,-37.01,39.47287858205128,71.706936,-149.4936733,-16.45027122820513,144.75,Animalia,Nematoda,Chromadorea,Rhabditida,Ancylostomatidae,Uncinaria
Urocystis prolifer,2,terrestrial,48.019573,50.280849325,53.5587003,10.451526,54.1764466,108.1649965,Animalia,Platyhelminthes,Cestoda,Cyclophyllidea,Hymenolepididae,Hymenolepis
Valipora campylancristrota,3,freshwater,23.634501,41.88063006666667,54.5259614,-102.552784,13.874531283333333,103.846656,Animalia,Platyhelminthes,Cestoda,Cyclophyllidea,Dipylidiidae,Dipylidium
Valipora minuta,3,freshwater,23.634501,23.634501,23.634501,-102.552784,-102.552784,-102.552784,Animalia,Platyhelminthes,Cestoda,Cyclophyllidea,Gryporhynchidae,Valipora
Valipora mutabilis,3,freshwater,23.634501,25.6496642,27.6648274,-102.552784,-92.03426875,-81.5157535,Animalia,Platyhelminthes,Cestoda,Cyclophyllidea,Gryporhynchidae,Valipora
Varestrongylus alpenae,2,terrestrial,56.130366,56.130366,56.130366,-106.346771,-106.346771,-106.346771,Animalia,Nematoda,Chromadorea,Rhabditida,Metastrongylidae,Varestrongylus
Varestrongylus capreoli,2,terrestrial,41.87194,51.27061080000001,60.12816100000001,2.213749,13.59556224,24.1016552,Animalia,Nematoda,Chromadorea,Rhabditida,Metastrongylidae,Varestrongylus
Varestrongylus pneumonicus,2,terrestrial,22,26.1876605,30.375321,69.34511599999999,74.172558,79,Animalia,Nematoda,Chromadorea,Rhabditida,Metastrongylidae,Varestrongylus
Varestrongylus sagittatus,2,terrestrial,-40.900557,12.8385512,41.87194,-4.7277528,60.90853273333334,174.885971,Animalia,Nematoda,Chromadorea,Rhabditida,Metastrongylidae,Varestrongylus
Variolepis farciminosa,2,terrestrial,7.539988999999999,30.66060352,48.379433,-102.552784,11.318177420000001,138.252924,Animalia,Platyhelminthes,Cestoda,Cyclophyllidea,Hymenolepididae,Variolepis
Vigisospirura potekhina,2,terrestrial,37.5442706,37.5442706,37.5442706,-4.7277528,-4.7277528,-4.7277528,Animalia,Nematoda,Chromadorea,Rhabditida,Spirocercidae,Vigisospirura
Wardium fusa,2,freshwater,33.223191,47.588924666666664,61.52401,43.679291,71.97391033333332,105.318756,Animalia,Platyhelminthes,Cestoda,Cyclophyllidea,Hymenolepididae,Wardium
Wardium paraporale,2,freshwater,53.9332706,53.9332706,53.9332706,-116.5765035,-116.5765035,-116.5765035,Animalia,Platyhelminthes,Cestoda,Cyclophyllidea,Hymenolepididae,Wardium
Wardium stellorae,2,freshwater,48.019573,48.019573,48.019573,66.923684,66.923684,66.923684,Animalia,Platyhelminthes,Cestoda,Cyclophyllidea,Hymenolepididae,Wardium
