Parasite.species,Location,Latitude,Longitude,Chain.length,Host.habitat,parasiteKingdom,parasitePhylum,parasiteClass,parasiteOrder,parasiteFamily,parasiteGenus
Corynosoma semerme,Finland,61.92410999999999,25.7481511,3,marine,Animalia,Acanthocephala,Palaeacanthocephala,Polymorphida,Polymorphidae,Corynosoma
Moniliformis moniliformis,Nevada,38.8026097,-116.419389,2,terrestrial,Animalia,Acanthocephala,Archiacanthocephala,Moniliformida,Moniliformidae,Moniliformis
Corynosoma semerme,Sea of Okhotsk,52.87362299999999,149.3658173,3,marine,Animalia,Acanthocephala,Palaeacanthocephala,Polymorphida,Polymorphidae,Corynosoma
Corynosoma strumosum,Sea of Okhotsk,52.87362299999999,149.3658173,3,marine,Animalia,Acanthocephala,Palaeacanthocephala,Polymorphida,Polymorphidae,Corynosoma
Bolbosoma nipponicum,Sea of Okhotsk,52.87362299999999,149.3658173,3,marine,Animalia,Acanthocephala,Palaeacanthocephala,Polymorphida,Polymorphidae,Bolbosoma
Neoechinorhynchus rutili,"England, Wales + Isle of Man",54.236107,-4.548056,4,freshwater,Animalia,Acanthocephala,Eoacanthocephala,Neoechinorhynchida,Neoechinorhynchidae,Neoechinorhynchus
Echinorhynchus truttae,Eire + N. Ireland,54.7877149,-6.4923145,2,freshwater,Animalia,Acanthocephala,Palaeacanthocephala,Echinorhynchida,Echinorhynchidae,Echinorhynchus
Acanthocephalus lucii,"England, Wales + Isle of Man",54.236107,-4.548056,2,freshwater,Animalia,Acanthocephala,Palaeacanthocephala,Echinorhynchida,Echinorhynchidae,Acanthocephalus
Acanthocephalus clavula,"England, Wales + Isle of Man",54.236107,-4.548056,2,freshwater,Animalia,Acanthocephala,Palaeacanthocephala,Echinorhynchida,Echinorhynchidae,Acanthocephalus
Echinorhynchus truttae,Channel Islands,49.4466698,-2.342378,2,freshwater,Animalia,Acanthocephala,Palaeacanthocephala,Echinorhynchida,Echinorhynchidae,Echinorhynchus
Neoechinorhynchus rutili,Scotland,56.49067119999999,-4.2026458,4,freshwater,Animalia,Acanthocephala,Eoacanthocephala,Neoechinorhynchida,Neoechinorhynchidae,Neoechinorhynchus
Acanthocephalus lucii,Scotland,56.49067119999999,-4.2026458,2,freshwater,Animalia,Acanthocephala,Palaeacanthocephala,Echinorhynchida,Echinorhynchidae,Acanthocephalus
Moniliformis moniliformis,Malaya,3.17,101.7,2,terrestrial,Animalia,Acanthocephala,Archiacanthocephala,Moniliformida,Moniliformidae,Moniliformis
Polymorphus marilis,Alberta,53.9332706,-116.5765035,2,freshwater,Animalia,Acanthocephala,Palaeacanthocephala,Polymorphida,Polymorphidae,Polymorphus
Dollfusentis chandleri,Gulf of Mexico,25.304304,-90.065918,2,marine,Animalia,Acanthocephala,Palaeacanthocephala,Echinorhynchida,Illiosentidae,Dollfusentis
Acanthocephalus anguillae,Germany,51.165691,10.451526,2,freshwater,Animalia,Acanthocephala,Palaeacanthocephala,Echinorhynchida,Echinorhynchidae,Acanthocephalus
Pomphorhynchus laevis,Germany,51.165691,10.451526,4,freshwater,Animalia,Acanthocephala,Palaeacanthocephala,Echinorhynchida,Pomphorhynchidae,Pomphorhynchus
Acanthocephalus lucii,Germany,51.165691,10.451526,2,freshwater,Animalia,Acanthocephala,Palaeacanthocephala,Echinorhynchida,Echinorhynchidae,Acanthocephalus
Echinorhynchus truttae,Germany,51.165691,10.451526,2,freshwater,Animalia,Acanthocephala,Palaeacanthocephala,Echinorhynchida,Echinorhynchidae,Echinorhynchus
Pomphorhynchus bulbocolli,Manitoba,53.7608608,-98.8138762,2,freshwater,Animalia,Acanthocephala,Palaeacanthocephala,Echinorhynchida,Pomphorhynchidae,Pomphorhynchus
Leptorhynchoides thecatus,Wisconsin,43.7844397,-88.7878678,4,freshwater,Animalia,Acanthocephala,Palaeacanthocephala,Echinorhynchida,Rhadinorhynchidae,Leptorhynchoides
Acanthocephalus lucii,Denmark,56.26392,9.501785,2,freshwater,Animalia,Acanthocephala,Palaeacanthocephala,Echinorhynchida,Echinorhynchidae,Acanthocephalus
Acanthocephalus anguillae,Denmark,56.26392,9.501785,2,freshwater,Animalia,Acanthocephala,Palaeacanthocephala,Echinorhynchida,Echinorhynchidae,Acanthocephalus
Acanthocephalus ranae,Sweden,60.12816100000001,18.643501,2,freshwater,Animalia,Acanthocephala,Palaeacanthocephala,Echinorhynchida,Echinorhynchidae,Acanthocephalus
Neoechinorhynchus rutili,Baltic Sea,58.48795200000001,19.863281,4,freshwater,Animalia,Acanthocephala,Eoacanthocephala,Neoechinorhynchida,Neoechinorhynchidae,Neoechinorhynchus
Pomphorhynchus laevis,Denmark,56.26392,9.501785,4,freshwater,Animalia,Acanthocephala,Palaeacanthocephala,Echinorhynchida,Pomphorhynchidae,Pomphorhynchus
Acanthocephalus dirus,Wisconsin,43.7844397,-88.7878678,2,freshwater,Animalia,Acanthocephala,Palaeacanthocephala,Echinorhynchida,Echinorhynchidae,Acanthocephalus
Neoechinorhynchus cylindratus,Wisconsin,43.7844397,-88.7878678,4,freshwater,Animalia,Acanthocephala,Eoacanthocephala,Neoechinorhynchida,Neoechinorhynchidae,Neoechinorhynchus
Neoechinorhynchus cylindratus,Montana,46.8796822,-110.3625658,4,freshwater,Animalia,Acanthocephala,Eoacanthocephala,Neoechinorhynchida,Neoechinorhynchidae,Neoechinorhynchus
Pomphorhynchus bulbocolli,Wisconsin,43.7844397,-88.7878678,2,freshwater,Animalia,Acanthocephala,Palaeacanthocephala,Echinorhynchida,Pomphorhynchidae,Pomphorhynchus
Pomphorhynchus laevis,"England, Wales + Isle of Man",54.236107,-4.548056,4,freshwater,Animalia,Acanthocephala,Palaeacanthocephala,Echinorhynchida,Pomphorhynchidae,Pomphorhynchus
Acanthocephalus anguillae,"England, Wales + Isle of Man",54.236107,-4.548056,2,freshwater,Animalia,Acanthocephala,Palaeacanthocephala,Echinorhynchida,Echinorhynchidae,Acanthocephalus
Acanthocephalus clavula,Italy,41.87194,12.56738,2,freshwater,Animalia,Acanthocephala,Palaeacanthocephala,Echinorhynchida,Echinorhynchidae,Acanthocephalus
Corynosoma strumosum,Caspian Sea,41.934977,50.66894500000001,3,marine,Animalia,Acanthocephala,Palaeacanthocephala,Polymorphida,Polymorphidae,Corynosoma
Corynosoma semerme,Lithuania,55.169438,23.881275,3,marine,Animalia,Acanthocephala,Palaeacanthocephala,Polymorphida,Polymorphidae,Corynosoma
Corynosoma strumosum,Lithuania,55.169438,23.881275,3,marine,Animalia,Acanthocephala,Palaeacanthocephala,Polymorphida,Polymorphidae,Corynosoma
Pomphorhynchus laevis,Lithuania,55.169438,23.881275,4,freshwater,Animalia,Acanthocephala,Palaeacanthocephala,Echinorhynchida,Pomphorhynchidae,Pomphorhynchus
Echinorhynchus gadi,Lithuania,55.169438,23.881275,3,marine,Animalia,Acanthocephala,Palaeacanthocephala,Echinorhynchida,Echinorhynchidae,Echinorhynchus
Acanthocephalus lucii,Lithuania,55.169438,23.881275,2,freshwater,Animalia,Acanthocephala,Palaeacanthocephala,Echinorhynchida,Echinorhynchidae,Acanthocephalus
Acanthocephalus anguillae,Lithuania,55.169438,23.881275,2,freshwater,Animalia,Acanthocephala,Palaeacanthocephala,Echinorhynchida,Echinorhynchidae,Acanthocephalus
Neoechinorhynchus rutili,Lithuania,55.169438,23.881275,4,freshwater,Animalia,Acanthocephala,Eoacanthocephala,Neoechinorhynchida,Neoechinorhynchidae,Neoechinorhynchus
Pomphorhynchus laevis,North Sea,56.511018,3.515625,4,freshwater,Animalia,Acanthocephala,Palaeacanthocephala,Echinorhynchida,Pomphorhynchidae,Pomphorhynchus
Pomphorhynchus laevis,Eire + N. Ireland,54.7877149,-6.4923145,4,freshwater,Animalia,Acanthocephala,Palaeacanthocephala,Echinorhynchida,Pomphorhynchidae,Pomphorhynchus
Acanthocephalus anguillae,Eire + N. Ireland,54.7877149,-6.4923145,2,freshwater,Animalia,Acanthocephala,Palaeacanthocephala,Echinorhynchida,Echinorhynchidae,Acanthocephalus
Profilicollis botulus,British Columbia,53.7266683,-127.6476205,2,marine,Animalia,Acanthocephala,Palaeacanthocephala,Polymorphida,Polymorphidae,Profilicollis
Leptorhynchoides thecatus,Nebraska,41.4925374,-99.9018131,4,freshwater,Animalia,Acanthocephala,Palaeacanthocephala,Echinorhynchida,Rhadinorhynchidae,Leptorhynchoides
Pomphorhynchus bulbocolli,Iowa,41.8780025,-93.097702,2,freshwater,Animalia,Acanthocephala,Palaeacanthocephala,Echinorhynchida,Pomphorhynchidae,Pomphorhynchus
Leptorhynchoides thecatus,Iowa,41.8780025,-93.097702,4,freshwater,Animalia,Acanthocephala,Palaeacanthocephala,Echinorhynchida,Rhadinorhynchidae,Leptorhynchoides
Acanthocephalus lucii,Byelorussia,53.709807,27.953389,2,freshwater,Animalia,Acanthocephala,Palaeacanthocephala,Echinorhynchida,Echinorhynchidae,Acanthocephalus
Echinorhynchus salmonis,Finland,61.92410999999999,25.7481511,3,freshwater,Animalia,Acanthocephala,Palaeacanthocephala,Echinorhynchida,Echinorhynchidae,Echinorhynchus
Pomphorhynchus laevis,Baltic Sea,58.48795200000001,19.863281,4,freshwater,Animalia,Acanthocephala,Palaeacanthocephala,Echinorhynchida,Pomphorhynchidae,Pomphorhynchus
Echinorhynchus gadi,Baltic Sea,58.48795200000001,19.863281,3,marine,Animalia,Acanthocephala,Palaeacanthocephala,Echinorhynchida,Echinorhynchidae,Echinorhynchus
Moniliformis moniliformis,"England, Wales + Isle of Man",54.236107,-4.548056,2,terrestrial,Animalia,Acanthocephala,Archiacanthocephala,Moniliformida,Moniliformidae,Moniliformis
Moniliformis moniliformis,Florida,27.6648274,-81.5157535,2,terrestrial,Animalia,Acanthocephala,Archiacanthocephala,Moniliformida,Moniliformidae,Moniliformis
Acanthocephalus lucii,Yugoslavia,37.09024,-95.712891,2,freshwater,Animalia,Acanthocephala,Palaeacanthocephala,Echinorhynchida,Echinorhynchidae,Acanthocephalus
Acanthocephalus anguillae,Yugoslavia,37.09024,-95.712891,2,freshwater,Animalia,Acanthocephala,Palaeacanthocephala,Echinorhynchida,Echinorhynchidae,Acanthocephalus
Pomphorhynchus laevis,Yugoslavia,37.09024,-95.712891,4,freshwater,Animalia,Acanthocephala,Palaeacanthocephala,Echinorhynchida,Pomphorhynchidae,Pomphorhynchus
Neoechinorhynchus rutili,Germany,51.165691,10.451526,4,freshwater,Animalia,Acanthocephala,Eoacanthocephala,Neoechinorhynchida,Neoechinorhynchidae,Neoechinorhynchus
Pomphorhynchus laevis,Mexico,23.634501,-102.552784,4,freshwater,Animalia,Acanthocephala,Palaeacanthocephala,Echinorhynchida,Pomphorhynchidae,Pomphorhynchus
Acanthocephalus anguillae,Mexico,23.634501,-102.552784,2,freshwater,Animalia,Acanthocephala,Palaeacanthocephala,Echinorhynchida,Echinorhynchidae,Acanthocephalus
Acanthocephalus lucii,Finno-Karelian ASSR,63.15587019999999,32.9905552,2,freshwater,Animalia,Acanthocephala,Palaeacanthocephala,Echinorhynchida,Echinorhynchidae,Acanthocephalus
Neoechinorhynchus rutili,Finland,61.92410999999999,25.7481511,4,freshwater,Animalia,Acanthocephala,Eoacanthocephala,Neoechinorhynchida,Neoechinorhynchidae,Neoechinorhynchus
Acanthocephalus lucii,Finland,61.92410999999999,25.7481511,2,freshwater,Animalia,Acanthocephala,Palaeacanthocephala,Echinorhynchida,Echinorhynchidae,Acanthocephalus
Acanthocephalus anguillae,Finland,61.92410999999999,25.7481511,2,freshwater,Animalia,Acanthocephala,Palaeacanthocephala,Echinorhynchida,Echinorhynchidae,Acanthocephalus
Echinorhynchus salmonis,Ontario,51.253775,-85.323214,3,freshwater,Animalia,Acanthocephala,Palaeacanthocephala,Echinorhynchida,Echinorhynchidae,Echinorhynchus
Echinorhynchus gadi,Atlantic Ocean,-14.5994134,-28.6731465,3,marine,Animalia,Acanthocephala,Palaeacanthocephala,Echinorhynchida,Echinorhynchidae,Echinorhynchus
Fessisentis friedi,New Brunswick,46.5653163,-66.46191639999999,2,freshwater,Animalia,Acanthocephala,Palaeacanthocephala,Echinorhynchida,Fessisentidae,Fessisentis
Echinorhynchus gadi,New Brunswick,46.5653163,-66.46191639999999,3,marine,Animalia,Acanthocephala,Palaeacanthocephala,Echinorhynchida,Echinorhynchidae,Echinorhynchus
Corynosoma strumosum,British Columbia,53.7266683,-127.6476205,3,marine,Animalia,Acanthocephala,Palaeacanthocephala,Polymorphida,Polymorphidae,Corynosoma
Leptorhynchoides thecatus,Ontario,51.253775,-85.323214,4,freshwater,Animalia,Acanthocephala,Palaeacanthocephala,Echinorhynchida,Rhadinorhynchidae,Leptorhynchoides
Pomphorhynchus bulbocolli,Ontario,51.253775,-85.323214,2,freshwater,Animalia,Acanthocephala,Palaeacanthocephala,Echinorhynchida,Pomphorhynchidae,Pomphorhynchus
Acanthocephalus dirus,Ontario,51.253775,-85.323214,2,freshwater,Animalia,Acanthocephala,Palaeacanthocephala,Echinorhynchida,Echinorhynchidae,Acanthocephalus
Echinorhynchus salmonis,Alberta,53.9332706,-116.5765035,3,freshwater,Animalia,Acanthocephala,Palaeacanthocephala,Echinorhynchida,Echinorhynchidae,Echinorhynchus
Echinorhynchus salmonis,Manitoba,53.7608608,-98.8138762,3,freshwater,Animalia,Acanthocephala,Palaeacanthocephala,Echinorhynchida,Echinorhynchidae,Echinorhynchus
Pomphorhynchus bulbocolli,Alberta,53.9332706,-116.5765035,2,freshwater,Animalia,Acanthocephala,Palaeacanthocephala,Echinorhynchida,Pomphorhynchidae,Pomphorhynchus
Echinorhynchus leidyi,Arctic Ocean,65.2481624,-60.4620977,2,freshwater,Animalia,Acanthocephala,Palaeacanthocephala,Echinorhynchida,Echinorhynchidae,Echinorhynchus
Echinorhynchus leidyi,Ontario,51.253775,-85.323214,2,freshwater,Animalia,Acanthocephala,Palaeacanthocephala,Echinorhynchida,Echinorhynchidae,Echinorhynchus
Neoechinorhynchus cylindratus,Manitoba,53.7608608,-98.8138762,4,freshwater,Animalia,Acanthocephala,Eoacanthocephala,Neoechinorhynchida,Neoechinorhynchidae,Neoechinorhynchus
Neoechinorhynchus rutili,British Columbia,53.7266683,-127.6476205,4,freshwater,Animalia,Acanthocephala,Eoacanthocephala,Neoechinorhynchida,Neoechinorhynchidae,Neoechinorhynchus
Pomphorhynchus bulbocolli,British Columbia,53.7266683,-127.6476205,2,freshwater,Animalia,Acanthocephala,Palaeacanthocephala,Echinorhynchida,Pomphorhynchidae,Pomphorhynchus
Echinorhynchus leidyi,Manitoba,53.7608608,-98.8138762,2,freshwater,Animalia,Acanthocephala,Palaeacanthocephala,Echinorhynchida,Echinorhynchidae,Echinorhynchus
Echinorhynchus leidyi,Northwest Territories,64.8255441,-124.8457334,2,freshwater,Animalia,Acanthocephala,Palaeacanthocephala,Echinorhynchida,Echinorhynchidae,Echinorhynchus
Echinorhynchus salmonis,Northwest Territories,64.8255441,-124.8457334,3,freshwater,Animalia,Acanthocephala,Palaeacanthocephala,Echinorhynchida,Echinorhynchidae,Echinorhynchus
Echinorhynchus gadi,British Columbia,53.7266683,-127.6476205,3,marine,Animalia,Acanthocephala,Palaeacanthocephala,Echinorhynchida,Echinorhynchidae,Echinorhynchus
Neoechinorhynchus saginatus,British Columbia,53.7266683,-127.6476205,2,freshwater,Animalia,Acanthocephala,Eoacanthocephala,Neoechinorhynchida,Neoechinorhynchidae,Neoechinorhynchus
Neoechinorhynchus rutili,Ontario,51.253775,-85.323214,4,freshwater,Animalia,Acanthocephala,Eoacanthocephala,Neoechinorhynchida,Neoechinorhynchidae,Neoechinorhynchus
Neoechinorhynchus saginatus,Ontario,51.253775,-85.323214,2,freshwater,Animalia,Acanthocephala,Eoacanthocephala,Neoechinorhynchida,Neoechinorhynchidae,Neoechinorhynchus
Neoechinorhynchus rutili,Yukon,64.2823274,-135,4,freshwater,Animalia,Acanthocephala,Eoacanthocephala,Neoechinorhynchida,Neoechinorhynchidae,Neoechinorhynchus
Echinorhynchus gadi,Quebec,52.9399159,-73.5491361,3,marine,Animalia,Acanthocephala,Palaeacanthocephala,Echinorhynchida,Echinorhynchidae,Echinorhynchus
Echinorhynchus gadi,Nova Scotia,44.68198659999999,-63.744311,3,marine,Animalia,Acanthocephala,Palaeacanthocephala,Echinorhynchida,Echinorhynchidae,Echinorhynchus
Echinorhynchus gadi,Alberta,53.9332706,-116.5765035,3,marine,Animalia,Acanthocephala,Palaeacanthocephala,Echinorhynchida,Echinorhynchidae,Echinorhynchus
Neoechinorhynchus rutili,New Brunswick,46.5653163,-66.46191639999999,4,freshwater,Animalia,Acanthocephala,Eoacanthocephala,Neoechinorhynchida,Neoechinorhynchidae,Neoechinorhynchus
Pomphorhynchus bulbocolli,New Brunswick,46.5653163,-66.46191639999999,2,freshwater,Animalia,Acanthocephala,Palaeacanthocephala,Echinorhynchida,Pomphorhynchidae,Pomphorhynchus
Pomphorhynchus bulbocolli,Nova Scotia,44.68198659999999,-63.744311,2,freshwater,Animalia,Acanthocephala,Palaeacanthocephala,Echinorhynchida,Pomphorhynchidae,Pomphorhynchus
Echinorhynchus gadi,Northwest Territories,64.8255441,-124.8457334,3,marine,Animalia,Acanthocephala,Palaeacanthocephala,Echinorhynchida,Echinorhynchidae,Echinorhynchus
Neoechinorhynchus rutili,Northwest Territories,64.8255441,-124.8457334,4,freshwater,Animalia,Acanthocephala,Eoacanthocephala,Neoechinorhynchida,Neoechinorhynchidae,Neoechinorhynchus
Echinorhynchus gadi,Arctic Ocean,65.2481624,-60.4620977,3,marine,Animalia,Acanthocephala,Palaeacanthocephala,Echinorhynchida,Echinorhynchidae,Echinorhynchus
Echinorhynchus leidyi,Quebec,52.9399159,-73.5491361,2,freshwater,Animalia,Acanthocephala,Palaeacanthocephala,Echinorhynchida,Echinorhynchidae,Echinorhynchus
Echinorhynchus salmonis,Quebec,52.9399159,-73.5491361,3,freshwater,Animalia,Acanthocephala,Palaeacanthocephala,Echinorhynchida,Echinorhynchidae,Echinorhynchus
Leptorhynchoides thecatus,Quebec,52.9399159,-73.5491361,4,freshwater,Animalia,Acanthocephala,Palaeacanthocephala,Echinorhynchida,Rhadinorhynchidae,Leptorhynchoides
Leptorhynchoides thecatus,Labrador,48.66,-56.22,4,freshwater,Animalia,Acanthocephala,Palaeacanthocephala,Echinorhynchida,Rhadinorhynchidae,Leptorhynchoides
Neoechinorhynchus cylindratus,Ontario,51.253775,-85.323214,4,freshwater,Animalia,Acanthocephala,Eoacanthocephala,Neoechinorhynchida,Neoechinorhynchidae,Neoechinorhynchus
Neoechinorhynchus cylindratus,Quebec,52.9399159,-73.5491361,4,freshwater,Animalia,Acanthocephala,Eoacanthocephala,Neoechinorhynchida,Neoechinorhynchidae,Neoechinorhynchus
Neoechinorhynchus cristatus,British Columbia,53.7266683,-127.6476205,2,freshwater,Animalia,Acanthocephala,Eoacanthocephala,Neoechinorhynchida,Neoechinorhynchidae,Neoechinorhynchus
Neoechinorhynchus cylindratus,British Columbia,53.7266683,-127.6476205,4,freshwater,Animalia,Acanthocephala,Eoacanthocephala,Neoechinorhynchida,Neoechinorhynchidae,Neoechinorhynchus
Neoechinorhynchus rutili,Alberta,53.9332706,-116.5765035,4,freshwater,Animalia,Acanthocephala,Eoacanthocephala,Neoechinorhynchida,Neoechinorhynchidae,Neoechinorhynchus
Neoechinorhynchus cristatus,Alberta,53.9332706,-116.5765035,2,freshwater,Animalia,Acanthocephala,Eoacanthocephala,Neoechinorhynchida,Neoechinorhynchidae,Neoechinorhynchus
Neoechinorhynchus cristatus,Quebec,52.9399159,-73.5491361,2,freshwater,Animalia,Acanthocephala,Eoacanthocephala,Neoechinorhynchida,Neoechinorhynchidae,Neoechinorhynchus
Neoechinorhynchus cristatus,Labrador,48.66,-56.22,2,freshwater,Animalia,Acanthocephala,Eoacanthocephala,Neoechinorhynchida,Neoechinorhynchidae,Neoechinorhynchus
Pomphorhynchus bulbocolli,Quebec,52.9399159,-73.5491361,2,freshwater,Animalia,Acanthocephala,Palaeacanthocephala,Echinorhynchida,Pomphorhynchidae,Pomphorhynchus
Neoechinorhynchus cristatus,Ontario,51.253775,-85.323214,2,freshwater,Animalia,Acanthocephala,Eoacanthocephala,Neoechinorhynchida,Neoechinorhynchidae,Neoechinorhynchus
Polymorphus minutus,Finland,61.92410999999999,25.7481511,2,freshwater,Animalia,Acanthocephala,Palaeacanthocephala,Polymorphida,Polymorphidae,Polymorphus
Corynosoma strumosum,Atlantic Ocean,-14.5994134,-28.6731465,3,marine,Animalia,Acanthocephala,Palaeacanthocephala,Polymorphida,Polymorphidae,Corynosoma
Neoechinorhynchus rutili,Newfoundland,53.1355091,-57.6604364,4,freshwater,Animalia,Acanthocephala,Eoacanthocephala,Neoechinorhynchida,Neoechinorhynchidae,Neoechinorhynchus
Neoechinorhynchus rutili,Labrador,48.66,-56.22,4,freshwater,Animalia,Acanthocephala,Eoacanthocephala,Neoechinorhynchida,Neoechinorhynchidae,Neoechinorhynchus
Pomphorhynchus bulbocolli,Canada,56.130366,-106.346771,2,freshwater,Animalia,Acanthocephala,Palaeacanthocephala,Echinorhynchida,Pomphorhynchidae,Pomphorhynchus
Echinorhynchus gadi,Labrador,48.66,-56.22,3,marine,Animalia,Acanthocephala,Palaeacanthocephala,Echinorhynchida,Echinorhynchidae,Echinorhynchus
Corynosoma magdaleni,Atlantic Ocean,-14.5994134,-28.6731465,3,marine,Animalia,Acanthocephala,Palaeacanthocephala,Polymorphida,Polymorphidae,Corynosoma
Corynosoma semerme,Atlantic Ocean,-14.5994134,-28.6731465,3,marine,Animalia,Acanthocephala,Palaeacanthocephala,Polymorphida,Polymorphidae,Corynosoma
Corynosoma strumosum,Arctic Ocean,65.2481624,-60.4620977,3,marine,Animalia,Acanthocephala,Palaeacanthocephala,Polymorphida,Polymorphidae,Corynosoma
Moniliformis moniliformis,Uzbekistan,41.377491,64.585262,2,terrestrial,Animalia,Acanthocephala,Archiacanthocephala,Moniliformida,Moniliformidae,Moniliformis
Macracanthorhynchus catulinus,Uzbekistan,41.377491,64.585262,3,terrestrial,Animalia,Acanthocephala,Archiacanthocephala,Oligacanthorhynchida,Oligacanthorhynchidae,Macracanthorhynchus
Corynosoma australe,Southwest Atlantic,-14.5994134,-28.6731465,3,marine,Animalia,Acanthocephala,Palaeacanthocephala,Polymorphida,Polymorphidae,Corynosoma
Neoechinorhynchus rutili,Iraq,33.223191,43.679291,4,freshwater,Animalia,Acanthocephala,Eoacanthocephala,Neoechinorhynchida,Neoechinorhynchidae,Neoechinorhynchus
Pomphorhynchus laevis,Tadzhikistan,38.861034,71.276093,4,freshwater,Animalia,Acanthocephala,Palaeacanthocephala,Echinorhynchida,Pomphorhynchidae,Pomphorhynchus
Acanthocephalus lucii,Eire + N. Ireland,54.7877149,-6.4923145,2,freshwater,Animalia,Acanthocephala,Palaeacanthocephala,Echinorhynchida,Echinorhynchidae,Acanthocephalus
Polymorphus marilis,Manitoba,53.7608608,-98.8138762,2,freshwater,Animalia,Acanthocephala,Palaeacanthocephala,Polymorphida,Polymorphidae,Polymorphus
Filicollis anatis,East Germany (!! USE Germany),51.165691,10.451526,2,freshwater,Animalia,Acanthocephala,Palaeacanthocephala,Polymorphida,Polymorphidae,Filicollis
Neoechinorhynchus rutili,European USSR (CIS),54.5259614,15.2551187,4,freshwater,Animalia,Acanthocephala,Eoacanthocephala,Neoechinorhynchida,Neoechinorhynchidae,Neoechinorhynchus
Acanthocephalus anguillae,European USSR (CIS),54.5259614,15.2551187,2,freshwater,Animalia,Acanthocephala,Palaeacanthocephala,Echinorhynchida,Echinorhynchidae,Acanthocephalus
Acanthocephalus lucii,European USSR (CIS),54.5259614,15.2551187,2,freshwater,Animalia,Acanthocephala,Palaeacanthocephala,Echinorhynchida,Echinorhynchidae,Acanthocephalus
Paratenuisentis ambiguus,Germany,51.165691,10.451526,2,freshwater,Animalia,Acanthocephala,Eoacanthocephala,Neoechinorhynchida,Tenuisentidae,Paratenuisentis
Macracanthorhynchus ingens,Kansas,39.011902,-98.4842465,3,terrestrial,Animalia,Acanthocephala,Archiacanthocephala,Oligacanthorhynchida,Oligacanthorhynchidae,Macracanthorhynchus
Moniliformis moniliformis,Australia,-25.274398,133.775136,2,terrestrial,Animalia,Acanthocephala,Archiacanthocephala,Moniliformida,Moniliformidae,Moniliformis
Oncicola pomatostomi,Australia,-25.274398,133.775136,3,terrestrial,Animalia,Acanthocephala,Archiacanthocephala,Oligacanthorhynchida,Oligacanthorhynchidae,Oncicola
Echinorhynchus gadi,Northeast Atlantic,39.370134,-77.40677199999999,3,marine,Animalia,Acanthocephala,Palaeacanthocephala,Echinorhynchida,Echinorhynchidae,Echinorhynchus
Bolbosoma vasculosum,Northeast Atlantic,39.370134,-77.40677199999999,3,marine,Animalia,Acanthocephala,Palaeacanthocephala,Polymorphida,Polymorphidae,Bolbosoma
Plagiorhynchus cylindraceus,Arkansas,35.20105,-91.8318334,2,terrestrial,Animalia,Acanthocephala,Palaeacanthocephala,Polymorphida,Plagiorhynchidae,Plagiorhynchus
Mediorhynchus grandis,Arkansas,35.20105,-91.8318334,2,terrestrial,Animalia,Acanthocephala,Archiacanthocephala,Gigantorhynchida,Giganthorhynchidae,Mediorhynchus
Corynosoma strumosum,"England, Wales + Isle of Man",54.236107,-4.548056,3,marine,Animalia,Acanthocephala,Palaeacanthocephala,Polymorphida,Polymorphidae,Corynosoma
Corynosoma strumosum,Scotland,56.49067119999999,-4.2026458,3,marine,Animalia,Acanthocephala,Palaeacanthocephala,Polymorphida,Polymorphidae,Corynosoma
Pomphorhynchus bulbocolli,Indiana,40.2671941,-86.1349019,2,freshwater,Animalia,Acanthocephala,Palaeacanthocephala,Echinorhynchida,Pomphorhynchidae,Pomphorhynchus
Acanthocephalus dirus,Indiana,40.2671941,-86.1349019,2,freshwater,Animalia,Acanthocephala,Palaeacanthocephala,Echinorhynchida,Echinorhynchidae,Acanthocephalus
Neoechinorhynchus cylindratus,Indiana,40.2671941,-86.1349019,4,freshwater,Animalia,Acanthocephala,Eoacanthocephala,Neoechinorhynchida,Neoechinorhynchidae,Neoechinorhynchus
Pomphorhynchus bulbocolli,Lake Superior,47.723087,-86.940716,2,freshwater,Animalia,Acanthocephala,Palaeacanthocephala,Echinorhynchida,Pomphorhynchidae,Pomphorhynchus
Neoechinorhynchus rutili,Lake Superior,47.723087,-86.940716,4,freshwater,Animalia,Acanthocephala,Eoacanthocephala,Neoechinorhynchida,Neoechinorhynchidae,Neoechinorhynchus
Bolbosoma balaenae,New South Wales,-31.2532183,146.921099,3,marine,Animalia,Acanthocephala,Palaeacanthocephala,Polymorphida,Polymorphidae,Bolbosoma
Corynosoma australe,South Australia,-30.0002315,136.2091547,3,marine,Animalia,Acanthocephala,Palaeacanthocephala,Polymorphida,Polymorphidae,Corynosoma
Echinorhynchus cinctulus,Lake Baikal,53.5587003,108.1649965,2,freshwater,Animalia,Acanthocephala,Palaeacanthocephala,Echinorhynchida,Echinorhynchidae,Echinorhynchus
Neoechinorhynchus cristatus,Lake Superior,47.723087,-86.940716,2,freshwater,Animalia,Acanthocephala,Eoacanthocephala,Neoechinorhynchida,Neoechinorhynchidae,Neoechinorhynchus
Leptorhynchoides thecatus,Lake Superior,47.723087,-86.940716,4,freshwater,Animalia,Acanthocephala,Palaeacanthocephala,Echinorhynchida,Rhadinorhynchidae,Leptorhynchoides
Neoechinorhynchus cylindratus,Lake Superior,47.723087,-86.940716,4,freshwater,Animalia,Acanthocephala,Eoacanthocephala,Neoechinorhynchida,Neoechinorhynchidae,Neoechinorhynchus
Leptorhynchoides thecatus,Lake Huron,45.0521793,-82.48509399999999,4,freshwater,Animalia,Acanthocephala,Palaeacanthocephala,Echinorhynchida,Rhadinorhynchidae,Leptorhynchoides
Pomphorhynchus bulbocolli,Lake Huron,45.0521793,-82.48509399999999,2,freshwater,Animalia,Acanthocephala,Palaeacanthocephala,Echinorhynchida,Pomphorhynchidae,Pomphorhynchus
Neoechinorhynchus rutili,Lake Huron,45.0521793,-82.48509399999999,4,freshwater,Animalia,Acanthocephala,Eoacanthocephala,Neoechinorhynchida,Neoechinorhynchidae,Neoechinorhynchus
Polymorphus paradoxus,Canada,56.130366,-106.346771,2,freshwater,Animalia,Acanthocephala,Palaeacanthocephala,Polymorphida,Polymorphidae,Polymorphus
Pallisentis nagpurensis,Bangladesh,23.684994,90.356331,3,freshwater,Animalia,Acanthocephala,Eoacanthocephala,Gyracanthocephala,Quadrigyridae,Pallisentis
Aspersentis megarhynchus,Southwest Indian Ocean,-33.137551,81.826172,2,marine,Animalia,Acanthocephala,Palaeacanthocephala,Echinorhynchida,Heteracanthocephalidae,Aspersentis
Moniliformis moniliformis,European USSR (CIS),54.5259614,15.2551187,2,terrestrial,Animalia,Acanthocephala,Archiacanthocephala,Moniliformida,Moniliformidae,Moniliformis
Neoechinorhynchus cristatus,Lake Huron,45.0521793,-82.48509399999999,2,freshwater,Animalia,Acanthocephala,Eoacanthocephala,Neoechinorhynchida,Neoechinorhynchidae,Neoechinorhynchus
Echinorhynchus gadi,Mediterranean,34.5531284,18.0480105,3,marine,Animalia,Acanthocephala,Palaeacanthocephala,Echinorhynchida,Echinorhynchidae,Echinorhynchus
Corynosoma hamanni,Southwest Indian Ocean,-33.137551,81.826172,3,marine,Animalia,Acanthocephala,Palaeacanthocephala,Polymorphida,Polymorphidae,Corynosoma
Bolbosoma vasculosum,Southwest Indian Ocean,-33.137551,81.826172,3,marine,Animalia,Acanthocephala,Palaeacanthocephala,Polymorphida,Polymorphidae,Bolbosoma
Bolbosoma vasculosum,Arabian Sea,12.2501506,64.33717,3,marine,Animalia,Acanthocephala,Palaeacanthocephala,Polymorphida,Polymorphidae,Bolbosoma
Moniliformis moniliformis,Kazakstan,48.019573,66.923684,2,terrestrial,Animalia,Acanthocephala,Archiacanthocephala,Moniliformida,Moniliformidae,Moniliformis
Neoechinorhynchus cylindratus,Lake Huron,45.0521793,-82.48509399999999,4,freshwater,Animalia,Acanthocephala,Eoacanthocephala,Neoechinorhynchida,Neoechinorhynchidae,Neoechinorhynchus
Echinorhynchus gadi,Sea of Japan,38.848848,135,3,marine,Animalia,Acanthocephala,Palaeacanthocephala,Echinorhynchida,Echinorhynchidae,Echinorhynchus
Echinorhynchus truttae,Japan,36.204824,138.252924,2,freshwater,Animalia,Acanthocephala,Palaeacanthocephala,Echinorhynchida,Echinorhynchidae,Echinorhynchus
Pomphorhynchus bulbocolli,Lake Erie,42.0668852,-81.3399414,2,freshwater,Animalia,Acanthocephala,Palaeacanthocephala,Echinorhynchida,Pomphorhynchidae,Pomphorhynchus
Neoechinorhynchus cristatus,Lake Erie,42.0668852,-81.3399414,2,freshwater,Animalia,Acanthocephala,Eoacanthocephala,Neoechinorhynchida,Neoechinorhynchidae,Neoechinorhynchus
Moniliformis moniliformis,Corsica,42.0396042,9.012892599999999,2,terrestrial,Animalia,Acanthocephala,Archiacanthocephala,Moniliformida,Moniliformidae,Moniliformis
Leptorhynchoides thecatus,Lake Erie,42.0668852,-81.3399414,4,freshwater,Animalia,Acanthocephala,Palaeacanthocephala,Echinorhynchida,Rhadinorhynchidae,Leptorhynchoides
Neoechinorhynchus cylindratus,Lake Erie,42.0668852,-81.3399414,4,freshwater,Animalia,Acanthocephala,Eoacanthocephala,Neoechinorhynchida,Neoechinorhynchidae,Neoechinorhynchus
Neoechinorhynchus rutili,Lake Erie,42.0668852,-81.3399414,4,freshwater,Animalia,Acanthocephala,Eoacanthocephala,Neoechinorhynchida,Neoechinorhynchidae,Neoechinorhynchus
Neoechinorhynchus rutili,Lake Ontario,43.6333482,-77.82706689999999,4,freshwater,Animalia,Acanthocephala,Eoacanthocephala,Neoechinorhynchida,Neoechinorhynchidae,Neoechinorhynchus
Leptorhynchoides thecatus,Lake Ontario,43.6333482,-77.82706689999999,4,freshwater,Animalia,Acanthocephala,Palaeacanthocephala,Echinorhynchida,Rhadinorhynchidae,Leptorhynchoides
Filicollis anatis,Italy,41.87194,12.56738,2,freshwater,Animalia,Acanthocephala,Palaeacanthocephala,Polymorphida,Polymorphidae,Filicollis
Neoechinorhynchus saginatus,Lake Ontario,43.6333482,-77.82706689999999,2,freshwater,Animalia,Acanthocephala,Eoacanthocephala,Neoechinorhynchida,Neoechinorhynchidae,Neoechinorhynchus
Neoechinorhynchus cristatus,Lake Ontario,43.6333482,-77.82706689999999,2,freshwater,Animalia,Acanthocephala,Eoacanthocephala,Neoechinorhynchida,Neoechinorhynchidae,Neoechinorhynchus
Pomphorhynchus bulbocolli,Lake Ontario,43.6333482,-77.82706689999999,2,freshwater,Animalia,Acanthocephala,Palaeacanthocephala,Echinorhynchida,Pomphorhynchidae,Pomphorhynchus
Neoechinorhynchus cylindratus,Lake Ontario,43.6333482,-77.82706689999999,4,freshwater,Animalia,Acanthocephala,Eoacanthocephala,Neoechinorhynchida,Neoechinorhynchidae,Neoechinorhynchus
Neoechinorhynchus rutili,Finno-Karelian ASSR,63.15587019999999,32.9905552,4,freshwater,Animalia,Acanthocephala,Eoacanthocephala,Neoechinorhynchida,Neoechinorhynchidae,Neoechinorhynchus
Pomphorhynchus bulbocolli,Saskatchewan,52.9399159,-106.4508639,2,freshwater,Animalia,Acanthocephala,Palaeacanthocephala,Echinorhynchida,Pomphorhynchidae,Pomphorhynchus
Moniliformis moniliformis,Scotland,56.49067119999999,-4.2026458,2,terrestrial,Animalia,Acanthocephala,Archiacanthocephala,Moniliformida,Moniliformidae,Moniliformis
Acanthocephalus anguillae,Finno-Karelian ASSR,63.15587019999999,32.9905552,2,freshwater,Animalia,Acanthocephala,Palaeacanthocephala,Echinorhynchida,Echinorhynchidae,Acanthocephalus
Echinorhynchus cinctulus,Finno-Karelian ASSR,63.15587019999999,32.9905552,2,freshwater,Animalia,Acanthocephala,Palaeacanthocephala,Echinorhynchida,Echinorhynchidae,Echinorhynchus
Corynosoma bullosum,Southwest Atlantic,-14.5994134,-28.6731465,3,marine,Animalia,Acanthocephala,Palaeacanthocephala,Polymorphida,Polymorphidae,Corynosoma
Corynosoma pseudohamanni,Southwest Atlantic,-14.5994134,-28.6731465,3,marine,Animalia,Acanthocephala,Palaeacanthocephala,Polymorphida,Polymorphidae,Corynosoma
Moniliformis clarki,Uzbekistan,41.377491,64.585262,2,terrestrial,Animalia,Acanthocephala,Archiacanthocephala,Moniliformida,Moniliformidae,Moniliformis
Corynosoma strumosum,Iran,32.427908,53.688046,3,marine,Animalia,Acanthocephala,Palaeacanthocephala,Polymorphida,Polymorphidae,Corynosoma
Echinorhynchus gadi,North Sea,56.511018,3.515625,3,marine,Animalia,Acanthocephala,Palaeacanthocephala,Echinorhynchida,Echinorhynchidae,Echinorhynchus
Polymorphus minutus,Armenia,40.069099,45.038189,2,freshwater,Animalia,Acanthocephala,Palaeacanthocephala,Polymorphida,Polymorphidae,Polymorphus
Aspersentis megarhynchus,Southwest Atlantic,-14.5994134,-28.6731465,2,marine,Animalia,Acanthocephala,Palaeacanthocephala,Echinorhynchida,Heteracanthocephalidae,Aspersentis
Metacanthocephalus johnstoni,Southwest Atlantic,-14.5994134,-28.6731465,2,marine,Animalia,Acanthocephala,Palaeacanthocephala,Echinorhynchida,Rhadinorhynchidae,Metacanthocephalus
Corynosoma hamanni,Southwest Atlantic,-14.5994134,-28.6731465,3,marine,Animalia,Acanthocephala,Palaeacanthocephala,Polymorphida,Polymorphidae,Corynosoma
Acanthocephalus anguillae,France,46.227638,2.213749,2,freshwater,Animalia,Acanthocephala,Palaeacanthocephala,Echinorhynchida,Echinorhynchidae,Acanthocephalus
Acanthocephalus lucii,France,46.227638,2.213749,2,freshwater,Animalia,Acanthocephala,Palaeacanthocephala,Echinorhynchida,Echinorhynchidae,Acanthocephalus
Pomphorhynchus laevis,France,46.227638,2.213749,4,freshwater,Animalia,Acanthocephala,Palaeacanthocephala,Echinorhynchida,Pomphorhynchidae,Pomphorhynchus
Corynosoma strumosum,Alaska,64.2008413,-149.4936733,3,marine,Animalia,Acanthocephala,Palaeacanthocephala,Polymorphida,Polymorphidae,Corynosoma
Corynosoma semerme,Alaska,64.2008413,-149.4936733,3,marine,Animalia,Acanthocephala,Palaeacanthocephala,Polymorphida,Polymorphidae,Corynosoma
Polymorphus minutus,Alaska,64.2008413,-149.4936733,2,freshwater,Animalia,Acanthocephala,Palaeacanthocephala,Polymorphida,Polymorphidae,Polymorphus
Filicollis anatis,Armenia,40.069099,45.038189,2,freshwater,Animalia,Acanthocephala,Palaeacanthocephala,Polymorphida,Polymorphidae,Filicollis
Polymorphus minutus,Kazakstan,48.019573,66.923684,2,freshwater,Animalia,Acanthocephala,Palaeacanthocephala,Polymorphida,Polymorphidae,Polymorphus
Centrorhynchus aluconis,"Ukraine, incl. Moldavia",48.379433,31.1655799,3,terrestrial,Animalia,Acanthocephala,Palaeacanthocephala,Polymorphida,Centrorhynchidae,Centrorhynchus
Acanthocephalus anthuris,Spain + Andalusia,37.5442706,-4.7277528,2,freshwater,Animalia,Acanthocephala,Palaeacanthocephala,Echinorhynchida,Echinorhynchidae,Acanthocephalus
Centrorhynchus aluconis,Spain + Andalusia,37.5442706,-4.7277528,3,terrestrial,Animalia,Acanthocephala,Palaeacanthocephala,Polymorphida,Centrorhynchidae,Centrorhynchus
Moniliformis moniliformis,Balearic Islands,39.3587759,2.7356328,2,terrestrial,Animalia,Acanthocephala,Archiacanthocephala,Moniliformida,Moniliformidae,Moniliformis
Bolbosoma vasculosum,Mediterranean,34.5531284,18.0480105,3,marine,Animalia,Acanthocephala,Palaeacanthocephala,Polymorphida,Polymorphidae,Bolbosoma
Neoechinorhynchus cylindratus,Canada,56.130366,-106.346771,4,freshwater,Animalia,Acanthocephala,Eoacanthocephala,Neoechinorhynchida,Neoechinorhynchidae,Neoechinorhynchus
Neoechinorhynchus rutili,Canada,56.130366,-106.346771,4,freshwater,Animalia,Acanthocephala,Eoacanthocephala,Neoechinorhynchida,Neoechinorhynchidae,Neoechinorhynchus
Bolbosoma balaenae,Atlantic Ocean,-14.5994134,-28.6731465,3,marine,Animalia,Acanthocephala,Palaeacanthocephala,Polymorphida,Polymorphidae,Bolbosoma
Bolbosoma vasculosum,Atlantic Ocean,-14.5994134,-28.6731465,3,marine,Animalia,Acanthocephala,Palaeacanthocephala,Polymorphida,Polymorphidae,Bolbosoma
Corynosoma cetaceum,Atlantic Ocean,-14.5994134,-28.6731465,3,marine,Animalia,Acanthocephala,Palaeacanthocephala,Polymorphida,Polymorphidae,Corynosoma
Echinorhynchus truttae,"England, Wales + Isle of Man",54.236107,-4.548056,2,freshwater,Animalia,Acanthocephala,Palaeacanthocephala,Echinorhynchida,Echinorhynchidae,Echinorhynchus
Pomphorhynchus laevis,Italy,41.87194,12.56738,4,freshwater,Animalia,Acanthocephala,Palaeacanthocephala,Echinorhynchida,Pomphorhynchidae,Pomphorhynchus
Pomphorhynchus laevis,Greece,39.074208,21.824312,4,freshwater,Animalia,Acanthocephala,Palaeacanthocephala,Echinorhynchida,Pomphorhynchidae,Pomphorhynchus
Pomphorhynchus laevis,European USSR (CIS),54.5259614,15.2551187,4,freshwater,Animalia,Acanthocephala,Palaeacanthocephala,Echinorhynchida,Pomphorhynchidae,Pomphorhynchus
Golvanacanthus blennii,Black Sea,43.41302899999999,34.299316,2,marine,Animalia,Acanthocephala,Palaeacanthocephala,Echinorhynchida,Rhadinorhynchidae,Golvanacanthus
Filicollis anatis,Germany,51.165691,10.451526,2,freshwater,Animalia,Acanthocephala,Palaeacanthocephala,Polymorphida,Polymorphidae,Filicollis
Plagiorhynchus cylindraceus,United States,37.09024,-95.712891,2,terrestrial,Animalia,Acanthocephala,Palaeacanthocephala,Polymorphida,Plagiorhynchidae,Plagiorhynchus
Moniliformis moniliformis,Indonesia & Malaysia,-0.789275,113.921327,2,terrestrial,Animalia,Acanthocephala,Archiacanthocephala,Moniliformida,Moniliformidae,Moniliformis
Moniliformis moniliformis,Fijian Islands,-17.713371,178.065032,2,terrestrial,Animalia,Acanthocephala,Archiacanthocephala,Moniliformida,Moniliformidae,Moniliformis
Corynosoma strumosum,Turkmenistan,38.969719,59.556278,3,marine,Animalia,Acanthocephala,Palaeacanthocephala,Polymorphida,Polymorphidae,Corynosoma
Macracanthorhynchus catulinus,Turkmenistan,38.969719,59.556278,3,terrestrial,Animalia,Acanthocephala,Archiacanthocephala,Oligacanthorhynchida,Oligacanthorhynchidae,Macracanthorhynchus
Filicollis anatis,Kirgizia,41.20438,74.766098,2,freshwater,Animalia,Acanthocephala,Palaeacanthocephala,Polymorphida,Polymorphidae,Filicollis
Moniliformis moniliformis,United States,37.09024,-95.712891,2,terrestrial,Animalia,Acanthocephala,Archiacanthocephala,Moniliformida,Moniliformidae,Moniliformis
Acanthocephalus anguillae,Azerbaidzan,40.143105,47.576927,2,freshwater,Animalia,Acanthocephala,Palaeacanthocephala,Echinorhynchida,Echinorhynchidae,Acanthocephalus
Corynosoma strumosum,Azerbaidzan,40.143105,47.576927,3,marine,Animalia,Acanthocephala,Palaeacanthocephala,Polymorphida,Polymorphidae,Corynosoma
Pomphorhynchus laevis,Azerbaidzan,40.143105,47.576927,4,freshwater,Animalia,Acanthocephala,Palaeacanthocephala,Echinorhynchida,Pomphorhynchidae,Pomphorhynchus
Moniliformis moniliformis,Colorado,39.5500507,-105.7820674,2,terrestrial,Animalia,Acanthocephala,Archiacanthocephala,Moniliformida,Moniliformidae,Moniliformis
Macracanthorhynchus ingens,Arkansas,35.20105,-91.8318334,3,terrestrial,Animalia,Acanthocephala,Archiacanthocephala,Oligacanthorhynchida,Oligacanthorhynchidae,Macracanthorhynchus
Oligacanthorhynchus tortuosa,Arkansas,35.20105,-91.8318334,2,terrestrial,Animalia,Acanthocephala,Archiacanthocephala,Oligacanthorhynchida,Oligacanthorhynchidae,Oligacanthorhynchus
Neoechinorhynchus cylindratus,Louisiana,30.9842977,-91.96233269999999,4,freshwater,Animalia,Acanthocephala,Eoacanthocephala,Neoechinorhynchida,Neoechinorhynchidae,Neoechinorhynchus
Corynosoma strumosum,North Sea,56.511018,3.515625,3,marine,Animalia,Acanthocephala,Palaeacanthocephala,Polymorphida,Polymorphidae,Corynosoma
Corynosoma strumosum,Baltic Sea,58.48795200000001,19.863281,3,marine,Animalia,Acanthocephala,Palaeacanthocephala,Polymorphida,Polymorphidae,Corynosoma
Centrorhynchus milvus,Senegal,14.497401,-14.452362,3,terrestrial,Animalia,Acanthocephala,Palaeacanthocephala,Polymorphida,Centrorhynchidae,Centrorhynchus
Moniliformis clarki,Florida,27.6648274,-81.5157535,2,terrestrial,Animalia,Acanthocephala,Archiacanthocephala,Moniliformida,Moniliformidae,Moniliformis
Macracanthorhynchus ingens,Florida,27.6648274,-81.5157535,3,terrestrial,Animalia,Acanthocephala,Archiacanthocephala,Oligacanthorhynchida,Oligacanthorhynchidae,Macracanthorhynchus
Moniliformis moniliformis,Iraq,33.223191,43.679291,2,terrestrial,Animalia,Acanthocephala,Archiacanthocephala,Moniliformida,Moniliformidae,Moniliformis
Pomphorhynchus laevis,Austria,47.516231,14.550072,4,freshwater,Animalia,Acanthocephala,Palaeacanthocephala,Echinorhynchida,Pomphorhynchidae,Pomphorhynchus
Acanthocephalus lucii,Austria,47.516231,14.550072,2,freshwater,Animalia,Acanthocephala,Palaeacanthocephala,Echinorhynchida,Echinorhynchidae,Acanthocephalus
Acanthocephalus anguillae,Austria,47.516231,14.550072,2,freshwater,Animalia,Acanthocephala,Palaeacanthocephala,Echinorhynchida,Echinorhynchidae,Acanthocephalus
Polymorphus minutus,Germany,51.165691,10.451526,2,freshwater,Animalia,Acanthocephala,Palaeacanthocephala,Polymorphida,Polymorphidae,Polymorphus
Prosthenorchis elegans,"Ukraine, incl. Moldavia",48.379433,31.1655799,2,terrestrial,Animalia,Acanthocephala,Archiacanthocephala,Oligacanthorhynchida,Oligacanthorhynchidae,Prosthenorchis
Corynosoma semerme,Northwest Territories,64.8255441,-124.8457334,3,marine,Animalia,Acanthocephala,Palaeacanthocephala,Polymorphida,Polymorphidae,Corynosoma
Echinorhynchus gadi,Western coast of British Isles,56.41323389999999,-5.472362899999999,3,marine,Animalia,Acanthocephala,Palaeacanthocephala,Echinorhynchida,Echinorhynchidae,Echinorhynchus
Mediorhynchus grandis,Oklahoma,35.0077519,-97.092877,2,terrestrial,Animalia,Acanthocephala,Archiacanthocephala,Gigantorhynchida,Giganthorhynchidae,Mediorhynchus
Leptorhynchoides thecatus,New Hampshire/Vermont/Massachusetts/Connecticut/Rhode Is.,43.2509279,-71.9273024,4,freshwater,Animalia,Acanthocephala,Palaeacanthocephala,Echinorhynchida,Rhadinorhynchidae,Leptorhynchoides
Bolbosoma balaenae,Arctic Ocean,65.2481624,-60.4620977,3,marine,Animalia,Acanthocephala,Palaeacanthocephala,Polymorphida,Polymorphidae,Bolbosoma
Octospiniferoides chandleri,Mexico,23.634501,-102.552784,3,freshwater,Animalia,Acanthocephala,Eoacanthocephala,Neoechinorhynchida,Neoechinorhynchidae,Octospiniferoides
Dollfusentis chandleri,Mexico,23.634501,-102.552784,2,marine,Animalia,Acanthocephala,Palaeacanthocephala,Echinorhynchida,Illiosentidae,Dollfusentis
Polymorphus contortus,Baltic Sea,58.48795200000001,19.863281,2,freshwater,Animalia,Acanthocephala,Palaeacanthocephala,Polymorphida,Polymorphidae,Polymorphus
Centrorhynchus aluconis,Scotland,56.49067119999999,-4.2026458,3,terrestrial,Animalia,Acanthocephala,Palaeacanthocephala,Polymorphida,Centrorhynchidae,Centrorhynchus
Moniliformis clarki,Arkansas,35.20105,-91.8318334,2,terrestrial,Animalia,Acanthocephala,Archiacanthocephala,Moniliformida,Moniliformidae,Moniliformis
Acanthocephalus tumescens,Chile,-35.675147,-71.542969,3,freshwater,Animalia,Acanthocephala,Palaeacanthocephala,Echinorhynchida,Echinorhynchidae,Acanthocephalus
Acanthocephalus anguillae,Baltic Sea,58.48795200000001,19.863281,2,freshwater,Animalia,Acanthocephala,Palaeacanthocephala,Echinorhynchida,Echinorhynchidae,Acanthocephalus
Acanthocephalus lucii,Baltic Sea,58.48795200000001,19.863281,2,freshwater,Animalia,Acanthocephala,Palaeacanthocephala,Echinorhynchida,Echinorhynchidae,Acanthocephalus
Pomphorhynchus laevis,Armenia,40.069099,45.038189,4,freshwater,Animalia,Acanthocephala,Palaeacanthocephala,Echinorhynchida,Pomphorhynchidae,Pomphorhynchus
Neoechinorhynchus rutili,Austria,47.516231,14.550072,4,freshwater,Animalia,Acanthocephala,Eoacanthocephala,Neoechinorhynchida,Neoechinorhynchidae,Neoechinorhynchus
Acanthocephalus ranae,Austria,47.516231,14.550072,2,freshwater,Animalia,Acanthocephala,Palaeacanthocephala,Echinorhynchida,Echinorhynchidae,Acanthocephalus
Corynosoma strumosum,Austria,47.516231,14.550072,3,marine,Animalia,Acanthocephala,Palaeacanthocephala,Polymorphida,Polymorphidae,Corynosoma
Polymorphus contortus,Austria,47.516231,14.550072,2,freshwater,Animalia,Acanthocephala,Palaeacanthocephala,Polymorphida,Polymorphidae,Polymorphus
Polymorphus minutus,Austria,47.516231,14.550072,2,freshwater,Animalia,Acanthocephala,Palaeacanthocephala,Polymorphida,Polymorphidae,Polymorphus
Arhythmorhynchus frassoni,Austria,47.516231,14.550072,2,marine,Animalia,Acanthocephala,Palaeacanthocephala,Polymorphida,Polymorphidae,Arhythmorhynchus
Filicollis anatis,Austria,47.516231,14.550072,2,freshwater,Animalia,Acanthocephala,Palaeacanthocephala,Polymorphida,Polymorphidae,Filicollis
Centrorhynchus aluconis,Austria,47.516231,14.550072,3,terrestrial,Animalia,Acanthocephala,Palaeacanthocephala,Polymorphida,Centrorhynchidae,Centrorhynchus
Prosthenorchis elegans,Austria,47.516231,14.550072,2,terrestrial,Animalia,Acanthocephala,Archiacanthocephala,Oligacanthorhynchida,Oligacanthorhynchidae,Prosthenorchis
Corynosoma strumosum,Georgia (USSR),42.315407,43.35689199999999,3,marine,Animalia,Acanthocephala,Palaeacanthocephala,Polymorphida,Polymorphidae,Corynosoma
Echinorhynchus cinctulus,Finland,61.92410999999999,25.7481511,2,freshwater,Animalia,Acanthocephala,Palaeacanthocephala,Echinorhynchida,Echinorhynchidae,Echinorhynchus
Pomphorhynchus laevis,Georgia (USSR),42.315407,43.35689199999999,4,freshwater,Animalia,Acanthocephala,Palaeacanthocephala,Echinorhynchida,Pomphorhynchidae,Pomphorhynchus
Acanthocephalus anguillae,Georgia (USSR),42.315407,43.35689199999999,2,freshwater,Animalia,Acanthocephala,Palaeacanthocephala,Echinorhynchida,Echinorhynchidae,Acanthocephalus
Echinorhynchus salmonis,Baltic Sea,58.48795200000001,19.863281,3,freshwater,Animalia,Acanthocephala,Palaeacanthocephala,Echinorhynchida,Echinorhynchidae,Echinorhynchus
Echinorhynchus gadi,Finland,61.92410999999999,25.7481511,3,marine,Animalia,Acanthocephala,Palaeacanthocephala,Echinorhynchida,Echinorhynchidae,Echinorhynchus
Neoechinorhynchus rutili,Georgia (USSR),42.315407,43.35689199999999,4,freshwater,Animalia,Acanthocephala,Eoacanthocephala,Neoechinorhynchida,Neoechinorhynchidae,Neoechinorhynchus
Acanthocephalus dirus,Lake Superior,47.723087,-86.940716,2,freshwater,Animalia,Acanthocephala,Palaeacanthocephala,Echinorhynchida,Echinorhynchidae,Acanthocephalus
Echinorhynchus salmonis,Lake Superior,47.723087,-86.940716,3,freshwater,Animalia,Acanthocephala,Palaeacanthocephala,Echinorhynchida,Echinorhynchidae,Echinorhynchus
Macracanthorhynchus ingens,North Carolina,35.7595731,-79.01929969999999,3,terrestrial,Animalia,Acanthocephala,Archiacanthocephala,Oligacanthorhynchida,Oligacanthorhynchidae,Macracanthorhynchus
Echinorhynchus truttae,Baltic Sea,58.48795200000001,19.863281,2,freshwater,Animalia,Acanthocephala,Palaeacanthocephala,Echinorhynchida,Echinorhynchidae,Echinorhynchus
Polymorphus minutus,Baltic Sea,58.48795200000001,19.863281,2,freshwater,Animalia,Acanthocephala,Palaeacanthocephala,Polymorphida,Polymorphidae,Polymorphus
Centrorhynchus aluconis,"England, Wales + Isle of Man",54.236107,-4.548056,3,terrestrial,Animalia,Acanthocephala,Palaeacanthocephala,Polymorphida,Centrorhynchidae,Centrorhynchus
Plagiorhynchus cylindraceus,"England, Wales + Isle of Man",54.236107,-4.548056,2,terrestrial,Animalia,Acanthocephala,Palaeacanthocephala,Polymorphida,Plagiorhynchidae,Plagiorhynchus
Echinorhynchus gadi,Norwegian Sea,68.8773537,3.13966,3,marine,Animalia,Acanthocephala,Palaeacanthocephala,Echinorhynchida,Echinorhynchidae,Echinorhynchus
Echinorhynchus bothniensis,Finland,61.92410999999999,25.7481511,2,freshwater,Animalia,Acanthocephala,Palaeacanthocephala,Echinorhynchida,Echinorhynchidae,Echinorhynchus
Echinorhynchus salmonis,Indiana,40.2671941,-86.1349019,3,freshwater,Animalia,Acanthocephala,Palaeacanthocephala,Echinorhynchida,Echinorhynchidae,Echinorhynchus
Moniliformis clarki,Japan,36.204824,138.252924,2,terrestrial,Animalia,Acanthocephala,Archiacanthocephala,Moniliformida,Moniliformidae,Moniliformis
Neoechinorhynchus rutili,Yugoslavia,37.09024,-95.712891,4,freshwater,Animalia,Acanthocephala,Eoacanthocephala,Neoechinorhynchida,Neoechinorhynchidae,Neoechinorhynchus
Echinorhynchus truttae,Scotland,56.49067119999999,-4.2026458,2,freshwater,Animalia,Acanthocephala,Palaeacanthocephala,Echinorhynchida,Echinorhynchidae,Echinorhynchus
Acanthocephalus anguillae,Italy,41.87194,12.56738,2,freshwater,Animalia,Acanthocephala,Palaeacanthocephala,Echinorhynchida,Echinorhynchidae,Acanthocephalus
Polymorphus cincli,"Ukraine, incl. Moldavia",48.379433,31.1655799,2,freshwater,Animalia,Acanthocephala,Palaeacanthocephala,Polymorphida,Polymorphidae,Polymorphus
Macracanthorhynchus catulinus,"Ukraine, incl. Moldavia",48.379433,31.1655799,3,terrestrial,Animalia,Acanthocephala,Archiacanthocephala,Oligacanthorhynchida,Oligacanthorhynchidae,Macracanthorhynchus
Southwellina hispida,Florida,27.6648274,-81.5157535,3,marine,Animalia,Acanthocephala,Palaeacanthocephala,Polymorphida,Polymorphidae,Southwellina
Corynosoma strumosum,Eire + N. Ireland,54.7877149,-6.4923145,3,marine,Animalia,Acanthocephala,Palaeacanthocephala,Polymorphida,Polymorphidae,Corynosoma
Acanthocephalus anthuris,Greece,39.074208,21.824312,2,freshwater,Animalia,Acanthocephala,Palaeacanthocephala,Echinorhynchida,Echinorhynchidae,Acanthocephalus
Acanthocephalus ranae,Greece,39.074208,21.824312,2,freshwater,Animalia,Acanthocephala,Palaeacanthocephala,Echinorhynchida,Echinorhynchidae,Acanthocephalus
Fessisentis fessus,Louisiana,30.9842977,-91.96233269999999,2,freshwater,Animalia,Acanthocephala,Palaeacanthocephala,Echinorhynchida,Fessisentidae,Fessisentis
Polymorphus paradoxus,Alberta,53.9332706,-116.5765035,2,freshwater,Animalia,Acanthocephala,Palaeacanthocephala,Polymorphida,Polymorphidae,Polymorphus
Corynosoma australe,Chilean coast,-32.98,-71.00999999999999,3,marine,Animalia,Acanthocephala,Palaeacanthocephala,Polymorphida,Polymorphidae,Corynosoma
Acanthocephalus ranae,Uzbekistan,41.377491,64.585262,2,freshwater,Animalia,Acanthocephala,Palaeacanthocephala,Echinorhynchida,Echinorhynchidae,Acanthocephalus
Moniliformis moniliformis,Iran,32.427908,53.688046,2,terrestrial,Animalia,Acanthocephala,Archiacanthocephala,Moniliformida,Moniliformidae,Moniliformis
Filicollis anatis,Iraq,33.223191,43.679291,2,freshwater,Animalia,Acanthocephala,Palaeacanthocephala,Polymorphida,Polymorphidae,Filicollis
Polymorphus minutus,Iraq,33.223191,43.679291,2,freshwater,Animalia,Acanthocephala,Palaeacanthocephala,Polymorphida,Polymorphidae,Polymorphus
Acanthocephalus lucii,Greece,39.074208,21.824312,2,freshwater,Animalia,Acanthocephala,Palaeacanthocephala,Echinorhynchida,Echinorhynchidae,Acanthocephalus
Profilicollis botulus,North Sea,56.511018,3.515625,2,marine,Animalia,Acanthocephala,Palaeacanthocephala,Polymorphida,Polymorphidae,Profilicollis
Bolbosoma vasculosum,Off Azores/Canary/Cape Verde Isles,28.2915637,-16.6291304,3,marine,Animalia,Acanthocephala,Palaeacanthocephala,Polymorphida,Polymorphidae,Bolbosoma
Corynosoma semerme,Baltic Sea,58.48795200000001,19.863281,3,marine,Animalia,Acanthocephala,Palaeacanthocephala,Polymorphida,Polymorphidae,Corynosoma
Echinorhynchus gadi,Greenland,71.706936,-42.604303,3,marine,Animalia,Acanthocephala,Palaeacanthocephala,Echinorhynchida,Echinorhynchidae,Echinorhynchus
Filicollis anatis,Indian Region,22,79,2,freshwater,Animalia,Acanthocephala,Palaeacanthocephala,Polymorphida,Polymorphidae,Filicollis
Neoechinorhynchus cylindratus,North Carolina,35.7595731,-79.01929969999999,4,freshwater,Animalia,Acanthocephala,Eoacanthocephala,Neoechinorhynchida,Neoechinorhynchidae,Neoechinorhynchus
Oligacanthorhynchus tortuosa,Nearctic,53.569001,-113.571487,2,terrestrial,Animalia,Acanthocephala,Archiacanthocephala,Oligacanthorhynchida,Oligacanthorhynchidae,Oligacanthorhynchus
Corynosoma bullosum,Atlantic Ocean,-14.5994134,-28.6731465,3,marine,Animalia,Acanthocephala,Palaeacanthocephala,Polymorphida,Polymorphidae,Corynosoma
Corynosoma cetaceum,Chilean coast,-32.98,-71.00999999999999,3,marine,Animalia,Acanthocephala,Palaeacanthocephala,Polymorphida,Polymorphidae,Corynosoma
Corynosoma strumosum,Iceland,64.963051,-19.020835,3,marine,Animalia,Acanthocephala,Palaeacanthocephala,Polymorphida,Polymorphidae,Corynosoma
Corynosoma semerme,Iceland,64.963051,-19.020835,3,marine,Animalia,Acanthocephala,Palaeacanthocephala,Polymorphida,Polymorphidae,Corynosoma
Corynosoma magdaleni,Iceland,64.963051,-19.020835,3,marine,Animalia,Acanthocephala,Palaeacanthocephala,Polymorphida,Polymorphidae,Corynosoma
Echinorhynchus gadi,West Coast of Norway,60.4121981,5.3222701,3,marine,Animalia,Acanthocephala,Palaeacanthocephala,Echinorhynchida,Echinorhynchidae,Echinorhynchus
Corynosoma semerme,West Coast of Norway,60.4121981,5.3222701,3,marine,Animalia,Acanthocephala,Palaeacanthocephala,Polymorphida,Polymorphidae,Corynosoma
Golvanacanthus blennii,"Ukraine, incl. Moldavia",48.379433,31.1655799,2,marine,Animalia,Acanthocephala,Palaeacanthocephala,Echinorhynchida,Rhadinorhynchidae,Golvanacanthus
Neoechinorhynchus rutili,"Ukraine, incl. Moldavia",48.379433,31.1655799,4,freshwater,Animalia,Acanthocephala,Eoacanthocephala,Neoechinorhynchida,Neoechinorhynchidae,Neoechinorhynchus
Echinorhynchus cinctulus,"Ukraine, incl. Moldavia",48.379433,31.1655799,2,freshwater,Animalia,Acanthocephala,Palaeacanthocephala,Echinorhynchida,Echinorhynchidae,Echinorhynchus
Acanthocephalus lucii,"Ukraine, incl. Moldavia",48.379433,31.1655799,2,freshwater,Animalia,Acanthocephala,Palaeacanthocephala,Echinorhynchida,Echinorhynchidae,Acanthocephalus
Acanthocephalus anguillae,"Ukraine, incl. Moldavia",48.379433,31.1655799,2,freshwater,Animalia,Acanthocephala,Palaeacanthocephala,Echinorhynchida,Echinorhynchidae,Acanthocephalus
Pomphorhynchus laevis,"Ukraine, incl. Moldavia",48.379433,31.1655799,4,freshwater,Animalia,Acanthocephala,Palaeacanthocephala,Echinorhynchida,Pomphorhynchidae,Pomphorhynchus
Leptorhynchoides thecatus,Louisiana,30.9842977,-91.96233269999999,4,freshwater,Animalia,Acanthocephala,Palaeacanthocephala,Echinorhynchida,Rhadinorhynchidae,Leptorhynchoides
Acanthocephalus clavula,Finno-Karelian ASSR,63.15587019999999,32.9905552,2,freshwater,Animalia,Acanthocephala,Palaeacanthocephala,Echinorhynchida,Echinorhynchidae,Acanthocephalus
Corynosoma strumosum,Finno-Karelian ASSR,63.15587019999999,32.9905552,3,marine,Animalia,Acanthocephala,Palaeacanthocephala,Polymorphida,Polymorphidae,Corynosoma
Polymorphus minutus,Black Sea,43.41302899999999,34.299316,2,freshwater,Animalia,Acanthocephala,Palaeacanthocephala,Polymorphida,Polymorphidae,Polymorphus
Plagiorhynchus cylindraceus,"Ukraine, incl. Moldavia",48.379433,31.1655799,2,terrestrial,Animalia,Acanthocephala,Palaeacanthocephala,Polymorphida,Plagiorhynchidae,Plagiorhynchus
Acanthocephalus tumescens,Argentina,-38.416097,-63.61667199999999,3,freshwater,Animalia,Acanthocephala,Palaeacanthocephala,Echinorhynchida,Echinorhynchidae,Acanthocephalus
Neoechinorhynchus cylindratus,Nova Scotia,44.68198659999999,-63.744311,4,freshwater,Animalia,Acanthocephala,Eoacanthocephala,Neoechinorhynchida,Neoechinorhynchidae,Neoechinorhynchus
Acanthocephalus lucii,Italy,41.87194,12.56738,2,freshwater,Animalia,Acanthocephala,Palaeacanthocephala,Echinorhynchida,Echinorhynchidae,Acanthocephalus
Golvanacanthus blennii,Italy,41.87194,12.56738,2,marine,Animalia,Acanthocephala,Palaeacanthocephala,Echinorhynchida,Rhadinorhynchidae,Golvanacanthus
Neoechinorhynchus rutili,Italy,41.87194,12.56738,4,freshwater,Animalia,Acanthocephala,Eoacanthocephala,Neoechinorhynchida,Neoechinorhynchidae,Neoechinorhynchus
Echinorhynchus salmonis,Nova Scotia,44.68198659999999,-63.744311,3,freshwater,Animalia,Acanthocephala,Palaeacanthocephala,Echinorhynchida,Echinorhynchidae,Echinorhynchus
Acanthocephalus dirus,Great Lakes,45.0522366,-82.4846115,2,freshwater,Animalia,Acanthocephala,Palaeacanthocephala,Echinorhynchida,Echinorhynchidae,Acanthocephalus
Echinorhynchus leidyi,Great Lakes,45.0522366,-82.4846115,2,freshwater,Animalia,Acanthocephala,Palaeacanthocephala,Echinorhynchida,Echinorhynchidae,Echinorhynchus
Echinorhynchus salmonis,Great Lakes,45.0522366,-82.4846115,3,freshwater,Animalia,Acanthocephala,Palaeacanthocephala,Echinorhynchida,Echinorhynchidae,Echinorhynchus
Leptorhynchoides thecatus,Great Lakes,45.0522366,-82.4846115,4,freshwater,Animalia,Acanthocephala,Palaeacanthocephala,Echinorhynchida,Rhadinorhynchidae,Leptorhynchoides
Neoechinorhynchus rutili,Great Lakes,45.0522366,-82.4846115,4,freshwater,Animalia,Acanthocephala,Eoacanthocephala,Neoechinorhynchida,Neoechinorhynchidae,Neoechinorhynchus
Pomphorhynchus bulbocolli,Great Lakes,45.0522366,-82.4846115,2,freshwater,Animalia,Acanthocephala,Palaeacanthocephala,Echinorhynchida,Pomphorhynchidae,Pomphorhynchus
Acanthocephalus lucii,Norway,60.47202399999999,8.468945999999999,2,freshwater,Animalia,Acanthocephala,Palaeacanthocephala,Echinorhynchida,Echinorhynchidae,Acanthocephalus
Echinorhynchus gadi,Norway,60.47202399999999,8.468945999999999,3,marine,Animalia,Acanthocephala,Palaeacanthocephala,Echinorhynchida,Echinorhynchidae,Echinorhynchus
Macracanthorhynchus catulinus,"England, Wales + Isle of Man",54.236107,-4.548056,3,terrestrial,Animalia,Acanthocephala,Archiacanthocephala,Oligacanthorhynchida,Oligacanthorhynchidae,Macracanthorhynchus
Polymorphus minutus,Italy,41.87194,12.56738,2,freshwater,Animalia,Acanthocephala,Palaeacanthocephala,Polymorphida,Polymorphidae,Polymorphus
Neoechinorhynchus emydis,Italy,41.87194,12.56738,3,freshwater,Animalia,Acanthocephala,Eoacanthocephala,Neoechinorhynchida,Neoechinorhynchidae,Neoechinorhynchus
Southwellina hispida,Italy,41.87194,12.56738,3,marine,Animalia,Acanthocephala,Palaeacanthocephala,Polymorphida,Polymorphidae,Southwellina
Neoechinorhynchus rutili,Norway,60.47202399999999,8.468945999999999,4,freshwater,Animalia,Acanthocephala,Eoacanthocephala,Neoechinorhynchida,Neoechinorhynchidae,Neoechinorhynchus
Profilicollis botulus,Iceland,64.963051,-19.020835,2,marine,Animalia,Acanthocephala,Palaeacanthocephala,Polymorphida,Polymorphidae,Profilicollis
Polymorphus minutus,Iceland,64.963051,-19.020835,2,freshwater,Animalia,Acanthocephala,Palaeacanthocephala,Polymorphida,Polymorphidae,Polymorphus
Corynosoma cetaceum,Indian Ocean,-33.137551,81.826172,3,marine,Animalia,Acanthocephala,Palaeacanthocephala,Polymorphida,Polymorphidae,Corynosoma
Corynosoma semerme,Arctic Ocean,65.2481624,-60.4620977,3,marine,Animalia,Acanthocephala,Palaeacanthocephala,Polymorphida,Polymorphidae,Corynosoma
Profilicollis botulus,Norway,60.47202399999999,8.468945999999999,2,marine,Animalia,Acanthocephala,Palaeacanthocephala,Polymorphida,Polymorphidae,Profilicollis
Acanthocephalus ranae,District of Columbia/Delaware/New Jersey/Maryland,39.0457549,-76.64127119999999,2,freshwater,Animalia,Acanthocephala,Palaeacanthocephala,Echinorhynchida,Echinorhynchidae,Acanthocephalus
Acanthocephalus dirus,District of Columbia/Delaware/New Jersey/Maryland,39.0457549,-76.64127119999999,2,freshwater,Animalia,Acanthocephala,Palaeacanthocephala,Echinorhynchida,Echinorhynchidae,Acanthocephalus
Moniliformis clarki,Lake Baikal,53.5587003,108.1649965,2,terrestrial,Animalia,Acanthocephala,Archiacanthocephala,Moniliformida,Moniliformidae,Moniliformis
Macracanthorhynchus catulinus,Lake Baikal,53.5587003,108.1649965,3,terrestrial,Animalia,Acanthocephala,Archiacanthocephala,Oligacanthorhynchida,Oligacanthorhynchidae,Macracanthorhynchus
Acanthocephalus lucii,Belgium + Luxembourg,50.0546886,5.467698299999999,2,freshwater,Animalia,Acanthocephala,Palaeacanthocephala,Echinorhynchida,Echinorhynchidae,Acanthocephalus
Acanthocephalus anguillae,Belgium + Luxembourg,50.0546886,5.467698299999999,2,freshwater,Animalia,Acanthocephala,Palaeacanthocephala,Echinorhynchida,Echinorhynchidae,Acanthocephalus
Corynosoma strumosum,Byelorussia,53.709807,27.953389,3,marine,Animalia,Acanthocephala,Palaeacanthocephala,Polymorphida,Polymorphidae,Corynosoma
Echinorhynchus gadi,Sea of Okhotsk,52.87362299999999,149.3658173,3,marine,Animalia,Acanthocephala,Palaeacanthocephala,Echinorhynchida,Echinorhynchidae,Echinorhynchus
Echinorhynchus leidyi,Sea of Okhotsk,52.87362299999999,149.3658173,2,freshwater,Animalia,Acanthocephala,Palaeacanthocephala,Echinorhynchida,Echinorhynchidae,Echinorhynchus
Corynosoma strumosum,Sea of Japan,38.848848,135,3,marine,Animalia,Acanthocephala,Palaeacanthocephala,Polymorphida,Polymorphidae,Corynosoma
Acanthocephalus clavula,Eire + N. Ireland,54.7877149,-6.4923145,2,freshwater,Animalia,Acanthocephala,Palaeacanthocephala,Echinorhynchida,Echinorhynchidae,Acanthocephalus
Pomphorhynchus laevis,Northeast Atlantic,39.370134,-77.40677199999999,4,freshwater,Animalia,Acanthocephala,Palaeacanthocephala,Echinorhynchida,Pomphorhynchidae,Pomphorhynchus
Acanthocephalus clavula,Northeast Atlantic,39.370134,-77.40677199999999,2,freshwater,Animalia,Acanthocephala,Palaeacanthocephala,Echinorhynchida,Echinorhynchidae,Acanthocephalus
Acanthocephalus lucii,Northeast Atlantic,39.370134,-77.40677199999999,2,freshwater,Animalia,Acanthocephala,Palaeacanthocephala,Echinorhynchida,Echinorhynchidae,Acanthocephalus
Echinorhynchus truttae,Northeast Atlantic,39.370134,-77.40677199999999,2,freshwater,Animalia,Acanthocephala,Palaeacanthocephala,Echinorhynchida,Echinorhynchidae,Echinorhynchus
Bolbosoma vasculosum,Ligurian Sea,43.7542275,8.8362755,3,marine,Animalia,Acanthocephala,Palaeacanthocephala,Polymorphida,Polymorphidae,Bolbosoma
Fessisentis necturorum,West Virginia,38.5976262,-80.4549026,2,freshwater,Animalia,Acanthocephala,Palaeacanthocephala,Echinorhynchida,Fessisentidae,Fessisentis
Acanthocephalus dirus,Mexico,23.634501,-102.552784,2,freshwater,Animalia,Acanthocephala,Palaeacanthocephala,Echinorhynchida,Echinorhynchidae,Acanthocephalus
Corynosoma strumosum,United States,37.09024,-95.712891,3,marine,Animalia,Acanthocephala,Palaeacanthocephala,Polymorphida,Polymorphidae,Corynosoma
Southwellina hispida,United States,37.09024,-95.712891,3,marine,Animalia,Acanthocephala,Palaeacanthocephala,Polymorphida,Polymorphidae,Southwellina
Leptorhynchoides thecatus,United States,37.09024,-95.712891,4,freshwater,Animalia,Acanthocephala,Palaeacanthocephala,Echinorhynchida,Rhadinorhynchidae,Leptorhynchoides
Moniliformis moniliformis,Germany,51.165691,10.451526,2,terrestrial,Animalia,Acanthocephala,Archiacanthocephala,Moniliformida,Moniliformidae,Moniliformis
Pomphorhynchus laevis,Scotland,56.49067119999999,-4.2026458,4,freshwater,Animalia,Acanthocephala,Palaeacanthocephala,Echinorhynchida,Pomphorhynchidae,Pomphorhynchus
Acanthocephalus lucii,Egypt,26.820553,30.802498,2,freshwater,Animalia,Acanthocephala,Palaeacanthocephala,Echinorhynchida,Echinorhynchidae,Acanthocephalus
Acanthocephalus anguillae,Norway,60.47202399999999,8.468945999999999,2,freshwater,Animalia,Acanthocephala,Palaeacanthocephala,Echinorhynchida,Echinorhynchidae,Acanthocephalus
Echinorhynchus truttae,Norway,60.47202399999999,8.468945999999999,2,freshwater,Animalia,Acanthocephala,Palaeacanthocephala,Echinorhynchida,Echinorhynchidae,Echinorhynchus
Polymorphus minutus,Scotland,56.49067119999999,-4.2026458,2,freshwater,Animalia,Acanthocephala,Palaeacanthocephala,Polymorphida,Polymorphidae,Polymorphus
Acanthocephalus dirus,Lake Michigan,43.4501005,-87.22201869999999,2,freshwater,Animalia,Acanthocephala,Palaeacanthocephala,Echinorhynchida,Echinorhynchidae,Acanthocephalus
Acanthocephalus dirus,Lake Huron,45.0521793,-82.48509399999999,2,freshwater,Animalia,Acanthocephala,Palaeacanthocephala,Echinorhynchida,Echinorhynchidae,Acanthocephalus
Echinorhynchus leidyi,Lake Michigan,43.4501005,-87.22201869999999,2,freshwater,Animalia,Acanthocephala,Palaeacanthocephala,Echinorhynchida,Echinorhynchidae,Echinorhynchus
Echinorhynchus leidyi,Lake Huron,45.0521793,-82.48509399999999,2,freshwater,Animalia,Acanthocephala,Palaeacanthocephala,Echinorhynchida,Echinorhynchidae,Echinorhynchus
Echinorhynchus salmonis,Lake Michigan,43.4501005,-87.22201869999999,3,freshwater,Animalia,Acanthocephala,Palaeacanthocephala,Echinorhynchida,Echinorhynchidae,Echinorhynchus
Echinorhynchus salmonis,Lake Huron,45.0521793,-82.48509399999999,3,freshwater,Animalia,Acanthocephala,Palaeacanthocephala,Echinorhynchida,Echinorhynchidae,Echinorhynchus
Echinorhynchus salmonis,Lake Ontario,43.6333482,-77.82706689999999,3,freshwater,Animalia,Acanthocephala,Palaeacanthocephala,Echinorhynchida,Echinorhynchidae,Echinorhynchus
Fessisentis necturorum,Louisiana,30.9842977,-91.96233269999999,2,freshwater,Animalia,Acanthocephala,Palaeacanthocephala,Echinorhynchida,Fessisentidae,Fessisentis
Pomphorhynchus bulbocolli,New Hampshire/Vermont/Massachusetts/Connecticut/Rhode Is.,43.2509279,-71.9273024,2,freshwater,Animalia,Acanthocephala,Palaeacanthocephala,Echinorhynchida,Pomphorhynchidae,Pomphorhynchus
Leptorhynchoides thecatus,Tennessee,35.5174913,-86.5804473,4,freshwater,Animalia,Acanthocephala,Palaeacanthocephala,Echinorhynchida,Rhadinorhynchidae,Leptorhynchoides
Leptorhynchoides thecatus,Indiana,40.2671941,-86.1349019,4,freshwater,Animalia,Acanthocephala,Palaeacanthocephala,Echinorhynchida,Rhadinorhynchidae,Leptorhynchoides
Polymorphus minutus,Egypt,26.820553,30.802498,2,freshwater,Animalia,Acanthocephala,Palaeacanthocephala,Polymorphida,Polymorphidae,Polymorphus
Pomphorhynchus laevis,Europe,54.5259614,15.2551187,4,freshwater,Animalia,Acanthocephala,Palaeacanthocephala,Echinorhynchida,Pomphorhynchidae,Pomphorhynchus
Acanthocephalus anguillae,Europe,54.5259614,15.2551187,2,freshwater,Animalia,Acanthocephala,Palaeacanthocephala,Echinorhynchida,Echinorhynchidae,Acanthocephalus
Acanthocephalus lucii,Europe,54.5259614,15.2551187,2,freshwater,Animalia,Acanthocephala,Palaeacanthocephala,Echinorhynchida,Echinorhynchidae,Acanthocephalus
Neoechinorhynchus rutili,Europe,54.5259614,15.2551187,4,freshwater,Animalia,Acanthocephala,Eoacanthocephala,Neoechinorhynchida,Neoechinorhynchidae,Neoechinorhynchus
Moniliformis moniliformis,Japan,36.204824,138.252924,2,terrestrial,Animalia,Acanthocephala,Archiacanthocephala,Moniliformida,Moniliformidae,Moniliformis
Corynosoma semerme,European USSR (CIS),54.5259614,15.2551187,3,marine,Animalia,Acanthocephala,Palaeacanthocephala,Polymorphida,Polymorphidae,Corynosoma
Corynosoma strumosum,European USSR (CIS),54.5259614,15.2551187,3,marine,Animalia,Acanthocephala,Palaeacanthocephala,Polymorphida,Polymorphidae,Corynosoma
Echinorhynchus truttae,Lake Baikal,53.5587003,108.1649965,2,freshwater,Animalia,Acanthocephala,Palaeacanthocephala,Echinorhynchida,Echinorhynchidae,Echinorhynchus
Echinorhynchus salmonis,Lake Baikal,53.5587003,108.1649965,3,freshwater,Animalia,Acanthocephala,Palaeacanthocephala,Echinorhynchida,Echinorhynchidae,Echinorhynchus
Echinorhynchus gadi,European USSR (CIS),54.5259614,15.2551187,3,marine,Animalia,Acanthocephala,Palaeacanthocephala,Echinorhynchida,Echinorhynchidae,Echinorhynchus
Pomphorhynchus bulbocolli,Nebraska,41.4925374,-99.9018131,2,freshwater,Animalia,Acanthocephala,Palaeacanthocephala,Echinorhynchida,Pomphorhynchidae,Pomphorhynchus
Southwellina hispida,Hawaiian Islands,19.8967662,-155.5827818,3,marine,Animalia,Acanthocephala,Palaeacanthocephala,Polymorphida,Polymorphidae,Southwellina
Acanthocephalus dirus,United States,37.09024,-95.712891,2,freshwater,Animalia,Acanthocephala,Palaeacanthocephala,Echinorhynchida,Echinorhynchidae,Acanthocephalus
Tegorhynchus furcatus,Gulf of Mexico,25.304304,-90.065918,2,marine,Animalia,Acanthocephala,Palaeacanthocephala,Echinorhynchida,Illiosentidae,Tegorhynchus
Tegorhynchus furcatus,Caribbean Sea,14.5401107,-74.9676365,2,marine,Animalia,Acanthocephala,Palaeacanthocephala,Echinorhynchida,Illiosentidae,Tegorhynchus
Atactorhynchus verecundus,Gulf of Mexico,25.304304,-90.065918,2,freshwater,Animalia,Acanthocephala,Eoacanthocephala,Neoechinorhynchida,Neoechinorhynchidae,Atactorhynchus
Polymorphus trochus,Nearctic,53.569001,-113.571487,2,freshwater,Animalia,Acanthocephala,Palaeacanthocephala,Polymorphida,Polymorphidae,Polymorphus
Southwellina hispida,Gulf of Mexico,25.304304,-90.065918,3,marine,Animalia,Acanthocephala,Palaeacanthocephala,Polymorphida,Polymorphidae,Southwellina
Caballerorhynchus lamothei,Gulf of Mexico,25.304304,-90.065918,2,marine,Animalia,Acanthocephala,Palaeacanthocephala,Echinorhynchida,Cavisomidae,Caballerorhynchus
Echinorhynchus salmonis,United States,37.09024,-95.712891,3,freshwater,Animalia,Acanthocephala,Palaeacanthocephala,Echinorhynchida,Echinorhynchidae,Echinorhynchus
Mediorhynchus grandis,District of Columbia/Delaware/New Jersey/Maryland,39.0457549,-76.64127119999999,2,terrestrial,Animalia,Acanthocephala,Archiacanthocephala,Gigantorhynchida,Giganthorhynchidae,Mediorhynchus
Moniliformis moniliformis,Costa Rica,9.748916999999999,-83.753428,2,terrestrial,Animalia,Acanthocephala,Archiacanthocephala,Moniliformida,Moniliformidae,Moniliformis
Moniliformis moniliformis,Mexico,23.634501,-102.552784,2,terrestrial,Animalia,Acanthocephala,Archiacanthocephala,Moniliformida,Moniliformidae,Moniliformis
Neoechinorhynchus emydis,Mexico,23.634501,-102.552784,3,freshwater,Animalia,Acanthocephala,Eoacanthocephala,Neoechinorhynchida,Neoechinorhynchidae,Neoechinorhynchus
Neoechinorhynchus emydis,United States,37.09024,-95.712891,3,freshwater,Animalia,Acanthocephala,Eoacanthocephala,Neoechinorhynchida,Neoechinorhynchidae,Neoechinorhynchus
Oligacanthorhynchus tortuosa,Mexico,23.634501,-102.552784,2,terrestrial,Animalia,Acanthocephala,Archiacanthocephala,Oligacanthorhynchida,Oligacanthorhynchidae,Oligacanthorhynchus
Prosthenorchis elegans,Mexico,23.634501,-102.552784,2,terrestrial,Animalia,Acanthocephala,Archiacanthocephala,Oligacanthorhynchida,Oligacanthorhynchidae,Prosthenorchis
Southwellina hispida,Mexico,23.634501,-102.552784,3,marine,Animalia,Acanthocephala,Palaeacanthocephala,Polymorphida,Polymorphidae,Southwellina
Pomphorhynchus bulbocolli,Mexico,23.634501,-102.552784,2,freshwater,Animalia,Acanthocephala,Palaeacanthocephala,Echinorhynchida,Pomphorhynchidae,Pomphorhynchus
Neoechinorhynchus emydis,Wisconsin,43.7844397,-88.7878678,3,freshwater,Animalia,Acanthocephala,Eoacanthocephala,Neoechinorhynchida,Neoechinorhynchidae,Neoechinorhynchus
Moniliformis moniliformis,Egypt,26.820553,30.802498,2,terrestrial,Animalia,Acanthocephala,Archiacanthocephala,Moniliformida,Moniliformidae,Moniliformis
Neoechinorhynchus saginatus,Quebec,52.9399159,-73.5491361,2,freshwater,Animalia,Acanthocephala,Eoacanthocephala,Neoechinorhynchida,Neoechinorhynchidae,Neoechinorhynchus
Bolbosoma vasculosum,Caribbean Sea,14.5401107,-74.9676365,3,marine,Animalia,Acanthocephala,Palaeacanthocephala,Polymorphida,Polymorphidae,Bolbosoma
Neoechinorhynchus rutili,Eire + N. Ireland,54.7877149,-6.4923145,4,freshwater,Animalia,Acanthocephala,Eoacanthocephala,Neoechinorhynchida,Neoechinorhynchidae,Neoechinorhynchus
Moniliformis moniliformis,Puerto Rico,18.220833,-66.590149,2,terrestrial,Animalia,Acanthocephala,Archiacanthocephala,Moniliformida,Moniliformidae,Moniliformis
Macracanthorhynchus catulinus,Spain + Andalusia,37.5442706,-4.7277528,3,terrestrial,Animalia,Acanthocephala,Archiacanthocephala,Oligacanthorhynchida,Oligacanthorhynchidae,Macracanthorhynchus
Bolbosoma vasculosum,Western Mediterranean,34.5531284,18.0480105,3,marine,Animalia,Acanthocephala,Palaeacanthocephala,Polymorphida,Polymorphidae,Bolbosoma
Centrorhynchus aluconis,Balearic Islands,39.3587759,2.7356328,3,terrestrial,Animalia,Acanthocephala,Palaeacanthocephala,Polymorphida,Centrorhynchidae,Centrorhynchus
Echinorhynchus truttae,Spain + Andalusia,37.5442706,-4.7277528,2,freshwater,Animalia,Acanthocephala,Palaeacanthocephala,Echinorhynchida,Echinorhynchidae,Echinorhynchus
Moniliformis moniliformis,Spain + Andalusia,37.5442706,-4.7277528,2,terrestrial,Animalia,Acanthocephala,Archiacanthocephala,Moniliformida,Moniliformidae,Moniliformis
Bolbosoma nipponicum,Coast of Japan,35.4543846,139.644207,3,marine,Animalia,Acanthocephala,Palaeacanthocephala,Polymorphida,Polymorphidae,Bolbosoma
Pomphorhynchus laevis,Western coast of British Isles,56.41323389999999,-5.472362899999999,4,freshwater,Animalia,Acanthocephala,Palaeacanthocephala,Echinorhynchida,Pomphorhynchidae,Pomphorhynchus
Acanthocephalus lucii,Western coast of British Isles,56.41323389999999,-5.472362899999999,2,freshwater,Animalia,Acanthocephala,Palaeacanthocephala,Echinorhynchida,Echinorhynchidae,Acanthocephalus
Bolbosoma vasculosum,NW African coast,-8.783195,34.508523,3,marine,Animalia,Acanthocephala,Palaeacanthocephala,Polymorphida,Polymorphidae,Bolbosoma
Pomphorhynchus laevis,Switzerland + Lichtenstein,47.3682887,8.5374552,4,freshwater,Animalia,Acanthocephala,Palaeacanthocephala,Echinorhynchida,Pomphorhynchidae,Pomphorhynchus
Macracanthorhynchus ingens,Nearctic,53.569001,-113.571487,3,terrestrial,Animalia,Acanthocephala,Archiacanthocephala,Oligacanthorhynchida,Oligacanthorhynchidae,Macracanthorhynchus
Corynosoma strumosum,Quebec,52.9399159,-73.5491361,3,marine,Animalia,Acanthocephala,Palaeacanthocephala,Polymorphida,Polymorphidae,Corynosoma
Neoechinorhynchus rutili,Northeast Atlantic,39.370134,-77.40677199999999,4,freshwater,Animalia,Acanthocephala,Eoacanthocephala,Neoechinorhynchida,Neoechinorhynchidae,Neoechinorhynchus
Paratenuisentis ambiguus,Northeast Atlantic,39.370134,-77.40677199999999,2,freshwater,Animalia,Acanthocephala,Eoacanthocephala,Neoechinorhynchida,Tenuisentidae,Paratenuisentis
Acanthocephalus anguillae,Northeast Atlantic,39.370134,-77.40677199999999,2,freshwater,Animalia,Acanthocephala,Palaeacanthocephala,Echinorhynchida,Echinorhynchidae,Acanthocephalus
Echinorhynchus salmonis,Northeast Atlantic,39.370134,-77.40677199999999,3,freshwater,Animalia,Acanthocephala,Palaeacanthocephala,Echinorhynchida,Echinorhynchidae,Echinorhynchus
Corynosoma semerme,Northeast Atlantic,39.370134,-77.40677199999999,3,marine,Animalia,Acanthocephala,Palaeacanthocephala,Polymorphida,Polymorphidae,Corynosoma
Corynosoma strumosum,Northeast Atlantic,39.370134,-77.40677199999999,3,marine,Animalia,Acanthocephala,Palaeacanthocephala,Polymorphida,Polymorphidae,Corynosoma
Polymorphus minutus,Northeast Atlantic,39.370134,-77.40677199999999,2,freshwater,Animalia,Acanthocephala,Palaeacanthocephala,Polymorphida,Polymorphidae,Polymorphus
Macracanthorhynchus ingens,Pennsylvania,41.2033216,-77.1945247,3,terrestrial,Animalia,Acanthocephala,Archiacanthocephala,Oligacanthorhynchida,Oligacanthorhynchidae,Macracanthorhynchus
Moniliformis moniliformis,California,36.778261,-119.4179324,2,terrestrial,Animalia,Acanthocephala,Archiacanthocephala,Moniliformida,Moniliformidae,Moniliformis
Echinorhynchus salmonis,Nearctic,53.569001,-113.571487,3,freshwater,Animalia,Acanthocephala,Palaeacanthocephala,Echinorhynchida,Echinorhynchidae,Echinorhynchus
Neoechinorhynchus cylindratus,Nearctic,53.569001,-113.571487,4,freshwater,Animalia,Acanthocephala,Eoacanthocephala,Neoechinorhynchida,Neoechinorhynchidae,Neoechinorhynchus
Neoechinorhynchus rutili,Nearctic,53.569001,-113.571487,4,freshwater,Animalia,Acanthocephala,Eoacanthocephala,Neoechinorhynchida,Neoechinorhynchidae,Neoechinorhynchus
Pomphorhynchus bulbocolli,Nearctic,53.569001,-113.571487,2,freshwater,Animalia,Acanthocephala,Palaeacanthocephala,Echinorhynchida,Pomphorhynchidae,Pomphorhynchus
Polymorphus minutus,Eire + N. Ireland,54.7877149,-6.4923145,2,freshwater,Animalia,Acanthocephala,Palaeacanthocephala,Polymorphida,Polymorphidae,Polymorphus
Acanthocephalus lucii,Switzerland + Lichtenstein,47.3682887,8.5374552,2,freshwater,Animalia,Acanthocephala,Palaeacanthocephala,Echinorhynchida,Echinorhynchidae,Acanthocephalus
Macracanthorhynchus ingens,Louisiana,30.9842977,-91.96233269999999,3,terrestrial,Animalia,Acanthocephala,Archiacanthocephala,Oligacanthorhynchida,Oligacanthorhynchidae,Macracanthorhynchus
Macracanthorhynchus ingens,United States,37.09024,-95.712891,3,terrestrial,Animalia,Acanthocephala,Archiacanthocephala,Oligacanthorhynchida,Oligacanthorhynchidae,Macracanthorhynchus
Plagiorhynchus cylindraceus,Nebraska,41.4925374,-99.9018131,2,terrestrial,Animalia,Acanthocephala,Palaeacanthocephala,Polymorphida,Plagiorhynchidae,Plagiorhynchus
Pomphorhynchus laevis,Norway,60.47202399999999,8.468945999999999,4,freshwater,Animalia,Acanthocephala,Palaeacanthocephala,Echinorhynchida,Pomphorhynchidae,Pomphorhynchus
Neoechinorhynchus emydis,Louisiana,30.9842977,-91.96233269999999,3,freshwater,Animalia,Acanthocephala,Eoacanthocephala,Neoechinorhynchida,Neoechinorhynchidae,Neoechinorhynchus
Neoechinorhynchus emydis,Arkansas,35.20105,-91.8318334,3,freshwater,Animalia,Acanthocephala,Eoacanthocephala,Neoechinorhynchida,Neoechinorhynchidae,Neoechinorhynchus
Macracanthorhynchus catulinus,Byelorussia,53.709807,27.953389,3,terrestrial,Animalia,Acanthocephala,Archiacanthocephala,Oligacanthorhynchida,Oligacanthorhynchidae,Macracanthorhynchus
Acanthocephalus ranae,Byelorussia,53.709807,27.953389,2,freshwater,Animalia,Acanthocephala,Palaeacanthocephala,Echinorhynchida,Echinorhynchidae,Acanthocephalus
Caballerorhynchus lamothei,Mexico,23.634501,-102.552784,2,marine,Animalia,Acanthocephala,Palaeacanthocephala,Echinorhynchida,Cavisomidae,Caballerorhynchus
Polymorphus minutus,France,46.227638,2.213749,2,freshwater,Animalia,Acanthocephala,Palaeacanthocephala,Polymorphida,Polymorphidae,Polymorphus
Neoechinorhynchus rutili,Russia (Asian),61.52401,105.318756,4,freshwater,Animalia,Acanthocephala,Eoacanthocephala,Neoechinorhynchida,Neoechinorhynchidae,Neoechinorhynchus
Echinorhynchus gadi,Russia (Asian),61.52401,105.318756,3,marine,Animalia,Acanthocephala,Palaeacanthocephala,Echinorhynchida,Echinorhynchidae,Echinorhynchus
Corynosoma strumosum,Russia (Asian),61.52401,105.318756,3,marine,Animalia,Acanthocephala,Palaeacanthocephala,Polymorphida,Polymorphidae,Corynosoma
Corynosoma strumosum,Europe,54.5259614,15.2551187,3,marine,Animalia,Acanthocephala,Palaeacanthocephala,Polymorphida,Polymorphidae,Corynosoma
Corynosoma semerme,Europe,54.5259614,15.2551187,3,marine,Animalia,Acanthocephala,Palaeacanthocephala,Polymorphida,Polymorphidae,Corynosoma
Acanthocephalus clavula,Europe,54.5259614,15.2551187,2,freshwater,Animalia,Acanthocephala,Palaeacanthocephala,Echinorhynchida,Echinorhynchidae,Acanthocephalus
Corynosoma semerme,Finno-Karelian ASSR,63.15587019999999,32.9905552,3,marine,Animalia,Acanthocephala,Palaeacanthocephala,Polymorphida,Polymorphidae,Corynosoma
Neoechinorhynchus rutili,Yakut ASSR,66.7613451,124.123753,4,freshwater,Animalia,Acanthocephala,Eoacanthocephala,Neoechinorhynchida,Neoechinorhynchidae,Neoechinorhynchus
Acanthocephalus anthuris,Italy,41.87194,12.56738,2,freshwater,Animalia,Acanthocephala,Palaeacanthocephala,Echinorhynchida,Echinorhynchidae,Acanthocephalus
Arhythmorhynchus frassoni,Italy,41.87194,12.56738,2,marine,Animalia,Acanthocephala,Palaeacanthocephala,Polymorphida,Polymorphidae,Arhythmorhynchus
Echinorhynchus truttae,Italy,41.87194,12.56738,2,freshwater,Animalia,Acanthocephala,Palaeacanthocephala,Echinorhynchida,Echinorhynchidae,Echinorhynchus
Neoechinorhynchus rutili,Russia (European),54.5259614,15.2551187,4,freshwater,Animalia,Acanthocephala,Eoacanthocephala,Neoechinorhynchida,Neoechinorhynchidae,Neoechinorhynchus
Acanthocephalus anguillae,Russia (European),54.5259614,15.2551187,2,freshwater,Animalia,Acanthocephala,Palaeacanthocephala,Echinorhynchida,Echinorhynchidae,Acanthocephalus
Acanthocephalus lucii,Russia (European),54.5259614,15.2551187,2,freshwater,Animalia,Acanthocephala,Palaeacanthocephala,Echinorhynchida,Echinorhynchidae,Acanthocephalus
Corynosoma strumosum,Germany,51.165691,10.451526,3,marine,Animalia,Acanthocephala,Palaeacanthocephala,Polymorphida,Polymorphidae,Corynosoma
Filicollis anatis,Europe,54.5259614,15.2551187,2,freshwater,Animalia,Acanthocephala,Palaeacanthocephala,Polymorphida,Polymorphidae,Filicollis
Echinorhynchus salmonis,Wisconsin,43.7844397,-88.7878678,3,freshwater,Animalia,Acanthocephala,Palaeacanthocephala,Echinorhynchida,Echinorhynchidae,Echinorhynchus
Acanthocephalus lucii,Estonia + Latvia,56.95962400000001,24.1016552,2,freshwater,Animalia,Acanthocephala,Palaeacanthocephala,Echinorhynchida,Echinorhynchidae,Acanthocephalus
Bolbosoma balaenae,Pacific coast of USA,62.4113634,-149.0729714,3,marine,Animalia,Acanthocephala,Palaeacanthocephala,Polymorphida,Polymorphidae,Bolbosoma
Fessisentis friedi,Nearctic,53.569001,-113.571487,2,freshwater,Animalia,Acanthocephala,Palaeacanthocephala,Echinorhynchida,Fessisentidae,Fessisentis
Echinorhynchus gadi,Nearctic,53.569001,-113.571487,3,marine,Animalia,Acanthocephala,Palaeacanthocephala,Echinorhynchida,Echinorhynchidae,Echinorhynchus
Corynosoma strumosum,Nearctic,53.569001,-113.571487,3,marine,Animalia,Acanthocephala,Palaeacanthocephala,Polymorphida,Polymorphidae,Corynosoma
Echinorhynchus gadi,Finno-Karelian ASSR,63.15587019999999,32.9905552,3,marine,Animalia,Acanthocephala,Palaeacanthocephala,Echinorhynchida,Echinorhynchidae,Echinorhynchus
Pomphorhynchus laevis,Finno-Karelian ASSR,63.15587019999999,32.9905552,4,freshwater,Animalia,Acanthocephala,Palaeacanthocephala,Echinorhynchida,Pomphorhynchidae,Pomphorhynchus
Moniliformis moniliformis,Louisiana,30.9842977,-91.96233269999999,2,terrestrial,Animalia,Acanthocephala,Archiacanthocephala,Moniliformida,Moniliformidae,Moniliformis
Echinorhynchus gadi,Coast of Japan,35.4543846,139.644207,3,marine,Animalia,Acanthocephala,Palaeacanthocephala,Echinorhynchida,Echinorhynchidae,Echinorhynchus
Moniliformis moniliformis,Vietnam,14.058324,108.277199,2,terrestrial,Animalia,Acanthocephala,Archiacanthocephala,Moniliformida,Moniliformidae,Moniliformis
Bolbosoma vasculosum,Coast of Philippines,11.9574918,121.9269656,3,marine,Animalia,Acanthocephala,Palaeacanthocephala,Polymorphida,Polymorphidae,Bolbosoma
Pomphorhynchus bulbocolli,United States,37.09024,-95.712891,2,freshwater,Animalia,Acanthocephala,Palaeacanthocephala,Echinorhynchida,Pomphorhynchidae,Pomphorhynchus
Corynosoma magdaleni,Baltic Sea,58.48795200000001,19.863281,3,marine,Animalia,Acanthocephala,Palaeacanthocephala,Polymorphida,Polymorphidae,Corynosoma
Sphaerirostris picae,"Ukraine, incl. Moldavia",48.379433,31.1655799,3,terrestrial,Animalia,Acanthocephala,Palaeacanthocephala,Polymorphida,Centrorhynchidae,Sphaerirostris
Moniliformis moniliformis,"Ukraine, incl. Moldavia",48.379433,31.1655799,2,terrestrial,Animalia,Acanthocephala,Archiacanthocephala,Moniliformida,Moniliformidae,Moniliformis
Corynosoma strumosum,New Zealand coast,-42.6919232,171.3399414,3,marine,Animalia,Acanthocephala,Palaeacanthocephala,Polymorphida,Polymorphidae,Corynosoma
Paratenuisentis ambiguus,France,46.227638,2.213749,2,freshwater,Animalia,Acanthocephala,Eoacanthocephala,Neoechinorhynchida,Tenuisentidae,Paratenuisentis
Acanthocephalus clavula,Atlantic Ocean,-14.5994134,-28.6731465,2,freshwater,Animalia,Acanthocephala,Palaeacanthocephala,Echinorhynchida,Echinorhynchidae,Acanthocephalus
Acanthocephalus lucii,Atlantic Ocean,-14.5994134,-28.6731465,2,freshwater,Animalia,Acanthocephala,Palaeacanthocephala,Echinorhynchida,Echinorhynchidae,Acanthocephalus
Echinorhynchus salmonis,Atlantic Ocean,-14.5994134,-28.6731465,3,freshwater,Animalia,Acanthocephala,Palaeacanthocephala,Echinorhynchida,Echinorhynchidae,Echinorhynchus
Neoechinorhynchus rutili,Atlantic Ocean,-14.5994134,-28.6731465,4,freshwater,Animalia,Acanthocephala,Eoacanthocephala,Neoechinorhynchida,Neoechinorhynchidae,Neoechinorhynchus
Pomphorhynchus laevis,Atlantic Ocean,-14.5994134,-28.6731465,4,freshwater,Animalia,Acanthocephala,Palaeacanthocephala,Echinorhynchida,Pomphorhynchidae,Pomphorhynchus
Corynosoma bullosum,South Georgia,-54.4138333,-36.5827165,3,marine,Animalia,Acanthocephala,Palaeacanthocephala,Polymorphida,Polymorphidae,Corynosoma
Profilicollis novaezelandensis,New Zealand coast,-42.6919232,171.3399414,2,marine,Animalia,Acanthocephala,Palaeacanthocephala,Polymorphida,Polymorphidae,Profilicollis
Arhythmorhynchus frassoni,Florida,27.6648274,-81.5157535,2,marine,Animalia,Acanthocephala,Palaeacanthocephala,Polymorphida,Polymorphidae,Arhythmorhynchus
Profilicollis altmani,North Carolina,35.7595731,-79.01929969999999,2,marine,Animalia,Acanthocephala,Palaeacanthocephala,Polymorphida,Polymorphidae,Profilicollis
Profilicollis altmani,California,36.778261,-119.4179324,2,marine,Animalia,Acanthocephala,Palaeacanthocephala,Polymorphida,Polymorphidae,Profilicollis
Mediorhynchus grandis,Australia,-25.274398,133.775136,2,terrestrial,Animalia,Acanthocephala,Archiacanthocephala,Gigantorhynchida,Giganthorhynchidae,Mediorhynchus
Echinorhynchus gadi,East China Sea/ Yellow Sea,35.4942771,123.7964613,3,marine,Animalia,Acanthocephala,Palaeacanthocephala,Echinorhynchida,Echinorhynchidae,Echinorhynchus
Echinorhynchus salmonis,East China Sea/ Yellow Sea,35.4942771,123.7964613,3,freshwater,Animalia,Acanthocephala,Palaeacanthocephala,Echinorhynchida,Echinorhynchidae,Echinorhynchus
Arhythmorhynchus frassoni,East China Sea/ Yellow Sea,35.4942771,123.7964613,2,marine,Animalia,Acanthocephala,Palaeacanthocephala,Polymorphida,Polymorphidae,Arhythmorhynchus
Bolbosoma vasculosum,South China Sea,15.488092,114.404754,3,marine,Animalia,Acanthocephala,Palaeacanthocephala,Polymorphida,Polymorphidae,Bolbosoma
Polymorphus minutus,East China Sea/ Yellow Sea,35.4942771,123.7964613,2,freshwater,Animalia,Acanthocephala,Palaeacanthocephala,Polymorphida,Polymorphidae,Polymorphus
Acanthocephalus clavula,Spain + Andalusia,37.5442706,-4.7277528,2,freshwater,Animalia,Acanthocephala,Palaeacanthocephala,Echinorhynchida,Echinorhynchidae,Acanthocephalus
Corynosoma strumosum,Western coast of British Isles,56.41323389999999,-5.472362899999999,3,marine,Animalia,Acanthocephala,Palaeacanthocephala,Polymorphida,Polymorphidae,Corynosoma
Bolbosoma vasculosum,Bay of Bengal,13.531665,87.5395855,3,marine,Animalia,Acanthocephala,Palaeacanthocephala,Polymorphida,Polymorphidae,Bolbosoma
Mediorhynchus centurorum,Florida,27.6648274,-81.5157535,2,terrestrial,Animalia,Acanthocephala,Archiacanthocephala,Gigantorhynchida,Giganthorhynchidae,Mediorhynchus
Corynosoma strumosum,Pacific coast of USA,62.4113634,-149.0729714,3,marine,Animalia,Acanthocephala,Palaeacanthocephala,Polymorphida,Polymorphidae,Corynosoma
Echinorhynchus gadi,Pacific coast of USA,62.4113634,-149.0729714,3,marine,Animalia,Acanthocephala,Palaeacanthocephala,Echinorhynchida,Echinorhynchidae,Echinorhynchus
Moniliformis moniliformis,Eastern & Central Europe,48.66,19.5,2,terrestrial,Animalia,Acanthocephala,Archiacanthocephala,Moniliformida,Moniliformidae,Moniliformis
Acanthocephalus dirus,Canada,56.130366,-106.346771,2,freshwater,Animalia,Acanthocephala,Palaeacanthocephala,Echinorhynchida,Echinorhynchidae,Acanthocephalus
Corynosoma semerme,United States,37.09024,-95.712891,3,marine,Animalia,Acanthocephala,Palaeacanthocephala,Polymorphida,Polymorphidae,Corynosoma
Echinorhynchus leidyi,Canada,56.130366,-106.346771,2,freshwater,Animalia,Acanthocephala,Palaeacanthocephala,Echinorhynchida,Echinorhynchidae,Echinorhynchus
Echinorhynchus salmonis,Canada,56.130366,-106.346771,3,freshwater,Animalia,Acanthocephala,Palaeacanthocephala,Echinorhynchida,Echinorhynchidae,Echinorhynchus
Leptorhynchoides thecatus,Canada,56.130366,-106.346771,4,freshwater,Animalia,Acanthocephala,Palaeacanthocephala,Echinorhynchida,Rhadinorhynchidae,Leptorhynchoides
Neoechinorhynchus cylindratus,United States,37.09024,-95.712891,4,freshwater,Animalia,Acanthocephala,Eoacanthocephala,Neoechinorhynchida,Neoechinorhynchidae,Neoechinorhynchus
Neoechinorhynchus rutili,United States,37.09024,-95.712891,4,freshwater,Animalia,Acanthocephala,Eoacanthocephala,Neoechinorhynchida,Neoechinorhynchidae,Neoechinorhynchus
Neoechinorhynchus saginatus,United States,37.09024,-95.712891,2,freshwater,Animalia,Acanthocephala,Eoacanthocephala,Neoechinorhynchida,Neoechinorhynchidae,Neoechinorhynchus
Acanthocephalus lucii,Black Sea,43.41302899999999,34.299316,2,freshwater,Animalia,Acanthocephala,Palaeacanthocephala,Echinorhynchida,Echinorhynchidae,Acanthocephalus
Corynosoma australe,Uruguay,-32.522779,-55.765835,3,marine,Animalia,Acanthocephala,Palaeacanthocephala,Polymorphida,Polymorphidae,Corynosoma
Polymorphus trochus,Florida,27.6648274,-81.5157535,2,freshwater,Animalia,Acanthocephala,Palaeacanthocephala,Polymorphida,Polymorphidae,Polymorphus
Golvanacanthus blennii,Mediterranean,34.5531284,18.0480105,2,marine,Animalia,Acanthocephala,Palaeacanthocephala,Echinorhynchida,Rhadinorhynchidae,Golvanacanthus
Corynosoma magdaleni,Finland,61.92410999999999,25.7481511,3,marine,Animalia,Acanthocephala,Palaeacanthocephala,Polymorphida,Polymorphidae,Corynosoma
Neoechinorhynchus rutili,Iran,32.427908,53.688046,4,freshwater,Animalia,Acanthocephala,Eoacanthocephala,Neoechinorhynchida,Neoechinorhynchidae,Neoechinorhynchus
Plagiorhynchus cylindraceus,Florida,27.6648274,-81.5157535,2,terrestrial,Animalia,Acanthocephala,Palaeacanthocephala,Polymorphida,Plagiorhynchidae,Plagiorhynchus
Mediorhynchus grandis,Florida,27.6648274,-81.5157535,2,terrestrial,Animalia,Acanthocephala,Archiacanthocephala,Gigantorhynchida,Giganthorhynchidae,Mediorhynchus
Plagiorhynchus cylindraceus,Pennsylvania,41.2033216,-77.1945247,2,terrestrial,Animalia,Acanthocephala,Palaeacanthocephala,Polymorphida,Plagiorhynchidae,Plagiorhynchus
Avitellina centripunctata,Kuwait,29.31166,47.481766,2,terrestrial,Animalia,Platyhelminthes,Cestoda,Cyclophyllidea,Anoplocephalidae,Avitellina
Moniezia expansa,Kuwait,29.31166,47.481766,2,terrestrial,Animalia,Platyhelminthes,Cestoda,Cyclophyllidea,Anoplocephalidae,Moniezia
Hymenolepis nana,Bahrain,26.0667,50.5577,2,terrestrial,Animalia,Platyhelminthes,Cestoda,Cyclophyllidea,Hymenolepididae,Rodentolepis
Taenia parva,Egypt,26.820553,30.802498,2,terrestrial,Animalia,Platyhelminthes,Cestoda,Cyclophyllidea,Taeniidae,Hydatigera
Echinococcus multilocularis,Alaska,64.2008413,-149.4936733,2,terrestrial,Animalia,Platyhelminthes,Cestoda,Cyclophyllidea,Taeniidae,Echinococcus
Austramphilina elongata,New South Wales,-31.2532183,146.921099,2,freshwater,Animalia,Platyhelminthes,Cestoda,Amphilinidea,Schizochoeridae,Austramphilina
Echinococcus granulosus,Kuwait,29.31166,47.481766,2,terrestrial,Animalia,Platyhelminthes,Cestoda,Cyclophyllidea,Taeniidae,Echinococcus
Taenia saginata,Taiwan,23.69781,120.960515,2,terrestrial,Animalia,Platyhelminthes,Cestoda,Cyclophyllidea,Taeniidae,Taenia
Taenia solium,Taiwan,23.69781,120.960515,2,terrestrial,Animalia,Platyhelminthes,Cestoda,Cyclophyllidea,Taeniidae,Taenia
Joyeuxiella pasqualei,Greece,39.074208,21.824312,3,terrestrial,Animalia,Platyhelminthes,Cestoda,Cyclophyllidea,Dipylidiidae,Joyeuxiella
Taenia taeniaeformis,Eire + N. Ireland,54.7877149,-6.4923145,2,terrestrial,Animalia,Platyhelminthes,Cestoda,Cyclophyllidea,Taeniidae,Hydatigera
Taenia taeniaeformis,Arkansas,35.20105,-91.8318334,2,terrestrial,Animalia,Platyhelminthes,Cestoda,Cyclophyllidea,Taeniidae,Hydatigera
Taenia madoquae,Kenya,-0.023559,37.906193,2,terrestrial,Animalia,Platyhelminthes,Cestoda,Cyclophyllidea,Taeniidae,Taenia
Taenia saginata,Belgium + Luxembourg,50.0546886,5.467698299999999,2,terrestrial,Animalia,Platyhelminthes,Cestoda,Cyclophyllidea,Taeniidae,Taenia
Echinococcus granulosus,Spain + Andalusia,37.5442706,-4.7277528,2,terrestrial,Animalia,Platyhelminthes,Cestoda,Cyclophyllidea,Taeniidae,Echinococcus
Echinococcus granulosus,"England, Wales + Isle of Man",54.236107,-4.548056,2,terrestrial,Animalia,Platyhelminthes,Cestoda,Cyclophyllidea,Taeniidae,Echinococcus
Schistocephalus solidus,Norway,60.47202399999999,8.468945999999999,3,freshwater,Animalia,Platyhelminthes,Cestoda,Diphyllobothriidea,Diphyllobothriidae,Schistocephalus
Diphyllobothrium ditremum,Scotland,56.49067119999999,-4.2026458,3,freshwater,Animalia,Platyhelminthes,Cestoda,Diphyllobothriidea,Diphyllobothriidae,Dibothriocephalus
Bothriocephalus claviceps,"England, Wales + Isle of Man",54.236107,-4.548056,2,freshwater,Animalia,Platyhelminthes,Cestoda,Bothriocephalidea,Bothriocephalidae,Bothriocephalus
Echinococcus multilocularis,Montana,46.8796822,-110.3625658,2,terrestrial,Animalia,Platyhelminthes,Cestoda,Cyclophyllidea,Taeniidae,Echinococcus
Ligula intestinalis,"England, Wales + Isle of Man",54.236107,-4.548056,3,freshwater,Animalia,Platyhelminthes,Cestoda,Diphyllobothriidea,Diphyllobothriidae,Ligula
Diphyllobothrium ditremum,Canada,56.130366,-106.346771,3,freshwater,Animalia,Platyhelminthes,Cestoda,Diphyllobothriidea,Diphyllobothriidae,Dibothriocephalus
Eubothrium salvelini,Canada,56.130366,-106.346771,3,freshwater,Animalia,Platyhelminthes,Cestoda,Bothriocephalidea,Triaenophoridae,Eubothrium
Taenia solium,Hong Kong,22.396428,114.109497,2,terrestrial,Animalia,Platyhelminthes,Cestoda,Cyclophyllidea,Taeniidae,Taenia
Diphyllobothrium ditremum,Finland,61.92410999999999,25.7481511,3,freshwater,Animalia,Platyhelminthes,Cestoda,Diphyllobothriidea,Diphyllobothriidae,Dibothriocephalus
Tatria biremis,Alberta,53.9332706,-116.5765035,2,freshwater,Animalia,Platyhelminthes,Cestoda,Cyclophyllidea,Amabiliidae,Tatria
Wardium paraporale,Alberta,53.9332706,-116.5765035,2,freshwater,Animalia,Platyhelminthes,Cestoda,Cyclophyllidea,Hymenolepididae,Wardium
Ligula intestinalis,Alberta,53.9332706,-116.5765035,3,freshwater,Animalia,Platyhelminthes,Cestoda,Diphyllobothriidea,Diphyllobothriidae,Ligula
Schistocephalus solidus,Alberta,53.9332706,-116.5765035,3,freshwater,Animalia,Platyhelminthes,Cestoda,Diphyllobothriidea,Diphyllobothriidae,Schistocephalus
Schistotaenia srivastavai,Alberta,53.9332706,-116.5765035,2,freshwater,Animalia,Platyhelminthes,Cestoda,Cyclophyllidea,Schistotaeniidae,Schistotaenia
Schistotaenia tenuicirrus,Alberta,53.9332706,-116.5765035,2,freshwater,Animalia,Platyhelminthes,Cestoda,Cyclophyllidea,Schistotaeniidae,Schistotaenia
Schistotaenia colymba,Alberta,53.9332706,-116.5765035,2,freshwater,Animalia,Platyhelminthes,Cestoda,Cyclophyllidea,Schistotaeniidae,Schistotaenia
Lateriporus skrjabini,Alberta,53.9332706,-116.5765035,2,freshwater,Animalia,Platyhelminthes,Cestoda,Cyclophyllidea,Dilepididae,Lateriporus
Taenia hydatigena,Ethiopia (incl. Dhibouti),11.59516,43.146473,2,terrestrial,Animalia,Platyhelminthes,Cestoda,Cyclophyllidea,Taeniidae,Taenia
Echinococcus granulosus,Ethiopia (incl. Dhibouti),11.59516,43.146473,2,terrestrial,Animalia,Platyhelminthes,Cestoda,Cyclophyllidea,Taeniidae,Echinococcus
Amphilina foliacea,European USSR (CIS),54.5259614,15.2551187,2,freshwater,Animalia,Platyhelminthes,Cestoda,Amphilinidea,Amphilinidae,Amphilina
Bothriocephalus opsariichthydis,Georgia (USSR),42.315407,43.35689199999999,2,freshwater,Animalia,Platyhelminthes,Cestoda,Bothriocephalidea,Bothriocephalidae,Bothriocephalus
Taenia solium,Mexico,23.634501,-102.552784,2,terrestrial,Animalia,Platyhelminthes,Cestoda,Cyclophyllidea,Taeniidae,Taenia
Moniezia expansa,Ontario,51.253775,-85.323214,2,terrestrial,Animalia,Platyhelminthes,Cestoda,Cyclophyllidea,Anoplocephalidae,Moniezia
Parabisaccanthes philactes,Eastern & Central Europe,48.66,19.5,2,freshwater,Animalia,Platyhelminthes,Cestoda,Cyclophyllidea,Hymenolepididae,Parabisaccanthes
Bothriocephalus gregarius,Western Mediterranean,34.5531284,18.0480105,3,marine,Animalia,Platyhelminthes,Cestoda,Bothriocephalidea,Bothriocephalidae,Bothriocephalus
Fimbriaria fasciolaris,Switzerland + Lichtenstein,47.3682887,8.5374552,3,freshwater,Animalia,Platyhelminthes,Cestoda,Cyclophyllidea,Hymenolepididae,Fimbriaria
Microsomacanthus compressa,Switzerland + Lichtenstein,47.3682887,8.5374552,3,freshwater,Animalia,Platyhelminthes,Cestoda,Cyclophyllidea,Hymenolepididae,Microsomacanthus
Microsomacanthus paracompressa,Switzerland + Lichtenstein,47.3682887,8.5374552,3,freshwater,Animalia,Platyhelminthes,Cestoda,Cyclophyllidea,Hymenolepididae,Microsomacanthus
Microsomacanthus spiralibursata,Switzerland + Lichtenstein,47.3682887,8.5374552,3,freshwater,Animalia,Platyhelminthes,Cestoda,Cyclophyllidea,Hymenolepididae,Microsomacanthus
Sobolevicanthus krabbeella,Switzerland + Lichtenstein,47.3682887,8.5374552,2,freshwater,Animalia,Platyhelminthes,Cestoda,Cyclophyllidea,Hymenolepididae,Sobolevicanthus
Sobolevicanthus gracilis,Switzerland + Lichtenstein,47.3682887,8.5374552,3,freshwater,Animalia,Platyhelminthes,Cestoda,Cyclophyllidea,Hymenolepididae,Sobolevicanthus
Aploparaksis furcigera,Switzerland + Lichtenstein,47.3682887,8.5374552,2,terrestrial,Animalia,Platyhelminthes,Cestoda,Cyclophyllidea,Hymenolepididae,Aploparaksis
Cloacotaenia megalops,Switzerland + Lichtenstein,47.3682887,8.5374552,2,freshwater,Animalia,Platyhelminthes,Cestoda,Cyclophyllidea,Hymenolepididae,Cloacotaenia
Parabisaccanthes philactes,Switzerland + Lichtenstein,47.3682887,8.5374552,2,freshwater,Animalia,Platyhelminthes,Cestoda,Cyclophyllidea,Hymenolepididae,Parabisaccanthes
Diorchis inflata,Switzerland + Lichtenstein,47.3682887,8.5374552,3,freshwater,Animalia,Platyhelminthes,Cestoda,Cyclophyllidea,Hymenolepididae,Diorchis
Diorchis brevis,Switzerland + Lichtenstein,47.3682887,8.5374552,2,freshwater,Animalia,Platyhelminthes,Cestoda,Cyclophyllidea,Hymenolepididae,Diorchis
Diorchis ransomi,Switzerland + Lichtenstein,47.3682887,8.5374552,3,freshwater,Animalia,Platyhelminthes,Cestoda,Cyclophyllidea,Hymenolepididae,Diorchis
Echinocotyle rosseteri,Switzerland + Lichtenstein,47.3682887,8.5374552,3,freshwater,Animalia,Platyhelminthes,Cestoda,Cyclophyllidea,Hymenolepididae,Echinocotyle
Dicranotaenia coronula,Switzerland + Lichtenstein,47.3682887,8.5374552,3,freshwater,Animalia,Platyhelminthes,Cestoda,Cyclophyllidea,Hymenolepididae,Dicranotaenia
Taenia saginata,Switzerland + Lichtenstein,47.3682887,8.5374552,2,terrestrial,Animalia,Platyhelminthes,Cestoda,Cyclophyllidea,Taeniidae,Taenia
Hymenolepis nana,Switzerland + Lichtenstein,47.3682887,8.5374552,2,terrestrial,Animalia,Platyhelminthes,Cestoda,Cyclophyllidea,Hymenolepididae,Rodentolepis
Echinococcus granulosus,Europe,54.5259614,15.2551187,2,terrestrial,Animalia,Platyhelminthes,Cestoda,Cyclophyllidea,Taeniidae,Echinococcus
Echinococcus multilocularis,Europe,54.5259614,15.2551187,2,terrestrial,Animalia,Platyhelminthes,Cestoda,Cyclophyllidea,Taeniidae,Echinococcus
Echinococcus oligarthrus,Neotropical,28.9337826,-95.30845339999999,2,terrestrial,Animalia,Platyhelminthes,Cestoda,Cyclophyllidea,Taeniidae,Echinococcus
Echinococcus vogeli,Neotropical,28.9337826,-95.30845339999999,2,terrestrial,Animalia,Platyhelminthes,Cestoda,Cyclophyllidea,Taeniidae,Echinococcus
Cloacotaenia megalops,Egypt,26.820553,30.802498,2,freshwater,Animalia,Platyhelminthes,Cestoda,Cyclophyllidea,Hymenolepididae,Cloacotaenia
Cloacotaenia megalops,Malawi,-13.254308,34.301525,2,freshwater,Animalia,Platyhelminthes,Cestoda,Cyclophyllidea,Hymenolepididae,Cloacotaenia
Cloacotaenia megalops,"England, Wales + Isle of Man",54.236107,-4.548056,2,freshwater,Animalia,Platyhelminthes,Cestoda,Cyclophyllidea,Hymenolepididae,Cloacotaenia
Cloacotaenia megalops,United States,37.09024,-95.712891,2,freshwater,Animalia,Platyhelminthes,Cestoda,Cyclophyllidea,Hymenolepididae,Cloacotaenia
Fimbriaria fasciolaris,Bangladesh,23.684994,90.356331,3,freshwater,Animalia,Platyhelminthes,Cestoda,Cyclophyllidea,Hymenolepididae,Fimbriaria
Taenia taeniaeformis,Japan,36.204824,138.252924,2,terrestrial,Animalia,Platyhelminthes,Cestoda,Cyclophyllidea,Taeniidae,Hydatigera
Taenia crassiceps,Japan,36.204824,138.252924,2,terrestrial,Animalia,Platyhelminthes,Cestoda,Cyclophyllidea,Taeniidae,Taenia
Echinococcus multilocularis,Japan,36.204824,138.252924,2,terrestrial,Animalia,Platyhelminthes,Cestoda,Cyclophyllidea,Taeniidae,Echinococcus
Bothriocephalus scorpii,Atlantic Ocean,-14.5994134,-28.6731465,3,marine,Animalia,Platyhelminthes,Cestoda,Bothriocephalidea,Bothriocephalidae,Bothriocephalus
Hymenolepis diminuta,Colorado,39.5500507,-105.7820674,2,terrestrial,Animalia,Platyhelminthes,Cestoda,Cyclophyllidea,Hymenolepididae,Hymenolepis
Echinococcus granulosus,Australia,-25.274398,133.775136,2,terrestrial,Animalia,Platyhelminthes,Cestoda,Cyclophyllidea,Taeniidae,Echinococcus
Stilesia globipunctata,Mauritania,21.00789,-10.940835,2,terrestrial,Animalia,Platyhelminthes,Cestoda,Cyclophyllidea,Anoplocephalidae,Stilesia
Avitellina centripunctata,Mauritania,21.00789,-10.940835,2,terrestrial,Animalia,Platyhelminthes,Cestoda,Cyclophyllidea,Anoplocephalidae,Avitellina
Ctenotaenia marmotae,Switzerland + Lichtenstein,47.3682887,8.5374552,2,terrestrial,Animalia,Platyhelminthes,Cestoda,Cyclophyllidea,Anoplocephalidae,Ctenotaenia
Echinococcus multilocularis,France,46.227638,2.213749,2,terrestrial,Animalia,Platyhelminthes,Cestoda,Cyclophyllidea,Taeniidae,Echinococcus
Ligula intestinalis,East Germany (!! USE Germany),51.165691,10.451526,3,freshwater,Animalia,Platyhelminthes,Cestoda,Diphyllobothriidea,Diphyllobothriidae,Ligula
Taenia martis,East Germany (!! USE Germany),51.165691,10.451526,2,terrestrial,Animalia,Platyhelminthes,Cestoda,Cyclophyllidea,Taeniidae,Taenia
Paranoplocephala omphalodes,Spain + Andalusia,37.5442706,-4.7277528,2,terrestrial,Animalia,Platyhelminthes,Cestoda,Cyclophyllidea,Anoplocephalidae,Paranoplocephala
Echinococcus multilocularis,Mongolia,46.862496,103.846656,2,terrestrial,Animalia,Platyhelminthes,Cestoda,Cyclophyllidea,Taeniidae,Echinococcus
Metroliasthes lucida,New Hampshire/Vermont/Massachusetts/Connecticut/Rhode Is.,43.2509279,-71.9273024,2,terrestrial,Animalia,Platyhelminthes,Cestoda,Cyclophyllidea,Paruterinidae,Metroliasthes
Hymenolepis nana,Japan,36.204824,138.252924,2,terrestrial,Animalia,Platyhelminthes,Cestoda,Cyclophyllidea,Hymenolepididae,Rodentolepis
Hymenolepis diminuta,Florida,27.6648274,-81.5157535,2,terrestrial,Animalia,Platyhelminthes,Cestoda,Cyclophyllidea,Hymenolepididae,Hymenolepis
Taenia rileyi,Florida,27.6648274,-81.5157535,2,terrestrial,Animalia,Platyhelminthes,Cestoda,Cyclophyllidea,Taeniidae,Taenia
Taenia mustelae,Florida,27.6648274,-81.5157535,2,terrestrial,Animalia,Platyhelminthes,Cestoda,Cyclophyllidea,Taeniidae,Taenia
Cladotaenia circi,Florida,27.6648274,-81.5157535,2,terrestrial,Animalia,Platyhelminthes,Cestoda,Cyclophyllidea,Paruterinidae,Cladotaenia
Echinococcus granulosus,New South Wales,-31.2532183,146.921099,2,terrestrial,Animalia,Platyhelminthes,Cestoda,Cyclophyllidea,Taeniidae,Echinococcus
Echinococcus granulosus,Victoria,-37.01,144.75,2,terrestrial,Animalia,Platyhelminthes,Cestoda,Cyclophyllidea,Taeniidae,Echinococcus
Taenia polyacantha,Alaska,64.2008413,-149.4936733,2,terrestrial,Animalia,Platyhelminthes,Cestoda,Cyclophyllidea,Taeniidae,Taenia
Echinococcus granulosus,Sudan,12.862807,30.217636,2,terrestrial,Animalia,Platyhelminthes,Cestoda,Cyclophyllidea,Taeniidae,Echinococcus
Echinococcus granulosus,Kenya,-0.023559,37.906193,2,terrestrial,Animalia,Platyhelminthes,Cestoda,Cyclophyllidea,Taeniidae,Echinococcus
Echinococcus granulosus,Morocco,31.791702,-7.092619999999999,2,terrestrial,Animalia,Platyhelminthes,Cestoda,Cyclophyllidea,Taeniidae,Echinococcus
Bothriocephalus claviceps,Denmark,56.26392,9.501785,2,freshwater,Animalia,Platyhelminthes,Cestoda,Bothriocephalidea,Bothriocephalidae,Bothriocephalus
Proteocephalus macrocephalus,Denmark,56.26392,9.501785,2,freshwater,Animalia,Platyhelminthes,Cestoda,Onchoproteocephalidea,Proteocephalidae,Proteocephalus
Echinococcus granulosus,France,46.227638,2.213749,2,terrestrial,Animalia,Platyhelminthes,Cestoda,Cyclophyllidea,Taeniidae,Echinococcus
Taenia taeniaeformis,Australia,-25.274398,133.775136,2,terrestrial,Animalia,Platyhelminthes,Cestoda,Cyclophyllidea,Taeniidae,Hydatigera
Echinococcus granulosus,Jordan,30.585164,36.238414,2,terrestrial,Animalia,Platyhelminthes,Cestoda,Cyclophyllidea,Taeniidae,Echinococcus
Moniezia expansa,Pakistan,30.375321,69.34511599999999,2,terrestrial,Animalia,Platyhelminthes,Cestoda,Cyclophyllidea,Anoplocephalidae,Moniezia
Schistocephalus pungitii,Finno-Karelian ASSR,63.15587019999999,32.9905552,3,freshwater,Animalia,Platyhelminthes,Cestoda,Diphyllobothriidea,Diphyllobothriidae,Schistocephalus
Proteocephalus percae,Finno-Karelian ASSR,63.15587019999999,32.9905552,4,freshwater,Animalia,Platyhelminthes,Cestoda,Onchoproteocephalidea,Proteocephalidae,Proteocephalus
Proteocephalus filicollis,Finno-Karelian ASSR,63.15587019999999,32.9905552,3,freshwater,Animalia,Platyhelminthes,Cestoda,Onchoproteocephalidea,Proteocephalidae,Proteocephalus
Proteocephalus torulosus,Finno-Karelian ASSR,63.15587019999999,32.9905552,3,freshwater,Animalia,Platyhelminthes,Cestoda,Onchoproteocephalidea,Proteocephalidae,Proteocephalus
Triaenophorus nodulosus,Finno-Karelian ASSR,63.15587019999999,32.9905552,3,freshwater,Animalia,Platyhelminthes,Cestoda,Bothriocephalidea,Triaenophoridae,Triaenophorus
Mosgovoyia pectinata,Scotland,56.49067119999999,-4.2026458,2,terrestrial,Animalia,Platyhelminthes,Cestoda,Cyclophyllidea,Anoplocephalidae,Mosgovoyia
Echinococcus granulosus,Libya,26.3351,17.228331,2,terrestrial,Animalia,Platyhelminthes,Cestoda,Cyclophyllidea,Taeniidae,Echinococcus
Diplopylidium acanthotetra,Spain + Andalusia,37.5442706,-4.7277528,3,terrestrial,Animalia,Platyhelminthes,Cestoda,Cyclophyllidea,Dipylidiidae,Diplopylidium
Nematoparataenia southwelli,European USSR (CIS),54.5259614,15.2551187,2,freshwater,Animalia,Platyhelminthes,Cestoda,Cyclophyllidea,Hymenolepididae,Nematoparataenia
Taenia hydatigena,Germany,51.165691,10.451526,2,terrestrial,Animalia,Platyhelminthes,Cestoda,Cyclophyllidea,Taeniidae,Taenia
Echinococcus granulosus,Azerbaidzan,40.143105,47.576927,2,terrestrial,Animalia,Platyhelminthes,Cestoda,Cyclophyllidea,Taeniidae,Echinococcus
Moniezia expansa,Scotland,56.49067119999999,-4.2026458,2,terrestrial,Animalia,Platyhelminthes,Cestoda,Cyclophyllidea,Anoplocephalidae,Moniezia
Echinococcus granulosus,Scotland,56.49067119999999,-4.2026458,2,terrestrial,Animalia,Platyhelminthes,Cestoda,Cyclophyllidea,Taeniidae,Echinococcus
Proteocephalus ambloplitis,Wisconsin,43.7844397,-88.7878678,4,freshwater,Animalia,Platyhelminthes,Cestoda,Onchoproteocephalidea,Proteocephalidae,Proteocephalus
Bothriocephalus opsariichthydis,"Ukraine, incl. Moldavia",48.379433,31.1655799,2,freshwater,Animalia,Platyhelminthes,Cestoda,Bothriocephalidea,Bothriocephalidae,Bothriocephalus
Schistocephalus solidus,Scotland,56.49067119999999,-4.2026458,3,freshwater,Animalia,Platyhelminthes,Cestoda,Diphyllobothriidea,Diphyllobothriidae,Schistocephalus
Raillietina tetragona,Georgia (USSR),42.315407,43.35689199999999,2,terrestrial,Animalia,Platyhelminthes,Cestoda,Cyclophyllidea,Davaineidae,Raillietina
Raillietina echinobothrida,Georgia (USSR),42.315407,43.35689199999999,2,terrestrial,Animalia,Platyhelminthes,Cestoda,Cyclophyllidea,Davaineidae,Raillietina
Amoebotaenia cuneata,Georgia (USSR),42.315407,43.35689199999999,2,terrestrial,Animalia,Platyhelminthes,Cestoda,Cyclophyllidea,Dilepididae,Amoebotaenia
Bothriocephalus claviceps,Italy,41.87194,12.56738,2,freshwater,Animalia,Platyhelminthes,Cestoda,Bothriocephalidea,Bothriocephalidae,Bothriocephalus
Proteocephalus macrocephalus,Italy,41.87194,12.56738,2,freshwater,Animalia,Platyhelminthes,Cestoda,Onchoproteocephalidea,Proteocephalidae,Proteocephalus
Taenia crocutae,Transvaal,-23.59,29.13,2,terrestrial,Animalia,Platyhelminthes,Cestoda,Cyclophyllidea,Taeniidae,Taenia
Taenia hyaenae,Transvaal,-23.59,29.13,2,terrestrial,Animalia,Platyhelminthes,Cestoda,Cyclophyllidea,Taeniidae,Taenia
Taenia regis,Transvaal,-23.59,29.13,2,terrestrial,Animalia,Platyhelminthes,Cestoda,Cyclophyllidea,Taeniidae,Taenia
Eubothrium salvelini,Iceland,64.963051,-19.020835,3,freshwater,Animalia,Platyhelminthes,Cestoda,Bothriocephalidea,Triaenophoridae,Eubothrium
Diphyllobothrium ditremum,Iceland,64.963051,-19.020835,3,freshwater,Animalia,Platyhelminthes,Cestoda,Diphyllobothriidea,Diphyllobothriidae,Dibothriocephalus
Proteocephalus longicollis,Iceland,64.963051,-19.020835,4,freshwater,Animalia,Platyhelminthes,Cestoda,Onchoproteocephalidea,Proteocephalidae,Proteocephalus
Hymenolepis nana,Guinea-Bissau,11.803749,-15.180413,2,terrestrial,Animalia,Platyhelminthes,Cestoda,Cyclophyllidea,Hymenolepididae,Rodentolepis
Echinococcus granulosus,Uzbekistan,41.377491,64.585262,2,terrestrial,Animalia,Platyhelminthes,Cestoda,Cyclophyllidea,Taeniidae,Echinococcus
Taenia solium,United States,37.09024,-95.712891,2,terrestrial,Animalia,Platyhelminthes,Cestoda,Cyclophyllidea,Taeniidae,Taenia
Lacistorhynchus tenuis,Southwest Atlantic,-14.5994134,-28.6731465,3,marine,Animalia,Platyhelminthes,Cestoda,Trypanorhyncha,Lacistorhynchidae,Lacistorhynchus
Grillotia erinaceus,Southwest Atlantic,-14.5994134,-28.6731465,3,marine,Animalia,Platyhelminthes,Cestoda,Trypanorhyncha,Lacistorhynchidae,Grillotia
Amphilina foliacea,Caspian Sea,41.934977,50.66894500000001,2,freshwater,Animalia,Platyhelminthes,Cestoda,Amphilinidea,Amphilinidae,Amphilina
Bothrimonus fallax,Caspian Sea,41.934977,50.66894500000001,2,marine,Animalia,Platyhelminthes,Cestoda,Spathebothriidea,Acrobothriidae,Bothrimonus
Hymenolepis nana,Spain + Andalusia,37.5442706,-4.7277528,2,terrestrial,Animalia,Platyhelminthes,Cestoda,Cyclophyllidea,Hymenolepididae,Rodentolepis
Taenia hydatigena,Ontario,51.253775,-85.323214,2,terrestrial,Animalia,Platyhelminthes,Cestoda,Cyclophyllidea,Taeniidae,Taenia
Taenia polyacantha,France,46.227638,2.213749,2,terrestrial,Animalia,Platyhelminthes,Cestoda,Cyclophyllidea,Taeniidae,Taenia
Taenia crassiceps,France,46.227638,2.213749,2,terrestrial,Animalia,Platyhelminthes,Cestoda,Cyclophyllidea,Taeniidae,Taenia
Taenia pisiformis,France,46.227638,2.213749,2,terrestrial,Animalia,Platyhelminthes,Cestoda,Cyclophyllidea,Taeniidae,Taenia
Hymenolepis nana,Jordan,30.585164,36.238414,2,terrestrial,Animalia,Platyhelminthes,Cestoda,Cyclophyllidea,Hymenolepididae,Rodentolepis
Taenia saginata,Jordan,30.585164,36.238414,2,terrestrial,Animalia,Platyhelminthes,Cestoda,Cyclophyllidea,Taeniidae,Taenia
Proteocephalus torulosus,Lithuania,55.169438,23.881275,3,freshwater,Animalia,Platyhelminthes,Cestoda,Onchoproteocephalidea,Proteocephalidae,Proteocephalus
Proteocephalus macrocephalus,Lithuania,55.169438,23.881275,2,freshwater,Animalia,Platyhelminthes,Cestoda,Onchoproteocephalidea,Proteocephalidae,Proteocephalus
Proteocephalus longicollis,Lithuania,55.169438,23.881275,4,freshwater,Animalia,Platyhelminthes,Cestoda,Onchoproteocephalidea,Proteocephalidae,Proteocephalus
Proteocephalus thymalli,Lithuania,55.169438,23.881275,2,freshwater,Animalia,Platyhelminthes,Cestoda,Onchoproteocephalidea,Proteocephalidae,Proteocephalus
Proteocephalus osculatus,Lithuania,55.169438,23.881275,2,freshwater,Animalia,Platyhelminthes,Cestoda,Onchoproteocephalidea,Proteocephalidae,Glanitaenia
Proteocephalus cernuae,Lithuania,55.169438,23.881275,2,freshwater,Animalia,Platyhelminthes,Cestoda,Onchoproteocephalidea,Proteocephalidae,Proteocephalus
Proteocephalus filicollis,Lithuania,55.169438,23.881275,3,freshwater,Animalia,Platyhelminthes,Cestoda,Onchoproteocephalidea,Proteocephalidae,Proteocephalus
Paradilepis scolecina,Lithuania,55.169438,23.881275,3,freshwater,Animalia,Platyhelminthes,Cestoda,Cyclophyllidea,Gryporhynchidae,Paradilepis
Proteocephalus percae,Lithuania,55.169438,23.881275,4,freshwater,Animalia,Platyhelminthes,Cestoda,Onchoproteocephalidea,Proteocephalidae,Proteocephalus
Bothriocephalus scorpii,Lithuania,55.169438,23.881275,3,marine,Animalia,Platyhelminthes,Cestoda,Bothriocephalidea,Bothriocephalidae,Bothriocephalus
Ligula intestinalis,Lithuania,55.169438,23.881275,3,freshwater,Animalia,Platyhelminthes,Cestoda,Diphyllobothriidea,Diphyllobothriidae,Ligula
Bothriocephalus claviceps,Lithuania,55.169438,23.881275,2,freshwater,Animalia,Platyhelminthes,Cestoda,Bothriocephalidea,Bothriocephalidae,Bothriocephalus
Schistocephalus solidus,Lithuania,55.169438,23.881275,3,freshwater,Animalia,Platyhelminthes,Cestoda,Diphyllobothriidea,Diphyllobothriidae,Schistocephalus
Eubothrium rugosum,Lithuania,55.169438,23.881275,3,freshwater,Animalia,Platyhelminthes,Cestoda,Bothriocephalidea,Triaenophoridae,Eubothrium
Cyathocephalus truncatus,Lithuania,55.169438,23.881275,2,freshwater,Animalia,Platyhelminthes,Cestoda,Spathebothriidea,Acrobothriidae,Cyathocephalus
Schistocephalus pungitii,Lithuania,55.169438,23.881275,3,freshwater,Animalia,Platyhelminthes,Cestoda,Diphyllobothriidea,Diphyllobothriidae,Schistocephalus
Caryophyllaeus laticeps,Lithuania,55.169438,23.881275,2,freshwater,Animalia,Platyhelminthes,Cestoda,Caryophyllidea,Caryophyllaeidae,Caryophyllaeus
Triaenophorus nodulosus,Lithuania,55.169438,23.881275,3,freshwater,Animalia,Platyhelminthes,Cestoda,Bothriocephalidea,Triaenophoridae,Triaenophorus
Khawia sinensis,Lithuania,55.169438,23.881275,2,freshwater,Animalia,Platyhelminthes,Cestoda,Caryophyllidea,Lytocestidae,Khawia
Khawia baltica,Lithuania,55.169438,23.881275,2,freshwater,Animalia,Platyhelminthes,Cestoda,Caryophyllidea,Caryophyllaeidae,Caryophyllaeus
Proteocephalus percae,Finland,61.92410999999999,25.7481511,4,freshwater,Animalia,Platyhelminthes,Cestoda,Onchoproteocephalidea,Proteocephalidae,Proteocephalus
Proteocephalus cernuae,Finland,61.92410999999999,25.7481511,2,freshwater,Animalia,Platyhelminthes,Cestoda,Onchoproteocephalidea,Proteocephalidae,Proteocephalus
Cyathocephalus truncatus,Canada,56.130366,-106.346771,2,freshwater,Animalia,Platyhelminthes,Cestoda,Spathebothriidea,Acrobothriidae,Cyathocephalus
Taenia solium,Papua New Guinea,-6.314992999999999,143.95555,2,terrestrial,Animalia,Platyhelminthes,Cestoda,Cyclophyllidea,Taeniidae,Taenia
Hymenolepis nana,Papua New Guinea,-6.314992999999999,143.95555,2,terrestrial,Animalia,Platyhelminthes,Cestoda,Cyclophyllidea,Hymenolepididae,Rodentolepis
Hymenolepis diminuta,Papua New Guinea,-6.314992999999999,143.95555,2,terrestrial,Animalia,Platyhelminthes,Cestoda,Cyclophyllidea,Hymenolepididae,Hymenolepis
Valipora campylancristrota,East Germany (!! USE Germany),51.165691,10.451526,3,freshwater,Animalia,Platyhelminthes,Cestoda,Cyclophyllidea,Dipylidiidae,Dipylidium
Paradilepis scolecina,East Germany (!! USE Germany),51.165691,10.451526,3,freshwater,Animalia,Platyhelminthes,Cestoda,Cyclophyllidea,Gryporhynchidae,Paradilepis
Taenia saginata,Ethiopia (incl. Dhibouti),11.59516,43.146473,2,terrestrial,Animalia,Platyhelminthes,Cestoda,Cyclophyllidea,Taeniidae,Taenia
Hymenolepis nana,Ethiopia (incl. Dhibouti),11.59516,43.146473,2,terrestrial,Animalia,Platyhelminthes,Cestoda,Cyclophyllidea,Hymenolepididae,Rodentolepis
Taenia saginata,Japan,36.204824,138.252924,2,terrestrial,Animalia,Platyhelminthes,Cestoda,Cyclophyllidea,Taeniidae,Taenia
Taenia solium,Japan,36.204824,138.252924,2,terrestrial,Animalia,Platyhelminthes,Cestoda,Cyclophyllidea,Taeniidae,Taenia
Echinococcus granulosus,Quebec,52.9399159,-73.5491361,2,terrestrial,Animalia,Platyhelminthes,Cestoda,Cyclophyllidea,Taeniidae,Echinococcus
Hymenolepis diminuta,Alberta,53.9332706,-116.5765035,2,terrestrial,Animalia,Platyhelminthes,Cestoda,Cyclophyllidea,Hymenolepididae,Hymenolepis
Hymenolepis citelli,Alberta,53.9332706,-116.5765035,2,terrestrial,Animalia,Platyhelminthes,Cestoda,Cyclophyllidea,Hymenolepididae,Hymenolepis
Ligula intestinalis,Eire + N. Ireland,54.7877149,-6.4923145,3,freshwater,Animalia,Platyhelminthes,Cestoda,Diphyllobothriidea,Diphyllobothriidae,Ligula
Echinococcus granulosus,East Germany (!! USE Germany),51.165691,10.451526,2,terrestrial,Animalia,Platyhelminthes,Cestoda,Cyclophyllidea,Taeniidae,Echinococcus
Fimbriaria fasciolaris,Manitoba,53.7608608,-98.8138762,3,freshwater,Animalia,Platyhelminthes,Cestoda,Cyclophyllidea,Hymenolepididae,Fimbriaria
Fimbriaria fasciolaris,Alberta,53.9332706,-116.5765035,3,freshwater,Animalia,Platyhelminthes,Cestoda,Cyclophyllidea,Hymenolepididae,Fimbriaria
Hymenolepis abortiva,Alberta,53.9332706,-116.5765035,2,freshwater,Animalia,Platyhelminthes,Cestoda,Cyclophyllidea,Hymenolepididae,Microsomacanthus
Bothriocephalus scorpii,Northeast Atlantic,39.370134,-77.40677199999999,3,marine,Animalia,Platyhelminthes,Cestoda,Bothriocephalidea,Bothriocephalidae,Bothriocephalus
Moniezia benedeni,Hawaiian Islands,19.8967662,-155.5827818,2,terrestrial,Animalia,Platyhelminthes,Cestoda,Cyclophyllidea,Anoplocephalidae,Moniezia
Taenia saginata,Denmark,56.26392,9.501785,2,terrestrial,Animalia,Platyhelminthes,Cestoda,Cyclophyllidea,Taeniidae,Taenia
Moniezia expansa,East Germany (!! USE Germany),51.165691,10.451526,2,terrestrial,Animalia,Platyhelminthes,Cestoda,Cyclophyllidea,Anoplocephalidae,Moniezia
Triaenophorus crassus,Manitoba,53.7608608,-98.8138762,3,freshwater,Animalia,Platyhelminthes,Cestoda,Bothriocephalidea,Triaenophoridae,Triaenophorus
Echinococcus granulosus,Iraq,33.223191,43.679291,2,terrestrial,Animalia,Platyhelminthes,Cestoda,Cyclophyllidea,Taeniidae,Echinococcus
Hymenolepis diminuta,Japan,36.204824,138.252924,2,terrestrial,Animalia,Platyhelminthes,Cestoda,Cyclophyllidea,Hymenolepididae,Hymenolepis
Bothriocephalus acheilognathi,North Carolina,35.7595731,-79.01929969999999,3,freshwater,Animalia,Platyhelminthes,Cestoda,Bothriocephalidea,Bothriocephalidae,Schyzocotyle
Echinococcus granulosus,Northeast Africa,9.1303782000000009,41.2808577,2,terrestrial,Animalia,Platyhelminthes,Cestoda,Cyclophyllidea,Taeniidae,Echinococcus
Echinococcus oligarthrus,Venezuela,6.42375,-66.58973,2,terrestrial,Animalia,Platyhelminthes,Cestoda,Cyclophyllidea,Taeniidae,Echinococcus
Schistocephalus solidus,Germany,51.165691,10.451526,3,freshwater,Animalia,Platyhelminthes,Cestoda,Diphyllobothriidea,Diphyllobothriidae,Schistocephalus
Hymenolepis diminuta,Australia,-25.274398,133.775136,2,terrestrial,Animalia,Platyhelminthes,Cestoda,Cyclophyllidea,Hymenolepididae,Hymenolepis
Triaenophorus crassus,Finland,61.92410999999999,25.7481511,3,freshwater,Animalia,Platyhelminthes,Cestoda,Bothriocephalidea,Triaenophoridae,Triaenophorus
Eubothrium salvelini,Newfoundland,53.1355091,-57.6604364,3,freshwater,Animalia,Platyhelminthes,Cestoda,Bothriocephalidea,Triaenophoridae,Eubothrium
Triaenophorus nodulosus,Baltic Sea,58.48795200000001,19.863281,3,freshwater,Animalia,Platyhelminthes,Cestoda,Bothriocephalidea,Triaenophoridae,Triaenophorus
Bothriocephalus scorpii,Baltic Sea,58.48795200000001,19.863281,3,marine,Animalia,Platyhelminthes,Cestoda,Bothriocephalidea,Bothriocephalidae,Bothriocephalus
Hymenolepis nana,Guatemala,15.783471,-90.23075899999999,2,terrestrial,Animalia,Platyhelminthes,Cestoda,Cyclophyllidea,Hymenolepididae,Rodentolepis
Moniezia benedeni,Transvaal,-23.59,29.13,2,terrestrial,Animalia,Platyhelminthes,Cestoda,Cyclophyllidea,Anoplocephalidae,Moniezia
Moniezia expansa,Argentina,-38.416097,-63.61667199999999,2,terrestrial,Animalia,Platyhelminthes,Cestoda,Cyclophyllidea,Anoplocephalidae,Moniezia
Amphilina foliacea,Yugoslavia,37.09024,-95.712891,2,freshwater,Animalia,Platyhelminthes,Cestoda,Amphilinidea,Amphilinidae,Amphilina
Proteocephalus torulosus,Yugoslavia,37.09024,-95.712891,3,freshwater,Animalia,Platyhelminthes,Cestoda,Onchoproteocephalidea,Proteocephalidae,Proteocephalus
Caryophyllaeus laticeps,Yugoslavia,37.09024,-95.712891,2,freshwater,Animalia,Platyhelminthes,Cestoda,Caryophyllidea,Caryophyllaeidae,Caryophyllaeus
Ligula intestinalis,Yugoslavia,37.09024,-95.712891,3,freshwater,Animalia,Platyhelminthes,Cestoda,Diphyllobothriidea,Diphyllobothriidae,Ligula
Proteocephalus percae,Germany,51.165691,10.451526,4,freshwater,Animalia,Platyhelminthes,Cestoda,Onchoproteocephalidea,Proteocephalidae,Proteocephalus
Proteocephalus longicollis,Germany,51.165691,10.451526,4,freshwater,Animalia,Platyhelminthes,Cestoda,Onchoproteocephalidea,Proteocephalidae,Proteocephalus
Caryophyllaeus laticeps,Germany,51.165691,10.451526,2,freshwater,Animalia,Platyhelminthes,Cestoda,Caryophyllidea,Caryophyllaeidae,Caryophyllaeus
Ligula intestinalis,Germany,51.165691,10.451526,3,freshwater,Animalia,Platyhelminthes,Cestoda,Diphyllobothriidea,Diphyllobothriidae,Ligula
Bothriocephalus claviceps,Germany,51.165691,10.451526,2,freshwater,Animalia,Platyhelminthes,Cestoda,Bothriocephalidea,Bothriocephalidae,Bothriocephalus
Proteocephalus macrocephalus,Germany,51.165691,10.451526,2,freshwater,Animalia,Platyhelminthes,Cestoda,Onchoproteocephalidea,Proteocephalidae,Proteocephalus
Triaenophorus nodulosus,Germany,51.165691,10.451526,3,freshwater,Animalia,Platyhelminthes,Cestoda,Bothriocephalidea,Triaenophoridae,Triaenophorus
Eubothrium rugosum,Germany,51.165691,10.451526,3,freshwater,Animalia,Platyhelminthes,Cestoda,Bothriocephalidea,Triaenophoridae,Eubothrium
Triaenophorus nodulosus,Yugoslavia,37.09024,-95.712891,3,freshwater,Animalia,Platyhelminthes,Cestoda,Bothriocephalidea,Triaenophoridae,Triaenophorus
Proteocephalus cernuae,Yugoslavia,37.09024,-95.712891,2,freshwater,Animalia,Platyhelminthes,Cestoda,Onchoproteocephalidea,Proteocephalidae,Proteocephalus
Proteocephalus torulosus,European USSR (CIS),54.5259614,15.2551187,3,freshwater,Animalia,Platyhelminthes,Cestoda,Onchoproteocephalidea,Proteocephalidae,Proteocephalus
Triaenophorus crassus,European USSR (CIS),54.5259614,15.2551187,3,freshwater,Animalia,Platyhelminthes,Cestoda,Bothriocephalidea,Triaenophoridae,Triaenophorus
Ligula intestinalis,Manitoba,53.7608608,-98.8138762,3,freshwater,Animalia,Platyhelminthes,Cestoda,Diphyllobothriidea,Diphyllobothriidae,Ligula
Triaenophorus nodulosus,European USSR (CIS),54.5259614,15.2551187,3,freshwater,Animalia,Platyhelminthes,Cestoda,Bothriocephalidea,Triaenophoridae,Triaenophorus
Eubothrium rugosum,European USSR (CIS),54.5259614,15.2551187,3,freshwater,Animalia,Platyhelminthes,Cestoda,Bothriocephalidea,Triaenophoridae,Eubothrium
Anomotaenia constricta,Canary Islands,28.2915637,-16.6291304,2,terrestrial,Animalia,Platyhelminthes,Cestoda,Cyclophyllidea,Dilepididae,Spiniglans
Neogryporhynchus cheilancristrotus,Canary Islands,28.2915637,-16.6291304,3,freshwater,Animalia,Platyhelminthes,Cestoda,Cyclophyllidea,Dilepididae,Neogryporhynchus
Paricterotaenia porosa,Canary Islands,28.2915637,-16.6291304,2,freshwater,Animalia,Platyhelminthes,Cestoda,Cyclophyllidea,Dilepididae,Paricterotaenia
Tetrabothrius erostris,Canary Islands,28.2915637,-16.6291304,3,marine,Animalia,Platyhelminthes,Cestoda,Tetrabothriidea,Tetrabothriidae,Tetrabothrius
Proteocephalus torulosus,Finland,61.92410999999999,25.7481511,3,freshwater,Animalia,Platyhelminthes,Cestoda,Onchoproteocephalidea,Proteocephalidae,Proteocephalus
Caryophyllaeus laticeps,Finland,61.92410999999999,25.7481511,2,freshwater,Animalia,Platyhelminthes,Cestoda,Caryophyllidea,Caryophyllaeidae,Caryophyllaeus
Grillotia erinaceus,Black Sea,43.41302899999999,34.299316,3,marine,Animalia,Platyhelminthes,Cestoda,Trypanorhyncha,Lacistorhynchidae,Grillotia
Echinobothrium typus,Black Sea,43.41302899999999,34.299316,2,marine,Animalia,Platyhelminthes,Cestoda,Diphyllidea,Echinobothriidae,Echinobothrium
Diphyllobothrium ditremum,Alaska,64.2008413,-149.4936733,3,freshwater,Animalia,Platyhelminthes,Cestoda,Diphyllobothriidea,Diphyllobothriidae,Dibothriocephalus
Echinococcus granulosus,European USSR (CIS),54.5259614,15.2551187,2,terrestrial,Animalia,Platyhelminthes,Cestoda,Cyclophyllidea,Taeniidae,Echinococcus
Echinococcus multilocularis,European USSR (CIS),54.5259614,15.2551187,2,terrestrial,Animalia,Platyhelminthes,Cestoda,Cyclophyllidea,Taeniidae,Echinococcus
Taenia hydatigena,Spain + Andalusia,37.5442706,-4.7277528,2,terrestrial,Animalia,Platyhelminthes,Cestoda,Cyclophyllidea,Taeniidae,Taenia
Taenia pisiformis,Spain + Andalusia,37.5442706,-4.7277528,2,terrestrial,Animalia,Platyhelminthes,Cestoda,Cyclophyllidea,Taeniidae,Taenia
Taenia crassiceps,Mexico,23.634501,-102.552784,2,terrestrial,Animalia,Platyhelminthes,Cestoda,Cyclophyllidea,Taeniidae,Taenia
Diphyllobothrium ditremum,Labrador,48.66,-56.22,3,freshwater,Animalia,Platyhelminthes,Cestoda,Diphyllobothriidea,Diphyllobothriidae,Dibothriocephalus
Eubothrium salvelini,Labrador,48.66,-56.22,3,freshwater,Animalia,Platyhelminthes,Cestoda,Bothriocephalidea,Triaenophoridae,Eubothrium
Proteocephalus longicollis,Labrador,48.66,-56.22,4,freshwater,Animalia,Platyhelminthes,Cestoda,Onchoproteocephalidea,Proteocephalidae,Proteocephalus
Cyathocephalus truncatus,"England, Wales + Isle of Man",54.236107,-4.548056,2,freshwater,Animalia,Platyhelminthes,Cestoda,Spathebothriidea,Acrobothriidae,Cyathocephalus
Dipylidium caninum,Transvaal,-23.59,29.13,2,terrestrial,Animalia,Platyhelminthes,Cestoda,Cyclophyllidea,Dipylidiidae,Dipylidium
Taenia taeniaeformis,Transvaal,-23.59,29.13,2,terrestrial,Animalia,Platyhelminthes,Cestoda,Cyclophyllidea,Taeniidae,Hydatigera
Taenia taeniaeformis,Belgium + Luxembourg,50.0546886,5.467698299999999,2,terrestrial,Animalia,Platyhelminthes,Cestoda,Cyclophyllidea,Taeniidae,Hydatigera
Cloacotaenia megalops,Mexico,23.634501,-102.552784,2,freshwater,Animalia,Platyhelminthes,Cestoda,Cyclophyllidea,Hymenolepididae,Cloacotaenia
Hymenolepis citelli,Wisconsin,43.7844397,-88.7878678,2,terrestrial,Animalia,Platyhelminthes,Cestoda,Cyclophyllidea,Hymenolepididae,Hymenolepis
Proteocephalus thymalli,Lake Baikal,53.5587003,108.1649965,2,freshwater,Animalia,Platyhelminthes,Cestoda,Onchoproteocephalidea,Proteocephalidae,Proteocephalus
Moniezia expansa,Uzbekistan,41.377491,64.585262,2,terrestrial,Animalia,Platyhelminthes,Cestoda,Cyclophyllidea,Anoplocephalidae,Moniezia
Moniezia benedeni,Uzbekistan,41.377491,64.585262,2,terrestrial,Animalia,Platyhelminthes,Cestoda,Cyclophyllidea,Anoplocephalidae,Moniezia
Thysaniezia giardi,Uzbekistan,41.377491,64.585262,2,terrestrial,Animalia,Platyhelminthes,Cestoda,Cyclophyllidea,Anoplocephalidae,Thysaniezia
Avitellina centripunctata,Uzbekistan,41.377491,64.585262,2,terrestrial,Animalia,Platyhelminthes,Cestoda,Cyclophyllidea,Anoplocephalidae,Avitellina
Taenia hydatigena,Uzbekistan,41.377491,64.585262,2,terrestrial,Animalia,Platyhelminthes,Cestoda,Cyclophyllidea,Taeniidae,Taenia
Choanotaenia infundibulum,Uzbekistan,41.377491,64.585262,2,terrestrial,Animalia,Platyhelminthes,Cestoda,Cyclophyllidea,Dilepididae,Choanotaenia
Taenia macrocystis,Uzbekistan,41.377491,64.585262,2,terrestrial,Animalia,Platyhelminthes,Cestoda,Cyclophyllidea,Taeniidae,Taenia
Bertiella studeri,Indonesia & Malaysia,-0.789275,113.921327,2,terrestrial,Animalia,Platyhelminthes,Cestoda,Cyclophyllidea,Anoplocephalidae,Bertiella
Neoskrjabinolepis schaldybini,Japan,36.204824,138.252924,2,terrestrial,Animalia,Platyhelminthes,Cestoda,Cyclophyllidea,Hymenolepididae,Hymenolepis
Staphylocystis furcata,Japan,36.204824,138.252924,2,terrestrial,Animalia,Platyhelminthes,Cestoda,Cyclophyllidea,Hymenolepididae,Staphylocystis
Amoebotaenia cuneata,Uzbekistan,41.377491,64.585262,2,terrestrial,Animalia,Platyhelminthes,Cestoda,Cyclophyllidea,Dilepididae,Amoebotaenia
Taenia taeniaeformis,Malaya,3.17,101.7,2,terrestrial,Animalia,Platyhelminthes,Cestoda,Cyclophyllidea,Taeniidae,Hydatigera
Taenia hydatigena,New Zealand,-40.900557,174.885971,2,terrestrial,Animalia,Platyhelminthes,Cestoda,Cyclophyllidea,Taeniidae,Taenia
Taenia pisiformis,New Zealand,-40.900557,174.885971,2,terrestrial,Animalia,Platyhelminthes,Cestoda,Cyclophyllidea,Taeniidae,Taenia
Moniezia expansa,France,46.227638,2.213749,2,terrestrial,Animalia,Platyhelminthes,Cestoda,Cyclophyllidea,Anoplocephalidae,Moniezia
Taenia hydatigena,Iraq,33.223191,43.679291,2,terrestrial,Animalia,Platyhelminthes,Cestoda,Cyclophyllidea,Taeniidae,Taenia
Dipylidium caninum,Iraq,33.223191,43.679291,2,terrestrial,Animalia,Platyhelminthes,Cestoda,Cyclophyllidea,Dipylidiidae,Dipylidium
Taenia multiceps,Iraq,33.223191,43.679291,2,terrestrial,Animalia,Platyhelminthes,Cestoda,Cyclophyllidea,Taeniidae,Taenia
Diplopylidium acanthotetra,Iraq,33.223191,43.679291,3,terrestrial,Animalia,Platyhelminthes,Cestoda,Cyclophyllidea,Dipylidiidae,Diplopylidium
Joyeuxiella pasqualei,Iraq,33.223191,43.679291,3,terrestrial,Animalia,Platyhelminthes,Cestoda,Cyclophyllidea,Dipylidiidae,Joyeuxiella
Taenia taeniaeformis,Iraq,33.223191,43.679291,2,terrestrial,Animalia,Platyhelminthes,Cestoda,Cyclophyllidea,Taeniidae,Hydatigera
Bothriocephalus opsariichthydis,Iraq,33.223191,43.679291,2,freshwater,Animalia,Platyhelminthes,Cestoda,Bothriocephalidea,Bothriocephalidae,Bothriocephalus
Valipora campylancristrota,Iraq,33.223191,43.679291,3,freshwater,Animalia,Platyhelminthes,Cestoda,Cyclophyllidea,Dipylidiidae,Dipylidium
Ligula intestinalis,Iraq,33.223191,43.679291,3,freshwater,Animalia,Platyhelminthes,Cestoda,Diphyllobothriidea,Diphyllobothriidae,Ligula
Triaenophorus nodulosus,Finland,61.92410999999999,25.7481511,3,freshwater,Animalia,Platyhelminthes,Cestoda,Bothriocephalidea,Triaenophoridae,Triaenophorus
Taenia crassiceps,Germany,51.165691,10.451526,2,terrestrial,Animalia,Platyhelminthes,Cestoda,Cyclophyllidea,Taeniidae,Taenia
Drepanidotaenia lanceolata,Kazakstan,48.019573,66.923684,2,freshwater,Animalia,Platyhelminthes,Cestoda,Cyclophyllidea,Hymenolepididae,Drepanidotaenia
Sobolevicanthus octacantha,Kazakstan,48.019573,66.923684,3,freshwater,Animalia,Platyhelminthes,Cestoda,Cyclophyllidea,Hymenolepididae,Sobolevicanthus
Diorchis ransomi,Kazakstan,48.019573,66.923684,3,freshwater,Animalia,Platyhelminthes,Cestoda,Cyclophyllidea,Hymenolepididae,Diorchis
Flamingolepis dolguschini,Kazakstan,48.019573,66.923684,2,freshwater,Animalia,Platyhelminthes,Cestoda,Cyclophyllidea,Hymenolepididae,Flamingolepis
Flamingolepis flamingo,Kazakstan,48.019573,66.923684,2,freshwater,Animalia,Platyhelminthes,Cestoda,Cyclophyllidea,Hymenolepididae,Flamingolepis
Flamingolepis tengizi,Kazakstan,48.019573,66.923684,2,freshwater,Animalia,Platyhelminthes,Cestoda,Cyclophyllidea,Hymenolepididae,Flamingolepis
Gastrotaenia paracygni,Kazakstan,48.019573,66.923684,2,freshwater,Animalia,Platyhelminthes,Cestoda,Cyclophyllidea,Hymenolepididae,Gastrotaenia
Parabisaccanthes philactes,Kazakstan,48.019573,66.923684,2,freshwater,Animalia,Platyhelminthes,Cestoda,Cyclophyllidea,Hymenolepididae,Parabisaccanthes
Cloacotaenia megalops,Kazakstan,48.019573,66.923684,2,freshwater,Animalia,Platyhelminthes,Cestoda,Cyclophyllidea,Hymenolepididae,Cloacotaenia
Diorchis parvogenitalis,Kazakstan,48.019573,66.923684,2,freshwater,Animalia,Platyhelminthes,Cestoda,Cyclophyllidea,Hymenolepididae,Diorchis
Tschertkovilepis setigera,Kazakstan,48.019573,66.923684,2,freshwater,Animalia,Platyhelminthes,Cestoda,Cyclophyllidea,Hymenolepididae,Tschertkovilepis
Fimbriaria fasciolaris,Kazakstan,48.019573,66.923684,3,freshwater,Animalia,Platyhelminthes,Cestoda,Cyclophyllidea,Hymenolepididae,Fimbriaria
Sobolevicanthus gracilis,Kazakstan,48.019573,66.923684,3,freshwater,Animalia,Platyhelminthes,Cestoda,Cyclophyllidea,Hymenolepididae,Sobolevicanthus
Diorchis inflata,Kazakstan,48.019573,66.923684,3,freshwater,Animalia,Platyhelminthes,Cestoda,Cyclophyllidea,Hymenolepididae,Diorchis
Echinocotyle rosseteri,Kazakstan,48.019573,66.923684,3,freshwater,Animalia,Platyhelminthes,Cestoda,Cyclophyllidea,Hymenolepididae,Echinocotyle
Dicranotaenia coronula,Kazakstan,48.019573,66.923684,3,freshwater,Animalia,Platyhelminthes,Cestoda,Cyclophyllidea,Hymenolepididae,Dicranotaenia
Fimbriarioides tadornae,Kazakstan,48.019573,66.923684,2,freshwater,Animalia,Platyhelminthes,Cestoda,Cyclophyllidea,Hymenolepididae,Fimbriarioides
Microsomacanthus compressa,Kazakstan,48.019573,66.923684,3,freshwater,Animalia,Platyhelminthes,Cestoda,Cyclophyllidea,Hymenolepididae,Microsomacanthus
Microsomacanthus hopkinsi,Kazakstan,48.019573,66.923684,2,freshwater,Animalia,Platyhelminthes,Cestoda,Cyclophyllidea,Hymenolepididae,Microsomacanthus
Microsomacanthus paracompressa,Kazakstan,48.019573,66.923684,3,freshwater,Animalia,Platyhelminthes,Cestoda,Cyclophyllidea,Hymenolepididae,Microsomacanthus
Microsomacanthus paramicrosoma,Kazakstan,48.019573,66.923684,3,freshwater,Animalia,Platyhelminthes,Cestoda,Cyclophyllidea,Hymenolepididae,Microsomacanthus
Sobolevicanthus krabbeella,Kazakstan,48.019573,66.923684,2,freshwater,Animalia,Platyhelminthes,Cestoda,Cyclophyllidea,Hymenolepididae,Sobolevicanthus
Diploposthe laevis,Kazakstan,48.019573,66.923684,3,freshwater,Animalia,Platyhelminthes,Cestoda,Cyclophyllidea,Hymenolepididae,Diploposthe
Echinocotyle clerci,Kazakstan,48.019573,66.923684,2,freshwater,Animalia,Platyhelminthes,Cestoda,Cyclophyllidea,Hymenolepididae,Echinocotyle
Bothriocephalus acheilognathi,Tadzhikistan,38.861034,71.276093,3,freshwater,Animalia,Platyhelminthes,Cestoda,Bothriocephalidea,Bothriocephalidae,Schyzocotyle
Ligula intestinalis,Tadzhikistan,38.861034,71.276093,3,freshwater,Animalia,Platyhelminthes,Cestoda,Diphyllobothriidea,Diphyllobothriidae,Ligula
Taenia hydatigena,Cape Province,-33.5,20.97,2,terrestrial,Animalia,Platyhelminthes,Cestoda,Cyclophyllidea,Taeniidae,Taenia
Diorchis danutae,Kazakstan,48.019573,66.923684,2,freshwater,Animalia,Platyhelminthes,Cestoda,Cyclophyllidea,Hymenolepididae,Diorchis
Diploposthe skrjabini,Kazakstan,48.019573,66.923684,2,freshwater,Animalia,Platyhelminthes,Cestoda,Cyclophyllidea,Hymenolepididae,Diploposthe
Microsomacanthus tuvensis,Kazakstan,48.019573,66.923684,2,freshwater,Animalia,Platyhelminthes,Cestoda,Cyclophyllidea,Hymenolepididae,Microsomacanthus
Aploparaksis birulai,Kazakstan,48.019573,66.923684,2,terrestrial,Animalia,Platyhelminthes,Cestoda,Cyclophyllidea,Hymenolepididae,Aploparaksis
Diorchis brevis,Kazakstan,48.019573,66.923684,2,freshwater,Animalia,Platyhelminthes,Cestoda,Cyclophyllidea,Hymenolepididae,Diorchis
Wardium fusa,Kazakstan,48.019573,66.923684,2,freshwater,Animalia,Platyhelminthes,Cestoda,Cyclophyllidea,Hymenolepididae,Wardium
Wardium stellorae,Kazakstan,48.019573,66.923684,2,freshwater,Animalia,Platyhelminthes,Cestoda,Cyclophyllidea,Hymenolepididae,Wardium
Lateriporus skrjabini,Manitoba,53.7608608,-98.8138762,2,freshwater,Animalia,Platyhelminthes,Cestoda,Cyclophyllidea,Dilepididae,Lateriporus
Ophryocotyle insignis,Alberta,53.9332706,-116.5765035,2,marine,Animalia,Platyhelminthes,Cestoda,Cyclophyllidea,Davaineidae,Ophryocotyle
Ophryocotyle insignis,Manitoba,53.7608608,-98.8138762,2,marine,Animalia,Platyhelminthes,Cestoda,Cyclophyllidea,Davaineidae,Ophryocotyle
Ophryocotyle insignis,Florida,27.6648274,-81.5157535,2,marine,Animalia,Platyhelminthes,Cestoda,Cyclophyllidea,Davaineidae,Ophryocotyle
Ophryocotyle insignis,Louisiana,30.9842977,-91.96233269999999,2,marine,Animalia,Platyhelminthes,Cestoda,Cyclophyllidea,Davaineidae,Ophryocotyle
Taenia pisiformis,Tennessee,35.5174913,-86.5804473,2,terrestrial,Animalia,Platyhelminthes,Cestoda,Cyclophyllidea,Taeniidae,Taenia
Taenia pisiformis,Alberta,53.9332706,-116.5765035,2,terrestrial,Animalia,Platyhelminthes,Cestoda,Cyclophyllidea,Taeniidae,Taenia
Taenia pisiformis,Manitoba,53.7608608,-98.8138762,2,terrestrial,Animalia,Platyhelminthes,Cestoda,Cyclophyllidea,Taeniidae,Taenia
Taenia multiceps,Alberta,53.9332706,-116.5765035,2,terrestrial,Animalia,Platyhelminthes,Cestoda,Cyclophyllidea,Taeniidae,Taenia
Taenia taeniaeformis,Alberta,53.9332706,-116.5765035,2,terrestrial,Animalia,Platyhelminthes,Cestoda,Cyclophyllidea,Taeniidae,Hydatigera
Taenia twitchelli,Alberta,53.9332706,-116.5765035,2,terrestrial,Animalia,Platyhelminthes,Cestoda,Cyclophyllidea,Taeniidae,Taenia
Taenia twitchelli,Manitoba,53.7608608,-98.8138762,2,terrestrial,Animalia,Platyhelminthes,Cestoda,Cyclophyllidea,Taeniidae,Taenia
Echinococcus granulosus,Alberta,53.9332706,-116.5765035,2,terrestrial,Animalia,Platyhelminthes,Cestoda,Cyclophyllidea,Taeniidae,Echinococcus
Echinococcus granulosus,Manitoba,53.7608608,-98.8138762,2,terrestrial,Animalia,Platyhelminthes,Cestoda,Cyclophyllidea,Taeniidae,Echinococcus
Echinococcus multilocularis,Manitoba,53.7608608,-98.8138762,2,terrestrial,Animalia,Platyhelminthes,Cestoda,Cyclophyllidea,Taeniidae,Echinococcus
Paradilepis scolecina,Greece,39.074208,21.824312,3,freshwater,Animalia,Platyhelminthes,Cestoda,Cyclophyllidea,Gryporhynchidae,Paradilepis
Echinococcus multilocularis,East Germany (!! USE Germany),51.165691,10.451526,2,terrestrial,Animalia,Platyhelminthes,Cestoda,Cyclophyllidea,Taeniidae,Echinococcus
Fimbriaria fasciolaris,East Germany (!! USE Germany),51.165691,10.451526,3,freshwater,Animalia,Platyhelminthes,Cestoda,Cyclophyllidea,Hymenolepididae,Fimbriaria
Sobolevicanthus gracilis,East Germany (!! USE Germany),51.165691,10.451526,3,freshwater,Animalia,Platyhelminthes,Cestoda,Cyclophyllidea,Hymenolepididae,Sobolevicanthus
Tschertkovilepis setigera,East Germany (!! USE Germany),51.165691,10.451526,2,freshwater,Animalia,Platyhelminthes,Cestoda,Cyclophyllidea,Hymenolepididae,Tschertkovilepis
Taenia saginata,Malagasay,-20,47,2,terrestrial,Animalia,Platyhelminthes,Cestoda,Cyclophyllidea,Taeniidae,Taenia
Bothriocephalus gregarius,Mediterranean,34.5531284,18.0480105,3,marine,Animalia,Platyhelminthes,Cestoda,Bothriocephalidea,Bothriocephalidae,Bothriocephalus
Bothriocephalus barbatus,Mediterranean,34.5531284,18.0480105,2,marine,Animalia,Platyhelminthes,Cestoda,Bothriocephalidea,Bothriocephalidae,Bothriocephalus
Aporhynchus norvegicus,Northeast Atlantic,39.370134,-77.40677199999999,3,marine,Animalia,Platyhelminthes,Cestoda,Trypanorhyncha,Aporhynchidae,Aporhynchus
Proteocephalus osculatus,Iraq,33.223191,43.679291,2,freshwater,Animalia,Platyhelminthes,Cestoda,Onchoproteocephalidea,Proteocephalidae,Glanitaenia
Triaenophorus nodulosus,Manitoba,53.7608608,-98.8138762,3,freshwater,Animalia,Platyhelminthes,Cestoda,Bothriocephalidea,Triaenophoridae,Triaenophorus
Atriotaenia procyonis,Kansas,39.011902,-98.4842465,2,terrestrial,Animalia,Platyhelminthes,Cestoda,Cyclophyllidea,Anoplocephalidae,Atriotaenia
Bothriocephalus acheilognathi,Mexico,23.634501,-102.552784,3,freshwater,Animalia,Platyhelminthes,Cestoda,Bothriocephalidea,Bothriocephalidae,Schyzocotyle
Ligula intestinalis,Mexico,23.634501,-102.552784,3,freshwater,Animalia,Platyhelminthes,Cestoda,Diphyllobothriidea,Diphyllobothriidae,Ligula
Cladotaenia globifera,"Ukraine, incl. Moldavia",48.379433,31.1655799,2,terrestrial,Animalia,Platyhelminthes,Cestoda,Cyclophyllidea,Paruterinidae,Cladotaenia
Davainea proglottina,"Ukraine, incl. Moldavia",48.379433,31.1655799,2,terrestrial,Animalia,Platyhelminthes,Cestoda,Cyclophyllidea,Davaineidae,Davainea
Raillietina tetragona,"Ukraine, incl. Moldavia",48.379433,31.1655799,2,terrestrial,Animalia,Platyhelminthes,Cestoda,Cyclophyllidea,Davaineidae,Raillietina
Raillietina echinobothrida,"Ukraine, incl. Moldavia",48.379433,31.1655799,2,terrestrial,Animalia,Platyhelminthes,Cestoda,Cyclophyllidea,Davaineidae,Raillietina
Polyonchobothrium clarias,Transvaal,-23.59,29.13,3,freshwater,Animalia,Platyhelminthes,Cestoda,Bothriocephalidea,Bothriocephalidae,Tetracampos
Ophryocotyle proteus,"Ukraine, incl. Moldavia",48.379433,31.1655799,2,marine,Animalia,Platyhelminthes,Cestoda,Cyclophyllidea,Davaineidae,Ophryocotyle
Paruterina candelabraria,"Ukraine, incl. Moldavia",48.379433,31.1655799,2,terrestrial,Animalia,Platyhelminthes,Cestoda,Cyclophyllidea,Paruterinidae,Paruterina
Anoplotaenia dasyuri,District of Columbia/Delaware/New Jersey/Maryland,39.0457549,-76.64127119999999,2,terrestrial,Animalia,Platyhelminthes,Cestoda,Cyclophyllidea,Taeniidae,Anoplotaenia
Oochoristica anolis,Louisiana,30.9842977,-91.96233269999999,2,terrestrial,Animalia,Platyhelminthes,Cestoda,Cyclophyllidea,Anoplocephalidae,Oochoristica
Proteocephalus ambloplitis,Indiana,40.2671941,-86.1349019,4,freshwater,Animalia,Platyhelminthes,Cestoda,Onchoproteocephalidea,Proteocephalidae,Proteocephalus
Glaridacris catostomi,Indiana,40.2671941,-86.1349019,2,freshwater,Animalia,Platyhelminthes,Cestoda,Caryophyllidea,Caryophyllaeidae,Glaridacris
Biacetabulum biloculoides,Indiana,40.2671941,-86.1349019,2,freshwater,Animalia,Platyhelminthes,Cestoda,Caryophyllidea,Capingentidae,Biacetabulum
Corallobothrium fimbriatum,Indiana,40.2671941,-86.1349019,3,freshwater,Animalia,Platyhelminthes,Cestoda,Onchoproteocephalidea,Proteocephalidae,Essexiella
Bertiella studeri,Transvaal,-23.59,29.13,2,terrestrial,Animalia,Platyhelminthes,Cestoda,Cyclophyllidea,Anoplocephalidae,Bertiella
Joyeuxiella pasqualei,Spain + Andalusia,37.5442706,-4.7277528,3,terrestrial,Animalia,Platyhelminthes,Cestoda,Cyclophyllidea,Dipylidiidae,Joyeuxiella
Bothriocephalus acheilognathi,Utah,39.3209801,-111.0937311,3,freshwater,Animalia,Platyhelminthes,Cestoda,Bothriocephalidea,Bothriocephalidae,Schyzocotyle
Bothriocephalus acheilognathi,Arizona,34.0489281,-111.0937311,3,freshwater,Animalia,Platyhelminthes,Cestoda,Bothriocephalidea,Bothriocephalidae,Schyzocotyle
Bothriocephalus acheilognathi,Nevada,38.8026097,-116.419389,3,freshwater,Animalia,Platyhelminthes,Cestoda,Bothriocephalidea,Bothriocephalidae,Schyzocotyle
Diphyllobothrium ditremum,Lake Superior,47.723087,-86.940716,3,freshwater,Animalia,Platyhelminthes,Cestoda,Diphyllobothriidea,Diphyllobothriidae,Dibothriocephalus
Triaenophorus crassus,Lake Superior,47.723087,-86.940716,3,freshwater,Animalia,Platyhelminthes,Cestoda,Bothriocephalidea,Triaenophoridae,Triaenophorus
Eubothrium salvelini,Lake Superior,47.723087,-86.940716,3,freshwater,Animalia,Platyhelminthes,Cestoda,Bothriocephalidea,Triaenophoridae,Eubothrium
Cyathocephalus truncatus,Lake Superior,47.723087,-86.940716,2,freshwater,Animalia,Platyhelminthes,Cestoda,Spathebothriidea,Acrobothriidae,Cyathocephalus
Atriotaenia procyonis,Canada,56.130366,-106.346771,2,terrestrial,Animalia,Platyhelminthes,Cestoda,Cyclophyllidea,Anoplocephalidae,Atriotaenia
Avitellina arctica,Canada,56.130366,-106.346771,2,terrestrial,Animalia,Platyhelminthes,Cestoda,Cyclophyllidea,Anoplocephalidae,Avitellina
Moniezia benedeni,Canada,56.130366,-106.346771,2,terrestrial,Animalia,Platyhelminthes,Cestoda,Cyclophyllidea,Anoplocephalidae,Moniezia
Moniezia expansa,Canada,56.130366,-106.346771,2,terrestrial,Animalia,Platyhelminthes,Cestoda,Cyclophyllidea,Anoplocephalidae,Moniezia
Dipylidium caninum,Canada,56.130366,-106.346771,2,terrestrial,Animalia,Platyhelminthes,Cestoda,Cyclophyllidea,Dipylidiidae,Dipylidium
Paruterina candelabraria,Canada,56.130366,-106.346771,2,terrestrial,Animalia,Platyhelminthes,Cestoda,Cyclophyllidea,Paruterinidae,Paruterina
Paruterina rauschi,Canada,56.130366,-106.346771,2,terrestrial,Animalia,Platyhelminthes,Cestoda,Cyclophyllidea,Paruterinidae,Paruterina
Hymenolepis citelli,Canada,56.130366,-106.346771,2,terrestrial,Animalia,Platyhelminthes,Cestoda,Cyclophyllidea,Hymenolepididae,Hymenolepis
Hymenolepis diminuta,Canada,56.130366,-106.346771,2,terrestrial,Animalia,Platyhelminthes,Cestoda,Cyclophyllidea,Hymenolepididae,Hymenolepis
Cladotaenia circi,Canada,56.130366,-106.346771,2,terrestrial,Animalia,Platyhelminthes,Cestoda,Cyclophyllidea,Paruterinidae,Cladotaenia
Cladotaenia globifera,Canada,56.130366,-106.346771,2,terrestrial,Animalia,Platyhelminthes,Cestoda,Cyclophyllidea,Paruterinidae,Cladotaenia
Echinococcus granulosus,Canada,56.130366,-106.346771,2,terrestrial,Animalia,Platyhelminthes,Cestoda,Cyclophyllidea,Taeniidae,Echinococcus
Echinococcus multilocularis,Canada,56.130366,-106.346771,2,terrestrial,Animalia,Platyhelminthes,Cestoda,Cyclophyllidea,Taeniidae,Echinococcus
Taenia crassiceps,Canada,56.130366,-106.346771,2,terrestrial,Animalia,Platyhelminthes,Cestoda,Cyclophyllidea,Taeniidae,Taenia
Triaenophorus nodulosus,Lake Superior,47.723087,-86.940716,3,freshwater,Animalia,Platyhelminthes,Cestoda,Bothriocephalidea,Triaenophoridae,Triaenophorus
Taenia hydatigena,Canada,56.130366,-106.346771,2,terrestrial,Animalia,Platyhelminthes,Cestoda,Cyclophyllidea,Taeniidae,Taenia
Taenia laticollis,Canada,56.130366,-106.346771,2,terrestrial,Animalia,Platyhelminthes,Cestoda,Cyclophyllidea,Taeniidae,Taenia
Taenia macrocystis,Canada,56.130366,-106.346771,2,terrestrial,Animalia,Platyhelminthes,Cestoda,Cyclophyllidea,Taeniidae,Taenia
Taenia martis,Canada,56.130366,-106.346771,2,terrestrial,Animalia,Platyhelminthes,Cestoda,Cyclophyllidea,Taeniidae,Taenia
Taenia multiceps,Canada,56.130366,-106.346771,2,terrestrial,Animalia,Platyhelminthes,Cestoda,Cyclophyllidea,Taeniidae,Taenia
Taenia mustelae,Canada,56.130366,-106.346771,2,terrestrial,Animalia,Platyhelminthes,Cestoda,Cyclophyllidea,Taeniidae,Taenia
Taenia omissa,Canada,56.130366,-106.346771,2,terrestrial,Animalia,Platyhelminthes,Cestoda,Cyclophyllidea,Taeniidae,Taenia
Taenia pisiformis,Canada,56.130366,-106.346771,2,terrestrial,Animalia,Platyhelminthes,Cestoda,Cyclophyllidea,Taeniidae,Taenia
Taenia polyacantha,Canada,56.130366,-106.346771,2,terrestrial,Animalia,Platyhelminthes,Cestoda,Cyclophyllidea,Taeniidae,Taenia
Taenia rileyi,Canada,56.130366,-106.346771,2,terrestrial,Animalia,Platyhelminthes,Cestoda,Cyclophyllidea,Taeniidae,Taenia
Taenia serialis,Canada,56.130366,-106.346771,2,terrestrial,Animalia,Platyhelminthes,Cestoda,Cyclophyllidea,Taeniidae,Taenia
Taenia taeniaeformis,Canada,56.130366,-106.346771,2,terrestrial,Animalia,Platyhelminthes,Cestoda,Cyclophyllidea,Taeniidae,Hydatigera
Taenia taxidiensis,Canada,56.130366,-106.346771,2,terrestrial,Animalia,Platyhelminthes,Cestoda,Cyclophyllidea,Taeniidae,Taenia
Taenia twitchelli,Canada,56.130366,-106.346771,2,terrestrial,Animalia,Platyhelminthes,Cestoda,Cyclophyllidea,Taeniidae,Taenia
Schistocephalus solidus,Canada,56.130366,-106.346771,3,freshwater,Animalia,Platyhelminthes,Cestoda,Diphyllobothriidea,Diphyllobothriidae,Schistocephalus
Cyathocephalus truncatus,Lake Baikal,53.5587003,108.1649965,2,freshwater,Animalia,Platyhelminthes,Cestoda,Spathebothriidea,Acrobothriidae,Cyathocephalus
Diorchis inflata,Iraq,33.223191,43.679291,3,freshwater,Animalia,Platyhelminthes,Cestoda,Cyclophyllidea,Hymenolepididae,Diorchis
Ligula intestinalis,Lake Superior,47.723087,-86.940716,3,freshwater,Animalia,Platyhelminthes,Cestoda,Diphyllobothriidea,Diphyllobothriidae,Ligula
Schistocephalus solidus,Lake Baikal,53.5587003,108.1649965,3,freshwater,Animalia,Platyhelminthes,Cestoda,Diphyllobothriidea,Diphyllobothriidae,Schistocephalus
Glaridacris catostomi,Lake Superior,47.723087,-86.940716,2,freshwater,Animalia,Platyhelminthes,Cestoda,Caryophyllidea,Caryophyllaeidae,Glaridacris
Corallobothrium fimbriatum,Lake Superior,47.723087,-86.940716,3,freshwater,Animalia,Platyhelminthes,Cestoda,Onchoproteocephalidea,Proteocephalidae,Essexiella
Eubothrium rugosum,Lake Superior,47.723087,-86.940716,3,freshwater,Animalia,Platyhelminthes,Cestoda,Bothriocephalidea,Triaenophoridae,Eubothrium
Proteocephalus pearsei,Lake Superior,47.723087,-86.940716,2,freshwater,Animalia,Platyhelminthes,Cestoda,Onchoproteocephalidea,Proteocephalidae,Proteocephalus
Bothriocephalus cuspidatus,Lake Superior,47.723087,-86.940716,2,freshwater,Animalia,Platyhelminthes,Cestoda,Bothriocephalidea,Bothriocephalidae,Bothriocephalus
Taenia hydatigena,Kazakstan,48.019573,66.923684,2,terrestrial,Animalia,Platyhelminthes,Cestoda,Cyclophyllidea,Taeniidae,Taenia
Taenia crassiceps,Kazakstan,48.019573,66.923684,2,terrestrial,Animalia,Platyhelminthes,Cestoda,Cyclophyllidea,Taeniidae,Taenia
Taenia pisiformis,Kazakstan,48.019573,66.923684,2,terrestrial,Animalia,Platyhelminthes,Cestoda,Cyclophyllidea,Taeniidae,Taenia
Cladotaenia circi,Kazakstan,48.019573,66.923684,2,terrestrial,Animalia,Platyhelminthes,Cestoda,Cyclophyllidea,Paruterinidae,Cladotaenia
Paruterina candelabraria,Kazakstan,48.019573,66.923684,2,terrestrial,Animalia,Platyhelminthes,Cestoda,Cyclophyllidea,Paruterinidae,Paruterina
Triaenophorus nodulosus,Lake Huron,45.0521793,-82.48509399999999,3,freshwater,Animalia,Platyhelminthes,Cestoda,Bothriocephalidea,Triaenophoridae,Triaenophorus
Diphyllobothrium ditremum,Lake Huron,45.0521793,-82.48509399999999,3,freshwater,Animalia,Platyhelminthes,Cestoda,Diphyllobothriidea,Diphyllobothriidae,Dibothriocephalus
Triaenophorus crassus,Lake Huron,45.0521793,-82.48509399999999,3,freshwater,Animalia,Platyhelminthes,Cestoda,Bothriocephalidea,Triaenophoridae,Triaenophorus
Cyathocephalus truncatus,Lake Huron,45.0521793,-82.48509399999999,2,freshwater,Animalia,Platyhelminthes,Cestoda,Spathebothriidea,Acrobothriidae,Cyathocephalus
Paranoplocephala omphalodes,European USSR (CIS),54.5259614,15.2551187,2,terrestrial,Animalia,Platyhelminthes,Cestoda,Cyclophyllidea,Anoplocephalidae,Paranoplocephala
Mathevotaenia symmetrica,European USSR (CIS),54.5259614,15.2551187,2,terrestrial,Animalia,Platyhelminthes,Cestoda,Cyclophyllidea,Anoplocephalidae,Mathevotaenia
Hymenolepis diminuta,European USSR (CIS),54.5259614,15.2551187,2,terrestrial,Animalia,Platyhelminthes,Cestoda,Cyclophyllidea,Hymenolepididae,Hymenolepis
Rodentolepis asymmetrica,European USSR (CIS),54.5259614,15.2551187,2,terrestrial,Animalia,Platyhelminthes,Cestoda,Cyclophyllidea,Hymenolepididae,Rodentolepis
Rodentolepis microstoma,European USSR (CIS),54.5259614,15.2551187,2,terrestrial,Animalia,Platyhelminthes,Cestoda,Cyclophyllidea,Hymenolepididae,Rodentolepis
Rodentolepis straminea,European USSR (CIS),54.5259614,15.2551187,2,terrestrial,Animalia,Platyhelminthes,Cestoda,Cyclophyllidea,Hymenolepididae,Rodentolepis
Bothriocephalus scorpii,Mediterranean,34.5531284,18.0480105,3,marine,Animalia,Platyhelminthes,Cestoda,Bothriocephalidea,Bothriocephalidae,Bothriocephalus
Bothriocephalus scorpii,Southwest Indian Ocean,-33.137551,81.826172,3,marine,Animalia,Platyhelminthes,Cestoda,Bothriocephalidea,Bothriocephalidae,Bothriocephalus
Staphylocystis furcata,European USSR (CIS),54.5259614,15.2551187,2,terrestrial,Animalia,Platyhelminthes,Cestoda,Cyclophyllidea,Hymenolepididae,Staphylocystis
Triodontolepis bifurca,European USSR (CIS),54.5259614,15.2551187,2,freshwater,Animalia,Platyhelminthes,Cestoda,Cyclophyllidea,Hymenolepididae,Triodontolepis
Triodontolepis hamanni,European USSR (CIS),54.5259614,15.2551187,2,freshwater,Animalia,Platyhelminthes,Cestoda,Cyclophyllidea,Hymenolepididae,Triodontolepis
Neoskrjabinolepis schaldybini,European USSR (CIS),54.5259614,15.2551187,2,terrestrial,Animalia,Platyhelminthes,Cestoda,Cyclophyllidea,Hymenolepididae,Hymenolepis
Taenia crassiceps,European USSR (CIS),54.5259614,15.2551187,2,terrestrial,Animalia,Platyhelminthes,Cestoda,Cyclophyllidea,Taeniidae,Taenia
Taenia hydatigena,European USSR (CIS),54.5259614,15.2551187,2,terrestrial,Animalia,Platyhelminthes,Cestoda,Cyclophyllidea,Taeniidae,Taenia
Taenia pisiformis,European USSR (CIS),54.5259614,15.2551187,2,terrestrial,Animalia,Platyhelminthes,Cestoda,Cyclophyllidea,Taeniidae,Taenia
Taenia mustelae,European USSR (CIS),54.5259614,15.2551187,2,terrestrial,Animalia,Platyhelminthes,Cestoda,Cyclophyllidea,Taeniidae,Taenia
Taenia martis,European USSR (CIS),54.5259614,15.2551187,2,terrestrial,Animalia,Platyhelminthes,Cestoda,Cyclophyllidea,Taeniidae,Taenia
Hymenolepis diminuta,South Australia,-30.0002315,136.2091547,2,terrestrial,Animalia,Platyhelminthes,Cestoda,Cyclophyllidea,Hymenolepididae,Hymenolepis
Hymenolepis diminuta,Victoria,-37.01,144.75,2,terrestrial,Animalia,Platyhelminthes,Cestoda,Cyclophyllidea,Hymenolepididae,Hymenolepis
Taenia solium,European USSR (CIS),54.5259614,15.2551187,2,terrestrial,Animalia,Platyhelminthes,Cestoda,Cyclophyllidea,Taeniidae,Taenia
Cladotaenia globifera,European USSR (CIS),54.5259614,15.2551187,2,terrestrial,Animalia,Platyhelminthes,Cestoda,Cyclophyllidea,Paruterinidae,Cladotaenia
Eubothrium salvelini,Lake Huron,45.0521793,-82.48509399999999,3,freshwater,Animalia,Platyhelminthes,Cestoda,Bothriocephalidea,Triaenophoridae,Eubothrium
Ligula intestinalis,Lake Huron,45.0521793,-82.48509399999999,3,freshwater,Animalia,Platyhelminthes,Cestoda,Diphyllobothriidea,Diphyllobothriidae,Ligula
Bothriocephalus acheilognathi,Japan,36.204824,138.252924,3,freshwater,Animalia,Platyhelminthes,Cestoda,Bothriocephalidea,Bothriocephalidae,Schyzocotyle
Corallobothrium fimbriatum,Tennessee,35.5174913,-86.5804473,3,freshwater,Animalia,Platyhelminthes,Cestoda,Onchoproteocephalidea,Proteocephalidae,Essexiella
Glaridacris catostomi,Lake Huron,45.0521793,-82.48509399999999,2,freshwater,Animalia,Platyhelminthes,Cestoda,Caryophyllidea,Caryophyllaeidae,Glaridacris
Nybelinia surmenicola,Sea of Japan,38.848848,135,3,marine,Animalia,Platyhelminthes,Cestoda,Trypanorhyncha,Tentaculariidae,Nybelinia
Ctenotaenia marmotae,Kazakstan,48.019573,66.923684,2,terrestrial,Animalia,Platyhelminthes,Cestoda,Cyclophyllidea,Anoplocephalidae,Ctenotaenia
Paranoplocephala omphalodes,Kazakstan,48.019573,66.923684,2,terrestrial,Animalia,Platyhelminthes,Cestoda,Cyclophyllidea,Anoplocephalidae,Paranoplocephala
Hymenolepis diminuta,Kazakstan,48.019573,66.923684,2,terrestrial,Animalia,Platyhelminthes,Cestoda,Cyclophyllidea,Hymenolepididae,Hymenolepis
Rodentolepis straminea,Kazakstan,48.019573,66.923684,2,terrestrial,Animalia,Platyhelminthes,Cestoda,Cyclophyllidea,Hymenolepididae,Rodentolepis
Corallobothrium fimbriatum,Lake Huron,45.0521793,-82.48509399999999,3,freshwater,Animalia,Platyhelminthes,Cestoda,Onchoproteocephalidea,Proteocephalidae,Essexiella
Corallotaenia minutia,Lake Huron,45.0521793,-82.48509399999999,2,freshwater,Animalia,Platyhelminthes,Cestoda,Onchoproteocephalidea,Proteocephalidae,Corallotaenia
Megathylacoides giganteum,Lake Huron,45.0521793,-82.48509399999999,3,freshwater,Animalia,Platyhelminthes,Cestoda,Onchoproteocephalidea,Proteocephalidae,Megathylacoides
Eubothrium rugosum,Lake Huron,45.0521793,-82.48509399999999,3,freshwater,Animalia,Platyhelminthes,Cestoda,Bothriocephalidea,Triaenophoridae,Eubothrium
Schistocephalus solidus,Lake Huron,45.0521793,-82.48509399999999,3,freshwater,Animalia,Platyhelminthes,Cestoda,Diphyllobothriidea,Diphyllobothriidae,Schistocephalus
Proteocephalus ambloplitis,Lake Huron,45.0521793,-82.48509399999999,4,freshwater,Animalia,Platyhelminthes,Cestoda,Onchoproteocephalidea,Proteocephalidae,Proteocephalus
Bothriocephalus claviceps,Lake Huron,45.0521793,-82.48509399999999,2,freshwater,Animalia,Platyhelminthes,Cestoda,Bothriocephalidea,Bothriocephalidae,Bothriocephalus
Proteocephalus fluviatilis,Lake Huron,45.0521793,-82.48509399999999,3,freshwater,Animalia,Platyhelminthes,Cestoda,Onchoproteocephalidea,Proteocephalidae,Proteocephalus
Bothriocephalus cuspidatus,Lake Huron,45.0521793,-82.48509399999999,2,freshwater,Animalia,Platyhelminthes,Cestoda,Bothriocephalidea,Bothriocephalidae,Bothriocephalus
Proteocephalus pearsei,Lake Huron,45.0521793,-82.48509399999999,2,freshwater,Animalia,Platyhelminthes,Cestoda,Onchoproteocephalidea,Proteocephalidae,Proteocephalus
Haplobothrium globuliforme,Wisconsin,43.7844397,-88.7878678,3,freshwater,Animalia,Platyhelminthes,Cestoda,Haplobothriidea,Haplobothriidae,Haplobothrium
Proteocephalus percae,Wisconsin,43.7844397,-88.7878678,4,freshwater,Animalia,Platyhelminthes,Cestoda,Onchoproteocephalidea,Proteocephalidae,Proteocephalus
Lacistorhynchus tenuis,California,36.778261,-119.4179324,3,marine,Animalia,Platyhelminthes,Cestoda,Trypanorhyncha,Lacistorhynchidae,Lacistorhynchus
Lacistorhynchus dollfusi,California,36.778261,-119.4179324,3,marine,Animalia,Platyhelminthes,Cestoda,Trypanorhyncha,Lacistorhynchidae,Lacistorhynchus
Echinococcus granulosus,Armenia,40.069099,45.038189,2,terrestrial,Animalia,Platyhelminthes,Cestoda,Cyclophyllidea,Taeniidae,Echinococcus
Taenia pisiformis,Armenia,40.069099,45.038189,2,terrestrial,Animalia,Platyhelminthes,Cestoda,Cyclophyllidea,Taeniidae,Taenia
Lateriporus clerci,Armenia,40.069099,45.038189,2,freshwater,Animalia,Platyhelminthes,Cestoda,Cyclophyllidea,Dilepididae,Lateriporus
Bothriocephalus acheilognathi,Armenia,40.069099,45.038189,3,freshwater,Animalia,Platyhelminthes,Cestoda,Bothriocephalidea,Bothriocephalidae,Schyzocotyle
Ligula intestinalis,Armenia,40.069099,45.038189,3,freshwater,Animalia,Platyhelminthes,Cestoda,Diphyllobothriidea,Diphyllobothriidae,Ligula
Triaenophorus nodulosus,Lake Erie,42.0668852,-81.3399414,3,freshwater,Animalia,Platyhelminthes,Cestoda,Bothriocephalidea,Triaenophoridae,Triaenophorus
Glaridacris catostomi,Lake Erie,42.0668852,-81.3399414,2,freshwater,Animalia,Platyhelminthes,Cestoda,Caryophyllidea,Caryophyllaeidae,Glaridacris
Ligula intestinalis,Lake Erie,42.0668852,-81.3399414,3,freshwater,Animalia,Platyhelminthes,Cestoda,Diphyllobothriidea,Diphyllobothriidae,Ligula
Corallobothrium fimbriatum,Lake Erie,42.0668852,-81.3399414,3,freshwater,Animalia,Platyhelminthes,Cestoda,Onchoproteocephalidea,Proteocephalidae,Essexiella
Proteocephalus ambloplitis,Lake Erie,42.0668852,-81.3399414,4,freshwater,Animalia,Platyhelminthes,Cestoda,Onchoproteocephalidea,Proteocephalidae,Proteocephalus
Proteocephalus pearsei,Lake Erie,42.0668852,-81.3399414,2,freshwater,Animalia,Platyhelminthes,Cestoda,Onchoproteocephalidea,Proteocephalidae,Proteocephalus
Bothriocephalus cuspidatus,Lake Erie,42.0668852,-81.3399414,2,freshwater,Animalia,Platyhelminthes,Cestoda,Bothriocephalidea,Bothriocephalidae,Bothriocephalus
Proteocephalus fluviatilis,Lake Erie,42.0668852,-81.3399414,3,freshwater,Animalia,Platyhelminthes,Cestoda,Onchoproteocephalidea,Proteocephalidae,Proteocephalus
Triaenophorus stizostedionis,Lake Erie,42.0668852,-81.3399414,3,freshwater,Animalia,Platyhelminthes,Cestoda,Bothriocephalidea,Triaenophoridae,Triaenophorus
Bothriocephalus claviceps,Lake Erie,42.0668852,-81.3399414,2,freshwater,Animalia,Platyhelminthes,Cestoda,Bothriocephalidea,Bothriocephalidae,Bothriocephalus
Triaenophorus nodulosus,Lake Ontario,43.6333482,-77.82706689999999,3,freshwater,Animalia,Platyhelminthes,Cestoda,Bothriocephalidea,Triaenophoridae,Triaenophorus
Proteocephalus ambloplitis,Lake Ontario,43.6333482,-77.82706689999999,4,freshwater,Animalia,Platyhelminthes,Cestoda,Onchoproteocephalidea,Proteocephalidae,Proteocephalus
Haplobothrium globuliforme,Lake Ontario,43.6333482,-77.82706689999999,3,freshwater,Animalia,Platyhelminthes,Cestoda,Haplobothriidea,Haplobothriidae,Haplobothrium
Proteocephalus macrocephalus,Lake Ontario,43.6333482,-77.82706689999999,2,freshwater,Animalia,Platyhelminthes,Cestoda,Onchoproteocephalidea,Proteocephalidae,Proteocephalus
Bothriocephalus claviceps,Lake Ontario,43.6333482,-77.82706689999999,2,freshwater,Animalia,Platyhelminthes,Cestoda,Bothriocephalidea,Bothriocephalidae,Bothriocephalus
Hymenolepis diminuta,France,46.227638,2.213749,2,terrestrial,Animalia,Platyhelminthes,Cestoda,Cyclophyllidea,Hymenolepididae,Hymenolepis
Diphyllobothrium ditremum,Lake Ontario,43.6333482,-77.82706689999999,3,freshwater,Animalia,Platyhelminthes,Cestoda,Diphyllobothriidea,Diphyllobothriidae,Dibothriocephalus
Cyathocephalus truncatus,Lake Ontario,43.6333482,-77.82706689999999,2,freshwater,Animalia,Platyhelminthes,Cestoda,Spathebothriidea,Acrobothriidae,Cyathocephalus
Triaenophorus crassus,Lake Ontario,43.6333482,-77.82706689999999,3,freshwater,Animalia,Platyhelminthes,Cestoda,Bothriocephalidea,Triaenophoridae,Triaenophorus
Eubothrium salvelini,Lake Ontario,43.6333482,-77.82706689999999,3,freshwater,Animalia,Platyhelminthes,Cestoda,Bothriocephalidea,Triaenophoridae,Eubothrium
Taenia solium,Azerbaidzan,40.143105,47.576927,2,terrestrial,Animalia,Platyhelminthes,Cestoda,Cyclophyllidea,Taeniidae,Taenia
Cloacotaenia megalops,Italy,41.87194,12.56738,2,freshwater,Animalia,Platyhelminthes,Cestoda,Cyclophyllidea,Hymenolepididae,Cloacotaenia
Diorchis ransomi,Italy,41.87194,12.56738,3,freshwater,Animalia,Platyhelminthes,Cestoda,Cyclophyllidea,Hymenolepididae,Diorchis
Glaridacris catostomi,Lake Ontario,43.6333482,-77.82706689999999,2,freshwater,Animalia,Platyhelminthes,Cestoda,Caryophyllidea,Caryophyllaeidae,Glaridacris
Ligula intestinalis,Lake Ontario,43.6333482,-77.82706689999999,3,freshwater,Animalia,Platyhelminthes,Cestoda,Diphyllobothriidea,Diphyllobothriidae,Ligula
Hunterella nodulosa,Lake Ontario,43.6333482,-77.82706689999999,2,freshwater,Animalia,Platyhelminthes,Cestoda,Caryophyllidea,Capingentidae,Hunterella
Corallobothrium fimbriatum,Lake Ontario,43.6333482,-77.82706689999999,3,freshwater,Animalia,Platyhelminthes,Cestoda,Onchoproteocephalidea,Proteocephalidae,Essexiella
Megathylacoides giganteum,Lake Ontario,43.6333482,-77.82706689999999,3,freshwater,Animalia,Platyhelminthes,Cestoda,Onchoproteocephalidea,Proteocephalidae,Megathylacoides
Triaenophorus stizostedionis,Lake Ontario,43.6333482,-77.82706689999999,3,freshwater,Animalia,Platyhelminthes,Cestoda,Bothriocephalidea,Triaenophoridae,Triaenophorus
Bothriocephalus cuspidatus,Lake Ontario,43.6333482,-77.82706689999999,2,freshwater,Animalia,Platyhelminthes,Cestoda,Bothriocephalidea,Bothriocephalidae,Bothriocephalus
Proteocephalus pearsei,Lake Ontario,43.6333482,-77.82706689999999,2,freshwater,Animalia,Platyhelminthes,Cestoda,Onchoproteocephalidea,Proteocephalidae,Proteocephalus
Proteocephalus fluviatilis,Lake Ontario,43.6333482,-77.82706689999999,3,freshwater,Animalia,Platyhelminthes,Cestoda,Onchoproteocephalidea,Proteocephalidae,Proteocephalus
Aploparaksis furcigera,Kazakstan,48.019573,66.923684,2,terrestrial,Animalia,Platyhelminthes,Cestoda,Cyclophyllidea,Hymenolepididae,Aploparaksis
Moniezia expansa,Senegal,14.497401,-14.452362,2,terrestrial,Animalia,Platyhelminthes,Cestoda,Cyclophyllidea,Anoplocephalidae,Moniezia
Ophiotaenia ranae,Japan,36.204824,138.252924,2,freshwater,Animalia,Platyhelminthes,Cestoda,Onchoproteocephalidea,Proteocephalidae,Ophiotaenia
Triaenophorus crassus,Norway,60.47202399999999,8.468945999999999,3,freshwater,Animalia,Platyhelminthes,Cestoda,Bothriocephalidea,Triaenophoridae,Triaenophorus
Diphyllobothrium ditremum,Norway,60.47202399999999,8.468945999999999,3,freshwater,Animalia,Platyhelminthes,Cestoda,Diphyllobothriidea,Diphyllobothriidae,Dibothriocephalus
Eubothrium salvelini,Norway,60.47202399999999,8.468945999999999,3,freshwater,Animalia,Platyhelminthes,Cestoda,Bothriocephalidea,Triaenophoridae,Eubothrium
Cyathocephalus truncatus,Norway,60.47202399999999,8.468945999999999,2,freshwater,Animalia,Platyhelminthes,Cestoda,Spathebothriidea,Acrobothriidae,Cyathocephalus
Triaenophorus nodulosus,Norway,60.47202399999999,8.468945999999999,3,freshwater,Animalia,Platyhelminthes,Cestoda,Bothriocephalidea,Triaenophoridae,Triaenophorus
Bothriocephalus gregarius,Northeast Atlantic,39.370134,-77.40677199999999,3,marine,Animalia,Platyhelminthes,Cestoda,Bothriocephalidea,Bothriocephalidae,Bothriocephalus
Diphyllobothrium ditremum,European USSR (CIS),54.5259614,15.2551187,3,freshwater,Animalia,Platyhelminthes,Cestoda,Diphyllobothriidea,Diphyllobothriidae,Dibothriocephalus
Catenotaenia pusilla,European USSR (CIS),54.5259614,15.2551187,2,terrestrial,Animalia,Platyhelminthes,Cestoda,Cyclophyllidea,Catenotaeniidae,Catenotaenia
Taenia hydatigena,Turkmenistan,38.969719,59.556278,2,terrestrial,Animalia,Platyhelminthes,Cestoda,Cyclophyllidea,Taeniidae,Taenia
Joyeuxiella echinorhynchoides,Turkmenistan,38.969719,59.556278,3,terrestrial,Animalia,Platyhelminthes,Cestoda,Cyclophyllidea,Dipylidiidae,Joyeuxiella
Echinococcus granulosus,Lebanon,33.854721,35.862285,2,terrestrial,Animalia,Platyhelminthes,Cestoda,Cyclophyllidea,Taeniidae,Echinococcus
Diphyllobothrium ditremum,Finno-Karelian ASSR,63.15587019999999,32.9905552,3,freshwater,Animalia,Platyhelminthes,Cestoda,Diphyllobothriidea,Diphyllobothriidae,Dibothriocephalus
Eubothrium salvelini,Finno-Karelian ASSR,63.15587019999999,32.9905552,3,freshwater,Animalia,Platyhelminthes,Cestoda,Bothriocephalidea,Triaenophoridae,Eubothrium
Triaenophorus crassus,Finno-Karelian ASSR,63.15587019999999,32.9905552,3,freshwater,Animalia,Platyhelminthes,Cestoda,Bothriocephalidea,Triaenophoridae,Triaenophorus
Proteocephalus ambloplitis,Saskatchewan,52.9399159,-106.4508639,4,freshwater,Animalia,Platyhelminthes,Cestoda,Onchoproteocephalidea,Proteocephalidae,Proteocephalus
Anoplocephala perfoliata,Uzbekistan,41.377491,64.585262,2,terrestrial,Animalia,Platyhelminthes,Cestoda,Cyclophyllidea,Anoplocephalidae,Anoplocephala
Anoplocephala magna,Uzbekistan,41.377491,64.585262,2,terrestrial,Animalia,Platyhelminthes,Cestoda,Cyclophyllidea,Anoplocephalidae,Anoplocephala
Taenia omissa,Florida,27.6648274,-81.5157535,2,terrestrial,Animalia,Platyhelminthes,Cestoda,Cyclophyllidea,Taeniidae,Taenia
Taenia hydatigena,Florida,27.6648274,-81.5157535,2,terrestrial,Animalia,Platyhelminthes,Cestoda,Cyclophyllidea,Taeniidae,Taenia
Cyathocephalus truncatus,Finno-Karelian ASSR,63.15587019999999,32.9905552,2,freshwater,Animalia,Platyhelminthes,Cestoda,Spathebothriidea,Acrobothriidae,Cyathocephalus
Cyathocephalus truncatus,European USSR (CIS),54.5259614,15.2551187,2,freshwater,Animalia,Platyhelminthes,Cestoda,Spathebothriidea,Acrobothriidae,Cyathocephalus
Eubothrium salvelini,European USSR (CIS),54.5259614,15.2551187,3,freshwater,Animalia,Platyhelminthes,Cestoda,Bothriocephalidea,Triaenophoridae,Eubothrium
Proteocephalus thymalli,European USSR (CIS),54.5259614,15.2551187,2,freshwater,Animalia,Platyhelminthes,Cestoda,Onchoproteocephalidea,Proteocephalidae,Proteocephalus
Proteocephalus longicollis,European USSR (CIS),54.5259614,15.2551187,4,freshwater,Animalia,Platyhelminthes,Cestoda,Onchoproteocephalidea,Proteocephalidae,Proteocephalus
Dipylidium caninum,Uzbekistan,41.377491,64.585262,2,terrestrial,Animalia,Platyhelminthes,Cestoda,Cyclophyllidea,Dipylidiidae,Dipylidium
Haplobothrium globuliforme,Nearctic,53.569001,-113.571487,3,freshwater,Animalia,Platyhelminthes,Cestoda,Haplobothriidea,Haplobothriidae,Haplobothrium
Ligula intestinalis,Finno-Karelian ASSR,63.15587019999999,32.9905552,3,freshwater,Animalia,Platyhelminthes,Cestoda,Diphyllobothriidea,Diphyllobothriidae,Ligula
Caryophyllaeus laticeps,Finno-Karelian ASSR,63.15587019999999,32.9905552,2,freshwater,Animalia,Platyhelminthes,Cestoda,Caryophyllidea,Caryophyllaeidae,Caryophyllaeus
Eubothrium rugosum,Finno-Karelian ASSR,63.15587019999999,32.9905552,3,freshwater,Animalia,Platyhelminthes,Cestoda,Bothriocephalidea,Triaenophoridae,Eubothrium
Hymenolepis nana,Iran,32.427908,53.688046,2,terrestrial,Animalia,Platyhelminthes,Cestoda,Cyclophyllidea,Hymenolepididae,Rodentolepis
Taenia saginata,Iran,32.427908,53.688046,2,terrestrial,Animalia,Platyhelminthes,Cestoda,Cyclophyllidea,Taeniidae,Taenia
Echinococcus granulosus,Sardinia,40.1208752,9.012892599999999,2,terrestrial,Animalia,Platyhelminthes,Cestoda,Cyclophyllidea,Taeniidae,Echinococcus
Schistocephalus solidus,Finno-Karelian ASSR,63.15587019999999,32.9905552,3,freshwater,Animalia,Platyhelminthes,Cestoda,Diphyllobothriidea,Diphyllobothriidae,Schistocephalus
Flamingolepis liguloides,Sardinia,40.1208752,9.012892599999999,2,freshwater,Animalia,Platyhelminthes,Cestoda,Cyclophyllidea,Hymenolepididae,Flamingolepis
Proteocephalus longicollis,Finland,61.92410999999999,25.7481511,4,freshwater,Animalia,Platyhelminthes,Cestoda,Onchoproteocephalidea,Proteocephalidae,Proteocephalus
Eubothrium rugosum,Finland,61.92410999999999,25.7481511,3,freshwater,Animalia,Platyhelminthes,Cestoda,Bothriocephalidea,Triaenophoridae,Eubothrium
Proteocephalus filicollis,Finland,61.92410999999999,25.7481511,3,freshwater,Animalia,Platyhelminthes,Cestoda,Onchoproteocephalidea,Proteocephalidae,Proteocephalus
Proteocephalus ambiguus,Finland,61.92410999999999,25.7481511,2,freshwater,Animalia,Platyhelminthes,Cestoda,Onchoproteocephalidea,Proteocephalidae,Proteocephalus
Bothriocephalus barbatus,Northeast Atlantic,39.370134,-77.40677199999999,2,marine,Animalia,Platyhelminthes,Cestoda,Bothriocephalidea,Bothriocephalidae,Bothriocephalus
Bothriocephalus barbatus,Western Mediterranean,34.5531284,18.0480105,2,marine,Animalia,Platyhelminthes,Cestoda,Bothriocephalidea,Bothriocephalidae,Bothriocephalus
Ligula intestinalis,Italy,41.87194,12.56738,3,freshwater,Animalia,Platyhelminthes,Cestoda,Diphyllobothriidea,Diphyllobothriidae,Ligula
Taenia hydatigena,Italy,41.87194,12.56738,2,terrestrial,Animalia,Platyhelminthes,Cestoda,Cyclophyllidea,Taeniidae,Taenia
Echinococcus granulosus,Italy,41.87194,12.56738,2,terrestrial,Animalia,Platyhelminthes,Cestoda,Cyclophyllidea,Taeniidae,Echinococcus
Taenia solium,Uzbekistan,41.377491,64.585262,2,terrestrial,Animalia,Platyhelminthes,Cestoda,Cyclophyllidea,Taeniidae,Taenia
Hymenolepis diminuta,Uzbekistan,41.377491,64.585262,2,terrestrial,Animalia,Platyhelminthes,Cestoda,Cyclophyllidea,Hymenolepididae,Hymenolepis
Taenia crassiceps,East Germany (!! USE Germany),51.165691,10.451526,2,terrestrial,Animalia,Platyhelminthes,Cestoda,Cyclophyllidea,Taeniidae,Taenia
Taenia polyacantha,East Germany (!! USE Germany),51.165691,10.451526,2,terrestrial,Animalia,Platyhelminthes,Cestoda,Cyclophyllidea,Taeniidae,Taenia
Mathevotaenia symmetrica,Mongolia,46.862496,103.846656,2,terrestrial,Animalia,Platyhelminthes,Cestoda,Cyclophyllidea,Anoplocephalidae,Mathevotaenia
Flamingolepis liguloides,Mediterranean,34.5531284,18.0480105,2,freshwater,Animalia,Platyhelminthes,Cestoda,Cyclophyllidea,Hymenolepididae,Flamingolepis
Platyscolex ciliata,Manitoba,53.7608608,-98.8138762,2,freshwater,Animalia,Platyhelminthes,Cestoda,Cyclophyllidea,Dilepididae,Platyscolex
Echinococcus granulosus,"Ukraine, incl. Moldavia",48.379433,31.1655799,2,terrestrial,Animalia,Platyhelminthes,Cestoda,Cyclophyllidea,Taeniidae,Echinococcus
Taenia hydatigena,"Ukraine, incl. Moldavia",48.379433,31.1655799,2,terrestrial,Animalia,Platyhelminthes,Cestoda,Cyclophyllidea,Taeniidae,Taenia
Choanotaenia infundibulum,Armenia,40.069099,45.038189,2,terrestrial,Animalia,Platyhelminthes,Cestoda,Cyclophyllidea,Dilepididae,Choanotaenia
Raillietina echinobothrida,Armenia,40.069099,45.038189,2,terrestrial,Animalia,Platyhelminthes,Cestoda,Cyclophyllidea,Davaineidae,Raillietina
Raillietina tetragona,Armenia,40.069099,45.038189,2,terrestrial,Animalia,Platyhelminthes,Cestoda,Cyclophyllidea,Davaineidae,Raillietina
Drepanidotaenia lanceolata,Armenia,40.069099,45.038189,2,freshwater,Animalia,Platyhelminthes,Cestoda,Cyclophyllidea,Hymenolepididae,Drepanidotaenia
Tschertkovilepis setigera,Armenia,40.069099,45.038189,2,freshwater,Animalia,Platyhelminthes,Cestoda,Cyclophyllidea,Hymenolepididae,Tschertkovilepis
Bothriocephalus acheilognathi,"England, Wales + Isle of Man",54.236107,-4.548056,3,freshwater,Animalia,Platyhelminthes,Cestoda,Bothriocephalidea,Bothriocephalidae,Schyzocotyle
Taenia polyacantha,Japan,36.204824,138.252924,2,terrestrial,Animalia,Platyhelminthes,Cestoda,Cyclophyllidea,Taeniidae,Taenia
Hymenolepis diminuta,"England, Wales + Isle of Man",54.236107,-4.548056,2,terrestrial,Animalia,Platyhelminthes,Cestoda,Cyclophyllidea,Hymenolepididae,Hymenolepis
Cyathocephalus truncatus,Kazakstan,48.019573,66.923684,2,freshwater,Animalia,Platyhelminthes,Cestoda,Spathebothriidea,Acrobothriidae,Cyathocephalus
Eubothrium salvelini,British Columbia,53.7266683,-127.6476205,3,freshwater,Animalia,Platyhelminthes,Cestoda,Bothriocephalidea,Triaenophoridae,Eubothrium
Raillietina cesticillus,Cuba,21.521757,-77.781167,2,terrestrial,Animalia,Platyhelminthes,Cestoda,Cyclophyllidea,Davaineidae,Skrjabinia
Oochoristica scelopori,Arizona,34.0489281,-111.0937311,2,terrestrial,Animalia,Platyhelminthes,Cestoda,Cyclophyllidea,Anoplocephalidae,Oochoristica
Taenia pisiformis,Oklahoma,35.0077519,-97.092877,2,terrestrial,Animalia,Platyhelminthes,Cestoda,Cyclophyllidea,Taeniidae,Taenia
Mosgovoyia pectinata,Oklahoma,35.0077519,-97.092877,2,terrestrial,Animalia,Platyhelminthes,Cestoda,Cyclophyllidea,Anoplocephalidae,Mosgovoyia
Taenia mustelae,District of Columbia/Delaware/New Jersey/Maryland,39.0457549,-76.64127119999999,2,terrestrial,Animalia,Platyhelminthes,Cestoda,Cyclophyllidea,Taeniidae,Taenia
Taenia martis,District of Columbia/Delaware/New Jersey/Maryland,39.0457549,-76.64127119999999,2,terrestrial,Animalia,Platyhelminthes,Cestoda,Cyclophyllidea,Taeniidae,Taenia
Taenia hydatigena,Alberta,53.9332706,-116.5765035,2,terrestrial,Animalia,Platyhelminthes,Cestoda,Cyclophyllidea,Taeniidae,Taenia
Taenia omissa,Alberta,53.9332706,-116.5765035,2,terrestrial,Animalia,Platyhelminthes,Cestoda,Cyclophyllidea,Taeniidae,Taenia
Grillotia erinaceus,Sea of Okhotsk,52.87362299999999,149.3658173,3,marine,Animalia,Platyhelminthes,Cestoda,Trypanorhyncha,Lacistorhynchidae,Grillotia
Nybelinia surmenicola,Sea of Okhotsk,52.87362299999999,149.3658173,3,marine,Animalia,Platyhelminthes,Cestoda,Trypanorhyncha,Tentaculariidae,Nybelinia
Catenotaenia pusilla,Uzbekistan,41.377491,64.585262,2,terrestrial,Animalia,Platyhelminthes,Cestoda,Cyclophyllidea,Catenotaeniidae,Catenotaenia
Rodentolepis straminea,Uzbekistan,41.377491,64.585262,2,terrestrial,Animalia,Platyhelminthes,Cestoda,Cyclophyllidea,Hymenolepididae,Rodentolepis
Taenia pisiformis,Uzbekistan,41.377491,64.585262,2,terrestrial,Animalia,Platyhelminthes,Cestoda,Cyclophyllidea,Taeniidae,Taenia
Taenia polyacantha,Uzbekistan,41.377491,64.585262,2,terrestrial,Animalia,Platyhelminthes,Cestoda,Cyclophyllidea,Taeniidae,Taenia
Joyeuxiella echinorhynchoides,Uzbekistan,41.377491,64.585262,3,terrestrial,Animalia,Platyhelminthes,Cestoda,Cyclophyllidea,Dipylidiidae,Joyeuxiella
Triaenophorus nodulosus,France,46.227638,2.213749,3,freshwater,Animalia,Platyhelminthes,Cestoda,Bothriocephalidea,Triaenophoridae,Triaenophorus
Caryophyllaeus laticeps,Azerbaidzan,40.143105,47.576927,2,freshwater,Animalia,Platyhelminthes,Cestoda,Caryophyllidea,Caryophyllaeidae,Caryophyllaeus
Ligula intestinalis,Azerbaidzan,40.143105,47.576927,3,freshwater,Animalia,Platyhelminthes,Cestoda,Diphyllobothriidea,Diphyllobothriidae,Ligula
Proteocephalus osculatus,Azerbaidzan,40.143105,47.576927,2,freshwater,Animalia,Platyhelminthes,Cestoda,Onchoproteocephalidea,Proteocephalidae,Glanitaenia
Paradilepis scolecina,Azerbaidzan,40.143105,47.576927,3,freshwater,Animalia,Platyhelminthes,Cestoda,Cyclophyllidea,Gryporhynchidae,Paradilepis
Taenia crassiceps,Alaska,64.2008413,-149.4936733,2,terrestrial,Animalia,Platyhelminthes,Cestoda,Cyclophyllidea,Taeniidae,Taenia
Cloacotaenia megalops,Kashmir + Jammu,32.7266016,74.8570259,2,freshwater,Animalia,Platyhelminthes,Cestoda,Cyclophyllidea,Hymenolepididae,Cloacotaenia
Taenia pisiformis,Arizona,34.0489281,-111.0937311,2,terrestrial,Animalia,Platyhelminthes,Cestoda,Cyclophyllidea,Taeniidae,Taenia
Taenia multiceps,Arizona,34.0489281,-111.0937311,2,terrestrial,Animalia,Platyhelminthes,Cestoda,Cyclophyllidea,Taeniidae,Taenia
Hymenolepis diminuta,Georgia (USSR),42.315407,43.35689199999999,2,terrestrial,Animalia,Platyhelminthes,Cestoda,Cyclophyllidea,Hymenolepididae,Hymenolepis
Rodentolepis straminea,Georgia (USSR),42.315407,43.35689199999999,2,terrestrial,Animalia,Platyhelminthes,Cestoda,Cyclophyllidea,Hymenolepididae,Rodentolepis
Taenia solium,Armenia,40.069099,45.038189,2,terrestrial,Animalia,Platyhelminthes,Cestoda,Cyclophyllidea,Taeniidae,Taenia
Diorchis inflata,Armenia,40.069099,45.038189,3,freshwater,Animalia,Platyhelminthes,Cestoda,Cyclophyllidea,Hymenolepididae,Diorchis
Confluaria podicipina,Armenia,40.069099,45.038189,2,freshwater,Animalia,Platyhelminthes,Cestoda,Cyclophyllidea,Hymenolepididae,Confluaria
Cloacotaenia megalops,Armenia,40.069099,45.038189,2,freshwater,Animalia,Platyhelminthes,Cestoda,Cyclophyllidea,Hymenolepididae,Cloacotaenia
Aploparaksis australis,Sri Lanka,7.873053999999999,80.77179699999999,2,terrestrial,Animalia,Platyhelminthes,Cestoda,Cyclophyllidea,Hymenolepididae,Aploparaksis
Aploparaksis australis,Australia,-25.274398,133.775136,2,terrestrial,Animalia,Platyhelminthes,Cestoda,Cyclophyllidea,Hymenolepididae,Aploparaksis
Triaenophorus nodulosus,Mongolia,46.862496,103.846656,3,freshwater,Animalia,Platyhelminthes,Cestoda,Bothriocephalidea,Triaenophoridae,Triaenophorus
Eubothrium salvelini,Mongolia,46.862496,103.846656,3,freshwater,Animalia,Platyhelminthes,Cestoda,Bothriocephalidea,Triaenophoridae,Eubothrium
Ligula intestinalis,Mongolia,46.862496,103.846656,3,freshwater,Animalia,Platyhelminthes,Cestoda,Diphyllobothriidea,Diphyllobothriidae,Ligula
Proteocephalus percae,Mongolia,46.862496,103.846656,4,freshwater,Animalia,Platyhelminthes,Cestoda,Onchoproteocephalidea,Proteocephalidae,Proteocephalus
Proteocephalus thymalli,Mongolia,46.862496,103.846656,2,freshwater,Animalia,Platyhelminthes,Cestoda,Onchoproteocephalidea,Proteocephalidae,Proteocephalus
Proteocephalus torulosus,Mongolia,46.862496,103.846656,3,freshwater,Animalia,Platyhelminthes,Cestoda,Onchoproteocephalidea,Proteocephalidae,Proteocephalus
Paradilepis scolecina,Mongolia,46.862496,103.846656,3,freshwater,Animalia,Platyhelminthes,Cestoda,Cyclophyllidea,Gryporhynchidae,Paradilepis
Valipora campylancristrota,Mongolia,46.862496,103.846656,3,freshwater,Animalia,Platyhelminthes,Cestoda,Cyclophyllidea,Dipylidiidae,Dipylidium
Echinococcus multilocularis,Germany,51.165691,10.451526,2,terrestrial,Animalia,Platyhelminthes,Cestoda,Cyclophyllidea,Taeniidae,Echinococcus
Echinococcus multilocularis,Switzerland + Lichtenstein,47.3682887,8.5374552,2,terrestrial,Animalia,Platyhelminthes,Cestoda,Cyclophyllidea,Taeniidae,Echinococcus
Echinococcus granulosus,Switzerland + Lichtenstein,47.3682887,8.5374552,2,terrestrial,Animalia,Platyhelminthes,Cestoda,Cyclophyllidea,Taeniidae,Echinococcus
Echinococcus granulosus,Germany,51.165691,10.451526,2,terrestrial,Animalia,Platyhelminthes,Cestoda,Cyclophyllidea,Taeniidae,Echinococcus
Anoplocephala perfoliata,European USSR (CIS),54.5259614,15.2551187,2,terrestrial,Animalia,Platyhelminthes,Cestoda,Cyclophyllidea,Anoplocephalidae,Anoplocephala
Anoplocephala magna,European USSR (CIS),54.5259614,15.2551187,2,terrestrial,Animalia,Platyhelminthes,Cestoda,Cyclophyllidea,Anoplocephalidae,Anoplocephala
Taenia taeniaeformis,Switzerland + Lichtenstein,47.3682887,8.5374552,2,terrestrial,Animalia,Platyhelminthes,Cestoda,Cyclophyllidea,Taeniidae,Hydatigera
Grillotia erinaceus,Northeast Atlantic,39.370134,-77.40677199999999,3,marine,Animalia,Platyhelminthes,Cestoda,Trypanorhyncha,Lacistorhynchidae,Grillotia
Passerilepis stylosa,Armenia,40.069099,45.038189,2,terrestrial,Animalia,Platyhelminthes,Cestoda,Cyclophyllidea,Hymenolepididae,Passerilepis
Hymenolepis nana,Mexico,23.634501,-102.552784,2,terrestrial,Animalia,Platyhelminthes,Cestoda,Cyclophyllidea,Hymenolepididae,Rodentolepis
Avitellina centripunctata,Kazakstan,48.019573,66.923684,2,terrestrial,Animalia,Platyhelminthes,Cestoda,Cyclophyllidea,Anoplocephalidae,Avitellina
Moniezia expansa,Zaire,-6.2649292,14.2343282,2,terrestrial,Animalia,Platyhelminthes,Cestoda,Cyclophyllidea,Anoplocephalidae,Moniezia
Thysaniezia giardi,Zaire,-6.2649292,14.2343282,2,terrestrial,Animalia,Platyhelminthes,Cestoda,Cyclophyllidea,Anoplocephalidae,Thysaniezia
Polyonchobothrium clarias,Egypt,26.820553,30.802498,3,freshwater,Animalia,Platyhelminthes,Cestoda,Bothriocephalidea,Bothriocephalidae,Tetracampos
Taenia hydatigena,Kenya,-0.023559,37.906193,2,terrestrial,Animalia,Platyhelminthes,Cestoda,Cyclophyllidea,Taeniidae,Taenia
Taenia saginata,Kenya,-0.023559,37.906193,2,terrestrial,Animalia,Platyhelminthes,Cestoda,Cyclophyllidea,Taeniidae,Taenia
Taenia pisiformis,Belgium + Luxembourg,50.0546886,5.467698299999999,2,terrestrial,Animalia,Platyhelminthes,Cestoda,Cyclophyllidea,Taeniidae,Taenia
Dipylidium caninum,Belgium + Luxembourg,50.0546886,5.467698299999999,2,terrestrial,Animalia,Platyhelminthes,Cestoda,Cyclophyllidea,Dipylidiidae,Dipylidium
Glaridacris catostomi,United States,37.09024,-95.712891,2,freshwater,Animalia,Platyhelminthes,Cestoda,Caryophyllidea,Caryophyllaeidae,Glaridacris
Lateriporus clerci,Kazakstan,48.019573,66.923684,2,freshwater,Animalia,Platyhelminthes,Cestoda,Cyclophyllidea,Dilepididae,Lateriporus
Taenia taeniaeformis,Scotland,56.49067119999999,-4.2026458,2,terrestrial,Animalia,Platyhelminthes,Cestoda,Cyclophyllidea,Taeniidae,Hydatigera
Taenia saginata,Ethiopian Region,9.145000000000001,40.489673,2,terrestrial,Animalia,Platyhelminthes,Cestoda,Cyclophyllidea,Taeniidae,Taenia
Taenia solium,Ethiopian Region,9.145000000000001,40.489673,2,terrestrial,Animalia,Platyhelminthes,Cestoda,Cyclophyllidea,Taeniidae,Taenia
Diorchis inflata,Iran,32.427908,53.688046,3,freshwater,Animalia,Platyhelminthes,Cestoda,Cyclophyllidea,Hymenolepididae,Diorchis
Diploposthe laevis,Iran,32.427908,53.688046,3,freshwater,Animalia,Platyhelminthes,Cestoda,Cyclophyllidea,Hymenolepididae,Diploposthe
Grillotia erinaceus,North Sea,56.511018,3.515625,3,marine,Animalia,Platyhelminthes,Cestoda,Trypanorhyncha,Lacistorhynchidae,Grillotia
Moniezia expansa,Iran,32.427908,53.688046,2,terrestrial,Animalia,Platyhelminthes,Cestoda,Cyclophyllidea,Anoplocephalidae,Moniezia
Avitellina centripunctata,Iran,32.427908,53.688046,2,terrestrial,Animalia,Platyhelminthes,Cestoda,Cyclophyllidea,Anoplocephalidae,Avitellina
Stilesia globipunctata,Iran,32.427908,53.688046,2,terrestrial,Animalia,Platyhelminthes,Cestoda,Cyclophyllidea,Anoplocephalidae,Stilesia
Ophryocotyle proteus,Spain + Andalusia,37.5442706,-4.7277528,2,marine,Animalia,Platyhelminthes,Cestoda,Cyclophyllidea,Davaineidae,Ophryocotyle
Cladotaenia circi,"Ukraine, incl. Moldavia",48.379433,31.1655799,2,terrestrial,Animalia,Platyhelminthes,Cestoda,Cyclophyllidea,Paruterinidae,Cladotaenia
Taenia crassiceps,"Ukraine, incl. Moldavia",48.379433,31.1655799,2,terrestrial,Animalia,Platyhelminthes,Cestoda,Cyclophyllidea,Taeniidae,Taenia
Taenia mustelae,"Ukraine, incl. Moldavia",48.379433,31.1655799,2,terrestrial,Animalia,Platyhelminthes,Cestoda,Cyclophyllidea,Taeniidae,Taenia
Taenia parva,Spain + Andalusia,37.5442706,-4.7277528,2,terrestrial,Animalia,Platyhelminthes,Cestoda,Cyclophyllidea,Taeniidae,Hydatigera
Bothriocephalus scorpii,Black Sea,43.41302899999999,34.299316,3,marine,Animalia,Platyhelminthes,Cestoda,Bothriocephalidea,Bothriocephalidae,Bothriocephalus
Taenia multiceps,Spain + Andalusia,37.5442706,-4.7277528,2,terrestrial,Animalia,Platyhelminthes,Cestoda,Cyclophyllidea,Taeniidae,Taenia
Eurycestus avoceti,Kazakstan,48.019573,66.923684,2,freshwater,Animalia,Platyhelminthes,Cestoda,Cyclophyllidea,Dilepididae,Eurycestus
Triodontolepis bifurca,"Ukraine, incl. Moldavia",48.379433,31.1655799,2,freshwater,Animalia,Platyhelminthes,Cestoda,Cyclophyllidea,Hymenolepididae,Triodontolepis
Aploparaksis rissae,United States,37.09024,-95.712891,2,terrestrial,Animalia,Platyhelminthes,Cestoda,Cyclophyllidea,Hymenolepididae,Aploparaksis
Hymenolepis diminuta,United States,37.09024,-95.712891,2,terrestrial,Animalia,Platyhelminthes,Cestoda,Cyclophyllidea,Hymenolepididae,Hymenolepis
Catenotaenia pusilla,Spain + Andalusia,37.5442706,-4.7277528,2,terrestrial,Animalia,Platyhelminthes,Cestoda,Cyclophyllidea,Catenotaeniidae,Catenotaenia
Hymenolepis diminuta,Spain + Andalusia,37.5442706,-4.7277528,2,terrestrial,Animalia,Platyhelminthes,Cestoda,Cyclophyllidea,Hymenolepididae,Hymenolepis
Eubothrium salvelini,Quebec,52.9399159,-73.5491361,3,freshwater,Animalia,Platyhelminthes,Cestoda,Bothriocephalidea,Triaenophoridae,Eubothrium
Ligula intestinalis,Canada,56.130366,-106.346771,3,freshwater,Animalia,Platyhelminthes,Cestoda,Diphyllobothriidea,Diphyllobothriidae,Ligula
Raillietina cesticillus,Florida,27.6648274,-81.5157535,2,terrestrial,Animalia,Platyhelminthes,Cestoda,Cyclophyllidea,Davaineidae,Skrjabinia
Atriotaenia procyonis,Pennsylvania,41.2033216,-77.1945247,2,terrestrial,Animalia,Platyhelminthes,Cestoda,Cyclophyllidea,Anoplocephalidae,Atriotaenia
Oochoristica scelopori,California,36.778261,-119.4179324,2,terrestrial,Animalia,Platyhelminthes,Cestoda,Cyclophyllidea,Anoplocephalidae,Oochoristica
Proteocephalus fluviatilis,Japan,36.204824,138.252924,3,freshwater,Animalia,Platyhelminthes,Cestoda,Onchoproteocephalidea,Proteocephalidae,Proteocephalus
Proteocephalus macrocephalus,"England, Wales + Isle of Man",54.236107,-4.548056,2,freshwater,Animalia,Platyhelminthes,Cestoda,Onchoproteocephalidea,Proteocephalidae,Proteocephalus
Diphyllobothrium ditremum,"England, Wales + Isle of Man",54.236107,-4.548056,3,freshwater,Animalia,Platyhelminthes,Cestoda,Diphyllobothriidea,Diphyllobothriidae,Dibothriocephalus
Cladotaenia globifera,Switzerland + Lichtenstein,47.3682887,8.5374552,2,terrestrial,Animalia,Platyhelminthes,Cestoda,Cyclophyllidea,Paruterinidae,Cladotaenia
Echinococcus multilocularis,Austria,47.516231,14.550072,2,terrestrial,Animalia,Platyhelminthes,Cestoda,Cyclophyllidea,Taeniidae,Echinococcus
Taenia parva,Balearic Islands,39.3587759,2.7356328,2,terrestrial,Animalia,Platyhelminthes,Cestoda,Cyclophyllidea,Taeniidae,Hydatigera
Cladotaenia globifera,Balearic Islands,39.3587759,2.7356328,2,terrestrial,Animalia,Platyhelminthes,Cestoda,Cyclophyllidea,Paruterinidae,Cladotaenia
Catenotaenia pusilla,Balearic Islands,39.3587759,2.7356328,2,terrestrial,Animalia,Platyhelminthes,Cestoda,Cyclophyllidea,Catenotaeniidae,Catenotaenia
Pseudhymenolepis redonica,Balearic Islands,39.3587759,2.7356328,2,terrestrial,Animalia,Platyhelminthes,Cestoda,Cyclophyllidea,Hymenolepididae,Pseudhymenolepis
Bothriocephalus opsariichthydis,European USSR (CIS),54.5259614,15.2551187,2,freshwater,Animalia,Platyhelminthes,Cestoda,Bothriocephalidea,Bothriocephalidae,Bothriocephalus
Diphyllobothrium ditremum,Lake Baikal,53.5587003,108.1649965,3,freshwater,Animalia,Platyhelminthes,Cestoda,Diphyllobothriidea,Diphyllobothriidae,Dibothriocephalus
Anoplocephala magna,Kazakstan,48.019573,66.923684,2,terrestrial,Animalia,Platyhelminthes,Cestoda,Cyclophyllidea,Anoplocephalidae,Anoplocephala
Anoplocephala perfoliata,Kazakstan,48.019573,66.923684,2,terrestrial,Animalia,Platyhelminthes,Cestoda,Cyclophyllidea,Anoplocephalidae,Anoplocephala
Echinococcus granulosus,Kazakstan,48.019573,66.923684,2,terrestrial,Animalia,Platyhelminthes,Cestoda,Cyclophyllidea,Taeniidae,Echinococcus
Moniezia benedeni,Kazakstan,48.019573,66.923684,2,terrestrial,Animalia,Platyhelminthes,Cestoda,Cyclophyllidea,Anoplocephalidae,Moniezia
Moniezia expansa,Kazakstan,48.019573,66.923684,2,terrestrial,Animalia,Platyhelminthes,Cestoda,Cyclophyllidea,Anoplocephalidae,Moniezia
Dicranotaenia coronula,Alberta,53.9332706,-116.5765035,3,freshwater,Animalia,Platyhelminthes,Cestoda,Cyclophyllidea,Hymenolepididae,Dicranotaenia
Nybelinia surmenicola,Japan,36.204824,138.252924,3,marine,Animalia,Platyhelminthes,Cestoda,Trypanorhyncha,Tentaculariidae,Nybelinia
Mathevotaenia symmetrica,Thailand,15.870032,100.992541,2,terrestrial,Animalia,Platyhelminthes,Cestoda,Cyclophyllidea,Anoplocephalidae,Mathevotaenia
Echinococcus granulosus,Estonia + Latvia,56.95962400000001,24.1016552,2,terrestrial,Animalia,Platyhelminthes,Cestoda,Cyclophyllidea,Taeniidae,Echinococcus
Bothriocephalus acheilognathi,European USSR (CIS),54.5259614,15.2551187,3,freshwater,Animalia,Platyhelminthes,Cestoda,Bothriocephalidea,Bothriocephalidae,Schyzocotyle
Anoplocephala perfoliata,East Germany (!! USE Germany),51.165691,10.451526,2,terrestrial,Animalia,Platyhelminthes,Cestoda,Cyclophyllidea,Anoplocephalidae,Anoplocephala
Schistocephalus solidus,Japan,36.204824,138.252924,3,freshwater,Animalia,Platyhelminthes,Cestoda,Diphyllobothriidea,Diphyllobothriidae,Schistocephalus
Tetrabothrius erostris,Japan,36.204824,138.252924,3,marine,Animalia,Platyhelminthes,Cestoda,Tetrabothriidea,Tetrabothriidae,Tetrabothrius
Raillietina echinobothrida,Japan,36.204824,138.252924,2,terrestrial,Animalia,Platyhelminthes,Cestoda,Cyclophyllidea,Davaineidae,Raillietina
Raillietina cesticillus,Japan,36.204824,138.252924,2,terrestrial,Animalia,Platyhelminthes,Cestoda,Cyclophyllidea,Davaineidae,Skrjabinia
Amoebotaenia cuneata,Japan,36.204824,138.252924,2,terrestrial,Animalia,Platyhelminthes,Cestoda,Cyclophyllidea,Dilepididae,Amoebotaenia
Paradilepis scolecina,Japan,36.204824,138.252924,3,freshwater,Animalia,Platyhelminthes,Cestoda,Cyclophyllidea,Gryporhynchidae,Paradilepis
Choanotaenia infundibulum,Japan,36.204824,138.252924,2,terrestrial,Animalia,Platyhelminthes,Cestoda,Cyclophyllidea,Dilepididae,Choanotaenia
Fimbriaria fasciolaris,Japan,36.204824,138.252924,3,freshwater,Animalia,Platyhelminthes,Cestoda,Cyclophyllidea,Hymenolepididae,Fimbriaria
Cloacotaenia megalops,Japan,36.204824,138.252924,2,freshwater,Animalia,Platyhelminthes,Cestoda,Cyclophyllidea,Hymenolepididae,Cloacotaenia
Diorchis nyrocae,Japan,36.204824,138.252924,3,freshwater,Animalia,Platyhelminthes,Cestoda,Cyclophyllidea,Hymenolepididae,Diorchis
Microsomacanthus ductilis,Japan,36.204824,138.252924,2,marine,Animalia,Platyhelminthes,Cestoda,Cyclophyllidea,Hymenolepididae,Microsomacanthus
Sobolevicanthus gracilis,Japan,36.204824,138.252924,3,freshwater,Animalia,Platyhelminthes,Cestoda,Cyclophyllidea,Hymenolepididae,Sobolevicanthus
Variolepis farciminosa,Japan,36.204824,138.252924,2,terrestrial,Animalia,Platyhelminthes,Cestoda,Cyclophyllidea,Hymenolepididae,Variolepis
Diploposthe laevis,Japan,36.204824,138.252924,3,freshwater,Animalia,Platyhelminthes,Cestoda,Cyclophyllidea,Hymenolepididae,Diploposthe
Echinococcus granulosus,Byelorussia,53.709807,27.953389,2,terrestrial,Animalia,Platyhelminthes,Cestoda,Cyclophyllidea,Taeniidae,Echinococcus
Echinococcus granulosus,Georgia (USSR),42.315407,43.35689199999999,2,terrestrial,Animalia,Platyhelminthes,Cestoda,Cyclophyllidea,Taeniidae,Echinococcus
Taenia taeniaeformis,Azerbaidzan,40.143105,47.576927,2,terrestrial,Animalia,Platyhelminthes,Cestoda,Cyclophyllidea,Taeniidae,Hydatigera
Echinococcus granulosus,Yakut ASSR,66.7613451,124.123753,2,terrestrial,Animalia,Platyhelminthes,Cestoda,Cyclophyllidea,Taeniidae,Echinococcus
Moniezia expansa,Lesser Antilles,14.4122148,-64.7627955,2,terrestrial,Animalia,Platyhelminthes,Cestoda,Cyclophyllidea,Anoplocephalidae,Moniezia
Taenia taeniaeformis,Victoria,-37.01,144.75,2,terrestrial,Animalia,Platyhelminthes,Cestoda,Cyclophyllidea,Taeniidae,Hydatigera
Moniezia expansa,Ghana,7.946527,-1.023194,2,terrestrial,Animalia,Platyhelminthes,Cestoda,Cyclophyllidea,Anoplocephalidae,Moniezia
Dicranotaenia coronula,New Zealand,-40.900557,174.885971,3,freshwater,Animalia,Platyhelminthes,Cestoda,Cyclophyllidea,Hymenolepididae,Dicranotaenia
Hymenolepis nana,Laos,19.85627,102.495496,2,terrestrial,Animalia,Platyhelminthes,Cestoda,Cyclophyllidea,Hymenolepididae,Rodentolepis
Hymenolepis diminuta,Thailand,15.870032,100.992541,2,terrestrial,Animalia,Platyhelminthes,Cestoda,Cyclophyllidea,Hymenolepididae,Hymenolepis
Hymenolepis nana,Thailand,15.870032,100.992541,2,terrestrial,Animalia,Platyhelminthes,Cestoda,Cyclophyllidea,Hymenolepididae,Rodentolepis
Taenia taeniaeformis,Indonesia & Malaysia,-0.789275,113.921327,2,terrestrial,Animalia,Platyhelminthes,Cestoda,Cyclophyllidea,Taeniidae,Hydatigera
Hymenolepis diminuta,Indonesia & Malaysia,-0.789275,113.921327,2,terrestrial,Animalia,Platyhelminthes,Cestoda,Cyclophyllidea,Hymenolepididae,Hymenolepis
Taenia taeniaeformis,Islands of Western Pacific,-8.783195,-124.508523,2,terrestrial,Animalia,Platyhelminthes,Cestoda,Cyclophyllidea,Taeniidae,Hydatigera
Hymenolepis diminuta,Marshall Islands,7.131474,171.184478,2,terrestrial,Animalia,Platyhelminthes,Cestoda,Cyclophyllidea,Hymenolepididae,Hymenolepis
Hymenolepis diminuta,Fijian Islands,-17.713371,178.065032,2,terrestrial,Animalia,Platyhelminthes,Cestoda,Cyclophyllidea,Hymenolepididae,Hymenolepis
Hymenolepis diminuta,Islands of Pacific Ocean,-8.783195,-124.508523,2,terrestrial,Animalia,Platyhelminthes,Cestoda,Cyclophyllidea,Hymenolepididae,Hymenolepis
Hymenolepis diminuta,Samoa Islands,-12.798491,-170.477306,2,terrestrial,Animalia,Platyhelminthes,Cestoda,Cyclophyllidea,Hymenolepididae,Hymenolepis
Hymenolepis nana,Samoa Islands,-12.798491,-170.477306,2,terrestrial,Animalia,Platyhelminthes,Cestoda,Cyclophyllidea,Hymenolepididae,Rodentolepis
Hymenolepis diminuta,New Zealand,-40.900557,174.885971,2,terrestrial,Animalia,Platyhelminthes,Cestoda,Cyclophyllidea,Hymenolepididae,Hymenolepis
Taenia taeniaeformis,New Zealand,-40.900557,174.885971,2,terrestrial,Animalia,Platyhelminthes,Cestoda,Cyclophyllidea,Taeniidae,Hydatigera
Diplopylidium acanthotetra,Turkmenistan,38.969719,59.556278,3,terrestrial,Animalia,Platyhelminthes,Cestoda,Cyclophyllidea,Dipylidiidae,Diplopylidium
Echinococcus granulosus,Argentina,-38.416097,-63.61667199999999,2,terrestrial,Animalia,Platyhelminthes,Cestoda,Cyclophyllidea,Taeniidae,Echinococcus
Diphyllobothrium ditremum,Europe,54.5259614,15.2551187,3,freshwater,Animalia,Platyhelminthes,Cestoda,Diphyllobothriidea,Diphyllobothriidae,Dibothriocephalus
Echinococcus granulosus,Pakistan,30.375321,69.34511599999999,2,terrestrial,Animalia,Platyhelminthes,Cestoda,Cyclophyllidea,Taeniidae,Echinococcus
Taenia taeniaeformis,California,36.778261,-119.4179324,2,terrestrial,Animalia,Platyhelminthes,Cestoda,Cyclophyllidea,Taeniidae,Hydatigera
Taenia omissa,District of Columbia/Delaware/New Jersey/Maryland,39.0457549,-76.64127119999999,2,terrestrial,Animalia,Platyhelminthes,Cestoda,Cyclophyllidea,Taeniidae,Taenia
Raillietina tetragona,Azerbaidzan,40.143105,47.576927,2,terrestrial,Animalia,Platyhelminthes,Cestoda,Cyclophyllidea,Davaineidae,Raillietina
Raillietina echinobothrida,Azerbaidzan,40.143105,47.576927,2,terrestrial,Animalia,Platyhelminthes,Cestoda,Cyclophyllidea,Davaineidae,Raillietina
Caryophyllaeus laticeps,European USSR (CIS),54.5259614,15.2551187,2,freshwater,Animalia,Platyhelminthes,Cestoda,Caryophyllidea,Caryophyllaeidae,Caryophyllaeus
Dipylidium caninum,Jordan,30.585164,36.238414,2,terrestrial,Animalia,Platyhelminthes,Cestoda,Cyclophyllidea,Dipylidiidae,Dipylidium
Paranoplocephala omphalodes,Kirgizia,41.20438,74.766098,2,terrestrial,Animalia,Platyhelminthes,Cestoda,Cyclophyllidea,Anoplocephalidae,Paranoplocephala
Paranoplocephala macrocephala,Kirgizia,41.20438,74.766098,2,terrestrial,Animalia,Platyhelminthes,Cestoda,Cyclophyllidea,Anoplocephalidae,Paranoplocephala
Catenotaenia pusilla,Kirgizia,41.20438,74.766098,2,terrestrial,Animalia,Platyhelminthes,Cestoda,Cyclophyllidea,Catenotaeniidae,Catenotaenia
Mathevotaenia symmetrica,Kirgizia,41.20438,74.766098,2,terrestrial,Animalia,Platyhelminthes,Cestoda,Cyclophyllidea,Anoplocephalidae,Mathevotaenia
Hymenolepis diminuta,Kirgizia,41.20438,74.766098,2,terrestrial,Animalia,Platyhelminthes,Cestoda,Cyclophyllidea,Hymenolepididae,Hymenolepis
Rodentolepis straminea,Kirgizia,41.20438,74.766098,2,terrestrial,Animalia,Platyhelminthes,Cestoda,Cyclophyllidea,Hymenolepididae,Rodentolepis
Rodentolepis microstoma,Kirgizia,41.20438,74.766098,2,terrestrial,Animalia,Platyhelminthes,Cestoda,Cyclophyllidea,Hymenolepididae,Rodentolepis
Bothriocephalus cuspidatus,Wisconsin,43.7844397,-88.7878678,2,freshwater,Animalia,Platyhelminthes,Cestoda,Bothriocephalidea,Bothriocephalidae,Bothriocephalus
Echinococcus vogeli,Ecuador,-1.831239,-78.18340599999999,2,terrestrial,Animalia,Platyhelminthes,Cestoda,Cyclophyllidea,Taeniidae,Echinococcus
Echinococcus granulosus,United States,37.09024,-95.712891,2,terrestrial,Animalia,Platyhelminthes,Cestoda,Cyclophyllidea,Taeniidae,Echinococcus
Flamingolepis liguloides,France,46.227638,2.213749,2,freshwater,Animalia,Platyhelminthes,Cestoda,Cyclophyllidea,Hymenolepididae,Flamingolepis
Flamingolepis flamingo,France,46.227638,2.213749,2,freshwater,Animalia,Platyhelminthes,Cestoda,Cyclophyllidea,Hymenolepididae,Flamingolepis
Gynandrotaenia stammeri,France,46.227638,2.213749,2,freshwater,Animalia,Platyhelminthes,Cestoda,Cyclophyllidea,Progynotaeniidae,Gynandrotaenia
Eurycestus avoceti,France,46.227638,2.213749,2,freshwater,Animalia,Platyhelminthes,Cestoda,Cyclophyllidea,Dilepididae,Eurycestus
Bothriocephalus opsariichthydis,Azerbaidzan,40.143105,47.576927,2,freshwater,Animalia,Platyhelminthes,Cestoda,Bothriocephalidea,Bothriocephalidae,Bothriocephalus
Khawia sinensis,Azerbaidzan,40.143105,47.576927,2,freshwater,Animalia,Platyhelminthes,Cestoda,Caryophyllidea,Lytocestidae,Khawia
Bothriocephalus acheilognathi,Azerbaidzan,40.143105,47.576927,3,freshwater,Animalia,Platyhelminthes,Cestoda,Bothriocephalidea,Bothriocephalidae,Schyzocotyle
Taenia hydatigena,Azerbaidzan,40.143105,47.576927,2,terrestrial,Animalia,Platyhelminthes,Cestoda,Cyclophyllidea,Taeniidae,Taenia
Choanotaenia infundibulum,Azerbaidzan,40.143105,47.576927,2,terrestrial,Animalia,Platyhelminthes,Cestoda,Cyclophyllidea,Dilepididae,Choanotaenia
Dipylidium caninum,Japan,36.204824,138.252924,2,terrestrial,Animalia,Platyhelminthes,Cestoda,Cyclophyllidea,Dipylidiidae,Dipylidium
Hymenolepis nana,Ecuador,-1.831239,-78.18340599999999,2,terrestrial,Animalia,Platyhelminthes,Cestoda,Cyclophyllidea,Hymenolepididae,Rodentolepis
Cladotaenia globifera,Denmark,56.26392,9.501785,2,terrestrial,Animalia,Platyhelminthes,Cestoda,Cyclophyllidea,Paruterinidae,Cladotaenia
Taenia mustelae,Denmark,56.26392,9.501785,2,terrestrial,Animalia,Platyhelminthes,Cestoda,Cyclophyllidea,Taeniidae,Taenia
Taenia polyacantha,Denmark,56.26392,9.501785,2,terrestrial,Animalia,Platyhelminthes,Cestoda,Cyclophyllidea,Taeniidae,Taenia
Taenia taeniaeformis,Denmark,56.26392,9.501785,2,terrestrial,Animalia,Platyhelminthes,Cestoda,Cyclophyllidea,Taeniidae,Hydatigera
Paranoplocephala omphalodes,Denmark,56.26392,9.501785,2,terrestrial,Animalia,Platyhelminthes,Cestoda,Cyclophyllidea,Anoplocephalidae,Paranoplocephala
Microsomacanthus microskrjabini,"Ukraine, incl. Moldavia",48.379433,31.1655799,2,freshwater,Animalia,Platyhelminthes,Cestoda,Cyclophyllidea,Hymenolepididae,Microsomacanthus
Fimbriarioides intermedia,"Ukraine, incl. Moldavia",48.379433,31.1655799,2,freshwater,Animalia,Platyhelminthes,Cestoda,Cyclophyllidea,Hymenolepididae,Fimbriarioides
Triaenophorus nodulosus,"England, Wales + Isle of Man",54.236107,-4.548056,3,freshwater,Animalia,Platyhelminthes,Cestoda,Bothriocephalidea,Triaenophoridae,Triaenophorus
Atriotaenia procyonis,Arkansas,35.20105,-91.8318334,2,terrestrial,Animalia,Platyhelminthes,Cestoda,Cyclophyllidea,Anoplocephalidae,Atriotaenia
Bothriocephalus acheilognathi,"Ukraine, incl. Moldavia",48.379433,31.1655799,3,freshwater,Animalia,Platyhelminthes,Cestoda,Bothriocephalidea,Bothriocephalidae,Schyzocotyle
Anoplocephala manubriata,Vietnam,14.058324,108.277199,2,terrestrial,Animalia,Platyhelminthes,Cestoda,Cyclophyllidea,Anoplocephalidae,Anoplocephala
Anoplocephala perfoliata,Vietnam,14.058324,108.277199,2,terrestrial,Animalia,Platyhelminthes,Cestoda,Cyclophyllidea,Anoplocephalidae,Anoplocephala
Bertiella studeri,Vietnam,14.058324,108.277199,2,terrestrial,Animalia,Platyhelminthes,Cestoda,Cyclophyllidea,Anoplocephalidae,Bertiella
Moniezia benedeni,Vietnam,14.058324,108.277199,2,terrestrial,Animalia,Platyhelminthes,Cestoda,Cyclophyllidea,Anoplocephalidae,Moniezia
Moniezia expansa,Vietnam,14.058324,108.277199,2,terrestrial,Animalia,Platyhelminthes,Cestoda,Cyclophyllidea,Anoplocephalidae,Moniezia
Mosgovoyia pectinata,Vietnam,14.058324,108.277199,2,terrestrial,Animalia,Platyhelminthes,Cestoda,Cyclophyllidea,Anoplocephalidae,Mosgovoyia
Pseudanoplocephala crawfordi,Vietnam,14.058324,108.277199,2,terrestrial,Animalia,Platyhelminthes,Cestoda,Cyclophyllidea,Hymenolepididae,Pseudanoplocephala
Avitellina centripunctata,Vietnam,14.058324,108.277199,2,terrestrial,Animalia,Platyhelminthes,Cestoda,Cyclophyllidea,Anoplocephalidae,Avitellina
Hymenolepis diminuta,Switzerland + Lichtenstein,47.3682887,8.5374552,2,terrestrial,Animalia,Platyhelminthes,Cestoda,Cyclophyllidea,Hymenolepididae,Hymenolepis
Moniezia expansa,Cape Province,-33.5,20.97,2,terrestrial,Animalia,Platyhelminthes,Cestoda,Cyclophyllidea,Anoplocephalidae,Moniezia
Metroliasthes lucida,France,46.227638,2.213749,2,terrestrial,Animalia,Platyhelminthes,Cestoda,Cyclophyllidea,Paruterinidae,Metroliasthes
Choanotaenia infundibulum,France,46.227638,2.213749,2,terrestrial,Animalia,Platyhelminthes,Cestoda,Cyclophyllidea,Dilepididae,Choanotaenia
Proteocephalus ambloplitis,Louisiana,30.9842977,-91.96233269999999,4,freshwater,Animalia,Platyhelminthes,Cestoda,Onchoproteocephalidea,Proteocephalidae,Proteocephalus
Proteocephalus filicollis,"England, Wales + Isle of Man",54.236107,-4.548056,3,freshwater,Animalia,Platyhelminthes,Cestoda,Onchoproteocephalidea,Proteocephalidae,Proteocephalus
Bothriocephalus claviceps,Europe,54.5259614,15.2551187,2,freshwater,Animalia,Platyhelminthes,Cestoda,Bothriocephalidea,Bothriocephalidae,Bothriocephalus
Diphyllobothrium ditremum,Eire + N. Ireland,54.7877149,-6.4923145,3,freshwater,Animalia,Platyhelminthes,Cestoda,Diphyllobothriidea,Diphyllobothriidae,Dibothriocephalus
Taenia saginata,Germany,51.165691,10.451526,2,terrestrial,Animalia,Platyhelminthes,Cestoda,Cyclophyllidea,Taeniidae,Taenia
Triaenophorus crassus,Alaska,64.2008413,-149.4936733,3,freshwater,Animalia,Platyhelminthes,Cestoda,Bothriocephalidea,Triaenophoridae,Triaenophorus
Hymenolepis nana,Florida,27.6648274,-81.5157535,2,terrestrial,Animalia,Platyhelminthes,Cestoda,Cyclophyllidea,Hymenolepididae,Rodentolepis
Hymenolepis nana,Iraq,33.223191,43.679291,2,terrestrial,Animalia,Platyhelminthes,Cestoda,Cyclophyllidea,Hymenolepididae,Rodentolepis
Hymenolepis diminuta,Iraq,33.223191,43.679291,2,terrestrial,Animalia,Platyhelminthes,Cestoda,Cyclophyllidea,Hymenolepididae,Hymenolepis
Triaenophorus crassus,Canada,56.130366,-106.346771,3,freshwater,Animalia,Platyhelminthes,Cestoda,Bothriocephalidea,Triaenophoridae,Triaenophorus
Paricterotaenia porosa,Iraq,33.223191,43.679291,2,freshwater,Animalia,Platyhelminthes,Cestoda,Cyclophyllidea,Dilepididae,Paricterotaenia
Wardium fusa,Iraq,33.223191,43.679291,2,freshwater,Animalia,Platyhelminthes,Cestoda,Cyclophyllidea,Hymenolepididae,Wardium
Mosgovoyia pectinata,Finland,61.92410999999999,25.7481511,2,terrestrial,Animalia,Platyhelminthes,Cestoda,Cyclophyllidea,Anoplocephalidae,Mosgovoyia
Echinococcus granulosus,Iran,32.427908,53.688046,2,terrestrial,Animalia,Platyhelminthes,Cestoda,Cyclophyllidea,Taeniidae,Echinococcus
Taenia hydatigena,Iran,32.427908,53.688046,2,terrestrial,Animalia,Platyhelminthes,Cestoda,Cyclophyllidea,Taeniidae,Taenia
Taenia solium,Iran,32.427908,53.688046,2,terrestrial,Animalia,Platyhelminthes,Cestoda,Cyclophyllidea,Taeniidae,Taenia
Taenia hydatigena,Scotland,56.49067119999999,-4.2026458,2,terrestrial,Animalia,Platyhelminthes,Cestoda,Cyclophyllidea,Taeniidae,Taenia
Anoplocephala perfoliata,Germany,51.165691,10.451526,2,terrestrial,Animalia,Platyhelminthes,Cestoda,Cyclophyllidea,Anoplocephalidae,Anoplocephala
Caryophyllaeus laticeps,Austria,47.516231,14.550072,2,freshwater,Animalia,Platyhelminthes,Cestoda,Caryophyllidea,Caryophyllaeidae,Caryophyllaeus
Triaenophorus crassus,Austria,47.516231,14.550072,3,freshwater,Animalia,Platyhelminthes,Cestoda,Bothriocephalidea,Triaenophoridae,Triaenophorus
Ligula intestinalis,Austria,47.516231,14.550072,3,freshwater,Animalia,Platyhelminthes,Cestoda,Diphyllobothriidea,Diphyllobothriidae,Ligula
Bothriocephalus acheilognathi,Austria,47.516231,14.550072,3,freshwater,Animalia,Platyhelminthes,Cestoda,Bothriocephalidea,Bothriocephalidae,Schyzocotyle
Proteocephalus macrocephalus,Austria,47.516231,14.550072,2,freshwater,Animalia,Platyhelminthes,Cestoda,Onchoproteocephalidea,Proteocephalidae,Proteocephalus
Proteocephalus percae,Austria,47.516231,14.550072,4,freshwater,Animalia,Platyhelminthes,Cestoda,Onchoproteocephalidea,Proteocephalidae,Proteocephalus
Moniezia expansa,Rwanda,-1.940278,29.873888,2,terrestrial,Animalia,Platyhelminthes,Cestoda,Cyclophyllidea,Anoplocephalidae,Moniezia
Echinococcus multilocularis,"England, Wales + Isle of Man",54.236107,-4.548056,2,terrestrial,Animalia,Platyhelminthes,Cestoda,Cyclophyllidea,Taeniidae,Echinococcus
Taenia martis,Germany,51.165691,10.451526,2,terrestrial,Animalia,Platyhelminthes,Cestoda,Cyclophyllidea,Taeniidae,Taenia
Raillietina tetragona,Bangladesh,23.684994,90.356331,2,terrestrial,Animalia,Platyhelminthes,Cestoda,Cyclophyllidea,Davaineidae,Raillietina
Raillietina echinobothrida,Bangladesh,23.684994,90.356331,2,terrestrial,Animalia,Platyhelminthes,Cestoda,Cyclophyllidea,Davaineidae,Raillietina
Raillietina cesticillus,Bangladesh,23.684994,90.356331,2,terrestrial,Animalia,Platyhelminthes,Cestoda,Cyclophyllidea,Davaineidae,Skrjabinia
Echinococcus granulosus,Ethiopian Region,9.145000000000001,40.489673,2,terrestrial,Animalia,Platyhelminthes,Cestoda,Cyclophyllidea,Taeniidae,Echinococcus
Echinococcus granulosus,Nearctic,53.569001,-113.571487,2,terrestrial,Animalia,Platyhelminthes,Cestoda,Cyclophyllidea,Taeniidae,Echinococcus
Echinococcus granulosus,Neotropical,28.9337826,-95.30845339999999,2,terrestrial,Animalia,Platyhelminthes,Cestoda,Cyclophyllidea,Taeniidae,Echinococcus
Dipylidium caninum,Arkansas,35.20105,-91.8318334,2,terrestrial,Animalia,Platyhelminthes,Cestoda,Cyclophyllidea,Dipylidiidae,Dipylidium
Corallobothrium fimbriatum,Wisconsin,43.7844397,-88.7878678,3,freshwater,Animalia,Platyhelminthes,Cestoda,Onchoproteocephalidea,Proteocephalidae,Essexiella
Triaenophorus nodulosus,Wisconsin,43.7844397,-88.7878678,3,freshwater,Animalia,Platyhelminthes,Cestoda,Bothriocephalidea,Triaenophoridae,Triaenophorus
Dipylidium caninum,Laos,19.85627,102.495496,2,terrestrial,Animalia,Platyhelminthes,Cestoda,Cyclophyllidea,Dipylidiidae,Dipylidium
Taenia saginata,Indonesia & Malaysia,-0.789275,113.921327,2,terrestrial,Animalia,Platyhelminthes,Cestoda,Cyclophyllidea,Taeniidae,Taenia
Taenia solium,Indonesia & Malaysia,-0.789275,113.921327,2,terrestrial,Animalia,Platyhelminthes,Cestoda,Cyclophyllidea,Taeniidae,Taenia
Taenia solium,New South Wales,-31.2532183,146.921099,2,terrestrial,Animalia,Platyhelminthes,Cestoda,Cyclophyllidea,Taeniidae,Taenia
Echinococcus multilocularis,Kenya,-0.023559,37.906193,2,terrestrial,Animalia,Platyhelminthes,Cestoda,Cyclophyllidea,Taeniidae,Echinococcus
Taenia crassiceps,Kenya,-0.023559,37.906193,2,terrestrial,Animalia,Platyhelminthes,Cestoda,Cyclophyllidea,Taeniidae,Taenia
Taenia hydatigena,South Australia,-30.0002315,136.2091547,2,terrestrial,Animalia,Platyhelminthes,Cestoda,Cyclophyllidea,Taeniidae,Taenia
Diploposthe skrjabini,Azerbaidzan,40.143105,47.576927,2,freshwater,Animalia,Platyhelminthes,Cestoda,Cyclophyllidea,Hymenolepididae,Diploposthe
Lateriporus skrjabini,Yakut ASSR,66.7613451,124.123753,2,freshwater,Animalia,Platyhelminthes,Cestoda,Cyclophyllidea,Dilepididae,Lateriporus
Joyeuxiella echinorhynchoides,Spain + Andalusia,37.5442706,-4.7277528,3,terrestrial,Animalia,Platyhelminthes,Cestoda,Cyclophyllidea,Dipylidiidae,Joyeuxiella
Raillietina tetragona,Iraq,33.223191,43.679291,2,terrestrial,Animalia,Platyhelminthes,Cestoda,Cyclophyllidea,Davaineidae,Raillietina
Raillietina echinobothrida,Iraq,33.223191,43.679291,2,terrestrial,Animalia,Platyhelminthes,Cestoda,Cyclophyllidea,Davaineidae,Raillietina
Raillietina cesticillus,Iraq,33.223191,43.679291,2,terrestrial,Animalia,Platyhelminthes,Cestoda,Cyclophyllidea,Davaineidae,Skrjabinia
Hymenolepis carioca,Iraq,33.223191,43.679291,2,terrestrial,NA,NA,NA,NA,NA,NA
Choanotaenia infundibulum,Iraq,33.223191,43.679291,2,terrestrial,Animalia,Platyhelminthes,Cestoda,Cyclophyllidea,Dilepididae,Choanotaenia
Taenia hydatigena,"England, Wales + Isle of Man",54.236107,-4.548056,2,terrestrial,Animalia,Platyhelminthes,Cestoda,Cyclophyllidea,Taeniidae,Taenia
Taenia pisiformis,"England, Wales + Isle of Man",54.236107,-4.548056,2,terrestrial,Animalia,Platyhelminthes,Cestoda,Cyclophyllidea,Taeniidae,Taenia
Taenia multiceps,"England, Wales + Isle of Man",54.236107,-4.548056,2,terrestrial,Animalia,Platyhelminthes,Cestoda,Cyclophyllidea,Taeniidae,Taenia
Taenia serialis,"England, Wales + Isle of Man",54.236107,-4.548056,2,terrestrial,Animalia,Platyhelminthes,Cestoda,Cyclophyllidea,Taeniidae,Taenia
Dipylidium caninum,"England, Wales + Isle of Man",54.236107,-4.548056,2,terrestrial,Animalia,Platyhelminthes,Cestoda,Cyclophyllidea,Dipylidiidae,Dipylidium
Taenia polyacantha,"England, Wales + Isle of Man",54.236107,-4.548056,2,terrestrial,Animalia,Platyhelminthes,Cestoda,Cyclophyllidea,Taeniidae,Taenia
Microsomacanthus hopkinsi,Manitoba,53.7608608,-98.8138762,2,freshwater,Animalia,Platyhelminthes,Cestoda,Cyclophyllidea,Hymenolepididae,Microsomacanthus
Microsomacanthus hopkinsi,New Brunswick,46.5653163,-66.46191639999999,2,freshwater,Animalia,Platyhelminthes,Cestoda,Cyclophyllidea,Hymenolepididae,Microsomacanthus
Hymenolepis nana,Manitoba,53.7608608,-98.8138762,2,terrestrial,Animalia,Platyhelminthes,Cestoda,Cyclophyllidea,Hymenolepididae,Rodentolepis
Schistocephalus solidus,Iceland,64.963051,-19.020835,3,freshwater,Animalia,Platyhelminthes,Cestoda,Diphyllobothriidea,Diphyllobothriidae,Schistocephalus
Ligula intestinalis,Finland,61.92410999999999,25.7481511,3,freshwater,Animalia,Platyhelminthes,Cestoda,Diphyllobothriidea,Diphyllobothriidae,Ligula
Anoplocephala perfoliata,Iceland,64.963051,-19.020835,2,terrestrial,Animalia,Platyhelminthes,Cestoda,Cyclophyllidea,Anoplocephalidae,Anoplocephala
Taenia taeniaeformis,Corsica,42.0396042,9.012892599999999,2,terrestrial,Animalia,Platyhelminthes,Cestoda,Cyclophyllidea,Taeniidae,Hydatigera
Triaenophorus nodulosus,Lake Baikal,53.5587003,108.1649965,3,freshwater,Animalia,Platyhelminthes,Cestoda,Bothriocephalidea,Triaenophoridae,Triaenophorus
Proteocephalus percae,Lake Baikal,53.5587003,108.1649965,4,freshwater,Animalia,Platyhelminthes,Cestoda,Onchoproteocephalidea,Proteocephalidae,Proteocephalus
Cephalochlamys namaquensis,Eire + N. Ireland,54.7877149,-6.4923145,2,freshwater,Animalia,Platyhelminthes,Cestoda,Diphyllobothriidea,Cephalochlamydidae,Cephalochlamys
Khawia sinensis,"Ukraine, incl. Moldavia",48.379433,31.1655799,2,freshwater,Animalia,Platyhelminthes,Cestoda,Caryophyllidea,Lytocestidae,Khawia
Fimbriaria fasciolaris,Canada,56.130366,-106.346771,3,freshwater,Animalia,Platyhelminthes,Cestoda,Cyclophyllidea,Hymenolepididae,Fimbriaria
Fimbriarioides intermedia,Canada,56.130366,-106.346771,2,freshwater,Animalia,Platyhelminthes,Cestoda,Cyclophyllidea,Hymenolepididae,Fimbriarioides
Aploparaksis furcigera,Canada,56.130366,-106.346771,2,terrestrial,Animalia,Platyhelminthes,Cestoda,Cyclophyllidea,Hymenolepididae,Aploparaksis
Cloacotaenia megalops,Canada,56.130366,-106.346771,2,freshwater,Animalia,Platyhelminthes,Cestoda,Cyclophyllidea,Hymenolepididae,Cloacotaenia
Dicranotaenia coronula,Canada,56.130366,-106.346771,3,freshwater,Animalia,Platyhelminthes,Cestoda,Cyclophyllidea,Hymenolepididae,Dicranotaenia
Diorchis asiatica,Canada,56.130366,-106.346771,2,freshwater,Animalia,Platyhelminthes,Cestoda,Cyclophyllidea,Hymenolepididae,Diorchis
Diorchis bulbodes,Canada,56.130366,-106.346771,2,freshwater,Animalia,Platyhelminthes,Cestoda,Cyclophyllidea,Hymenolepididae,Diorchis
Diorchis inflata,Canada,56.130366,-106.346771,3,freshwater,Animalia,Platyhelminthes,Cestoda,Cyclophyllidea,Hymenolepididae,Diorchis
Diorchis nyrocae,Canada,56.130366,-106.346771,3,freshwater,Animalia,Platyhelminthes,Cestoda,Cyclophyllidea,Hymenolepididae,Diorchis
Diorchis ransomi,Canada,56.130366,-106.346771,3,freshwater,Animalia,Platyhelminthes,Cestoda,Cyclophyllidea,Hymenolepididae,Diorchis
Drepanidotaenia lanceolata,Canada,56.130366,-106.346771,2,freshwater,Animalia,Platyhelminthes,Cestoda,Cyclophyllidea,Hymenolepididae,Drepanidotaenia
Echinocotyle rosseteri,Canada,56.130366,-106.346771,3,freshwater,Animalia,Platyhelminthes,Cestoda,Cyclophyllidea,Hymenolepididae,Echinocotyle
Microsomacanthus compressa,Canada,56.130366,-106.346771,3,freshwater,Animalia,Platyhelminthes,Cestoda,Cyclophyllidea,Hymenolepididae,Microsomacanthus
Microsomacanthus hopkinsi,Canada,56.130366,-106.346771,2,freshwater,Animalia,Platyhelminthes,Cestoda,Cyclophyllidea,Hymenolepididae,Microsomacanthus
Microsomacanthus microskrjabini,Canada,56.130366,-106.346771,2,freshwater,Animalia,Platyhelminthes,Cestoda,Cyclophyllidea,Hymenolepididae,Microsomacanthus
Microsomacanthus paracompressa,Canada,56.130366,-106.346771,3,freshwater,Animalia,Platyhelminthes,Cestoda,Cyclophyllidea,Hymenolepididae,Microsomacanthus
Microsomacanthus spiralibursata,Canada,56.130366,-106.346771,3,freshwater,Animalia,Platyhelminthes,Cestoda,Cyclophyllidea,Hymenolepididae,Microsomacanthus
Microsomacanthus tuvensis,Canada,56.130366,-106.346771,2,freshwater,Animalia,Platyhelminthes,Cestoda,Cyclophyllidea,Hymenolepididae,Microsomacanthus
Parabisaccanthes philactes,Canada,56.130366,-106.346771,2,freshwater,Animalia,Platyhelminthes,Cestoda,Cyclophyllidea,Hymenolepididae,Parabisaccanthes
Retinometra venusta,Canada,56.130366,-106.346771,2,freshwater,Animalia,Platyhelminthes,Cestoda,Cyclophyllidea,Hymenolepididae,Retinometra
Sobolevicanthus gracilis,Canada,56.130366,-106.346771,3,freshwater,Animalia,Platyhelminthes,Cestoda,Cyclophyllidea,Hymenolepididae,Sobolevicanthus
Sobolevicanthus octacantha,Canada,56.130366,-106.346771,3,freshwater,Animalia,Platyhelminthes,Cestoda,Cyclophyllidea,Hymenolepididae,Sobolevicanthus
Tschertkovilepis setigera,Canada,56.130366,-106.346771,2,freshwater,Animalia,Platyhelminthes,Cestoda,Cyclophyllidea,Hymenolepididae,Tschertkovilepis
Diploposthe laevis,Canada,56.130366,-106.346771,3,freshwater,Animalia,Platyhelminthes,Cestoda,Cyclophyllidea,Hymenolepididae,Diploposthe
Lateriporus mathevossianae,Canada,56.130366,-106.346771,2,freshwater,Animalia,Platyhelminthes,Cestoda,Cyclophyllidea,Dilepididae,Lateriporus
Lateriporus skrjabini,Canada,56.130366,-106.346771,2,freshwater,Animalia,Platyhelminthes,Cestoda,Cyclophyllidea,Dilepididae,Lateriporus
Platyscolex ciliata,Canada,56.130366,-106.346771,2,freshwater,Animalia,Platyhelminthes,Cestoda,Cyclophyllidea,Dilepididae,Platyscolex
Moniezia benedeni,New Brunswick,46.5653163,-66.46191639999999,2,terrestrial,Animalia,Platyhelminthes,Cestoda,Cyclophyllidea,Anoplocephalidae,Moniezia
Moniezia benedeni,Quebec,52.9399159,-73.5491361,2,terrestrial,Animalia,Platyhelminthes,Cestoda,Cyclophyllidea,Anoplocephalidae,Moniezia
Taenia hydatigena,Quebec,52.9399159,-73.5491361,2,terrestrial,Animalia,Platyhelminthes,Cestoda,Cyclophyllidea,Taeniidae,Taenia
Moniezia expansa,Newfoundland,53.1355091,-57.6604364,2,terrestrial,Animalia,Platyhelminthes,Cestoda,Cyclophyllidea,Anoplocephalidae,Moniezia
Moniezia expansa,Quebec,52.9399159,-73.5491361,2,terrestrial,Animalia,Platyhelminthes,Cestoda,Cyclophyllidea,Anoplocephalidae,Moniezia
Moniezia expansa,Nova Scotia,44.68198659999999,-63.744311,2,terrestrial,Animalia,Platyhelminthes,Cestoda,Cyclophyllidea,Anoplocephalidae,Moniezia
Echinococcus granulosus,Ontario,51.253775,-85.323214,2,terrestrial,Animalia,Platyhelminthes,Cestoda,Cyclophyllidea,Taeniidae,Echinococcus
Taenia solium,Manitoba,53.7608608,-98.8138762,2,terrestrial,Animalia,Platyhelminthes,Cestoda,Cyclophyllidea,Taeniidae,Taenia
Taenia solium,Ontario,51.253775,-85.323214,2,terrestrial,Animalia,Platyhelminthes,Cestoda,Cyclophyllidea,Taeniidae,Taenia
Taenia solium,Saskatchewan,52.9399159,-106.4508639,2,terrestrial,Animalia,Platyhelminthes,Cestoda,Cyclophyllidea,Taeniidae,Taenia
Taenia hydatigena,Saskatchewan,52.9399159,-106.4508639,2,terrestrial,Animalia,Platyhelminthes,Cestoda,Cyclophyllidea,Taeniidae,Taenia
Dipylidium caninum,New Brunswick,46.5653163,-66.46191639999999,2,terrestrial,Animalia,Platyhelminthes,Cestoda,Cyclophyllidea,Dipylidiidae,Dipylidium
Dipylidium caninum,Newfoundland,53.1355091,-57.6604364,2,terrestrial,Animalia,Platyhelminthes,Cestoda,Cyclophyllidea,Dipylidiidae,Dipylidium
Dipylidium caninum,Northwest Territories,64.8255441,-124.8457334,2,terrestrial,Animalia,Platyhelminthes,Cestoda,Cyclophyllidea,Dipylidiidae,Dipylidium
Dipylidium caninum,Ontario,51.253775,-85.323214,2,terrestrial,Animalia,Platyhelminthes,Cestoda,Cyclophyllidea,Dipylidiidae,Dipylidium
Taenia crassiceps,Ontario,51.253775,-85.323214,2,terrestrial,Animalia,Platyhelminthes,Cestoda,Cyclophyllidea,Taeniidae,Taenia
Taenia hydatigena,Newfoundland,53.1355091,-57.6604364,2,terrestrial,Animalia,Platyhelminthes,Cestoda,Cyclophyllidea,Taeniidae,Taenia
Taenia pisiformis,Newfoundland,53.1355091,-57.6604364,2,terrestrial,Animalia,Platyhelminthes,Cestoda,Cyclophyllidea,Taeniidae,Taenia
Taenia pisiformis,Northwest Territories,64.8255441,-124.8457334,2,terrestrial,Animalia,Platyhelminthes,Cestoda,Cyclophyllidea,Taeniidae,Taenia
Taenia pisiformis,Ontario,51.253775,-85.323214,2,terrestrial,Animalia,Platyhelminthes,Cestoda,Cyclophyllidea,Taeniidae,Taenia
Taenia pisiformis,Quebec,52.9399159,-73.5491361,2,terrestrial,Animalia,Platyhelminthes,Cestoda,Cyclophyllidea,Taeniidae,Taenia
Taenia serialis,Alberta,53.9332706,-116.5765035,2,terrestrial,Animalia,Platyhelminthes,Cestoda,Cyclophyllidea,Taeniidae,Taenia
Taenia serialis,Northwest Territories,64.8255441,-124.8457334,2,terrestrial,Animalia,Platyhelminthes,Cestoda,Cyclophyllidea,Taeniidae,Taenia
Anoplocephala magna,Ontario,51.253775,-85.323214,2,terrestrial,Animalia,Platyhelminthes,Cestoda,Cyclophyllidea,Anoplocephalidae,Anoplocephala
Anoplocephala magna,Quebec,52.9399159,-73.5491361,2,terrestrial,Animalia,Platyhelminthes,Cestoda,Cyclophyllidea,Anoplocephalidae,Anoplocephala
Anoplocephala perfoliata,Newfoundland,53.1355091,-57.6604364,2,terrestrial,Animalia,Platyhelminthes,Cestoda,Cyclophyllidea,Anoplocephalidae,Anoplocephala
Anoplocephala perfoliata,Ontario,51.253775,-85.323214,2,terrestrial,Animalia,Platyhelminthes,Cestoda,Cyclophyllidea,Anoplocephalidae,Anoplocephala
Staphylocystis furcata,Taiwan,23.69781,120.960515,2,terrestrial,Animalia,Platyhelminthes,Cestoda,Cyclophyllidea,Hymenolepididae,Staphylocystis
Diphyllobothrium ditremum,Nova Scotia,44.68198659999999,-63.744311,3,freshwater,Animalia,Platyhelminthes,Cestoda,Diphyllobothriidea,Diphyllobothriidae,Dibothriocephalus
Schistocephalus pungitii,Nova Scotia,44.68198659999999,-63.744311,3,freshwater,Animalia,Platyhelminthes,Cestoda,Diphyllobothriidea,Diphyllobothriidae,Schistocephalus
Proteocephalus ambloplitis,New Hampshire/Vermont/Massachusetts/Connecticut/Rhode Is.,43.2509279,-71.9273024,4,freshwater,Animalia,Platyhelminthes,Cestoda,Onchoproteocephalidea,Proteocephalidae,Proteocephalus
Rodentolepis asymmetrica,"Ukraine, incl. Moldavia",48.379433,31.1655799,2,terrestrial,Animalia,Platyhelminthes,Cestoda,Cyclophyllidea,Hymenolepididae,Rodentolepis
Taenia taeniaeformis,France,46.227638,2.213749,2,terrestrial,Animalia,Platyhelminthes,Cestoda,Cyclophyllidea,Taeniidae,Hydatigera
Taenia mustelae,France,46.227638,2.213749,2,terrestrial,Animalia,Platyhelminthes,Cestoda,Cyclophyllidea,Taeniidae,Taenia
Sobolevicanthus krabbeella,Denmark,56.26392,9.501785,2,freshwater,Animalia,Platyhelminthes,Cestoda,Cyclophyllidea,Hymenolepididae,Sobolevicanthus
Taenia hydatigena,Japan,36.204824,138.252924,2,terrestrial,Animalia,Platyhelminthes,Cestoda,Cyclophyllidea,Taeniidae,Taenia
Bertiella studeri,Sumatra,-0.589724,101.3431058,2,terrestrial,Animalia,Platyhelminthes,Cestoda,Cyclophyllidea,Anoplocephalidae,Bertiella
Bothriocephalus opsariichthydis,Japan,36.204824,138.252924,2,freshwater,Animalia,Platyhelminthes,Cestoda,Bothriocephalidea,Bothriocephalidae,Bothriocephalus
Khawia sinensis,"England, Wales + Isle of Man",54.236107,-4.548056,2,freshwater,Animalia,Platyhelminthes,Cestoda,Caryophyllidea,Lytocestidae,Khawia
Clistobothrium carcharodoni,Pacific coast of USA,62.4113634,-149.0729714,4,marine,Animalia,Platyhelminthes,Cestoda,Phyllobothriidea,Phyllobothriidae,Clistobothrium
Diplopylidium acanthotetra,Balearic Islands,39.3587759,2.7356328,3,terrestrial,Animalia,Platyhelminthes,Cestoda,Cyclophyllidea,Dipylidiidae,Diplopylidium
Taenia multiceps,Iran,32.427908,53.688046,2,terrestrial,Animalia,Platyhelminthes,Cestoda,Cyclophyllidea,Taeniidae,Taenia
Taenia taeniaeformis,Iran,32.427908,53.688046,2,terrestrial,Animalia,Platyhelminthes,Cestoda,Cyclophyllidea,Taeniidae,Hydatigera
Taenia endothoracicus,Iran,32.427908,53.688046,2,terrestrial,Animalia,Platyhelminthes,Cestoda,Cyclophyllidea,Taeniidae,Taenia
Taenia pisiformis,Iran,32.427908,53.688046,2,terrestrial,Animalia,Platyhelminthes,Cestoda,Cyclophyllidea,Taeniidae,Taenia
Dipylidium caninum,Iran,32.427908,53.688046,2,terrestrial,Animalia,Platyhelminthes,Cestoda,Cyclophyllidea,Dipylidiidae,Dipylidium
Echinococcus granulosus,Uruguay,-32.522779,-55.765835,2,terrestrial,Animalia,Platyhelminthes,Cestoda,Cyclophyllidea,Taeniidae,Echinococcus
Hymenolepis nana,Sudan,12.862807,30.217636,2,terrestrial,Animalia,Platyhelminthes,Cestoda,Cyclophyllidea,Hymenolepididae,Rodentolepis
Taenia saginata,Burma [Myanmar],21.916221,95.955974,2,terrestrial,Animalia,Platyhelminthes,Cestoda,Cyclophyllidea,Taeniidae,Taenia
Ligula intestinalis,"Ukraine, incl. Moldavia",48.379433,31.1655799,3,freshwater,Animalia,Platyhelminthes,Cestoda,Diphyllobothriidea,Diphyllobothriidae,Ligula
Echinococcus granulosus,Mali,17.570692,-3.996166,2,terrestrial,Animalia,Platyhelminthes,Cestoda,Cyclophyllidea,Taeniidae,Echinococcus
Moniezia expansa,Tennessee,35.5174913,-86.5804473,2,terrestrial,Animalia,Platyhelminthes,Cestoda,Cyclophyllidea,Anoplocephalidae,Moniezia
Taenia taeniaeformis,Chile,-35.675147,-71.542969,2,terrestrial,Animalia,Platyhelminthes,Cestoda,Cyclophyllidea,Taeniidae,Hydatigera
Spathebothrium simplex,Sea of Okhotsk,52.87362299999999,149.3658173,2,marine,Animalia,Platyhelminthes,Cestoda,Spathebothriidea,Spathebothriidae,Spathebothrium
Bothriocephalus scorpii,Sea of Okhotsk,52.87362299999999,149.3658173,3,marine,Animalia,Platyhelminthes,Cestoda,Bothriocephalidea,Bothriocephalidae,Bothriocephalus
Raillietina echinobothrida,Malaya,3.17,101.7,2,terrestrial,Animalia,Platyhelminthes,Cestoda,Cyclophyllidea,Davaineidae,Raillietina
Raillietina tetragona,Malaya,3.17,101.7,2,terrestrial,Animalia,Platyhelminthes,Cestoda,Cyclophyllidea,Davaineidae,Raillietina
Hymenolepis carioca,Malaya,3.17,101.7,2,terrestrial,NA,NA,NA,NA,NA,NA
Davainea proglottina,Malaya,3.17,101.7,2,terrestrial,Animalia,Platyhelminthes,Cestoda,Cyclophyllidea,Davaineidae,Davainea
Amoebotaenia cuneata,Malaya,3.17,101.7,2,terrestrial,Animalia,Platyhelminthes,Cestoda,Cyclophyllidea,Dilepididae,Amoebotaenia
Taenia martis,Spain + Andalusia,37.5442706,-4.7277528,2,terrestrial,Animalia,Platyhelminthes,Cestoda,Cyclophyllidea,Taeniidae,Taenia
Echinococcus granulosus,Niger,17.607789,8.081666,2,terrestrial,Animalia,Platyhelminthes,Cestoda,Cyclophyllidea,Taeniidae,Echinococcus
Echinococcus multilocularis,Belgium + Luxembourg,50.0546886,5.467698299999999,2,terrestrial,Animalia,Platyhelminthes,Cestoda,Cyclophyllidea,Taeniidae,Echinococcus
Dipylidium caninum,Yugoslavia,37.09024,-95.712891,2,terrestrial,Animalia,Platyhelminthes,Cestoda,Cyclophyllidea,Dipylidiidae,Dipylidium
Hymenolepis nana,Guinea,9.945587,-9.696645,2,terrestrial,Animalia,Platyhelminthes,Cestoda,Cyclophyllidea,Hymenolepididae,Rodentolepis
Echinococcus multilocularis,Indiana,40.2671941,-86.1349019,2,terrestrial,Animalia,Platyhelminthes,Cestoda,Cyclophyllidea,Taeniidae,Echinococcus
Bothriocephalus claviceps,Baltic Sea,58.48795200000001,19.863281,2,freshwater,Animalia,Platyhelminthes,Cestoda,Bothriocephalidea,Bothriocephalidae,Bothriocephalus
Proteocephalus macrocephalus,Baltic Sea,58.48795200000001,19.863281,2,freshwater,Animalia,Platyhelminthes,Cestoda,Onchoproteocephalidea,Proteocephalidae,Proteocephalus
Sobolevicanthus gracilis,"England, Wales + Isle of Man",54.236107,-4.548056,3,freshwater,Animalia,Platyhelminthes,Cestoda,Cyclophyllidea,Hymenolepididae,Sobolevicanthus
Fimbriaria fasciolaris,"England, Wales + Isle of Man",54.236107,-4.548056,3,freshwater,Animalia,Platyhelminthes,Cestoda,Cyclophyllidea,Hymenolepididae,Fimbriaria
Diorchis nyrocae,"England, Wales + Isle of Man",54.236107,-4.548056,3,freshwater,Animalia,Platyhelminthes,Cestoda,Cyclophyllidea,Hymenolepididae,Diorchis
Nematoparataenia southwelli,"England, Wales + Isle of Man",54.236107,-4.548056,2,freshwater,Animalia,Platyhelminthes,Cestoda,Cyclophyllidea,Hymenolepididae,Nematoparataenia
Dicranotaenia coronula,"England, Wales + Isle of Man",54.236107,-4.548056,3,freshwater,Animalia,Platyhelminthes,Cestoda,Cyclophyllidea,Hymenolepididae,Dicranotaenia
Thysaniezia giardi,Orange Free State,-28.4541105,26.7967849,2,terrestrial,Animalia,Platyhelminthes,Cestoda,Cyclophyllidea,Anoplocephalidae,Thysaniezia
Hymenolepis diminuta,Guinea-Bissau,11.803749,-15.180413,2,terrestrial,Animalia,Platyhelminthes,Cestoda,Cyclophyllidea,Hymenolepididae,Hymenolepis
Echinococcus granulosus,Guinea-Bissau,11.803749,-15.180413,2,terrestrial,Animalia,Platyhelminthes,Cestoda,Cyclophyllidea,Taeniidae,Echinococcus
Dipylidium caninum,Guinea-Bissau,11.803749,-15.180413,2,terrestrial,Animalia,Platyhelminthes,Cestoda,Cyclophyllidea,Dipylidiidae,Dipylidium
Taenia saginata,Guinea-Bissau,11.803749,-15.180413,2,terrestrial,Animalia,Platyhelminthes,Cestoda,Cyclophyllidea,Taeniidae,Taenia
Taenia solium,Guinea-Bissau,11.803749,-15.180413,2,terrestrial,Animalia,Platyhelminthes,Cestoda,Cyclophyllidea,Taeniidae,Taenia
Bertiella studeri,Guinea-Bissau,11.803749,-15.180413,2,terrestrial,Animalia,Platyhelminthes,Cestoda,Cyclophyllidea,Anoplocephalidae,Bertiella
Taenia saginata,Angola,-11.202692,17.873887,2,terrestrial,Animalia,Platyhelminthes,Cestoda,Cyclophyllidea,Taeniidae,Taenia
Taenia solium,Angola,-11.202692,17.873887,2,terrestrial,Animalia,Platyhelminthes,Cestoda,Cyclophyllidea,Taeniidae,Taenia
Echinococcus granulosus,Mozambique,-18.665695,35.529562,2,terrestrial,Animalia,Platyhelminthes,Cestoda,Cyclophyllidea,Taeniidae,Echinococcus
Hymenolepis nana,Mozambique,-18.665695,35.529562,2,terrestrial,Animalia,Platyhelminthes,Cestoda,Cyclophyllidea,Hymenolepididae,Rodentolepis
Dipylidium caninum,Armenia,40.069099,45.038189,2,terrestrial,Animalia,Platyhelminthes,Cestoda,Cyclophyllidea,Dipylidiidae,Dipylidium
Khawia armeniaca,Armenia,40.069099,45.038189,2,freshwater,Animalia,Platyhelminthes,Cestoda,Caryophyllidea,Lytocestidae,Khawia
Dipylidium caninum,Mozambique,-18.665695,35.529562,2,terrestrial,Animalia,Platyhelminthes,Cestoda,Cyclophyllidea,Dipylidiidae,Dipylidium
Taenia saginata,Mozambique,-18.665695,35.529562,2,terrestrial,Animalia,Platyhelminthes,Cestoda,Cyclophyllidea,Taeniidae,Taenia
Taenia solium,Mozambique,-18.665695,35.529562,2,terrestrial,Animalia,Platyhelminthes,Cestoda,Cyclophyllidea,Taeniidae,Taenia
Anoplocephala perfoliata,Ethiopia (incl. Dhibouti),11.59516,43.146473,2,terrestrial,Animalia,Platyhelminthes,Cestoda,Cyclophyllidea,Anoplocephalidae,Anoplocephala
Anoplocephala perfoliata,Japan,36.204824,138.252924,2,terrestrial,Animalia,Platyhelminthes,Cestoda,Cyclophyllidea,Anoplocephalidae,Anoplocephala
Dipylidium caninum,Spain + Andalusia,37.5442706,-4.7277528,2,terrestrial,Animalia,Platyhelminthes,Cestoda,Cyclophyllidea,Dipylidiidae,Dipylidium
Anoplocephala perfoliata,Morocco,31.791702,-7.092619999999999,2,terrestrial,Animalia,Platyhelminthes,Cestoda,Cyclophyllidea,Anoplocephalidae,Anoplocephala
Anoplocephala magna,Morocco,31.791702,-7.092619999999999,2,terrestrial,Animalia,Platyhelminthes,Cestoda,Cyclophyllidea,Anoplocephalidae,Anoplocephala
Moniezia expansa,Yugoslavia,37.09024,-95.712891,2,terrestrial,Animalia,Platyhelminthes,Cestoda,Cyclophyllidea,Anoplocephalidae,Moniezia
Davainea proglottina,Iraq,33.223191,43.679291,2,terrestrial,Animalia,Platyhelminthes,Cestoda,Cyclophyllidea,Davaineidae,Davainea
Drepanidotaenia lanceolata,Iraq,33.223191,43.679291,2,freshwater,Animalia,Platyhelminthes,Cestoda,Cyclophyllidea,Hymenolepididae,Drepanidotaenia
Nematoparataenia southwelli,Yugoslavia,37.09024,-95.712891,2,freshwater,Animalia,Platyhelminthes,Cestoda,Cyclophyllidea,Hymenolepididae,Nematoparataenia
Staphylocystis furcata,Burma [Myanmar],21.916221,95.955974,2,terrestrial,Animalia,Platyhelminthes,Cestoda,Cyclophyllidea,Hymenolepididae,Staphylocystis
Hymenolepis nana,Taiwan,23.69781,120.960515,2,terrestrial,Animalia,Platyhelminthes,Cestoda,Cyclophyllidea,Hymenolepididae,Rodentolepis
Hymenolepis diminuta,North Carolina,35.7595731,-79.01929969999999,2,terrestrial,Animalia,Platyhelminthes,Cestoda,Cyclophyllidea,Hymenolepididae,Hymenolepis
Taenia polyacantha,Finland,61.92410999999999,25.7481511,2,terrestrial,Animalia,Platyhelminthes,Cestoda,Cyclophyllidea,Taeniidae,Taenia
Taenia pisiformis,Colorado,39.5500507,-105.7820674,2,terrestrial,Animalia,Platyhelminthes,Cestoda,Cyclophyllidea,Taeniidae,Taenia
Taenia serialis,Colorado,39.5500507,-105.7820674,2,terrestrial,Animalia,Platyhelminthes,Cestoda,Cyclophyllidea,Taeniidae,Taenia
Mosgovoyia pectinata,Colorado,39.5500507,-105.7820674,2,terrestrial,Animalia,Platyhelminthes,Cestoda,Cyclophyllidea,Anoplocephalidae,Mosgovoyia
Corallobothrium parafimbriatum,Italy,41.87194,12.56738,2,freshwater,Animalia,Platyhelminthes,Cestoda,Onchoproteocephalidea,Proteocephalidae,Corallotaenia
Amphilina foliacea,Georgia (USSR),42.315407,43.35689199999999,2,freshwater,Animalia,Platyhelminthes,Cestoda,Amphilinidea,Amphilinidae,Amphilina
Bothrimonus fallax,Georgia (USSR),42.315407,43.35689199999999,2,marine,Animalia,Platyhelminthes,Cestoda,Spathebothriidea,Acrobothriidae,Bothrimonus
Triaenophorus nodulosus,Georgia (USSR),42.315407,43.35689199999999,3,freshwater,Animalia,Platyhelminthes,Cestoda,Bothriocephalidea,Triaenophoridae,Triaenophorus
Proteocephalus percae,Georgia (USSR),42.315407,43.35689199999999,4,freshwater,Animalia,Platyhelminthes,Cestoda,Onchoproteocephalidea,Proteocephalidae,Proteocephalus
Caryophyllaeus laticeps,Georgia (USSR),42.315407,43.35689199999999,2,freshwater,Animalia,Platyhelminthes,Cestoda,Caryophyllidea,Caryophyllaeidae,Caryophyllaeus
Ligula intestinalis,Georgia (USSR),42.315407,43.35689199999999,3,freshwater,Animalia,Platyhelminthes,Cestoda,Diphyllobothriidea,Diphyllobothriidae,Ligula
Paradilepis scolecina,Georgia (USSR),42.315407,43.35689199999999,3,freshwater,Animalia,Platyhelminthes,Cestoda,Cyclophyllidea,Gryporhynchidae,Paradilepis
Proteocephalus torulosus,Georgia (USSR),42.315407,43.35689199999999,3,freshwater,Animalia,Platyhelminthes,Cestoda,Onchoproteocephalidea,Proteocephalidae,Proteocephalus
Taenia saginata,Norway,60.47202399999999,8.468945999999999,2,terrestrial,Animalia,Platyhelminthes,Cestoda,Cyclophyllidea,Taeniidae,Taenia
Anoplocephala perfoliata,Sweden,60.12816100000001,18.643501,2,terrestrial,Animalia,Platyhelminthes,Cestoda,Cyclophyllidea,Anoplocephalidae,Anoplocephala
Khawia armeniaca,Georgia (USSR),42.315407,43.35689199999999,2,freshwater,Animalia,Platyhelminthes,Cestoda,Caryophyllidea,Lytocestidae,Khawia
Moniezia expansa,Eire + N. Ireland,54.7877149,-6.4923145,2,terrestrial,Animalia,Platyhelminthes,Cestoda,Cyclophyllidea,Anoplocephalidae,Moniezia
Hymenolepis nana,Egypt,26.820553,30.802498,2,terrestrial,Animalia,Platyhelminthes,Cestoda,Cyclophyllidea,Hymenolepididae,Rodentolepis
Anoplocephala perfoliata,Italy,41.87194,12.56738,2,terrestrial,Animalia,Platyhelminthes,Cestoda,Cyclophyllidea,Anoplocephalidae,Anoplocephala
Monobothrium hunteri,Lake Superior,47.723087,-86.940716,2,freshwater,Animalia,Platyhelminthes,Cestoda,Caryophyllidea,Caryophyllaeidae,Promonobothrium
Proteocephalus macrocephalus,Nova Scotia,44.68198659999999,-63.744311,2,freshwater,Animalia,Platyhelminthes,Cestoda,Onchoproteocephalidea,Proteocephalidae,Proteocephalus
Bothriocephalus claviceps,Nova Scotia,44.68198659999999,-63.744311,2,freshwater,Animalia,Platyhelminthes,Cestoda,Bothriocephalidea,Bothriocephalidae,Bothriocephalus
Bothriocephalus acheilognathi,Italy,41.87194,12.56738,3,freshwater,Animalia,Platyhelminthes,Cestoda,Bothriocephalidea,Bothriocephalidae,Schyzocotyle
Cyathocephalus truncatus,Italy,41.87194,12.56738,2,freshwater,Animalia,Platyhelminthes,Cestoda,Spathebothriidea,Acrobothriidae,Cyathocephalus
Triaenophorus nodulosus,Italy,41.87194,12.56738,3,freshwater,Animalia,Platyhelminthes,Cestoda,Bothriocephalidea,Triaenophoridae,Triaenophorus
Ligula intestinalis,Sardinia,40.1208752,9.012892599999999,3,freshwater,Animalia,Platyhelminthes,Cestoda,Diphyllobothriidea,Diphyllobothriidae,Ligula
Proteocephalus percae,Italy,41.87194,12.56738,4,freshwater,Animalia,Platyhelminthes,Cestoda,Onchoproteocephalidea,Proteocephalidae,Proteocephalus
Caryophyllaeus laticeps,Italy,41.87194,12.56738,2,freshwater,Animalia,Platyhelminthes,Cestoda,Caryophyllidea,Caryophyllaeidae,Caryophyllaeus
Proteocephalus osculatus,Georgia (USSR),42.315407,43.35689199999999,2,freshwater,Animalia,Platyhelminthes,Cestoda,Onchoproteocephalidea,Proteocephalidae,Glanitaenia
Moniezia benedeni,The Gambia,13.443182,-15.310139,2,terrestrial,Animalia,Platyhelminthes,Cestoda,Cyclophyllidea,Anoplocephalidae,Moniezia
Amoebotaenia cuneata,Southeast Asia,-2.2179704,115.66283,2,terrestrial,Animalia,Platyhelminthes,Cestoda,Cyclophyllidea,Dilepididae,Amoebotaenia
Ophiotaenia gracilis,Nearctic,53.569001,-113.571487,2,freshwater,Animalia,Platyhelminthes,Cestoda,Onchoproteocephalidea,Proteocephalidae,Ophiotaenia
Austramphilina elongata,South Australia,-30.0002315,136.2091547,2,freshwater,Animalia,Platyhelminthes,Cestoda,Amphilinidea,Schizochoeridae,Austramphilina
Grillotia erinaceus,Atlantic Ocean,-14.5994134,-28.6731465,3,marine,Animalia,Platyhelminthes,Cestoda,Trypanorhyncha,Lacistorhynchidae,Grillotia
Echinococcus granulosus,Crete,35.240117,24.8092691,2,terrestrial,Animalia,Platyhelminthes,Cestoda,Cyclophyllidea,Taeniidae,Echinococcus
Moniezia expansa,United States,37.09024,-95.712891,2,terrestrial,Animalia,Platyhelminthes,Cestoda,Cyclophyllidea,Anoplocephalidae,Moniezia
Taenia hydatigena,United States,37.09024,-95.712891,2,terrestrial,Animalia,Platyhelminthes,Cestoda,Cyclophyllidea,Taeniidae,Taenia
Proteocephalus ambiguus,Finno-Karelian ASSR,63.15587019999999,32.9905552,2,freshwater,Animalia,Platyhelminthes,Cestoda,Onchoproteocephalidea,Proteocephalidae,Proteocephalus
Neoctenotaenia ctenoides,United States,37.09024,-95.712891,2,terrestrial,Animalia,Platyhelminthes,Cestoda,Cyclophyllidea,Anoplocephalidae,Neoctenotaenia
Taenia pisiformis,United States,37.09024,-95.712891,2,terrestrial,Animalia,Platyhelminthes,Cestoda,Cyclophyllidea,Taeniidae,Taenia
Joyeuxiella pasqualei,Egypt,26.820553,30.802498,3,terrestrial,Animalia,Platyhelminthes,Cestoda,Cyclophyllidea,Dipylidiidae,Joyeuxiella
Echinococcus granulosus,New Zealand,-40.900557,174.885971,2,terrestrial,Animalia,Platyhelminthes,Cestoda,Cyclophyllidea,Taeniidae,Echinococcus
Anoplocephala magna,Iran,32.427908,53.688046,2,terrestrial,Animalia,Platyhelminthes,Cestoda,Cyclophyllidea,Anoplocephalidae,Anoplocephala
Dipylidium caninum,Austria,47.516231,14.550072,2,terrestrial,Animalia,Platyhelminthes,Cestoda,Cyclophyllidea,Dipylidiidae,Dipylidium
Taenia serialis,Germany,51.165691,10.451526,2,terrestrial,Animalia,Platyhelminthes,Cestoda,Cyclophyllidea,Taeniidae,Taenia
Taenia pisiformis,Germany,51.165691,10.451526,2,terrestrial,Animalia,Platyhelminthes,Cestoda,Cyclophyllidea,Taeniidae,Taenia
Taenia polyacantha,Germany,51.165691,10.451526,2,terrestrial,Animalia,Platyhelminthes,Cestoda,Cyclophyllidea,Taeniidae,Taenia
Taenia taeniaeformis,Germany,51.165691,10.451526,2,terrestrial,Animalia,Platyhelminthes,Cestoda,Cyclophyllidea,Taeniidae,Hydatigera
Raillietina echinobothrida,Egypt,26.820553,30.802498,2,terrestrial,Animalia,Platyhelminthes,Cestoda,Cyclophyllidea,Davaineidae,Raillietina
Choanotaenia infundibulum,Egypt,26.820553,30.802498,2,terrestrial,Animalia,Platyhelminthes,Cestoda,Cyclophyllidea,Dilepididae,Choanotaenia
Hymenolepis diminuta,Eire + N. Ireland,54.7877149,-6.4923145,2,terrestrial,Animalia,Platyhelminthes,Cestoda,Cyclophyllidea,Hymenolepididae,Hymenolepis
Bothriocephalus acheilognathi,Louisiana,30.9842977,-91.96233269999999,3,freshwater,Animalia,Platyhelminthes,Cestoda,Bothriocephalidea,Bothriocephalidae,Schyzocotyle
Taenia solium,Guatemala,15.783471,-90.23075899999999,2,terrestrial,Animalia,Platyhelminthes,Cestoda,Cyclophyllidea,Taeniidae,Taenia
Taenia serialis,United States,37.09024,-95.712891,2,terrestrial,Animalia,Platyhelminthes,Cestoda,Cyclophyllidea,Taeniidae,Taenia
Variolepis farciminosa,Ivory Coast,7.539988999999999,-5.547079999999999,2,terrestrial,Animalia,Platyhelminthes,Cestoda,Cyclophyllidea,Hymenolepididae,Variolepis
Avitellina centripunctata,Senegal,14.497401,-14.452362,2,terrestrial,Animalia,Platyhelminthes,Cestoda,Cyclophyllidea,Anoplocephalidae,Avitellina
Cloacotaenia megalops,Florida,27.6648274,-81.5157535,2,freshwater,Animalia,Platyhelminthes,Cestoda,Cyclophyllidea,Hymenolepididae,Cloacotaenia
Cittotaenia denticulata,"England, Wales + Isle of Man",54.236107,-4.548056,2,terrestrial,Animalia,Platyhelminthes,Cestoda,Cyclophyllidea,Anoplocephalidae,Cittotaenia
Mosgovoyia pectinata,"England, Wales + Isle of Man",54.236107,-4.548056,2,terrestrial,Animalia,Platyhelminthes,Cestoda,Cyclophyllidea,Anoplocephalidae,Mosgovoyia
Echinococcus granulosus,Costa Rica,9.748916999999999,-83.753428,2,terrestrial,Animalia,Platyhelminthes,Cestoda,Cyclophyllidea,Taeniidae,Echinococcus
Echinococcus oligarthrus,Costa Rica,9.748916999999999,-83.753428,2,terrestrial,Animalia,Platyhelminthes,Cestoda,Cyclophyllidea,Taeniidae,Echinococcus
Echinococcus granulosus,Mexico,23.634501,-102.552784,2,terrestrial,Animalia,Platyhelminthes,Cestoda,Cyclophyllidea,Taeniidae,Echinococcus
Echinococcus granulosus,Belgium + Luxembourg,50.0546886,5.467698299999999,2,terrestrial,Animalia,Platyhelminthes,Cestoda,Cyclophyllidea,Taeniidae,Echinococcus
Hymenolepis nana,Peru,-9.189967,-75.015152,2,terrestrial,Animalia,Platyhelminthes,Cestoda,Cyclophyllidea,Hymenolepididae,Rodentolepis
Taenia taeniaeformis,Taiwan,23.69781,120.960515,2,terrestrial,Animalia,Platyhelminthes,Cestoda,Cyclophyllidea,Taeniidae,Hydatigera
Hymenolepis diminuta,Taiwan,23.69781,120.960515,2,terrestrial,Animalia,Platyhelminthes,Cestoda,Cyclophyllidea,Hymenolepididae,Hymenolepis
Aploparaksis filum,United States,37.09024,-95.712891,2,terrestrial,Animalia,Platyhelminthes,Cestoda,Cyclophyllidea,Hymenolepididae,Aploparaksis
Davainea tetraoensis,Finland,61.92410999999999,25.7481511,2,terrestrial,Animalia,Platyhelminthes,Cestoda,Cyclophyllidea,Davaineidae,Davainea
Catenotaenia pusilla,Japan,36.204824,138.252924,2,terrestrial,Animalia,Platyhelminthes,Cestoda,Cyclophyllidea,Catenotaeniidae,Catenotaenia
Taenia crassiceps,Lithuania,55.169438,23.881275,2,terrestrial,Animalia,Platyhelminthes,Cestoda,Cyclophyllidea,Taeniidae,Taenia
Taenia mustelae,Lithuania,55.169438,23.881275,2,terrestrial,Animalia,Platyhelminthes,Cestoda,Cyclophyllidea,Taeniidae,Taenia
Echinococcus granulosus,District of Columbia/Delaware/New Jersey/Maryland,39.0457549,-76.64127119999999,2,terrestrial,Animalia,Platyhelminthes,Cestoda,Cyclophyllidea,Taeniidae,Echinococcus
Hymenolepis nana,Paraguay,-23.442503,-58.443832,2,terrestrial,Animalia,Platyhelminthes,Cestoda,Cyclophyllidea,Hymenolepididae,Rodentolepis
Hymenolepis nana,Pakistan,30.375321,69.34511599999999,2,terrestrial,Animalia,Platyhelminthes,Cestoda,Cyclophyllidea,Hymenolepididae,Rodentolepis
Caryophyllaeus laticeps,France,46.227638,2.213749,2,freshwater,Animalia,Platyhelminthes,Cestoda,Caryophyllidea,Caryophyllaeidae,Caryophyllaeus
Khawia sinensis,France,46.227638,2.213749,2,freshwater,Animalia,Platyhelminthes,Cestoda,Caryophyllidea,Lytocestidae,Khawia
Ligula intestinalis,France,46.227638,2.213749,3,freshwater,Animalia,Platyhelminthes,Cestoda,Diphyllobothriidea,Diphyllobothriidae,Ligula
Ligula intestinalis,Scotland,56.49067119999999,-4.2026458,3,freshwater,Animalia,Platyhelminthes,Cestoda,Diphyllobothriidea,Diphyllobothriidae,Ligula
Nybelinia surmenicola,Coast of Japan,35.4543846,139.644207,3,marine,Animalia,Platyhelminthes,Cestoda,Trypanorhyncha,Tentaculariidae,Nybelinia
Diphyllobothrium ditremum,Ontario,51.253775,-85.323214,3,freshwater,Animalia,Platyhelminthes,Cestoda,Diphyllobothriidea,Diphyllobothriidae,Dibothriocephalus
Eubothrium salvelini,Ontario,51.253775,-85.323214,3,freshwater,Animalia,Platyhelminthes,Cestoda,Bothriocephalidea,Triaenophoridae,Eubothrium
Ligula intestinalis,Ontario,51.253775,-85.323214,3,freshwater,Animalia,Platyhelminthes,Cestoda,Diphyllobothriidea,Diphyllobothriidae,Ligula
Proteocephalus ambloplitis,Ontario,51.253775,-85.323214,4,freshwater,Animalia,Platyhelminthes,Cestoda,Onchoproteocephalidea,Proteocephalidae,Proteocephalus
Hunterella nodulosa,Ontario,51.253775,-85.323214,2,freshwater,Animalia,Platyhelminthes,Cestoda,Caryophyllidea,Capingentidae,Hunterella
Schistocephalus solidus,Ontario,51.253775,-85.323214,3,freshwater,Animalia,Platyhelminthes,Cestoda,Diphyllobothriidea,Diphyllobothriidae,Schistocephalus
Bothriocephalus scorpii,Norway,60.47202399999999,8.468945999999999,3,marine,Animalia,Platyhelminthes,Cestoda,Bothriocephalidea,Bothriocephalidae,Bothriocephalus
Proteocephalus filicollis,Norway,60.47202399999999,8.468945999999999,3,freshwater,Animalia,Platyhelminthes,Cestoda,Onchoproteocephalidea,Proteocephalidae,Proteocephalus
Taenia multiceps,Italy,41.87194,12.56738,2,terrestrial,Animalia,Platyhelminthes,Cestoda,Cyclophyllidea,Taeniidae,Taenia
Taenia pisiformis,Italy,41.87194,12.56738,2,terrestrial,Animalia,Platyhelminthes,Cestoda,Cyclophyllidea,Taeniidae,Taenia
Dipylidium caninum,Italy,41.87194,12.56738,2,terrestrial,Animalia,Platyhelminthes,Cestoda,Cyclophyllidea,Dipylidiidae,Dipylidium
Taenia parenchymatosa,Yakut ASSR,66.7613451,124.123753,2,terrestrial,Animalia,Platyhelminthes,Cestoda,Cyclophyllidea,Taeniidae,Taenia
Taenia hyaenae,Southern Africa,-24.3570767,19.5687103,2,terrestrial,Animalia,Platyhelminthes,Cestoda,Cyclophyllidea,Taeniidae,Taenia
Taenia gonyamai,Ethiopian Region,9.145000000000001,40.489673,2,terrestrial,Animalia,Platyhelminthes,Cestoda,Cyclophyllidea,Taeniidae,Taenia
Catenotaenia pusilla,France,46.227638,2.213749,2,terrestrial,Animalia,Platyhelminthes,Cestoda,Cyclophyllidea,Catenotaeniidae,Catenotaenia
Catenotaenia pusilla,Italy,41.87194,12.56738,2,terrestrial,Animalia,Platyhelminthes,Cestoda,Cyclophyllidea,Catenotaeniidae,Catenotaenia
Catenotaenia pusilla,"England, Wales + Isle of Man",54.236107,-4.548056,2,terrestrial,Animalia,Platyhelminthes,Cestoda,Cyclophyllidea,Catenotaeniidae,Catenotaenia
Echinococcus multilocularis,United States,37.09024,-95.712891,2,terrestrial,Animalia,Platyhelminthes,Cestoda,Cyclophyllidea,Taeniidae,Echinococcus
Hymenolepis diminuta,Egypt,26.820553,30.802498,2,terrestrial,Animalia,Platyhelminthes,Cestoda,Cyclophyllidea,Hymenolepididae,Hymenolepis
Mathevotaenia symmetrica,Iraq,33.223191,43.679291,2,terrestrial,Animalia,Platyhelminthes,Cestoda,Cyclophyllidea,Anoplocephalidae,Mathevotaenia
Taenia taeniaeformis,Italy,41.87194,12.56738,2,terrestrial,Animalia,Platyhelminthes,Cestoda,Cyclophyllidea,Taeniidae,Hydatigera
Taenia taeniaeformis,"England, Wales + Isle of Man",54.236107,-4.548056,2,terrestrial,Animalia,Platyhelminthes,Cestoda,Cyclophyllidea,Taeniidae,Hydatigera
Taenia taeniaeformis,Spain + Andalusia,37.5442706,-4.7277528,2,terrestrial,Animalia,Platyhelminthes,Cestoda,Cyclophyllidea,Taeniidae,Hydatigera
Taenia taeniaeformis,Egypt,26.820553,30.802498,2,terrestrial,Animalia,Platyhelminthes,Cestoda,Cyclophyllidea,Taeniidae,Hydatigera
Taenia taeniaeformis,District of Columbia/Delaware/New Jersey/Maryland,39.0457549,-76.64127119999999,2,terrestrial,Animalia,Platyhelminthes,Cestoda,Cyclophyllidea,Taeniidae,Hydatigera
Taenia asiatica,Taiwan,23.69781,120.960515,2,terrestrial,Animalia,Platyhelminthes,Cestoda,Cyclophyllidea,Taeniidae,Taenia
Lacistorhynchus tenuis,Western Mediterranean,34.5531284,18.0480105,3,marine,Animalia,Platyhelminthes,Cestoda,Trypanorhyncha,Lacistorhynchidae,Lacistorhynchus
Cyclustera capito,Florida,27.6648274,-81.5157535,3,freshwater,Animalia,Platyhelminthes,Cestoda,Cyclophyllidea,Gryporhynchidae,Cyclustera
Mosgovoyia pectinata,Eire + N. Ireland,54.7877149,-6.4923145,2,terrestrial,Animalia,Platyhelminthes,Cestoda,Cyclophyllidea,Anoplocephalidae,Mosgovoyia
Cittotaenia denticulata,Eire + N. Ireland,54.7877149,-6.4923145,2,terrestrial,Animalia,Platyhelminthes,Cestoda,Cyclophyllidea,Anoplocephalidae,Cittotaenia
Hymenolepis diminuta,Lithuania,55.169438,23.881275,2,terrestrial,Animalia,Platyhelminthes,Cestoda,Cyclophyllidea,Hymenolepididae,Hymenolepis
Rodentolepis straminea,Lithuania,55.169438,23.881275,2,terrestrial,Animalia,Platyhelminthes,Cestoda,Cyclophyllidea,Hymenolepididae,Rodentolepis
Cladotaenia globifera,Lithuania,55.169438,23.881275,2,terrestrial,Animalia,Platyhelminthes,Cestoda,Cyclophyllidea,Paruterinidae,Cladotaenia
Paranoplocephala omphalodes,Lithuania,55.169438,23.881275,2,terrestrial,Animalia,Platyhelminthes,Cestoda,Cyclophyllidea,Anoplocephalidae,Paranoplocephala
Taenia martis,Lithuania,55.169438,23.881275,2,terrestrial,Animalia,Platyhelminthes,Cestoda,Cyclophyllidea,Taeniidae,Taenia
Proteocephalus osculatus,"England, Wales + Isle of Man",54.236107,-4.548056,2,freshwater,Animalia,Platyhelminthes,Cestoda,Onchoproteocephalidea,Proteocephalidae,Glanitaenia
Taenia hydatigena,Estonia + Latvia,56.95962400000001,24.1016552,2,terrestrial,Animalia,Platyhelminthes,Cestoda,Cyclophyllidea,Taeniidae,Taenia
Moniezia expansa,Estonia + Latvia,56.95962400000001,24.1016552,2,terrestrial,Animalia,Platyhelminthes,Cestoda,Cyclophyllidea,Anoplocephalidae,Moniezia
Moniezia benedeni,Estonia + Latvia,56.95962400000001,24.1016552,2,terrestrial,Animalia,Platyhelminthes,Cestoda,Cyclophyllidea,Anoplocephalidae,Moniezia
Moniezia expansa,Transvaal,-23.59,29.13,2,terrestrial,Animalia,Platyhelminthes,Cestoda,Cyclophyllidea,Anoplocephalidae,Moniezia
Taenia hydatigena,Transvaal,-23.59,29.13,2,terrestrial,Animalia,Platyhelminthes,Cestoda,Cyclophyllidea,Taeniidae,Taenia
Moniezia expansa,Germany,51.165691,10.451526,2,terrestrial,Animalia,Platyhelminthes,Cestoda,Cyclophyllidea,Anoplocephalidae,Moniezia
Bothriocephalus scorpii,Western Iberian coast,40.4830106,-4.087557299999999,3,marine,Animalia,Platyhelminthes,Cestoda,Bothriocephalidea,Bothriocephalidae,Bothriocephalus
Moniezia expansa,Iraq,33.223191,43.679291,2,terrestrial,Animalia,Platyhelminthes,Cestoda,Cyclophyllidea,Anoplocephalidae,Moniezia
Hymenolepis nana,Bangladesh,23.684994,90.356331,2,terrestrial,Animalia,Platyhelminthes,Cestoda,Cyclophyllidea,Hymenolepididae,Rodentolepis
Amphilina foliacea,Mediterranean,34.5531284,18.0480105,2,freshwater,Animalia,Platyhelminthes,Cestoda,Amphilinidea,Amphilinidae,Amphilina
Eubothrium salvelini,Spitzbergen (Svalbard),78.90136,13.4838877,3,freshwater,Animalia,Platyhelminthes,Cestoda,Bothriocephalidea,Triaenophoridae,Eubothrium
Anoplocephala perfoliata,Cape Province,-33.5,20.97,2,terrestrial,Animalia,Platyhelminthes,Cestoda,Cyclophyllidea,Anoplocephalidae,Anoplocephala
Aploparaksis crassirostris,New Brunswick,46.5653163,-66.46191639999999,2,terrestrial,Animalia,Platyhelminthes,Cestoda,Cyclophyllidea,Hymenolepididae,Aploparaksis
Aploparaksis brachyphallos,New Brunswick,46.5653163,-66.46191639999999,2,terrestrial,Animalia,Platyhelminthes,Cestoda,Cyclophyllidea,Hymenolepididae,Aploparaksis
Hymenolepis diminuta,Manitoba,53.7608608,-98.8138762,2,terrestrial,Animalia,Platyhelminthes,Cestoda,Cyclophyllidea,Hymenolepididae,Hymenolepis
Dipylidium caninum,Germany,51.165691,10.451526,2,terrestrial,Animalia,Platyhelminthes,Cestoda,Cyclophyllidea,Dipylidiidae,Dipylidium
Molluscotaenia crassiscolex,"Ukraine, incl. Moldavia",48.379433,31.1655799,2,terrestrial,Animalia,Platyhelminthes,Cestoda,Cyclophyllidea,Dilepididae,Choanotaenia
Neoskrjabinolepis schaldybini,"Ukraine, incl. Moldavia",48.379433,31.1655799,2,terrestrial,Animalia,Platyhelminthes,Cestoda,Cyclophyllidea,Hymenolepididae,Hymenolepis
Staphylocystis furcata,"Ukraine, incl. Moldavia",48.379433,31.1655799,2,terrestrial,Animalia,Platyhelminthes,Cestoda,Cyclophyllidea,Hymenolepididae,Staphylocystis
Urocystis prolifer,"Ukraine, incl. Moldavia",48.379433,31.1655799,2,terrestrial,Animalia,Platyhelminthes,Cestoda,Cyclophyllidea,Hymenolepididae,Hymenolepis
Joyeuxiella pasqualei,Iran,32.427908,53.688046,3,terrestrial,Animalia,Platyhelminthes,Cestoda,Cyclophyllidea,Dipylidiidae,Joyeuxiella
Taenia solium,Nearctic,53.569001,-113.571487,2,terrestrial,Animalia,Platyhelminthes,Cestoda,Cyclophyllidea,Taeniidae,Taenia
Hymenolepis nana,Armenia,40.069099,45.038189,2,terrestrial,Animalia,Platyhelminthes,Cestoda,Cyclophyllidea,Hymenolepididae,Rodentolepis
Dipylidium caninum,Morocco,31.791702,-7.092619999999999,2,terrestrial,Animalia,Platyhelminthes,Cestoda,Cyclophyllidea,Dipylidiidae,Dipylidium
Taenia crassiceps,Morocco,31.791702,-7.092619999999999,2,terrestrial,Animalia,Platyhelminthes,Cestoda,Cyclophyllidea,Taeniidae,Taenia
Echinococcus granulosus,Yugoslavia,37.09024,-95.712891,2,terrestrial,Animalia,Platyhelminthes,Cestoda,Cyclophyllidea,Taeniidae,Echinococcus
Taenia hydatigena,Yugoslavia,37.09024,-95.712891,2,terrestrial,Animalia,Platyhelminthes,Cestoda,Cyclophyllidea,Taeniidae,Taenia
Taenia multiceps,Yugoslavia,37.09024,-95.712891,2,terrestrial,Animalia,Platyhelminthes,Cestoda,Cyclophyllidea,Taeniidae,Taenia
Taenia pisiformis,Yugoslavia,37.09024,-95.712891,2,terrestrial,Animalia,Platyhelminthes,Cestoda,Cyclophyllidea,Taeniidae,Taenia
Echinococcus multilocularis,Iran,32.427908,53.688046,2,terrestrial,Animalia,Platyhelminthes,Cestoda,Cyclophyllidea,Taeniidae,Echinococcus
Paranoplocephala omphalodes,Alaska,64.2008413,-149.4936733,2,terrestrial,Animalia,Platyhelminthes,Cestoda,Cyclophyllidea,Anoplocephalidae,Paranoplocephala
Proteocephalus percae,"England, Wales + Isle of Man",54.236107,-4.548056,4,freshwater,Animalia,Platyhelminthes,Cestoda,Onchoproteocephalidea,Proteocephalidae,Proteocephalus
Cyathocephalus truncatus,Yugoslavia,37.09024,-95.712891,2,freshwater,Animalia,Platyhelminthes,Cestoda,Spathebothriidea,Acrobothriidae,Cyathocephalus
Paranoplocephala omphalodes,Finland,61.92410999999999,25.7481511,2,terrestrial,Animalia,Platyhelminthes,Cestoda,Cyclophyllidea,Anoplocephalidae,Paranoplocephala
Taenia mustelae,Finland,61.92410999999999,25.7481511,2,terrestrial,Animalia,Platyhelminthes,Cestoda,Cyclophyllidea,Taeniidae,Taenia
Taenia taeniaeformis,Finland,61.92410999999999,25.7481511,2,terrestrial,Animalia,Platyhelminthes,Cestoda,Cyclophyllidea,Taeniidae,Hydatigera
Bothriocephalus acheilognathi,Hawaiian Islands,19.8967662,-155.5827818,3,freshwater,Animalia,Platyhelminthes,Cestoda,Bothriocephalidea,Bothriocephalidae,Schyzocotyle
Echinococcus granulosus,Nepal,28.394857,84.12400799999999,2,terrestrial,Animalia,Platyhelminthes,Cestoda,Cyclophyllidea,Taeniidae,Echinococcus
Triaenophorus crassus,Ontario,51.253775,-85.323214,3,freshwater,Animalia,Platyhelminthes,Cestoda,Bothriocephalidea,Triaenophoridae,Triaenophorus
Triaenophorus nodulosus,Ontario,51.253775,-85.323214,3,freshwater,Animalia,Platyhelminthes,Cestoda,Bothriocephalidea,Triaenophoridae,Triaenophorus
Triaenophorus stizostedionis,Ontario,51.253775,-85.323214,3,freshwater,Animalia,Platyhelminthes,Cestoda,Bothriocephalidea,Triaenophoridae,Triaenophorus
Echinococcus multilocularis,New Brunswick,46.5653163,-66.46191639999999,2,terrestrial,Animalia,Platyhelminthes,Cestoda,Cyclophyllidea,Taeniidae,Echinococcus
Ophiotaenia filaroides,Mexico,23.634501,-102.552784,3,freshwater,Animalia,Platyhelminthes,Cestoda,Onchoproteocephalidea,Proteocephalidae,Ophiotaenia
Schistocephalus solidus,Finland,61.92410999999999,25.7481511,3,freshwater,Animalia,Platyhelminthes,Cestoda,Diphyllobothriidea,Diphyllobothriidae,Schistocephalus
Ligula intestinalis,European USSR (CIS),54.5259614,15.2551187,3,freshwater,Animalia,Platyhelminthes,Cestoda,Diphyllobothriidea,Diphyllobothriidae,Ligula
Grillotia erinaceus,Irish Sea,53.8276917,-4.465836599999999,3,marine,Animalia,Platyhelminthes,Cestoda,Trypanorhyncha,Lacistorhynchidae,Grillotia
Aploparaksis crassirostris,European USSR (CIS),54.5259614,15.2551187,2,terrestrial,Animalia,Platyhelminthes,Cestoda,Cyclophyllidea,Hymenolepididae,Aploparaksis
Ophryocotyle proteus,European USSR (CIS),54.5259614,15.2551187,2,marine,Animalia,Platyhelminthes,Cestoda,Cyclophyllidea,Davaineidae,Ophryocotyle
Bothrimonus fallax,Black Sea,43.41302899999999,34.299316,2,marine,Animalia,Platyhelminthes,Cestoda,Spathebothriidea,Acrobothriidae,Bothrimonus
Echinococcus granulosus,Greece,39.074208,21.824312,2,terrestrial,Animalia,Platyhelminthes,Cestoda,Cyclophyllidea,Taeniidae,Echinococcus
Echinococcus granulosus,Eire + N. Ireland,54.7877149,-6.4923145,2,terrestrial,Animalia,Platyhelminthes,Cestoda,Cyclophyllidea,Taeniidae,Echinococcus
Echinococcus multilocularis,Nearctic,53.569001,-113.571487,2,terrestrial,Animalia,Platyhelminthes,Cestoda,Cyclophyllidea,Taeniidae,Echinococcus
Bertiella studeri,Japan,36.204824,138.252924,2,terrestrial,Animalia,Platyhelminthes,Cestoda,Cyclophyllidea,Anoplocephalidae,Bertiella
Hymenolepis nana,Tunisia,33.886917,9.537499,2,terrestrial,Animalia,Platyhelminthes,Cestoda,Cyclophyllidea,Hymenolepididae,Rodentolepis
Taenia saginata,Tunisia,33.886917,9.537499,2,terrestrial,Animalia,Platyhelminthes,Cestoda,Cyclophyllidea,Taeniidae,Taenia
Taenia saginata,Iraq,33.223191,43.679291,2,terrestrial,Animalia,Platyhelminthes,Cestoda,Cyclophyllidea,Taeniidae,Taenia
Hymenolepis diminuta,Austria,47.516231,14.550072,2,terrestrial,Animalia,Platyhelminthes,Cestoda,Cyclophyllidea,Hymenolepididae,Hymenolepis
Echinococcus granulosus,Austria,47.516231,14.550072,2,terrestrial,Animalia,Platyhelminthes,Cestoda,Cyclophyllidea,Taeniidae,Echinococcus
Taenia solium,Austria,47.516231,14.550072,2,terrestrial,Animalia,Platyhelminthes,Cestoda,Cyclophyllidea,Taeniidae,Taenia
Taenia saginata,Austria,47.516231,14.550072,2,terrestrial,Animalia,Platyhelminthes,Cestoda,Cyclophyllidea,Taeniidae,Taenia
Diorchis brevis,Iraq,33.223191,43.679291,2,freshwater,Animalia,Platyhelminthes,Cestoda,Cyclophyllidea,Hymenolepididae,Diorchis
Diorchis ransomi,Iraq,33.223191,43.679291,3,freshwater,Animalia,Platyhelminthes,Cestoda,Cyclophyllidea,Hymenolepididae,Diorchis
Diploposthe laevis,Iraq,33.223191,43.679291,3,freshwater,Animalia,Platyhelminthes,Cestoda,Cyclophyllidea,Hymenolepididae,Diploposthe
Taenia parva,Southern Africa,-24.3570767,19.5687103,2,terrestrial,Animalia,Platyhelminthes,Cestoda,Cyclophyllidea,Taeniidae,Hydatigera
Taenia solium,Ecuador,-1.831239,-78.18340599999999,2,terrestrial,Animalia,Platyhelminthes,Cestoda,Cyclophyllidea,Taeniidae,Taenia
Triaenophorus crassus,Quebec,52.9399159,-73.5491361,3,freshwater,Animalia,Platyhelminthes,Cestoda,Bothriocephalidea,Triaenophoridae,Triaenophorus
Taenia solium,Peru,-9.189967,-75.015152,2,terrestrial,Animalia,Platyhelminthes,Cestoda,Cyclophyllidea,Taeniidae,Taenia
Taenia solium,Rwanda,-1.940278,29.873888,2,terrestrial,Animalia,Platyhelminthes,Cestoda,Cyclophyllidea,Taeniidae,Taenia
Echinococcus granulosus,Peru,-9.189967,-75.015152,2,terrestrial,Animalia,Platyhelminthes,Cestoda,Cyclophyllidea,Taeniidae,Echinococcus
Raillietina echinobothrida,Senegal,14.497401,-14.452362,2,terrestrial,Animalia,Platyhelminthes,Cestoda,Cyclophyllidea,Davaineidae,Raillietina
Hymenolepis diminuta,New Hampshire/Vermont/Massachusetts/Connecticut/Rhode Is.,43.2509279,-71.9273024,2,terrestrial,Animalia,Platyhelminthes,Cestoda,Cyclophyllidea,Hymenolepididae,Hymenolepis
Staphylocystis brusatae,Turkmenistan,38.969719,59.556278,2,terrestrial,Animalia,Platyhelminthes,Cestoda,Cyclophyllidea,Hymenolepididae,Staphylocystis
Bothriocephalus scorpii,Adriatic Sea,41.85509039999999,17.2902839,3,marine,Animalia,Platyhelminthes,Cestoda,Bothriocephalidea,Bothriocephalidae,Bothriocephalus
Anoplocephala perfoliata,Victoria,-37.01,144.75,2,terrestrial,Animalia,Platyhelminthes,Cestoda,Cyclophyllidea,Anoplocephalidae,Anoplocephala
Taenia hydatigena,Uruguay,-32.522779,-55.765835,2,terrestrial,Animalia,Platyhelminthes,Cestoda,Cyclophyllidea,Taeniidae,Taenia
Gangesia parasiluri,Iraq,33.223191,43.679291,3,freshwater,Animalia,Platyhelminthes,Cestoda,Onchoproteocephalidea,Proteocephalidae,Gangesia
Khawia armeniaca,Iraq,33.223191,43.679291,2,freshwater,Animalia,Platyhelminthes,Cestoda,Caryophyllidea,Lytocestidae,Khawia
Echinococcus granulosus,Lithuania,55.169438,23.881275,2,terrestrial,Animalia,Platyhelminthes,Cestoda,Cyclophyllidea,Taeniidae,Echinococcus
Anomotaenia constricta,Spain + Andalusia,37.5442706,-4.7277528,2,terrestrial,Animalia,Platyhelminthes,Cestoda,Cyclophyllidea,Dilepididae,Spiniglans
Passerilepis stylosa,Spain + Andalusia,37.5442706,-4.7277528,2,terrestrial,Animalia,Platyhelminthes,Cestoda,Cyclophyllidea,Hymenolepididae,Passerilepis
Variolepis farciminosa,Spain + Andalusia,37.5442706,-4.7277528,2,terrestrial,Animalia,Platyhelminthes,Cestoda,Cyclophyllidea,Hymenolepididae,Variolepis
Proteocephalus longicollis,Greenland,71.706936,-42.604303,4,freshwater,Animalia,Platyhelminthes,Cestoda,Onchoproteocephalidea,Proteocephalidae,Proteocephalus
Eubothrium salvelini,Greenland,71.706936,-42.604303,3,freshwater,Animalia,Platyhelminthes,Cestoda,Bothriocephalidea,Triaenophoridae,Eubothrium
Diphyllobothrium ditremum,Greenland,71.706936,-42.604303,3,freshwater,Animalia,Platyhelminthes,Cestoda,Diphyllobothriidea,Diphyllobothriidae,Dibothriocephalus
Fimbriaria fasciolaris,Indian Region,22,79,3,freshwater,Animalia,Platyhelminthes,Cestoda,Cyclophyllidea,Hymenolepididae,Fimbriaria
Moniezia benedeni,New Zealand,-40.900557,174.885971,2,terrestrial,Animalia,Platyhelminthes,Cestoda,Cyclophyllidea,Anoplocephalidae,Moniezia
Moniezia expansa,New Zealand,-40.900557,174.885971,2,terrestrial,Animalia,Platyhelminthes,Cestoda,Cyclophyllidea,Anoplocephalidae,Moniezia
Hymenolepis carioca,Indian Region,22,79,2,terrestrial,NA,NA,NA,NA,NA,NA
Cyathocephalus truncatus,Scotland,56.49067119999999,-4.2026458,2,freshwater,Animalia,Platyhelminthes,Cestoda,Spathebothriidea,Acrobothriidae,Cyathocephalus
Echinococcus granulosus,Indian Region,22,79,2,terrestrial,Animalia,Platyhelminthes,Cestoda,Cyclophyllidea,Taeniidae,Echinococcus
Taenia solium,Indian Region,22,79,2,terrestrial,Animalia,Platyhelminthes,Cestoda,Cyclophyllidea,Taeniidae,Taenia
Taenia saginata,Indian Region,22,79,2,terrestrial,Animalia,Platyhelminthes,Cestoda,Cyclophyllidea,Taeniidae,Taenia
Taenia hydatigena,Indian Region,22,79,2,terrestrial,Animalia,Platyhelminthes,Cestoda,Cyclophyllidea,Taeniidae,Taenia
Taenia pisiformis,Indian Region,22,79,2,terrestrial,Animalia,Platyhelminthes,Cestoda,Cyclophyllidea,Taeniidae,Taenia
Taenia taeniaeformis,Indian Region,22,79,2,terrestrial,Animalia,Platyhelminthes,Cestoda,Cyclophyllidea,Taeniidae,Hydatigera
Moniezia expansa,Indian Region,22,79,2,terrestrial,Animalia,Platyhelminthes,Cestoda,Cyclophyllidea,Anoplocephalidae,Moniezia
Moniezia benedeni,Indian Region,22,79,2,terrestrial,Animalia,Platyhelminthes,Cestoda,Cyclophyllidea,Anoplocephalidae,Moniezia
Bertiella studeri,Indian Region,22,79,2,terrestrial,Animalia,Platyhelminthes,Cestoda,Cyclophyllidea,Anoplocephalidae,Bertiella
Hymenolepis nana,"England, Wales + Isle of Man",54.236107,-4.548056,2,terrestrial,Animalia,Platyhelminthes,Cestoda,Cyclophyllidea,Hymenolepididae,Rodentolepis
Avitellina centripunctata,Indian Region,22,79,2,terrestrial,Animalia,Platyhelminthes,Cestoda,Cyclophyllidea,Anoplocephalidae,Avitellina
Avitellina lahorea,Indian Region,22,79,2,terrestrial,Animalia,Platyhelminthes,Cestoda,Cyclophyllidea,Anoplocephalidae,Avitellina
Stilesia globipunctata,Indian Region,22,79,2,terrestrial,Animalia,Platyhelminthes,Cestoda,Cyclophyllidea,Anoplocephalidae,Stilesia
Raillietina tetragona,Indian Region,22,79,2,terrestrial,Animalia,Platyhelminthes,Cestoda,Cyclophyllidea,Davaineidae,Raillietina
Raillietina echinobothrida,Indian Region,22,79,2,terrestrial,Animalia,Platyhelminthes,Cestoda,Cyclophyllidea,Davaineidae,Raillietina
Choanotaenia infundibulum,Indian Region,22,79,2,terrestrial,Animalia,Platyhelminthes,Cestoda,Cyclophyllidea,Dilepididae,Choanotaenia
Dipylidium caninum,Indian Region,22,79,2,terrestrial,Animalia,Platyhelminthes,Cestoda,Cyclophyllidea,Dipylidiidae,Dipylidium
Joyeuxiella pasqualei,Indian Region,22,79,3,terrestrial,Animalia,Platyhelminthes,Cestoda,Cyclophyllidea,Dipylidiidae,Joyeuxiella
Hymenolepis cantaniana,Indian Region,22,79,2,terrestrial,NA,NA,NA,NA,NA,NA
Hymenolepis diminuta,Indian Region,22,79,2,terrestrial,Animalia,Platyhelminthes,Cestoda,Cyclophyllidea,Hymenolepididae,Hymenolepis
Hymenolepis nana,Indian Region,22,79,2,terrestrial,Animalia,Platyhelminthes,Cestoda,Cyclophyllidea,Hymenolepididae,Rodentolepis
Glaridacris catostomi,Canada,56.130366,-106.346771,2,freshwater,Animalia,Platyhelminthes,Cestoda,Caryophyllidea,Caryophyllaeidae,Glaridacris
Glaridacris catostomi,Manitoba,53.7608608,-98.8138762,2,freshwater,Animalia,Platyhelminthes,Cestoda,Caryophyllidea,Caryophyllaeidae,Glaridacris
Glaridacris catostomi,Ontario,51.253775,-85.323214,2,freshwater,Animalia,Platyhelminthes,Cestoda,Caryophyllidea,Caryophyllaeidae,Glaridacris
Glaridacris catostomi,Saskatchewan,52.9399159,-106.4508639,2,freshwater,Animalia,Platyhelminthes,Cestoda,Caryophyllidea,Caryophyllaeidae,Glaridacris
Glaridacris vogei,British Columbia,53.7266683,-127.6476205,2,freshwater,Animalia,Platyhelminthes,Cestoda,Caryophyllidea,Caryophyllaeidae,Glaridacris
Hunterella nodulosa,Canada,56.130366,-106.346771,2,freshwater,Animalia,Platyhelminthes,Cestoda,Caryophyllidea,Capingentidae,Hunterella
Monobothrium hunteri,Manitoba,53.7608608,-98.8138762,2,freshwater,Animalia,Platyhelminthes,Cestoda,Caryophyllidea,Caryophyllaeidae,Promonobothrium
Corallobothrium fimbriatum,Ontario,51.253775,-85.323214,3,freshwater,Animalia,Platyhelminthes,Cestoda,Onchoproteocephalidea,Proteocephalidae,Essexiella
Corallotaenia minutia,Ontario,51.253775,-85.323214,2,freshwater,Animalia,Platyhelminthes,Cestoda,Onchoproteocephalidea,Proteocephalidae,Corallotaenia
Megathylacoides giganteum,Ontario,51.253775,-85.323214,3,freshwater,Animalia,Platyhelminthes,Cestoda,Onchoproteocephalidea,Proteocephalidae,Megathylacoides
Proteocephalus filicollis,Manitoba,53.7608608,-98.8138762,3,freshwater,Animalia,Platyhelminthes,Cestoda,Onchoproteocephalidea,Proteocephalidae,Proteocephalus
Proteocephalus filicollis,Alberta,53.9332706,-116.5765035,3,freshwater,Animalia,Platyhelminthes,Cestoda,Onchoproteocephalidea,Proteocephalidae,Proteocephalus
Proteocephalus fluviatilis,Ontario,51.253775,-85.323214,3,freshwater,Animalia,Platyhelminthes,Cestoda,Onchoproteocephalidea,Proteocephalidae,Proteocephalus
Proteocephalus longicollis,Canada,56.130366,-106.346771,4,freshwater,Animalia,Platyhelminthes,Cestoda,Onchoproteocephalidea,Proteocephalidae,Proteocephalus
Proteocephalus macrocephalus,Canada,56.130366,-106.346771,2,freshwater,Animalia,Platyhelminthes,Cestoda,Onchoproteocephalidea,Proteocephalidae,Proteocephalus
Proteocephalus pearsei,Ontario,51.253775,-85.323214,2,freshwater,Animalia,Platyhelminthes,Cestoda,Onchoproteocephalidea,Proteocephalidae,Proteocephalus
Eubothrium rugosum,Canada,56.130366,-106.346771,3,freshwater,Animalia,Platyhelminthes,Cestoda,Bothriocephalidea,Triaenophoridae,Eubothrium
Archigetes sieboldi,European USSR (CIS),54.5259614,15.2551187,2,freshwater,Animalia,Platyhelminthes,Cestoda,Caryophyllidea,Capingentidae,Archigetes
Khawia sinensis,Byelorussia,53.709807,27.953389,2,freshwater,Animalia,Platyhelminthes,Cestoda,Caryophyllidea,Lytocestidae,Khawia
Schistocephalus solidus,"England, Wales + Isle of Man",54.236107,-4.548056,3,freshwater,Animalia,Platyhelminthes,Cestoda,Diphyllobothriidea,Diphyllobothriidae,Schistocephalus
Eubothrium salvelini,Labrador + Newfoundland,53.1355091,-57.6604364,3,freshwater,Animalia,Platyhelminthes,Cestoda,Bothriocephalidea,Triaenophoridae,Eubothrium
Bothriocephalus claviceps,Ontario,51.253775,-85.323214,2,freshwater,Animalia,Platyhelminthes,Cestoda,Bothriocephalidea,Bothriocephalidae,Bothriocephalus
Bothriocephalus claviceps,Canada,56.130366,-106.346771,2,freshwater,Animalia,Platyhelminthes,Cestoda,Bothriocephalidea,Bothriocephalidae,Bothriocephalus
Bothriocephalus cuspidatus,Canada,56.130366,-106.346771,2,freshwater,Animalia,Platyhelminthes,Cestoda,Bothriocephalidea,Bothriocephalidae,Bothriocephalus
Bothriocephalus cuspidatus,Ontario,51.253775,-85.323214,2,freshwater,Animalia,Platyhelminthes,Cestoda,Bothriocephalidea,Bothriocephalidae,Bothriocephalus
Bothriocephalus opsariichthydis,British Columbia,53.7266683,-127.6476205,2,freshwater,Animalia,Platyhelminthes,Cestoda,Bothriocephalidea,Bothriocephalidae,Bothriocephalus
Echinococcus granulosus,Eastern & Central Europe,48.66,19.5,2,terrestrial,Animalia,Platyhelminthes,Cestoda,Cyclophyllidea,Taeniidae,Echinococcus
Dipylidium caninum,Eastern & Central Europe,48.66,19.5,2,terrestrial,Animalia,Platyhelminthes,Cestoda,Cyclophyllidea,Dipylidiidae,Dipylidium
Triaenophorus nodulosus,Canada,56.130366,-106.346771,3,freshwater,Animalia,Platyhelminthes,Cestoda,Bothriocephalidea,Triaenophoridae,Triaenophorus
Triaenophorus nodulosus,Alberta,53.9332706,-116.5765035,3,freshwater,Animalia,Platyhelminthes,Cestoda,Bothriocephalidea,Triaenophoridae,Triaenophorus
Triaenophorus stizostedionis,Canada,56.130366,-106.346771,3,freshwater,Animalia,Platyhelminthes,Cestoda,Bothriocephalidea,Triaenophoridae,Triaenophorus
Lacistorhynchus tenuis,Atlantic Ocean,-14.5994134,-28.6731465,3,marine,Animalia,Platyhelminthes,Cestoda,Trypanorhyncha,Lacistorhynchidae,Lacistorhynchus
Haplobothrium globuliforme,Ontario,51.253775,-85.323214,3,freshwater,Animalia,Platyhelminthes,Cestoda,Haplobothriidea,Haplobothriidae,Haplobothrium
Diphyllobothrium ditremum,Yukon + Northwest Territories,60.71795149999999,-135.0498961,3,freshwater,Animalia,Platyhelminthes,Cestoda,Diphyllobothriidea,Diphyllobothriidae,Dibothriocephalus
Ligula intestinalis,British Columbia,53.7266683,-127.6476205,3,freshwater,Animalia,Platyhelminthes,Cestoda,Diphyllobothriidea,Diphyllobothriidae,Ligula
Ligula intestinalis,Saskatchewan,52.9399159,-106.4508639,3,freshwater,Animalia,Platyhelminthes,Cestoda,Diphyllobothriidea,Diphyllobothriidae,Ligula
Schistocephalus solidus,British Columbia,53.7266683,-127.6476205,3,freshwater,Animalia,Platyhelminthes,Cestoda,Diphyllobothriidea,Diphyllobothriidae,Schistocephalus
Schistocephalus solidus,Manitoba,53.7608608,-98.8138762,3,freshwater,Animalia,Platyhelminthes,Cestoda,Diphyllobothriidea,Diphyllobothriidae,Schistocephalus
Schistocephalus solidus,Saskatchewan,52.9399159,-106.4508639,3,freshwater,Animalia,Platyhelminthes,Cestoda,Diphyllobothriidea,Diphyllobothriidae,Schistocephalus
Cyathocephalus truncatus,Ontario,51.253775,-85.323214,2,freshwater,Animalia,Platyhelminthes,Cestoda,Spathebothriidea,Acrobothriidae,Cyathocephalus
Cyathocephalus truncatus,Yukon + Northwest Territories,60.71795149999999,-135.0498961,2,freshwater,Animalia,Platyhelminthes,Cestoda,Spathebothriidea,Acrobothriidae,Cyathocephalus
Cyathocephalus truncatus,Manitoba,53.7608608,-98.8138762,2,freshwater,Animalia,Platyhelminthes,Cestoda,Spathebothriidea,Acrobothriidae,Cyathocephalus
Cyathocephalus truncatus,British Columbia,53.7266683,-127.6476205,2,freshwater,Animalia,Platyhelminthes,Cestoda,Spathebothriidea,Acrobothriidae,Cyathocephalus
Cyathocephalus truncatus,Alberta,53.9332706,-116.5765035,2,freshwater,Animalia,Platyhelminthes,Cestoda,Spathebothriidea,Acrobothriidae,Cyathocephalus
Taenia pisiformis,Japan,36.204824,138.252924,2,terrestrial,Animalia,Platyhelminthes,Cestoda,Cyclophyllidea,Taeniidae,Taenia
Taenia serialis,Japan,36.204824,138.252924,2,terrestrial,Animalia,Platyhelminthes,Cestoda,Cyclophyllidea,Taeniidae,Taenia
Diphyllobothrium ditremum,Quebec,52.9399159,-73.5491361,3,freshwater,Animalia,Platyhelminthes,Cestoda,Diphyllobothriidea,Diphyllobothriidae,Dibothriocephalus
Hymenolepis nana,Chile,-35.675147,-71.542969,2,terrestrial,Animalia,Platyhelminthes,Cestoda,Cyclophyllidea,Hymenolepididae,Rodentolepis
Echinococcus granulosus,Chile,-35.675147,-71.542969,2,terrestrial,Animalia,Platyhelminthes,Cestoda,Cyclophyllidea,Taeniidae,Echinococcus
Dipylidium caninum,Chile,-35.675147,-71.542969,2,terrestrial,Animalia,Platyhelminthes,Cestoda,Cyclophyllidea,Dipylidiidae,Dipylidium
Taenia saginata,Chile,-35.675147,-71.542969,2,terrestrial,Animalia,Platyhelminthes,Cestoda,Cyclophyllidea,Taeniidae,Taenia
Spathebothrium simplex,Coast of Japan,35.4543846,139.644207,2,marine,Animalia,Platyhelminthes,Cestoda,Spathebothriidea,Spathebothriidae,Spathebothrium
Bothriocephalus scorpii,Coast of Japan,35.4543846,139.644207,3,marine,Animalia,Platyhelminthes,Cestoda,Bothriocephalidea,Bothriocephalidae,Bothriocephalus
Taenia mustelae,Japan,36.204824,138.252924,2,terrestrial,Animalia,Platyhelminthes,Cestoda,Cyclophyllidea,Taeniidae,Taenia
Bothriocephalus scorpii,North Sea,56.511018,3.515625,3,marine,Animalia,Platyhelminthes,Cestoda,Bothriocephalidea,Bothriocephalidae,Bothriocephalus
Bothriocephalus barbatus,France,46.227638,2.213749,2,marine,Animalia,Platyhelminthes,Cestoda,Bothriocephalidea,Bothriocephalidae,Bothriocephalus
Bothriocephalus gregarius,France,46.227638,2.213749,3,marine,Animalia,Platyhelminthes,Cestoda,Bothriocephalidea,Bothriocephalidae,Bothriocephalus
Triaenophorus crassus,Denmark,56.26392,9.501785,3,freshwater,Animalia,Platyhelminthes,Cestoda,Bothriocephalidea,Triaenophoridae,Triaenophorus
Taenia saginata,United States,37.09024,-95.712891,2,terrestrial,Animalia,Platyhelminthes,Cestoda,Cyclophyllidea,Taeniidae,Taenia
Taenia crassiceps,United States,37.09024,-95.712891,2,terrestrial,Animalia,Platyhelminthes,Cestoda,Cyclophyllidea,Taeniidae,Taenia
Taenia macrocystis,Venezuela,6.42375,-66.58973,2,terrestrial,Animalia,Platyhelminthes,Cestoda,Cyclophyllidea,Taeniidae,Taenia
Taenia multiceps,Uruguay,-32.522779,-55.765835,2,terrestrial,Animalia,Platyhelminthes,Cestoda,Cyclophyllidea,Taeniidae,Taenia
Taenia pisiformis,Uruguay,-32.522779,-55.765835,2,terrestrial,Animalia,Platyhelminthes,Cestoda,Cyclophyllidea,Taeniidae,Taenia
Dipylidium caninum,Uruguay,-32.522779,-55.765835,2,terrestrial,Animalia,Platyhelminthes,Cestoda,Cyclophyllidea,Dipylidiidae,Dipylidium
Taenia crassiceps,Spain + Andalusia,37.5442706,-4.7277528,2,terrestrial,Animalia,Platyhelminthes,Cestoda,Cyclophyllidea,Taeniidae,Taenia
Dipylidium caninum,Estonia + Latvia,56.95962400000001,24.1016552,2,terrestrial,Animalia,Platyhelminthes,Cestoda,Cyclophyllidea,Dipylidiidae,Dipylidium
Eubothrium salvelini,Scotland,56.49067119999999,-4.2026458,3,freshwater,Animalia,Platyhelminthes,Cestoda,Bothriocephalidea,Triaenophoridae,Eubothrium
Paranoplocephala macrocephala,Arizona,34.0489281,-111.0937311,2,terrestrial,Animalia,Platyhelminthes,Cestoda,Cyclophyllidea,Anoplocephalidae,Paranoplocephala
Hymenolepis diminuta,Indiana,40.2671941,-86.1349019,2,terrestrial,Animalia,Platyhelminthes,Cestoda,Cyclophyllidea,Hymenolepididae,Hymenolepis
Grillotia erinaceus,West Coast of Norway,60.4121981,5.3222701,3,marine,Animalia,Platyhelminthes,Cestoda,Trypanorhyncha,Lacistorhynchidae,Grillotia
Ligula intestinalis,Kazakstan,48.019573,66.923684,3,freshwater,Animalia,Platyhelminthes,Cestoda,Diphyllobothriidea,Diphyllobothriidae,Ligula
Bothriocephalus acheilognathi,Norway,60.47202399999999,8.468945999999999,3,freshwater,Animalia,Platyhelminthes,Cestoda,Bothriocephalidea,Bothriocephalidae,Schyzocotyle
Proteocephalus torulosus,Austria,47.516231,14.550072,3,freshwater,Animalia,Platyhelminthes,Cestoda,Onchoproteocephalidea,Proteocephalidae,Proteocephalus
Bothriocephalus scorpii,South China Sea,15.488092,114.404754,3,marine,Animalia,Platyhelminthes,Cestoda,Bothriocephalidea,Bothriocephalidae,Bothriocephalus
Triaenophorus nodulosus,Russia (Asian),61.52401,105.318756,3,freshwater,Animalia,Platyhelminthes,Cestoda,Bothriocephalidea,Triaenophoridae,Triaenophorus
Triaenophorus crassus,Russia (Asian),61.52401,105.318756,3,freshwater,Animalia,Platyhelminthes,Cestoda,Bothriocephalidea,Triaenophoridae,Triaenophorus
Eubothrium rugosum,Russia (Asian),61.52401,105.318756,3,freshwater,Animalia,Platyhelminthes,Cestoda,Bothriocephalidea,Triaenophoridae,Eubothrium
Eubothrium salvelini,Russia (Asian),61.52401,105.318756,3,freshwater,Animalia,Platyhelminthes,Cestoda,Bothriocephalidea,Triaenophoridae,Eubothrium
Diphyllobothrium ditremum,Russia (Asian),61.52401,105.318756,3,freshwater,Animalia,Platyhelminthes,Cestoda,Diphyllobothriidea,Diphyllobothriidae,Dibothriocephalus
Ligula intestinalis,Russia (Asian),61.52401,105.318756,3,freshwater,Animalia,Platyhelminthes,Cestoda,Diphyllobothriidea,Diphyllobothriidae,Ligula
Schistocephalus pungitii,Russia (Asian),61.52401,105.318756,3,freshwater,Animalia,Platyhelminthes,Cestoda,Diphyllobothriidea,Diphyllobothriidae,Schistocephalus
Cyathocephalus truncatus,Russia (Asian),61.52401,105.318756,2,freshwater,Animalia,Platyhelminthes,Cestoda,Spathebothriidea,Acrobothriidae,Cyathocephalus
Diplocotyle olrikii,Russia (Asian),61.52401,105.318756,2,marine,Animalia,Platyhelminthes,Cestoda,Spathebothriidea,Acrobothriidae,Diplocotyle
Proteocephalus percae,Russia (Asian),61.52401,105.318756,4,freshwater,Animalia,Platyhelminthes,Cestoda,Onchoproteocephalidea,Proteocephalidae,Proteocephalus
Proteocephalus cernuae,Russia (Asian),61.52401,105.318756,2,freshwater,Animalia,Platyhelminthes,Cestoda,Onchoproteocephalidea,Proteocephalidae,Proteocephalus
Proteocephalus torulosus,Russia (Asian),61.52401,105.318756,3,freshwater,Animalia,Platyhelminthes,Cestoda,Onchoproteocephalidea,Proteocephalidae,Proteocephalus
Proteocephalus filicollis,Russia (Asian),61.52401,105.318756,3,freshwater,Animalia,Platyhelminthes,Cestoda,Onchoproteocephalidea,Proteocephalidae,Proteocephalus
Amphilina foliacea,Italy,41.87194,12.56738,2,freshwater,Animalia,Platyhelminthes,Cestoda,Amphilinidea,Amphilinidae,Amphilina
Schistocephalus solidus,Italy,41.87194,12.56738,3,freshwater,Animalia,Platyhelminthes,Cestoda,Diphyllobothriidea,Diphyllobothriidae,Schistocephalus
Tetrabothrius erostris,Italy,41.87194,12.56738,3,marine,Animalia,Platyhelminthes,Cestoda,Tetrabothriidea,Tetrabothriidae,Tetrabothrius
Anoplocephala magna,Italy,41.87194,12.56738,2,terrestrial,Animalia,Platyhelminthes,Cestoda,Cyclophyllidea,Anoplocephalidae,Anoplocephala
Avitellina centripunctata,Italy,41.87194,12.56738,2,terrestrial,Animalia,Platyhelminthes,Cestoda,Cyclophyllidea,Anoplocephalidae,Avitellina
Cittotaenia denticulata,Italy,41.87194,12.56738,2,terrestrial,Animalia,Platyhelminthes,Cestoda,Cyclophyllidea,Anoplocephalidae,Cittotaenia
Ctenotaenia marmotae,Italy,41.87194,12.56738,2,terrestrial,Animalia,Platyhelminthes,Cestoda,Cyclophyllidea,Anoplocephalidae,Ctenotaenia
Moniezia benedeni,Italy,41.87194,12.56738,2,terrestrial,Animalia,Platyhelminthes,Cestoda,Cyclophyllidea,Anoplocephalidae,Moniezia
Moniezia expansa,Italy,41.87194,12.56738,2,terrestrial,Animalia,Platyhelminthes,Cestoda,Cyclophyllidea,Anoplocephalidae,Moniezia
Mosgovoyia pectinata,Italy,41.87194,12.56738,2,terrestrial,Animalia,Platyhelminthes,Cestoda,Cyclophyllidea,Anoplocephalidae,Mosgovoyia
Paranoplocephala omphalodes,Italy,41.87194,12.56738,2,terrestrial,Animalia,Platyhelminthes,Cestoda,Cyclophyllidea,Anoplocephalidae,Paranoplocephala
Stilesia globipunctata,Italy,41.87194,12.56738,2,terrestrial,Animalia,Platyhelminthes,Cestoda,Cyclophyllidea,Anoplocephalidae,Stilesia
Cladotaenia globifera,France,46.227638,2.213749,2,terrestrial,Animalia,Platyhelminthes,Cestoda,Cyclophyllidea,Paruterinidae,Cladotaenia
Schistocephalus solidus,Switzerland + Lichtenstein,47.3682887,8.5374552,3,freshwater,Animalia,Platyhelminthes,Cestoda,Diphyllobothriidea,Diphyllobothriidae,Schistocephalus
Bothriocephalus acheilognathi,Iran,32.427908,53.688046,3,freshwater,Animalia,Platyhelminthes,Cestoda,Bothriocephalidea,Bothriocephalidae,Schyzocotyle
Ligula intestinalis,Iran,32.427908,53.688046,3,freshwater,Animalia,Platyhelminthes,Cestoda,Diphyllobothriidea,Diphyllobothriidae,Ligula
Davainea proglottina,Italy,41.87194,12.56738,2,terrestrial,Animalia,Platyhelminthes,Cestoda,Cyclophyllidea,Davaineidae,Davainea
Ophryocotyle proteus,Italy,41.87194,12.56738,2,marine,Animalia,Platyhelminthes,Cestoda,Cyclophyllidea,Davaineidae,Ophryocotyle
Raillietina echinobothrida,Italy,41.87194,12.56738,2,terrestrial,Animalia,Platyhelminthes,Cestoda,Cyclophyllidea,Davaineidae,Raillietina
Raillietina tetragona,Italy,41.87194,12.56738,2,terrestrial,Animalia,Platyhelminthes,Cestoda,Cyclophyllidea,Davaineidae,Raillietina
Amoebotaenia cuneata,Italy,41.87194,12.56738,2,terrestrial,Animalia,Platyhelminthes,Cestoda,Cyclophyllidea,Dilepididae,Amoebotaenia
Multitesticulata filamentosa,Italy,41.87194,12.56738,2,terrestrial,Animalia,Platyhelminthes,Cestoda,Cyclophyllidea,Dilepididae,Choanotaenia
Neogryporhynchus cheilancristrotus,Italy,41.87194,12.56738,3,freshwater,Animalia,Platyhelminthes,Cestoda,Cyclophyllidea,Dilepididae,Neogryporhynchus
Paricterotaenia porosa,Italy,41.87194,12.56738,2,freshwater,Animalia,Platyhelminthes,Cestoda,Cyclophyllidea,Dilepididae,Paricterotaenia
Diplopylidium acanthotetra,Italy,41.87194,12.56738,3,terrestrial,Animalia,Platyhelminthes,Cestoda,Cyclophyllidea,Dipylidiidae,Diplopylidium
Joyeuxiella echinorhynchoides,Italy,41.87194,12.56738,3,terrestrial,Animalia,Platyhelminthes,Cestoda,Cyclophyllidea,Dipylidiidae,Joyeuxiella
Joyeuxiella pasqualei,Italy,41.87194,12.56738,3,terrestrial,Animalia,Platyhelminthes,Cestoda,Cyclophyllidea,Dipylidiidae,Joyeuxiella
Cladotaenia globifera,Italy,41.87194,12.56738,2,terrestrial,Animalia,Platyhelminthes,Cestoda,Cyclophyllidea,Paruterinidae,Cladotaenia
Fimbriarioides intermedia,Black Sea,43.41302899999999,34.299316,2,freshwater,Animalia,Platyhelminthes,Cestoda,Cyclophyllidea,Hymenolepididae,Fimbriarioides
Microsomacanthus microskrjabini,Black Sea,43.41302899999999,34.299316,2,freshwater,Animalia,Platyhelminthes,Cestoda,Cyclophyllidea,Hymenolepididae,Microsomacanthus
Platyscolex ciliata,Black Sea,43.41302899999999,34.299316,2,freshwater,Animalia,Platyhelminthes,Cestoda,Cyclophyllidea,Dilepididae,Platyscolex
Paruterina candelabraria,Italy,41.87194,12.56738,2,terrestrial,Animalia,Platyhelminthes,Cestoda,Cyclophyllidea,Paruterinidae,Paruterina
Aploparaksis crassirostris,Italy,41.87194,12.56738,2,terrestrial,Animalia,Platyhelminthes,Cestoda,Cyclophyllidea,Hymenolepididae,Aploparaksis
Aploparaksis filum,Italy,41.87194,12.56738,2,terrestrial,Animalia,Platyhelminthes,Cestoda,Cyclophyllidea,Hymenolepididae,Aploparaksis
Aploparaksis furcigera,Italy,41.87194,12.56738,2,terrestrial,Animalia,Platyhelminthes,Cestoda,Cyclophyllidea,Hymenolepididae,Aploparaksis
Dicranotaenia coronula,Italy,41.87194,12.56738,3,freshwater,Animalia,Platyhelminthes,Cestoda,Cyclophyllidea,Hymenolepididae,Dicranotaenia
Diorchis inflata,Italy,41.87194,12.56738,3,freshwater,Animalia,Platyhelminthes,Cestoda,Cyclophyllidea,Hymenolepididae,Diorchis
Diploposthe laevis,Italy,41.87194,12.56738,3,freshwater,Animalia,Platyhelminthes,Cestoda,Cyclophyllidea,Hymenolepididae,Diploposthe
Drepanidotaenia lanceolata,Italy,41.87194,12.56738,2,freshwater,Animalia,Platyhelminthes,Cestoda,Cyclophyllidea,Hymenolepididae,Drepanidotaenia
Echinocotyle rosseteri,Italy,41.87194,12.56738,3,freshwater,Animalia,Platyhelminthes,Cestoda,Cyclophyllidea,Hymenolepididae,Echinocotyle
Fimbriaria fasciolaris,Italy,41.87194,12.56738,3,freshwater,Animalia,Platyhelminthes,Cestoda,Cyclophyllidea,Hymenolepididae,Fimbriaria
Hymenolepis cantaniana,Italy,41.87194,12.56738,2,terrestrial,NA,NA,NA,NA,NA,NA
Hymenolepis diminuta,Italy,41.87194,12.56738,2,terrestrial,Animalia,Platyhelminthes,Cestoda,Cyclophyllidea,Hymenolepididae,Hymenolepis
Passerilepis stylosa,Italy,41.87194,12.56738,2,terrestrial,Animalia,Platyhelminthes,Cestoda,Cyclophyllidea,Hymenolepididae,Passerilepis
Pseudhymenolepis redonica,Italy,41.87194,12.56738,2,terrestrial,Animalia,Platyhelminthes,Cestoda,Cyclophyllidea,Hymenolepididae,Pseudhymenolepis
Rodentolepis asymmetrica,Italy,41.87194,12.56738,2,terrestrial,Animalia,Platyhelminthes,Cestoda,Cyclophyllidea,Hymenolepididae,Rodentolepis
Rodentolepis straminea,Italy,41.87194,12.56738,2,terrestrial,Animalia,Platyhelminthes,Cestoda,Cyclophyllidea,Hymenolepididae,Rodentolepis
Sobolevicanthus gracilis,Italy,41.87194,12.56738,3,freshwater,Animalia,Platyhelminthes,Cestoda,Cyclophyllidea,Hymenolepididae,Sobolevicanthus
Staphylocystis pistillum,Italy,41.87194,12.56738,2,terrestrial,Animalia,Platyhelminthes,Cestoda,Cyclophyllidea,Hymenolepididae,Staphylocystis
Staphylocystis scalaris,Italy,41.87194,12.56738,2,terrestrial,Animalia,Platyhelminthes,Cestoda,Cyclophyllidea,Hymenolepididae,Staphylocystis
Taenia crassiceps,Italy,41.87194,12.56738,2,terrestrial,Animalia,Platyhelminthes,Cestoda,Cyclophyllidea,Taeniidae,Taenia
Taenia polyacantha,Italy,41.87194,12.56738,2,terrestrial,Animalia,Platyhelminthes,Cestoda,Cyclophyllidea,Taeniidae,Taenia
Taenia saginata,Italy,41.87194,12.56738,2,terrestrial,Animalia,Platyhelminthes,Cestoda,Cyclophyllidea,Taeniidae,Taenia
Taenia serialis,Italy,41.87194,12.56738,2,terrestrial,Animalia,Platyhelminthes,Cestoda,Cyclophyllidea,Taeniidae,Taenia
Taenia solium,Italy,41.87194,12.56738,2,terrestrial,Animalia,Platyhelminthes,Cestoda,Cyclophyllidea,Taeniidae,Taenia
Cephalochlamys namaquensis,Cape Province,-33.5,20.97,2,freshwater,Animalia,Platyhelminthes,Cestoda,Diphyllobothriidea,Cephalochlamydidae,Cephalochlamys
Molluscotaenia crassiscolex,Kazakstan,48.019573,66.923684,2,terrestrial,Animalia,Platyhelminthes,Cestoda,Cyclophyllidea,Dilepididae,Choanotaenia
Lineolepis scutigera,Kazakstan,48.019573,66.923684,2,terrestrial,Animalia,Platyhelminthes,Cestoda,Cyclophyllidea,Hymenolepididae,Lineolepis
Neoskrjabinolepis schaldybini,Kazakstan,48.019573,66.923684,2,terrestrial,Animalia,Platyhelminthes,Cestoda,Cyclophyllidea,Hymenolepididae,Hymenolepis
Staphylocystis brusatae,Kazakstan,48.019573,66.923684,2,terrestrial,Animalia,Platyhelminthes,Cestoda,Cyclophyllidea,Hymenolepididae,Staphylocystis
Staphylocystis furcata,Kazakstan,48.019573,66.923684,2,terrestrial,Animalia,Platyhelminthes,Cestoda,Cyclophyllidea,Hymenolepididae,Staphylocystis
Urocystis prolifer,Kazakstan,48.019573,66.923684,2,terrestrial,Animalia,Platyhelminthes,Cestoda,Cyclophyllidea,Hymenolepididae,Hymenolepis
Oochoristica scelopori,Mexico,23.634501,-102.552784,2,terrestrial,Animalia,Platyhelminthes,Cestoda,Cyclophyllidea,Anoplocephalidae,Oochoristica
Staphylocystis furcata,Borneo,0.9618833999999999,114.5548495,2,terrestrial,Animalia,Platyhelminthes,Cestoda,Cyclophyllidea,Hymenolepididae,Staphylocystis
Moniezia expansa,NW African coast,-8.783195,34.508523,2,terrestrial,Animalia,Platyhelminthes,Cestoda,Cyclophyllidea,Anoplocephalidae,Moniezia
Proteocephalus percae,European USSR (CIS),54.5259614,15.2551187,4,freshwater,Animalia,Platyhelminthes,Cestoda,Onchoproteocephalidea,Proteocephalidae,Proteocephalus
Proteocephalus cernuae,European USSR (CIS),54.5259614,15.2551187,2,freshwater,Animalia,Platyhelminthes,Cestoda,Onchoproteocephalidea,Proteocephalidae,Proteocephalus
Oochoristica scelopori,United States,37.09024,-95.712891,2,terrestrial,Animalia,Platyhelminthes,Cestoda,Cyclophyllidea,Anoplocephalidae,Oochoristica
Calliobothrium verticillatum,Adriatic Sea,41.85509039999999,17.2902839,2,marine,Animalia,Platyhelminthes,Cestoda,Tetraphyllidea,Calliobothriidae,Calliobothrium
Proteocephalus filicollis,Scotland,56.49067119999999,-4.2026458,3,freshwater,Animalia,Platyhelminthes,Cestoda,Onchoproteocephalidea,Proteocephalidae,Proteocephalus
Khawia sinensis,European USSR (CIS),54.5259614,15.2551187,2,freshwater,Animalia,Platyhelminthes,Cestoda,Caryophyllidea,Lytocestidae,Khawia
Valipora campylancristrota,European USSR (CIS),54.5259614,15.2551187,3,freshwater,Animalia,Platyhelminthes,Cestoda,Cyclophyllidea,Dipylidiidae,Dipylidium
Cyathocephalus truncatus,Great Lakes,45.0522366,-82.4846115,2,freshwater,Animalia,Platyhelminthes,Cestoda,Spathebothriidea,Acrobothriidae,Cyathocephalus
Eubothrium salvelini,Great Lakes,45.0522366,-82.4846115,3,freshwater,Animalia,Platyhelminthes,Cestoda,Bothriocephalidea,Triaenophoridae,Eubothrium
Triaenophorus crassus,Great Lakes,45.0522366,-82.4846115,3,freshwater,Animalia,Platyhelminthes,Cestoda,Bothriocephalidea,Triaenophoridae,Triaenophorus
Triaenophorus nodulosus,Great Lakes,45.0522366,-82.4846115,3,freshwater,Animalia,Platyhelminthes,Cestoda,Bothriocephalidea,Triaenophoridae,Triaenophorus
Lacistorhynchus tenuis,Northeast Atlantic,39.370134,-77.40677199999999,3,marine,Animalia,Platyhelminthes,Cestoda,Trypanorhyncha,Lacistorhynchidae,Lacistorhynchus
Nybelinia surmenicola,Chilean coast,-32.98,-71.00999999999999,3,marine,Animalia,Platyhelminthes,Cestoda,Trypanorhyncha,Tentaculariidae,Nybelinia
Lacistorhynchus dollfusi,Chilean coast,-32.98,-71.00999999999999,3,marine,Animalia,Platyhelminthes,Cestoda,Trypanorhyncha,Lacistorhynchidae,Lacistorhynchus
Dipylidium caninum,European USSR (CIS),54.5259614,15.2551187,2,terrestrial,Animalia,Platyhelminthes,Cestoda,Cyclophyllidea,Dipylidiidae,Dipylidium
Caryophyllaeus laticeps,Norway,60.47202399999999,8.468945999999999,2,freshwater,Animalia,Platyhelminthes,Cestoda,Caryophyllidea,Caryophyllaeidae,Caryophyllaeus
Ligula intestinalis,Norway,60.47202399999999,8.468945999999999,3,freshwater,Animalia,Platyhelminthes,Cestoda,Diphyllobothriidea,Diphyllobothriidae,Ligula
Proteocephalus percae,Norway,60.47202399999999,8.468945999999999,4,freshwater,Animalia,Platyhelminthes,Cestoda,Onchoproteocephalidea,Proteocephalidae,Proteocephalus
Corallobothrium fimbriatum,Arizona,34.0489281,-111.0937311,3,freshwater,Animalia,Platyhelminthes,Cestoda,Onchoproteocephalidea,Proteocephalidae,Essexiella
Proteocephalus ambloplitis,Arizona,34.0489281,-111.0937311,4,freshwater,Animalia,Platyhelminthes,Cestoda,Onchoproteocephalidea,Proteocephalidae,Proteocephalus
Oochoristica anolis,Nearctic,53.569001,-113.571487,2,terrestrial,Animalia,Platyhelminthes,Cestoda,Cyclophyllidea,Anoplocephalidae,Oochoristica
Oochoristica osheroffi,Nearctic,53.569001,-113.571487,2,terrestrial,Animalia,Platyhelminthes,Cestoda,Cyclophyllidea,Anoplocephalidae,Oochoristica
Oochoristica scelopori,Nearctic,53.569001,-113.571487,2,terrestrial,Animalia,Platyhelminthes,Cestoda,Cyclophyllidea,Anoplocephalidae,Oochoristica
Hymenolepis citelli,Idaho,44.0682019,-114.7420408,2,terrestrial,Animalia,Platyhelminthes,Cestoda,Cyclophyllidea,Hymenolepididae,Hymenolepis
Cyclustera ibisae,Florida,27.6648274,-81.5157535,3,freshwater,Animalia,Platyhelminthes,Cestoda,Cyclophyllidea,Gryporhynchidae,Cyclustera
Raillietina echinobothrida,Vietnam,14.058324,108.277199,2,terrestrial,Animalia,Platyhelminthes,Cestoda,Cyclophyllidea,Davaineidae,Raillietina
Raillietina tetragona,Vietnam,14.058324,108.277199,2,terrestrial,Animalia,Platyhelminthes,Cestoda,Cyclophyllidea,Davaineidae,Raillietina
Raillietina cesticillus,Vietnam,14.058324,108.277199,2,terrestrial,Animalia,Platyhelminthes,Cestoda,Cyclophyllidea,Davaineidae,Skrjabinia
Diorchis brevis,Vietnam,14.058324,108.277199,2,freshwater,Animalia,Platyhelminthes,Cestoda,Cyclophyllidea,Hymenolepididae,Diorchis
Diploposthe laevis,Vietnam,14.058324,108.277199,3,freshwater,Animalia,Platyhelminthes,Cestoda,Cyclophyllidea,Hymenolepididae,Diploposthe
Fimbriaria fasciolaris,Vietnam,14.058324,108.277199,3,freshwater,Animalia,Platyhelminthes,Cestoda,Cyclophyllidea,Hymenolepididae,Fimbriaria
Hymenolepis diminuta,Vietnam,14.058324,108.277199,2,terrestrial,Animalia,Platyhelminthes,Cestoda,Cyclophyllidea,Hymenolepididae,Hymenolepis
Rodentolepis straminea,Vietnam,14.058324,108.277199,2,terrestrial,Animalia,Platyhelminthes,Cestoda,Cyclophyllidea,Hymenolepididae,Rodentolepis
Dipylidium caninum,Vietnam,14.058324,108.277199,2,terrestrial,Animalia,Platyhelminthes,Cestoda,Cyclophyllidea,Dipylidiidae,Dipylidium
Taenia laticollis,Vietnam,14.058324,108.277199,2,terrestrial,Animalia,Platyhelminthes,Cestoda,Cyclophyllidea,Taeniidae,Taenia
Taenia solium,Vietnam,14.058324,108.277199,2,terrestrial,Animalia,Platyhelminthes,Cestoda,Cyclophyllidea,Taeniidae,Taenia
Caryophyllaeus laticeps,Iraq,33.223191,43.679291,2,freshwater,Animalia,Platyhelminthes,Cestoda,Caryophyllidea,Caryophyllaeidae,Caryophyllaeus
Taenia saginata,Peru,-9.189967,-75.015152,2,terrestrial,Animalia,Platyhelminthes,Cestoda,Cyclophyllidea,Taeniidae,Taenia
Taenia saginata,Guatemala,15.783471,-90.23075899999999,2,terrestrial,Animalia,Platyhelminthes,Cestoda,Cyclophyllidea,Taeniidae,Taenia
Taenia hydatigena,Vietnam,14.058324,108.277199,2,terrestrial,Animalia,Platyhelminthes,Cestoda,Cyclophyllidea,Taeniidae,Taenia
Taenia martis,Balearic Islands,39.3587759,2.7356328,2,terrestrial,Animalia,Platyhelminthes,Cestoda,Cyclophyllidea,Taeniidae,Taenia
Echinococcus oligarthrus,Mexico,23.634501,-102.552784,2,terrestrial,Animalia,Platyhelminthes,Cestoda,Cyclophyllidea,Taeniidae,Echinococcus
Bothriocephalus gregarius,Black Sea,43.41302899999999,34.299316,3,marine,Animalia,Platyhelminthes,Cestoda,Bothriocephalidea,Bothriocephalidae,Bothriocephalus
Ligula intestinalis,Uganda,1.373333,32.290275,3,freshwater,Animalia,Platyhelminthes,Cestoda,Diphyllobothriidea,Diphyllobothriidae,Ligula
Dicranotaenia coronula,Florida,27.6648274,-81.5157535,3,freshwater,Animalia,Platyhelminthes,Cestoda,Cyclophyllidea,Hymenolepididae,Dicranotaenia
Diorchis bulbodes,Florida,27.6648274,-81.5157535,2,freshwater,Animalia,Platyhelminthes,Cestoda,Cyclophyllidea,Hymenolepididae,Diorchis
Diploposthe laevis,Florida,27.6648274,-81.5157535,3,freshwater,Animalia,Platyhelminthes,Cestoda,Cyclophyllidea,Hymenolepididae,Diploposthe
Fimbriaria fasciolaris,Florida,27.6648274,-81.5157535,3,freshwater,Animalia,Platyhelminthes,Cestoda,Cyclophyllidea,Hymenolepididae,Fimbriaria
Microsomacanthus compressa,Florida,27.6648274,-81.5157535,3,freshwater,Animalia,Platyhelminthes,Cestoda,Cyclophyllidea,Hymenolepididae,Microsomacanthus
Microsomacanthus hopkinsi,Florida,27.6648274,-81.5157535,2,freshwater,Animalia,Platyhelminthes,Cestoda,Cyclophyllidea,Hymenolepididae,Microsomacanthus
Platyscolex ciliata,Florida,27.6648274,-81.5157535,2,freshwater,Animalia,Platyhelminthes,Cestoda,Cyclophyllidea,Dilepididae,Platyscolex
Sobolevicanthus gracilis,Florida,27.6648274,-81.5157535,3,freshwater,Animalia,Platyhelminthes,Cestoda,Cyclophyllidea,Hymenolepididae,Sobolevicanthus
Taenia acinonyxi,Zaire,-6.2649292,14.2343282,2,terrestrial,Animalia,Platyhelminthes,Cestoda,Cyclophyllidea,Taeniidae,Taenia
Taenia hydatigena,Iceland,64.963051,-19.020835,2,terrestrial,Animalia,Platyhelminthes,Cestoda,Cyclophyllidea,Taeniidae,Taenia
Taenia parenchymatosa,Russia (Asian),61.52401,105.318756,2,terrestrial,Animalia,Platyhelminthes,Cestoda,Cyclophyllidea,Taeniidae,Taenia
Taenia laticollis,Alberta,53.9332706,-116.5765035,2,terrestrial,Animalia,Platyhelminthes,Cestoda,Cyclophyllidea,Taeniidae,Taenia
Taenia pisiformis,Switzerland + Lichtenstein,47.3682887,8.5374552,2,terrestrial,Animalia,Platyhelminthes,Cestoda,Cyclophyllidea,Taeniidae,Taenia
Taenia regis,Zaire,-6.2649292,14.2343282,2,terrestrial,Animalia,Platyhelminthes,Cestoda,Cyclophyllidea,Taeniidae,Taenia
Taenia solium,Switzerland + Lichtenstein,47.3682887,8.5374552,2,terrestrial,Animalia,Platyhelminthes,Cestoda,Cyclophyllidea,Taeniidae,Taenia
Taenia parva,Switzerland + Lichtenstein,47.3682887,8.5374552,2,terrestrial,Animalia,Platyhelminthes,Cestoda,Cyclophyllidea,Taeniidae,Hydatigera
Ligula intestinalis,Quebec,52.9399159,-73.5491361,3,freshwater,Animalia,Platyhelminthes,Cestoda,Diphyllobothriidea,Diphyllobothriidae,Ligula
Thysaniezia giardi,Pakistan,30.375321,69.34511599999999,2,terrestrial,Animalia,Platyhelminthes,Cestoda,Cyclophyllidea,Anoplocephalidae,Thysaniezia
Moniezia benedeni,Pakistan,30.375321,69.34511599999999,2,terrestrial,Animalia,Platyhelminthes,Cestoda,Cyclophyllidea,Anoplocephalidae,Moniezia
Avitellina centripunctata,Pakistan,30.375321,69.34511599999999,2,terrestrial,Animalia,Platyhelminthes,Cestoda,Cyclophyllidea,Anoplocephalidae,Avitellina
Stilesia globipunctata,Pakistan,30.375321,69.34511599999999,2,terrestrial,Animalia,Platyhelminthes,Cestoda,Cyclophyllidea,Anoplocephalidae,Stilesia
Raillietina tetragona,Pakistan,30.375321,69.34511599999999,2,terrestrial,Animalia,Platyhelminthes,Cestoda,Cyclophyllidea,Davaineidae,Raillietina
Raillietina echinobothrida,Pakistan,30.375321,69.34511599999999,2,terrestrial,Animalia,Platyhelminthes,Cestoda,Cyclophyllidea,Davaineidae,Raillietina
Choanotaenia infundibulum,Pakistan,30.375321,69.34511599999999,2,terrestrial,Animalia,Platyhelminthes,Cestoda,Cyclophyllidea,Dilepididae,Choanotaenia
Hymenolepis diminuta,Finland,61.92410999999999,25.7481511,2,terrestrial,Animalia,Platyhelminthes,Cestoda,Cyclophyllidea,Hymenolepididae,Hymenolepis
Moniezia expansa,Sumatra,-0.589724,101.3431058,2,terrestrial,Animalia,Platyhelminthes,Cestoda,Cyclophyllidea,Anoplocephalidae,Moniezia
Hymenolepis nana,Italy,41.87194,12.56738,2,terrestrial,Animalia,Platyhelminthes,Cestoda,Cyclophyllidea,Hymenolepididae,Rodentolepis
Raillietina cesticillus,Italy,41.87194,12.56738,2,terrestrial,Animalia,Platyhelminthes,Cestoda,Cyclophyllidea,Davaineidae,Skrjabinia
Taenia asiatica,Japan,36.204824,138.252924,2,terrestrial,Animalia,Platyhelminthes,Cestoda,Cyclophyllidea,Taeniidae,Taenia
Retinometra venusta,Armenia,40.069099,45.038189,2,freshwater,Animalia,Platyhelminthes,Cestoda,Cyclophyllidea,Hymenolepididae,Retinometra
Microsomacanthus paramicrosoma,Armenia,40.069099,45.038189,3,freshwater,Animalia,Platyhelminthes,Cestoda,Cyclophyllidea,Hymenolepididae,Microsomacanthus
Aploparaksis filum,Armenia,40.069099,45.038189,2,terrestrial,Animalia,Platyhelminthes,Cestoda,Cyclophyllidea,Hymenolepididae,Aploparaksis
Anoplocephala perfoliata,"England, Wales + Isle of Man",54.236107,-4.548056,2,terrestrial,Animalia,Platyhelminthes,Cestoda,Cyclophyllidea,Anoplocephalidae,Anoplocephala
Paradilepis scolecina,Italy,41.87194,12.56738,3,freshwater,Animalia,Platyhelminthes,Cestoda,Cyclophyllidea,Gryporhynchidae,Paradilepis
Molluscotaenia crassiscolex,Germany,51.165691,10.451526,2,terrestrial,Animalia,Platyhelminthes,Cestoda,Cyclophyllidea,Dilepididae,Choanotaenia
Lineolepis scutigera,Germany,51.165691,10.451526,2,terrestrial,Animalia,Platyhelminthes,Cestoda,Cyclophyllidea,Hymenolepididae,Lineolepis
Neoskrjabinolepis schaldybini,Germany,51.165691,10.451526,2,terrestrial,Animalia,Platyhelminthes,Cestoda,Cyclophyllidea,Hymenolepididae,Hymenolepis
Urocystis prolifer,Germany,51.165691,10.451526,2,terrestrial,Animalia,Platyhelminthes,Cestoda,Cyclophyllidea,Hymenolepididae,Hymenolepis
Taenia pisiformis,Southwest Europe,41.2745004,-1.2121322,2,terrestrial,Animalia,Platyhelminthes,Cestoda,Cyclophyllidea,Taeniidae,Taenia
Cittotaenia denticulata,Southwest Europe,41.2745004,-1.2121322,2,terrestrial,Animalia,Platyhelminthes,Cestoda,Cyclophyllidea,Anoplocephalidae,Cittotaenia
Neoctenotaenia ctenoides,Southwest Europe,41.2745004,-1.2121322,2,terrestrial,Animalia,Platyhelminthes,Cestoda,Cyclophyllidea,Anoplocephalidae,Neoctenotaenia
Proteocephalus percae,Switzerland + Lichtenstein,47.3682887,8.5374552,4,freshwater,Animalia,Platyhelminthes,Cestoda,Onchoproteocephalidea,Proteocephalidae,Proteocephalus
Taenia solium,California,36.778261,-119.4179324,2,terrestrial,Animalia,Platyhelminthes,Cestoda,Cyclophyllidea,Taeniidae,Taenia
Schizorchis altaica,Lake Baikal,53.5587003,108.1649965,2,terrestrial,Animalia,Platyhelminthes,Cestoda,Cyclophyllidea,Anoplocephalidae,Schizorchis
Mosgovoyia pectinata,Lake Baikal,53.5587003,108.1649965,2,terrestrial,Animalia,Platyhelminthes,Cestoda,Cyclophyllidea,Anoplocephalidae,Mosgovoyia
Paranoplocephala omphalodes,Lake Baikal,53.5587003,108.1649965,2,terrestrial,Animalia,Platyhelminthes,Cestoda,Cyclophyllidea,Anoplocephalidae,Paranoplocephala
Anoplocephala magna,Lake Baikal,53.5587003,108.1649965,2,terrestrial,Animalia,Platyhelminthes,Cestoda,Cyclophyllidea,Anoplocephalidae,Anoplocephala
Anoplocephala perfoliata,Lake Baikal,53.5587003,108.1649965,2,terrestrial,Animalia,Platyhelminthes,Cestoda,Cyclophyllidea,Anoplocephalidae,Anoplocephala
Moniezia expansa,Lake Baikal,53.5587003,108.1649965,2,terrestrial,Animalia,Platyhelminthes,Cestoda,Cyclophyllidea,Anoplocephalidae,Moniezia
Moniezia benedeni,Lake Baikal,53.5587003,108.1649965,2,terrestrial,Animalia,Platyhelminthes,Cestoda,Cyclophyllidea,Anoplocephalidae,Moniezia
Avitellina centripunctata,Lake Baikal,53.5587003,108.1649965,2,terrestrial,Animalia,Platyhelminthes,Cestoda,Cyclophyllidea,Anoplocephalidae,Avitellina
Avitellina arctica,Lake Baikal,53.5587003,108.1649965,2,terrestrial,Animalia,Platyhelminthes,Cestoda,Cyclophyllidea,Anoplocephalidae,Avitellina
Thysaniezia giardi,Lake Baikal,53.5587003,108.1649965,2,terrestrial,Animalia,Platyhelminthes,Cestoda,Cyclophyllidea,Anoplocephalidae,Thysaniezia
Catenotaenia pusilla,Lake Baikal,53.5587003,108.1649965,2,terrestrial,Animalia,Platyhelminthes,Cestoda,Cyclophyllidea,Catenotaeniidae,Catenotaenia
Mathevotaenia symmetrica,Lake Baikal,53.5587003,108.1649965,2,terrestrial,Animalia,Platyhelminthes,Cestoda,Cyclophyllidea,Anoplocephalidae,Mathevotaenia
Hymenolepis diminuta,Lake Baikal,53.5587003,108.1649965,2,terrestrial,Animalia,Platyhelminthes,Cestoda,Cyclophyllidea,Hymenolepididae,Hymenolepis
Rodentolepis straminea,Lake Baikal,53.5587003,108.1649965,2,terrestrial,Animalia,Platyhelminthes,Cestoda,Cyclophyllidea,Hymenolepididae,Rodentolepis
Urocystis prolifer,Lake Baikal,53.5587003,108.1649965,2,terrestrial,Animalia,Platyhelminthes,Cestoda,Cyclophyllidea,Hymenolepididae,Hymenolepis
Dipylidium caninum,Lake Baikal,53.5587003,108.1649965,2,terrestrial,Animalia,Platyhelminthes,Cestoda,Cyclophyllidea,Dipylidiidae,Dipylidium
Cladotaenia globifera,Lake Baikal,53.5587003,108.1649965,2,terrestrial,Animalia,Platyhelminthes,Cestoda,Cyclophyllidea,Paruterinidae,Cladotaenia
Taenia solium,Lake Baikal,53.5587003,108.1649965,2,terrestrial,Animalia,Platyhelminthes,Cestoda,Cyclophyllidea,Taeniidae,Taenia
Taenia hydatigena,Lake Baikal,53.5587003,108.1649965,2,terrestrial,Animalia,Platyhelminthes,Cestoda,Cyclophyllidea,Taeniidae,Taenia
Taenia mustelae,Lake Baikal,53.5587003,108.1649965,2,terrestrial,Animalia,Platyhelminthes,Cestoda,Cyclophyllidea,Taeniidae,Taenia
Taenia martis,Lake Baikal,53.5587003,108.1649965,2,terrestrial,Animalia,Platyhelminthes,Cestoda,Cyclophyllidea,Taeniidae,Taenia
Taenia crassiceps,Lake Baikal,53.5587003,108.1649965,2,terrestrial,Animalia,Platyhelminthes,Cestoda,Cyclophyllidea,Taeniidae,Taenia
Taenia pisiformis,Lake Baikal,53.5587003,108.1649965,2,terrestrial,Animalia,Platyhelminthes,Cestoda,Cyclophyllidea,Taeniidae,Taenia
Echinococcus granulosus,Lake Baikal,53.5587003,108.1649965,2,terrestrial,Animalia,Platyhelminthes,Cestoda,Cyclophyllidea,Taeniidae,Echinococcus
Fimbriarioides intermedia,Iceland,64.963051,-19.020835,2,freshwater,Animalia,Platyhelminthes,Cestoda,Cyclophyllidea,Hymenolepididae,Fimbriarioides
Hymenolepis nana,Mali,17.570692,-3.996166,2,terrestrial,Animalia,Platyhelminthes,Cestoda,Cyclophyllidea,Hymenolepididae,Rodentolepis
Taenia saginata,Pakistan,30.375321,69.34511599999999,2,terrestrial,Animalia,Platyhelminthes,Cestoda,Cyclophyllidea,Taeniidae,Taenia
Bothriocephalus claviceps,Nearctic,53.569001,-113.571487,2,freshwater,Animalia,Platyhelminthes,Cestoda,Bothriocephalidea,Bothriocephalidae,Bothriocephalus
Bothriocephalus cuspidatus,Nearctic,53.569001,-113.571487,2,freshwater,Animalia,Platyhelminthes,Cestoda,Bothriocephalidea,Bothriocephalidae,Bothriocephalus
Bothriocephalus acheilognathi,Nearctic,53.569001,-113.571487,3,freshwater,Animalia,Platyhelminthes,Cestoda,Bothriocephalidea,Bothriocephalidae,Schyzocotyle
Proteocephalus longicollis,Denmark,56.26392,9.501785,4,freshwater,Animalia,Platyhelminthes,Cestoda,Onchoproteocephalidea,Proteocephalidae,Proteocephalus
Triaenophorus nodulosus,Denmark,56.26392,9.501785,3,freshwater,Animalia,Platyhelminthes,Cestoda,Bothriocephalidea,Triaenophoridae,Triaenophorus
Echinococcus granulosus,Bangladesh,23.684994,90.356331,2,terrestrial,Animalia,Platyhelminthes,Cestoda,Cyclophyllidea,Taeniidae,Echinococcus
Proteocephalus macrocephalus,Belgium + Luxembourg,50.0546886,5.467698299999999,2,freshwater,Animalia,Platyhelminthes,Cestoda,Onchoproteocephalidea,Proteocephalidae,Proteocephalus
Bothriocephalus claviceps,Belgium + Luxembourg,50.0546886,5.467698299999999,2,freshwater,Animalia,Platyhelminthes,Cestoda,Bothriocephalidea,Bothriocephalidae,Bothriocephalus
Bothriocephalus acheilognathi,Australia,-25.274398,133.775136,3,freshwater,Animalia,Platyhelminthes,Cestoda,Bothriocephalidea,Bothriocephalidae,Schyzocotyle
Anoplocephala magna,Germany,51.165691,10.451526,2,terrestrial,Animalia,Platyhelminthes,Cestoda,Cyclophyllidea,Anoplocephalidae,Anoplocephala
Bothriocephalus acheilognathi,Arkansas,35.20105,-91.8318334,3,freshwater,Animalia,Platyhelminthes,Cestoda,Bothriocephalidea,Bothriocephalidae,Schyzocotyle
Microsomacanthus ductilis,Islands of the Arctic Ocean,65.2481624,-60.4620977,2,marine,Animalia,Platyhelminthes,Cestoda,Cyclophyllidea,Hymenolepididae,Microsomacanthus
Tetrabothrius erostris,Islands of the Arctic Ocean,65.2481624,-60.4620977,3,marine,Animalia,Platyhelminthes,Cestoda,Tetrabothriidea,Tetrabothriidae,Tetrabothrius
Taenia saginata,Southeast Asia,-2.2179704,115.66283,2,terrestrial,Animalia,Platyhelminthes,Cestoda,Cyclophyllidea,Taeniidae,Taenia
Bothriocephalus acheilognathi,Greece,39.074208,21.824312,3,freshwater,Animalia,Platyhelminthes,Cestoda,Bothriocephalidea,Bothriocephalidae,Schyzocotyle
Khawia sinensis,Greece,39.074208,21.824312,2,freshwater,Animalia,Platyhelminthes,Cestoda,Caryophyllidea,Lytocestidae,Khawia
Taenia polyacantha,Spain + Andalusia,37.5442706,-4.7277528,2,terrestrial,Animalia,Platyhelminthes,Cestoda,Cyclophyllidea,Taeniidae,Taenia
Taenia mustelae,Byelorussia,53.709807,27.953389,2,terrestrial,Animalia,Platyhelminthes,Cestoda,Cyclophyllidea,Taeniidae,Taenia
Drepanidotaenia lanceolata,Yugoslavia,37.09024,-95.712891,2,freshwater,Animalia,Platyhelminthes,Cestoda,Cyclophyllidea,Hymenolepididae,Drepanidotaenia
Bothriocephalus acheilognathi,Georgia (USSR),42.315407,43.35689199999999,3,freshwater,Animalia,Platyhelminthes,Cestoda,Bothriocephalidea,Bothriocephalidae,Schyzocotyle
Bothriocephalus scorpii,Sea of Japan,38.848848,135,3,marine,Animalia,Platyhelminthes,Cestoda,Bothriocephalidea,Bothriocephalidae,Bothriocephalus
Staphylocystis furcata,"England, Wales + Isle of Man",54.236107,-4.548056,2,terrestrial,Animalia,Platyhelminthes,Cestoda,Cyclophyllidea,Hymenolepididae,Staphylocystis
Staphylocystis scalaris,"England, Wales + Isle of Man",54.236107,-4.548056,2,terrestrial,Animalia,Platyhelminthes,Cestoda,Cyclophyllidea,Hymenolepididae,Staphylocystis
Rodentolepis microstoma,"England, Wales + Isle of Man",54.236107,-4.548056,2,terrestrial,Animalia,Platyhelminthes,Cestoda,Cyclophyllidea,Hymenolepididae,Rodentolepis
Rodentolepis straminea,"England, Wales + Isle of Man",54.236107,-4.548056,2,terrestrial,Animalia,Platyhelminthes,Cestoda,Cyclophyllidea,Hymenolepididae,Rodentolepis
Taenia martis,"England, Wales + Isle of Man",54.236107,-4.548056,2,terrestrial,Animalia,Platyhelminthes,Cestoda,Cyclophyllidea,Taeniidae,Taenia
Moniezia benedeni,"England, Wales + Isle of Man",54.236107,-4.548056,2,terrestrial,Animalia,Platyhelminthes,Cestoda,Cyclophyllidea,Anoplocephalidae,Moniezia
Moniezia expansa,"England, Wales + Isle of Man",54.236107,-4.548056,2,terrestrial,Animalia,Platyhelminthes,Cestoda,Cyclophyllidea,Anoplocephalidae,Moniezia
Taenia hydatigena,Mongolia,46.862496,103.846656,2,terrestrial,Animalia,Platyhelminthes,Cestoda,Cyclophyllidea,Taeniidae,Taenia
Echinococcus granulosus,Mongolia,46.862496,103.846656,2,terrestrial,Animalia,Platyhelminthes,Cestoda,Cyclophyllidea,Taeniidae,Echinococcus
Bothriocephalus acheilognathi,New South Wales,-31.2532183,146.921099,3,freshwater,Animalia,Platyhelminthes,Cestoda,Bothriocephalidea,Bothriocephalidae,Schyzocotyle
Proteocephalus macrocephalus,Eire + N. Ireland,54.7877149,-6.4923145,2,freshwater,Animalia,Platyhelminthes,Cestoda,Onchoproteocephalidea,Proteocephalidae,Proteocephalus
Bothriocephalus claviceps,Eire + N. Ireland,54.7877149,-6.4923145,2,freshwater,Animalia,Platyhelminthes,Cestoda,Bothriocephalidea,Bothriocephalidae,Bothriocephalus
Diphyllobothrium ditremum,Northeast Atlantic,39.370134,-77.40677199999999,3,freshwater,Animalia,Platyhelminthes,Cestoda,Diphyllobothriidea,Diphyllobothriidae,Dibothriocephalus
Catenotaenia pusilla,Eire + N. Ireland,54.7877149,-6.4923145,2,terrestrial,Animalia,Platyhelminthes,Cestoda,Cyclophyllidea,Catenotaeniidae,Catenotaenia
Bertiella studeri,Spain + Andalusia,37.5442706,-4.7277528,2,terrestrial,Animalia,Platyhelminthes,Cestoda,Cyclophyllidea,Anoplocephalidae,Bertiella
Paradilepis caballeroi,Gulf of Mexico,25.304304,-90.065918,3,freshwater,Animalia,Platyhelminthes,Cestoda,Cyclophyllidea,Gryporhynchidae,Paradilepis
Dipylidium caninum,France,46.227638,2.213749,2,terrestrial,Animalia,Platyhelminthes,Cestoda,Cyclophyllidea,Dipylidiidae,Dipylidium
Hymenolepis diminuta,New South Wales,-31.2532183,146.921099,2,terrestrial,Animalia,Platyhelminthes,Cestoda,Cyclophyllidea,Hymenolepididae,Hymenolepis
Taenia asiatica,Indonesia & Malaysia,-0.789275,113.921327,2,terrestrial,Animalia,Platyhelminthes,Cestoda,Cyclophyllidea,Taeniidae,Taenia
Joyeuxiella echinorhynchoides,Greece,39.074208,21.824312,3,terrestrial,Animalia,Platyhelminthes,Cestoda,Cyclophyllidea,Dipylidiidae,Joyeuxiella
Dipylidium caninum,Greece,39.074208,21.824312,2,terrestrial,Animalia,Platyhelminthes,Cestoda,Cyclophyllidea,Dipylidiidae,Dipylidium
Taenia hydatigena,Greece,39.074208,21.824312,2,terrestrial,Animalia,Platyhelminthes,Cestoda,Cyclophyllidea,Taeniidae,Taenia
Taenia pisiformis,Greece,39.074208,21.824312,2,terrestrial,Animalia,Platyhelminthes,Cestoda,Cyclophyllidea,Taeniidae,Taenia
Taenia taeniaeformis,Greece,39.074208,21.824312,2,terrestrial,Animalia,Platyhelminthes,Cestoda,Cyclophyllidea,Taeniidae,Hydatigera
Taenia crassiceps,Greece,39.074208,21.824312,2,terrestrial,Animalia,Platyhelminthes,Cestoda,Cyclophyllidea,Taeniidae,Taenia
Cladotaenia globifera,Spain + Andalusia,37.5442706,-4.7277528,2,terrestrial,Animalia,Platyhelminthes,Cestoda,Cyclophyllidea,Paruterinidae,Cladotaenia
Taenia solium,Malagasay,-20,47,2,terrestrial,Animalia,Platyhelminthes,Cestoda,Cyclophyllidea,Taeniidae,Taenia
Taenia solium,Burundi,-3.373056,29.918886,2,terrestrial,Animalia,Platyhelminthes,Cestoda,Cyclophyllidea,Taeniidae,Taenia
Raillietina tetragona,Yugoslavia,37.09024,-95.712891,2,terrestrial,Animalia,Platyhelminthes,Cestoda,Cyclophyllidea,Davaineidae,Raillietina
Raillietina echinobothrida,Yugoslavia,37.09024,-95.712891,2,terrestrial,Animalia,Platyhelminthes,Cestoda,Cyclophyllidea,Davaineidae,Raillietina
Davainea proglottina,Yugoslavia,37.09024,-95.712891,2,terrestrial,Animalia,Platyhelminthes,Cestoda,Cyclophyllidea,Davaineidae,Davainea
Ligula intestinalis,Lake Baikal,53.5587003,108.1649965,3,freshwater,Animalia,Platyhelminthes,Cestoda,Diphyllobothriidea,Diphyllobothriidae,Ligula
Avitellina centripunctata,France,46.227638,2.213749,2,terrestrial,Animalia,Platyhelminthes,Cestoda,Cyclophyllidea,Anoplocephalidae,Avitellina
Moniezia benedeni,France,46.227638,2.213749,2,terrestrial,Animalia,Platyhelminthes,Cestoda,Cyclophyllidea,Anoplocephalidae,Moniezia
Taenia mustelae,Spain + Andalusia,37.5442706,-4.7277528,2,terrestrial,Animalia,Platyhelminthes,Cestoda,Cyclophyllidea,Taeniidae,Taenia
Hymenolepis diminuta,Mexico,23.634501,-102.552784,2,terrestrial,Animalia,Platyhelminthes,Cestoda,Cyclophyllidea,Hymenolepididae,Hymenolepis
Taenia saginata,Mexico,23.634501,-102.552784,2,terrestrial,Animalia,Platyhelminthes,Cestoda,Cyclophyllidea,Taeniidae,Taenia
Proteocephalus ambiguus,Norway,60.47202399999999,8.468945999999999,2,freshwater,Animalia,Platyhelminthes,Cestoda,Onchoproteocephalidea,Proteocephalidae,Proteocephalus
Diplocotyle olrikii,Norway,60.47202399999999,8.468945999999999,2,marine,Animalia,Platyhelminthes,Cestoda,Spathebothriidea,Acrobothriidae,Diplocotyle
Eubothrium salvelini,France,46.227638,2.213749,3,freshwater,Animalia,Platyhelminthes,Cestoda,Bothriocephalidea,Triaenophoridae,Eubothrium
Dipylidium caninum,Taiwan,23.69781,120.960515,2,terrestrial,Animalia,Platyhelminthes,Cestoda,Cyclophyllidea,Dipylidiidae,Dipylidium
Taenia pisiformis,Taiwan,23.69781,120.960515,2,terrestrial,Animalia,Platyhelminthes,Cestoda,Cyclophyllidea,Taeniidae,Taenia
Hymenolepis nana,Uruguay,-32.522779,-55.765835,2,terrestrial,Animalia,Platyhelminthes,Cestoda,Cyclophyllidea,Hymenolepididae,Rodentolepis
Triaenophorus nodulosus,Switzerland + Lichtenstein,47.3682887,8.5374552,3,freshwater,Animalia,Platyhelminthes,Cestoda,Bothriocephalidea,Triaenophoridae,Triaenophorus
Fimbriaria fasciolaris,Egypt,26.820553,30.802498,3,freshwater,Animalia,Platyhelminthes,Cestoda,Cyclophyllidea,Hymenolepididae,Fimbriaria
Fimbriaria fasciolaris,Kenya,-0.023559,37.906193,3,freshwater,Animalia,Platyhelminthes,Cestoda,Cyclophyllidea,Hymenolepididae,Fimbriaria
Cloacotaenia megalops,Kenya,-0.023559,37.906193,2,freshwater,Animalia,Platyhelminthes,Cestoda,Cyclophyllidea,Hymenolepididae,Cloacotaenia
Eubothrium salvelini,Lake Michigan,43.4501005,-87.22201869999999,3,freshwater,Animalia,Platyhelminthes,Cestoda,Bothriocephalidea,Triaenophoridae,Eubothrium
Echinococcus multilocularis,Quebec,52.9399159,-73.5491361,2,terrestrial,Animalia,Platyhelminthes,Cestoda,Cyclophyllidea,Taeniidae,Echinococcus
Sobolevicanthus octacantha,Egypt,26.820553,30.802498,3,freshwater,Animalia,Platyhelminthes,Cestoda,Cyclophyllidea,Hymenolepididae,Sobolevicanthus
Sobolevicanthus octacantha,Zaire,-6.2649292,14.2343282,3,freshwater,Animalia,Platyhelminthes,Cestoda,Cyclophyllidea,Hymenolepididae,Sobolevicanthus
Diploposthe laevis,Zaire,-6.2649292,14.2343282,3,freshwater,Animalia,Platyhelminthes,Cestoda,Cyclophyllidea,Hymenolepididae,Diploposthe
Diploposthe laevis,Kenya,-0.023559,37.906193,3,freshwater,Animalia,Platyhelminthes,Cestoda,Cyclophyllidea,Hymenolepididae,Diploposthe
Diploposthe laevis,Ethiopia (incl. Dhibouti),11.59516,43.146473,3,freshwater,Animalia,Platyhelminthes,Cestoda,Cyclophyllidea,Hymenolepididae,Diploposthe
Diploposthe laevis,Egypt,26.820553,30.802498,3,freshwater,Animalia,Platyhelminthes,Cestoda,Cyclophyllidea,Hymenolepididae,Diploposthe
Bothriocephalus acheilognathi,Europe,54.5259614,15.2551187,3,freshwater,Animalia,Platyhelminthes,Cestoda,Bothriocephalidea,Bothriocephalidae,Schyzocotyle
Cyathocephalus truncatus,Europe,54.5259614,15.2551187,2,freshwater,Animalia,Platyhelminthes,Cestoda,Spathebothriidea,Acrobothriidae,Cyathocephalus
Proteocephalus torulosus,Europe,54.5259614,15.2551187,3,freshwater,Animalia,Platyhelminthes,Cestoda,Onchoproteocephalidea,Proteocephalidae,Proteocephalus
Ligula intestinalis,Greece,39.074208,21.824312,3,freshwater,Animalia,Platyhelminthes,Cestoda,Diphyllobothriidea,Diphyllobothriidae,Ligula
Bothriocephalus rarus,New Hampshire/Vermont/Massachusetts/Connecticut/Rhode Is.,43.2509279,-71.9273024,3,freshwater,Animalia,Platyhelminthes,Cestoda,Bothriocephalidea,Bothriocephalidae,Bothriocephalus
Taenia mustelae,United States,37.09024,-95.712891,2,terrestrial,Animalia,Platyhelminthes,Cestoda,Cyclophyllidea,Taeniidae,Taenia
Cladotaenia circi,United States,37.09024,-95.712891,2,terrestrial,Animalia,Platyhelminthes,Cestoda,Cyclophyllidea,Paruterinidae,Cladotaenia
Paranoplocephala omphalodes,Germany,51.165691,10.451526,2,terrestrial,Animalia,Platyhelminthes,Cestoda,Cyclophyllidea,Anoplocephalidae,Paranoplocephala
Taenia crassiceps,Austria,47.516231,14.550072,2,terrestrial,Animalia,Platyhelminthes,Cestoda,Cyclophyllidea,Taeniidae,Taenia
Taenia polyacantha,Austria,47.516231,14.550072,2,terrestrial,Animalia,Platyhelminthes,Cestoda,Cyclophyllidea,Taeniidae,Taenia
Taenia taeniaeformis,Austria,47.516231,14.550072,2,terrestrial,Animalia,Platyhelminthes,Cestoda,Cyclophyllidea,Taeniidae,Hydatigera
Taenia serialis,Austria,47.516231,14.550072,2,terrestrial,Animalia,Platyhelminthes,Cestoda,Cyclophyllidea,Taeniidae,Taenia
Eubothrium salvelini,Austria,47.516231,14.550072,3,freshwater,Animalia,Platyhelminthes,Cestoda,Bothriocephalidea,Triaenophoridae,Eubothrium
Proteocephalus longicollis,Austria,47.516231,14.550072,4,freshwater,Animalia,Platyhelminthes,Cestoda,Onchoproteocephalidea,Proteocephalidae,Proteocephalus
Triaenophorus nodulosus,Austria,47.516231,14.550072,3,freshwater,Animalia,Platyhelminthes,Cestoda,Bothriocephalidea,Triaenophoridae,Triaenophorus
Bothriocephalus acheilognathi,Puerto Rico,18.220833,-66.590149,3,freshwater,Animalia,Platyhelminthes,Cestoda,Bothriocephalidea,Bothriocephalidae,Schyzocotyle
Proteocephalus ambloplitis,Puerto Rico,18.220833,-66.590149,4,freshwater,Animalia,Platyhelminthes,Cestoda,Onchoproteocephalidea,Proteocephalidae,Proteocephalus
Caryophyllaeus laticeps,Switzerland + Lichtenstein,47.3682887,8.5374552,2,freshwater,Animalia,Platyhelminthes,Cestoda,Caryophyllidea,Caryophyllaeidae,Caryophyllaeus
Tatria biremis,"Ukraine, incl. Moldavia",48.379433,31.1655799,2,freshwater,Animalia,Platyhelminthes,Cestoda,Cyclophyllidea,Amabiliidae,Tatria
Catenotaenia pusilla,Switzerland + Lichtenstein,47.3682887,8.5374552,2,terrestrial,Animalia,Platyhelminthes,Cestoda,Cyclophyllidea,Catenotaeniidae,Catenotaenia
Taenia hydatigena,Peru,-9.189967,-75.015152,2,terrestrial,Animalia,Platyhelminthes,Cestoda,Cyclophyllidea,Taeniidae,Taenia
Taenia multiceps,Peru,-9.189967,-75.015152,2,terrestrial,Animalia,Platyhelminthes,Cestoda,Cyclophyllidea,Taeniidae,Taenia
Dipylidium caninum,Peru,-9.189967,-75.015152,2,terrestrial,Animalia,Platyhelminthes,Cestoda,Cyclophyllidea,Dipylidiidae,Dipylidium
Molluscotaenia crassiscolex,France,46.227638,2.213749,2,terrestrial,Animalia,Platyhelminthes,Cestoda,Cyclophyllidea,Dilepididae,Choanotaenia
Neogryporhynchus cheilancristrotus,"Ukraine, incl. Moldavia",48.379433,31.1655799,3,freshwater,Animalia,Platyhelminthes,Cestoda,Cyclophyllidea,Dilepididae,Neogryporhynchus
Paricterotaenia porosa,"Ukraine, incl. Moldavia",48.379433,31.1655799,2,freshwater,Animalia,Platyhelminthes,Cestoda,Cyclophyllidea,Dilepididae,Paricterotaenia
Diorchis brevis,"Ukraine, incl. Moldavia",48.379433,31.1655799,2,freshwater,Animalia,Platyhelminthes,Cestoda,Cyclophyllidea,Hymenolepididae,Diorchis
Diploposthe laevis,"Ukraine, incl. Moldavia",48.379433,31.1655799,3,freshwater,Animalia,Platyhelminthes,Cestoda,Cyclophyllidea,Hymenolepididae,Diploposthe
Rodentolepis asymmetrica,Switzerland + Lichtenstein,47.3682887,8.5374552,2,terrestrial,Animalia,Platyhelminthes,Cestoda,Cyclophyllidea,Hymenolepididae,Rodentolepis
Staphylocystis furcata,Switzerland + Lichtenstein,47.3682887,8.5374552,2,terrestrial,Animalia,Platyhelminthes,Cestoda,Cyclophyllidea,Hymenolepididae,Staphylocystis
Cyathocephalus truncatus,Switzerland + Lichtenstein,47.3682887,8.5374552,2,freshwater,Animalia,Platyhelminthes,Cestoda,Spathebothriidea,Acrobothriidae,Cyathocephalus
Tetrabothrius erostris,"Ukraine, incl. Moldavia",48.379433,31.1655799,3,marine,Animalia,Platyhelminthes,Cestoda,Tetrabothriidea,Tetrabothriidae,Tetrabothrius
Anoplocephala perfoliata,Spain + Andalusia,37.5442706,-4.7277528,2,terrestrial,Animalia,Platyhelminthes,Cestoda,Cyclophyllidea,Anoplocephalidae,Anoplocephala
Tschertkovilepis setigera,Finno-Karelian ASSR,63.15587019999999,32.9905552,2,freshwater,Animalia,Platyhelminthes,Cestoda,Cyclophyllidea,Hymenolepididae,Tschertkovilepis
Molluscotaenia crassiscolex,European USSR (CIS),54.5259614,15.2551187,2,terrestrial,Animalia,Platyhelminthes,Cestoda,Cyclophyllidea,Dilepididae,Choanotaenia
Mosgovoyia pectinata,European USSR (CIS),54.5259614,15.2551187,2,terrestrial,Animalia,Platyhelminthes,Cestoda,Cyclophyllidea,Anoplocephalidae,Mosgovoyia
Paruterina candelabraria,European USSR (CIS),54.5259614,15.2551187,2,terrestrial,Animalia,Platyhelminthes,Cestoda,Cyclophyllidea,Paruterinidae,Paruterina
Taenia parenchymatosa,European USSR (CIS),54.5259614,15.2551187,2,terrestrial,Animalia,Platyhelminthes,Cestoda,Cyclophyllidea,Taeniidae,Taenia
Pseudhymenolepis redonica,Spain + Andalusia,37.5442706,-4.7277528,2,terrestrial,Animalia,Platyhelminthes,Cestoda,Cyclophyllidea,Hymenolepididae,Pseudhymenolepis
Caryophyllaeus laticeps,Egypt,26.820553,30.802498,2,freshwater,Animalia,Platyhelminthes,Cestoda,Caryophyllidea,Caryophyllaeidae,Caryophyllaeus
Caryophyllaeus laticeps,Morocco,31.791702,-7.092619999999999,2,freshwater,Animalia,Platyhelminthes,Cestoda,Caryophyllidea,Caryophyllaeidae,Caryophyllaeus
Thysaniezia giardi,Spain + Andalusia,37.5442706,-4.7277528,2,terrestrial,Animalia,Platyhelminthes,Cestoda,Cyclophyllidea,Anoplocephalidae,Thysaniezia
Polyonchobothrium clarias,Gabon,-0.803689,11.609444,3,freshwater,Animalia,Platyhelminthes,Cestoda,Bothriocephalidea,Bothriocephalidae,Tetracampos
Polyonchobothrium clarias,Sudan,12.862807,30.217636,3,freshwater,Animalia,Platyhelminthes,Cestoda,Bothriocephalidea,Bothriocephalidae,Tetracampos
Polyonchobothrium clarias,Senegal,14.497401,-14.452362,3,freshwater,Animalia,Platyhelminthes,Cestoda,Bothriocephalidea,Bothriocephalidae,Tetracampos
Polyonchobothrium clarias,Uganda,1.373333,32.290275,3,freshwater,Animalia,Platyhelminthes,Cestoda,Bothriocephalidea,Bothriocephalidae,Tetracampos
Ligula intestinalis,Zaire,-6.2649292,14.2343282,3,freshwater,Animalia,Platyhelminthes,Cestoda,Diphyllobothriidea,Diphyllobothriidae,Ligula
Amirthalingamia macracantha,Sudan,12.862807,30.217636,3,freshwater,Animalia,Platyhelminthes,Cestoda,Cyclophyllidea,Gryporhynchidae,Amirthalingamia
Proteocephalus longicollis,Baltic Sea,58.48795200000001,19.863281,4,freshwater,Animalia,Platyhelminthes,Cestoda,Onchoproteocephalidea,Proteocephalidae,Proteocephalus
Proteocephalus percae,Baltic Sea,58.48795200000001,19.863281,4,freshwater,Animalia,Platyhelminthes,Cestoda,Onchoproteocephalidea,Proteocephalidae,Proteocephalus
Diplocotyle olrikii,European USSR (CIS),54.5259614,15.2551187,2,marine,Animalia,Platyhelminthes,Cestoda,Spathebothriidea,Acrobothriidae,Diplocotyle
Anoplocephala perfoliata,Chile,-35.675147,-71.542969,2,terrestrial,Animalia,Platyhelminthes,Cestoda,Cyclophyllidea,Anoplocephalidae,Anoplocephala
Anoplocephala magna,Chile,-35.675147,-71.542969,2,terrestrial,Animalia,Platyhelminthes,Cestoda,Cyclophyllidea,Anoplocephalidae,Anoplocephala
Anoplocephala perfoliata,Belgium + Luxembourg,50.0546886,5.467698299999999,2,terrestrial,Animalia,Platyhelminthes,Cestoda,Cyclophyllidea,Anoplocephalidae,Anoplocephala
Taenia hydatigena,Nearctic,53.569001,-113.571487,2,terrestrial,Animalia,Platyhelminthes,Cestoda,Cyclophyllidea,Taeniidae,Taenia
Moniezia benedeni,Nearctic,53.569001,-113.571487,2,terrestrial,Animalia,Platyhelminthes,Cestoda,Cyclophyllidea,Anoplocephalidae,Moniezia
Moniezia expansa,Nearctic,53.569001,-113.571487,2,terrestrial,Animalia,Platyhelminthes,Cestoda,Cyclophyllidea,Anoplocephalidae,Moniezia
Triaenophorus nodulosus,Russia (European),54.5259614,15.2551187,3,freshwater,Animalia,Platyhelminthes,Cestoda,Bothriocephalidea,Triaenophoridae,Triaenophorus
Diphyllobothrium ditremum,Russia (European),54.5259614,15.2551187,3,freshwater,Animalia,Platyhelminthes,Cestoda,Diphyllobothriidea,Diphyllobothriidae,Dibothriocephalus
Bertiella studeri,Sri Lanka,7.873053999999999,80.77179699999999,2,terrestrial,Animalia,Platyhelminthes,Cestoda,Cyclophyllidea,Anoplocephalidae,Bertiella
Dipylidium caninum,Sri Lanka,7.873053999999999,80.77179699999999,2,terrestrial,Animalia,Platyhelminthes,Cestoda,Cyclophyllidea,Dipylidiidae,Dipylidium
Oochoristica anolis,Lesser Antilles,14.4122148,-64.7627955,2,terrestrial,Animalia,Platyhelminthes,Cestoda,Cyclophyllidea,Anoplocephalidae,Oochoristica
Raillietina cesticillus,Ethiopia (incl. Dhibouti),11.59516,43.146473,2,terrestrial,Animalia,Platyhelminthes,Cestoda,Cyclophyllidea,Davaineidae,Skrjabinia
Raillietina tetragona,Ethiopia (incl. Dhibouti),11.59516,43.146473,2,terrestrial,Animalia,Platyhelminthes,Cestoda,Cyclophyllidea,Davaineidae,Raillietina
Choanotaenia infundibulum,Ethiopia (incl. Dhibouti),11.59516,43.146473,2,terrestrial,Animalia,Platyhelminthes,Cestoda,Cyclophyllidea,Dilepididae,Choanotaenia
Raillietina echinobothrida,Ethiopia (incl. Dhibouti),11.59516,43.146473,2,terrestrial,Animalia,Platyhelminthes,Cestoda,Cyclophyllidea,Davaineidae,Raillietina
Hymenolepis carioca,Ethiopia (incl. Dhibouti),11.59516,43.146473,2,terrestrial,NA,NA,NA,NA,NA,NA
Anoplocephala perfoliata,France,46.227638,2.213749,2,terrestrial,Animalia,Platyhelminthes,Cestoda,Cyclophyllidea,Anoplocephalidae,Anoplocephala
Anoplocephala magna,France,46.227638,2.213749,2,terrestrial,Animalia,Platyhelminthes,Cestoda,Cyclophyllidea,Anoplocephalidae,Anoplocephala
Schistocephalus solidus,Baltic Sea,58.48795200000001,19.863281,3,freshwater,Animalia,Platyhelminthes,Cestoda,Diphyllobothriidea,Diphyllobothriidae,Schistocephalus
Anoplocephala magna,Mexico,23.634501,-102.552784,2,terrestrial,Animalia,Platyhelminthes,Cestoda,Cyclophyllidea,Anoplocephalidae,Anoplocephala
Anoplocephala perfoliata,Mexico,23.634501,-102.552784,2,terrestrial,Animalia,Platyhelminthes,Cestoda,Cyclophyllidea,Anoplocephalidae,Anoplocephala
Moniezia expansa,Mexico,23.634501,-102.552784,2,terrestrial,Animalia,Platyhelminthes,Cestoda,Cyclophyllidea,Anoplocephalidae,Moniezia
Oochoristica osheroffi,Mexico,23.634501,-102.552784,2,terrestrial,Animalia,Platyhelminthes,Cestoda,Cyclophyllidea,Anoplocephalidae,Oochoristica
Glaridacris confusa,Mexico,23.634501,-102.552784,2,freshwater,Animalia,Platyhelminthes,Cestoda,Caryophyllidea,Capingentidae,Pseudoglaridacris
Dipylidium caninum,Mexico,23.634501,-102.552784,2,terrestrial,Animalia,Platyhelminthes,Cestoda,Cyclophyllidea,Dipylidiidae,Dipylidium
Variolepis farciminosa,Mexico,23.634501,-102.552784,2,terrestrial,Animalia,Platyhelminthes,Cestoda,Cyclophyllidea,Hymenolepididae,Variolepis
Ophiotaenia perspicua,Mexico,23.634501,-102.552784,3,freshwater,Animalia,Platyhelminthes,Cestoda,Onchoproteocephalidea,Proteocephalidae,Ophiotaenia
Taenia hydatigena,Mexico,23.634501,-102.552784,2,terrestrial,Animalia,Platyhelminthes,Cestoda,Cyclophyllidea,Taeniidae,Taenia
Taenia multiceps,Mexico,23.634501,-102.552784,2,terrestrial,Animalia,Platyhelminthes,Cestoda,Cyclophyllidea,Taeniidae,Taenia
Taenia pisiformis,Mexico,23.634501,-102.552784,2,terrestrial,Animalia,Platyhelminthes,Cestoda,Cyclophyllidea,Taeniidae,Taenia
Taenia serialis,Mexico,23.634501,-102.552784,2,terrestrial,Animalia,Platyhelminthes,Cestoda,Cyclophyllidea,Taeniidae,Taenia
Taenia taeniaeformis,Mexico,23.634501,-102.552784,2,terrestrial,Animalia,Platyhelminthes,Cestoda,Cyclophyllidea,Taeniidae,Hydatigera
Paranoplocephala omphalodes,"Ukraine, incl. Moldavia",48.379433,31.1655799,2,terrestrial,Animalia,Platyhelminthes,Cestoda,Cyclophyllidea,Anoplocephalidae,Paranoplocephala
Mosgovoyia pectinata,"Ukraine, incl. Moldavia",48.379433,31.1655799,2,terrestrial,Animalia,Platyhelminthes,Cestoda,Cyclophyllidea,Anoplocephalidae,Mosgovoyia
Catenotaenia pusilla,"Ukraine, incl. Moldavia",48.379433,31.1655799,2,terrestrial,Animalia,Platyhelminthes,Cestoda,Cyclophyllidea,Catenotaeniidae,Catenotaenia
Lineolepis scutigera,"Ukraine, incl. Moldavia",48.379433,31.1655799,2,terrestrial,Animalia,Platyhelminthes,Cestoda,Cyclophyllidea,Hymenolepididae,Lineolepis
Rodentolepis straminea,"Ukraine, incl. Moldavia",48.379433,31.1655799,2,terrestrial,Animalia,Platyhelminthes,Cestoda,Cyclophyllidea,Hymenolepididae,Rodentolepis
Echinococcus granulosus,Kashmir + Jammu,32.7266016,74.8570259,2,terrestrial,Animalia,Platyhelminthes,Cestoda,Cyclophyllidea,Taeniidae,Echinococcus
Bertiella studeri,Equatorial Guinea,1.650801,10.267895,2,terrestrial,Animalia,Platyhelminthes,Cestoda,Cyclophyllidea,Anoplocephalidae,Bertiella
Proteocephalus torulosus,Germany,51.165691,10.451526,3,freshwater,Animalia,Platyhelminthes,Cestoda,Onchoproteocephalidea,Proteocephalidae,Proteocephalus
Hymenolepis nana,Argentina,-38.416097,-63.61667199999999,2,terrestrial,Animalia,Platyhelminthes,Cestoda,Cyclophyllidea,Hymenolepididae,Rodentolepis
Echinococcus granulosus,Norway,60.47202399999999,8.468945999999999,2,terrestrial,Animalia,Platyhelminthes,Cestoda,Cyclophyllidea,Taeniidae,Echinococcus
Echinococcus granulosus,Sweden,60.12816100000001,18.643501,2,terrestrial,Animalia,Platyhelminthes,Cestoda,Cyclophyllidea,Taeniidae,Echinococcus
Echinococcus granulosus,Finland,61.92410999999999,25.7481511,2,terrestrial,Animalia,Platyhelminthes,Cestoda,Cyclophyllidea,Taeniidae,Echinococcus
Valipora campylancristrota,Italy,41.87194,12.56738,3,freshwater,Animalia,Platyhelminthes,Cestoda,Cyclophyllidea,Dipylidiidae,Dipylidium
Echinococcus granulosus,Cyprus,35.126413,33.429859,2,terrestrial,Animalia,Platyhelminthes,Cestoda,Cyclophyllidea,Taeniidae,Echinococcus
Rodentolepis straminea,Spain + Andalusia,37.5442706,-4.7277528,2,terrestrial,Animalia,Platyhelminthes,Cestoda,Cyclophyllidea,Hymenolepididae,Rodentolepis
Caryophyllaeus laticeps,Eire + N. Ireland,54.7877149,-6.4923145,2,freshwater,Animalia,Platyhelminthes,Cestoda,Caryophyllidea,Caryophyllaeidae,Caryophyllaeus
Eubothrium salvelini,Eire + N. Ireland,54.7877149,-6.4923145,3,freshwater,Animalia,Platyhelminthes,Cestoda,Bothriocephalidea,Triaenophoridae,Eubothrium
Proteocephalus filicollis,Eire + N. Ireland,54.7877149,-6.4923145,3,freshwater,Animalia,Platyhelminthes,Cestoda,Onchoproteocephalidea,Proteocephalidae,Proteocephalus
Schistocephalus solidus,Eire + N. Ireland,54.7877149,-6.4923145,3,freshwater,Animalia,Platyhelminthes,Cestoda,Diphyllobothriidea,Diphyllobothriidae,Schistocephalus
Cyathocephalus truncatus,Mongolia,46.862496,103.846656,2,freshwater,Animalia,Platyhelminthes,Cestoda,Spathebothriidea,Acrobothriidae,Cyathocephalus
Hymenolepis diminuta,Puerto Rico,18.220833,-66.590149,2,terrestrial,Animalia,Platyhelminthes,Cestoda,Cyclophyllidea,Hymenolepididae,Hymenolepis
Hymenolepis nana,Sulawesi,-1.8479,120.5279,2,terrestrial,Animalia,Platyhelminthes,Cestoda,Cyclophyllidea,Hymenolepididae,Rodentolepis
Proteocephalus ambiguus,"England, Wales + Isle of Man",54.236107,-4.548056,2,freshwater,Animalia,Platyhelminthes,Cestoda,Onchoproteocephalidea,Proteocephalidae,Proteocephalus
Proteocephalus ambiguus,France,46.227638,2.213749,2,freshwater,Animalia,Platyhelminthes,Cestoda,Onchoproteocephalidea,Proteocephalidae,Proteocephalus
Proteocephalus ambiguus,Europe,54.5259614,15.2551187,2,freshwater,Animalia,Platyhelminthes,Cestoda,Onchoproteocephalidea,Proteocephalidae,Proteocephalus
Triaenophorus nodulosus,"Ukraine, incl. Moldavia",48.379433,31.1655799,3,freshwater,Animalia,Platyhelminthes,Cestoda,Bothriocephalidea,Triaenophoridae,Triaenophorus
Moniezia benedeni,Yugoslavia,37.09024,-95.712891,2,terrestrial,Animalia,Platyhelminthes,Cestoda,Cyclophyllidea,Anoplocephalidae,Moniezia
Taenia serialis,Yugoslavia,37.09024,-95.712891,2,terrestrial,Animalia,Platyhelminthes,Cestoda,Cyclophyllidea,Taeniidae,Taenia
Proteocephalus cernuae,Europe,54.5259614,15.2551187,2,freshwater,Animalia,Platyhelminthes,Cestoda,Onchoproteocephalidea,Proteocephalidae,Proteocephalus
Proteocephalus filicollis,Europe,54.5259614,15.2551187,3,freshwater,Animalia,Platyhelminthes,Cestoda,Onchoproteocephalidea,Proteocephalidae,Proteocephalus
Proteocephalus longicollis,Europe,54.5259614,15.2551187,4,freshwater,Animalia,Platyhelminthes,Cestoda,Onchoproteocephalidea,Proteocephalidae,Proteocephalus
Proteocephalus macrocephalus,Europe,54.5259614,15.2551187,2,freshwater,Animalia,Platyhelminthes,Cestoda,Onchoproteocephalidea,Proteocephalidae,Proteocephalus
Proteocephalus macrocephalus,Nearctic,53.569001,-113.571487,2,freshwater,Animalia,Platyhelminthes,Cestoda,Onchoproteocephalidea,Proteocephalidae,Proteocephalus
Taenia hydatigena,Jordan,30.585164,36.238414,2,terrestrial,Animalia,Platyhelminthes,Cestoda,Cyclophyllidea,Taeniidae,Taenia
Caryophyllaeus laticeps,"England, Wales + Isle of Man",54.236107,-4.548056,2,freshwater,Animalia,Platyhelminthes,Cestoda,Caryophyllidea,Caryophyllaeidae,Caryophyllaeus
Proteocephalus osculatus,Europe,54.5259614,15.2551187,2,freshwater,Animalia,Platyhelminthes,Cestoda,Onchoproteocephalidea,Proteocephalidae,Glanitaenia
Proteocephalus percae,Europe,54.5259614,15.2551187,4,freshwater,Animalia,Platyhelminthes,Cestoda,Onchoproteocephalidea,Proteocephalidae,Proteocephalus
Proteocephalus thymalli,Europe,54.5259614,15.2551187,2,freshwater,Animalia,Platyhelminthes,Cestoda,Onchoproteocephalidea,Proteocephalidae,Proteocephalus
Proteocephalus torulosus,Iraq,33.223191,43.679291,3,freshwater,Animalia,Platyhelminthes,Cestoda,Onchoproteocephalidea,Proteocephalidae,Proteocephalus
Cladotaenia globifera,Byelorussia,53.709807,27.953389,2,terrestrial,Animalia,Platyhelminthes,Cestoda,Cyclophyllidea,Paruterinidae,Cladotaenia
Oochoristica javaensis,Islands of Western Pacific,-8.783195,-124.508523,2,terrestrial,Animalia,Platyhelminthes,Cestoda,Cyclophyllidea,Anoplocephalidae,Oochoristica
Oochoristica javaensis,Java,-7.29,109.9,2,terrestrial,Animalia,Platyhelminthes,Cestoda,Cyclophyllidea,Anoplocephalidae,Oochoristica
Echinococcus granulosus,Japan,36.204824,138.252924,2,terrestrial,Animalia,Platyhelminthes,Cestoda,Cyclophyllidea,Taeniidae,Echinococcus
Glossocercus caribaensis,Florida,27.6648274,-81.5157535,3,freshwater,Animalia,Platyhelminthes,Cestoda,Cyclophyllidea,Gryporhynchidae,Glossocercus
Aploparaksis crassirostris,Spain + Andalusia,37.5442706,-4.7277528,2,terrestrial,Animalia,Platyhelminthes,Cestoda,Cyclophyllidea,Hymenolepididae,Aploparaksis
Aploparaksis filum,Spain + Andalusia,37.5442706,-4.7277528,2,terrestrial,Animalia,Platyhelminthes,Cestoda,Cyclophyllidea,Hymenolepididae,Aploparaksis
Aploparaksis pseudofilum,Spain + Andalusia,37.5442706,-4.7277528,2,terrestrial,Animalia,Platyhelminthes,Cestoda,Cyclophyllidea,Hymenolepididae,Aploparaksis
Archigetes sieboldi,Spain + Andalusia,37.5442706,-4.7277528,2,freshwater,Animalia,Platyhelminthes,Cestoda,Caryophyllidea,Capingentidae,Archigetes
Avitellina centripunctata,Spain + Andalusia,37.5442706,-4.7277528,2,terrestrial,Animalia,Platyhelminthes,Cestoda,Cyclophyllidea,Anoplocephalidae,Avitellina
Bothriocephalus claviceps,Western Mediterranean,34.5531284,18.0480105,2,freshwater,Animalia,Platyhelminthes,Cestoda,Bothriocephalidea,Bothriocephalidae,Bothriocephalus
Bothriocephalus scorpii,Western Mediterranean,34.5531284,18.0480105,3,marine,Animalia,Platyhelminthes,Cestoda,Bothriocephalidea,Bothriocephalidae,Bothriocephalus
Calliobothrium verticillatum,Off Azores/Canary/Cape Verde Isles,28.2915637,-16.6291304,2,marine,Animalia,Platyhelminthes,Cestoda,Tetraphyllidea,Calliobothriidae,Calliobothrium
Caryophyllaeus laticeps,Spain + Andalusia,37.5442706,-4.7277528,2,freshwater,Animalia,Platyhelminthes,Cestoda,Caryophyllidea,Caryophyllaeidae,Caryophyllaeus
Choanotaenia infundibulum,Spain + Andalusia,37.5442706,-4.7277528,2,terrestrial,Animalia,Platyhelminthes,Cestoda,Cyclophyllidea,Dilepididae,Choanotaenia
Cittotaenia denticulata,Spain + Andalusia,37.5442706,-4.7277528,2,terrestrial,Animalia,Platyhelminthes,Cestoda,Cyclophyllidea,Anoplocephalidae,Cittotaenia
Cloacotaenia megalops,Spain + Andalusia,37.5442706,-4.7277528,2,freshwater,Animalia,Platyhelminthes,Cestoda,Cyclophyllidea,Hymenolepididae,Cloacotaenia
Davainea proglottina,Spain + Andalusia,37.5442706,-4.7277528,2,terrestrial,Animalia,Platyhelminthes,Cestoda,Cyclophyllidea,Davaineidae,Davainea
Diorchis inflata,Spain + Andalusia,37.5442706,-4.7277528,3,freshwater,Animalia,Platyhelminthes,Cestoda,Cyclophyllidea,Hymenolepididae,Diorchis
Diorchis nyrocae,Spain + Andalusia,37.5442706,-4.7277528,3,freshwater,Animalia,Platyhelminthes,Cestoda,Cyclophyllidea,Hymenolepididae,Diorchis
Diorchis parvogenitalis,Spain + Andalusia,37.5442706,-4.7277528,2,freshwater,Animalia,Platyhelminthes,Cestoda,Cyclophyllidea,Hymenolepididae,Diorchis
Diploposthe laevis,Spain + Andalusia,37.5442706,-4.7277528,3,freshwater,Animalia,Platyhelminthes,Cestoda,Cyclophyllidea,Hymenolepididae,Diploposthe
Triaenophorus crassus,Alberta,53.9332706,-116.5765035,3,freshwater,Animalia,Platyhelminthes,Cestoda,Bothriocephalidea,Triaenophoridae,Triaenophorus
Drepanidotaenia lanceolata,Spain + Andalusia,37.5442706,-4.7277528,2,freshwater,Animalia,Platyhelminthes,Cestoda,Cyclophyllidea,Hymenolepididae,Drepanidotaenia
Fimbriaria fasciolaris,Spain + Andalusia,37.5442706,-4.7277528,3,freshwater,Animalia,Platyhelminthes,Cestoda,Cyclophyllidea,Hymenolepididae,Fimbriaria
Flamingolepis liguloides,Spain + Andalusia,37.5442706,-4.7277528,2,freshwater,Animalia,Platyhelminthes,Cestoda,Cyclophyllidea,Hymenolepididae,Flamingolepis
Flamingolepis flamingo,Spain + Andalusia,37.5442706,-4.7277528,2,freshwater,Animalia,Platyhelminthes,Cestoda,Cyclophyllidea,Hymenolepididae,Flamingolepis
Lacistorhynchus tenuis,Spain + Andalusia,37.5442706,-4.7277528,3,marine,Animalia,Platyhelminthes,Cestoda,Trypanorhyncha,Lacistorhynchidae,Lacistorhynchus
Ligula intestinalis,Spain + Andalusia,37.5442706,-4.7277528,3,freshwater,Animalia,Platyhelminthes,Cestoda,Diphyllobothriidea,Diphyllobothriidae,Ligula
Microsomacanthus compressa,Spain + Andalusia,37.5442706,-4.7277528,3,freshwater,Animalia,Platyhelminthes,Cestoda,Cyclophyllidea,Hymenolepididae,Microsomacanthus
Moniezia benedeni,Spain + Andalusia,37.5442706,-4.7277528,2,terrestrial,Animalia,Platyhelminthes,Cestoda,Cyclophyllidea,Anoplocephalidae,Moniezia
Moniezia expansa,Spain + Andalusia,37.5442706,-4.7277528,2,terrestrial,Animalia,Platyhelminthes,Cestoda,Cyclophyllidea,Anoplocephalidae,Moniezia
Mosgovoyia pectinata,Spain + Andalusia,37.5442706,-4.7277528,2,terrestrial,Animalia,Platyhelminthes,Cestoda,Cyclophyllidea,Anoplocephalidae,Mosgovoyia
Echinococcus multilocularis,Eastern & Central Europe,48.66,19.5,2,terrestrial,Animalia,Platyhelminthes,Cestoda,Cyclophyllidea,Taeniidae,Echinococcus
Neoctenotaenia ctenoides,Spain + Andalusia,37.5442706,-4.7277528,2,terrestrial,Animalia,Platyhelminthes,Cestoda,Cyclophyllidea,Anoplocephalidae,Neoctenotaenia
Ophryocotyle proteus,Canary Islands,28.2915637,-16.6291304,2,marine,Animalia,Platyhelminthes,Cestoda,Cyclophyllidea,Davaineidae,Ophryocotyle
Paruterina candelabraria,Spain + Andalusia,37.5442706,-4.7277528,2,terrestrial,Animalia,Platyhelminthes,Cestoda,Cyclophyllidea,Paruterinidae,Paruterina
Proteocephalus macrocephalus,Balearic Islands,39.3587759,2.7356328,2,freshwater,Animalia,Platyhelminthes,Cestoda,Onchoproteocephalidea,Proteocephalidae,Proteocephalus
Proteocephalus macrocephalus,Spain + Andalusia,37.5442706,-4.7277528,2,freshwater,Animalia,Platyhelminthes,Cestoda,Onchoproteocephalidea,Proteocephalidae,Proteocephalus
Proteocephalus percae,Spain + Andalusia,37.5442706,-4.7277528,4,freshwater,Animalia,Platyhelminthes,Cestoda,Onchoproteocephalidea,Proteocephalidae,Proteocephalus
Schistocephalus solidus,Spain + Andalusia,37.5442706,-4.7277528,3,freshwater,Animalia,Platyhelminthes,Cestoda,Diphyllobothriidea,Diphyllobothriidae,Schistocephalus
Sobolevicanthus gracilis,Spain + Andalusia,37.5442706,-4.7277528,3,freshwater,Animalia,Platyhelminthes,Cestoda,Cyclophyllidea,Hymenolepididae,Sobolevicanthus
Stilesia globipunctata,Spain + Andalusia,37.5442706,-4.7277528,2,terrestrial,Animalia,Platyhelminthes,Cestoda,Cyclophyllidea,Anoplocephalidae,Stilesia
Taenia solium,Spain + Andalusia,37.5442706,-4.7277528,2,terrestrial,Animalia,Platyhelminthes,Cestoda,Cyclophyllidea,Taeniidae,Taenia
Tschertkovilepis setigera,Spain + Andalusia,37.5442706,-4.7277528,2,freshwater,Animalia,Platyhelminthes,Cestoda,Cyclophyllidea,Hymenolepididae,Tschertkovilepis
Echinococcus granulosus,Tunisia,33.886917,9.537499,2,terrestrial,Animalia,Platyhelminthes,Cestoda,Cyclophyllidea,Taeniidae,Echinococcus
Proteocephalus longicollis,Eire + N. Ireland,54.7877149,-6.4923145,4,freshwater,Animalia,Platyhelminthes,Cestoda,Onchoproteocephalidea,Proteocephalidae,Proteocephalus
Gangesia parasiluri,Japan,36.204824,138.252924,3,freshwater,Animalia,Platyhelminthes,Cestoda,Onchoproteocephalidea,Proteocephalidae,Gangesia
Proteocephalus longicollis,Lake Michigan,43.4501005,-87.22201869999999,4,freshwater,Animalia,Platyhelminthes,Cestoda,Onchoproteocephalidea,Proteocephalidae,Proteocephalus
Taenia saginata,France,46.227638,2.213749,2,terrestrial,Animalia,Platyhelminthes,Cestoda,Cyclophyllidea,Taeniidae,Taenia
Echinococcus granulosus,Iceland,64.963051,-19.020835,2,terrestrial,Animalia,Platyhelminthes,Cestoda,Cyclophyllidea,Taeniidae,Echinococcus
Taenia solium,Hawaiian Islands,19.8967662,-155.5827818,2,terrestrial,Animalia,Platyhelminthes,Cestoda,Cyclophyllidea,Taeniidae,Taenia
Anoplotaenia dasyuri,Australia,-25.274398,133.775136,2,terrestrial,Animalia,Platyhelminthes,Cestoda,Cyclophyllidea,Taeniidae,Anoplotaenia
Taenia hydatigena,Australia,-25.274398,133.775136,2,terrestrial,Animalia,Platyhelminthes,Cestoda,Cyclophyllidea,Taeniidae,Taenia
Haplobothrium globuliforme,Canada,56.130366,-106.346771,3,freshwater,Animalia,Platyhelminthes,Cestoda,Haplobothriidea,Haplobothriidae,Haplobothrium
Moniezia expansa,Iceland,64.963051,-19.020835,2,terrestrial,Animalia,Platyhelminthes,Cestoda,Cyclophyllidea,Anoplocephalidae,Moniezia
Schistocephalus solidus,Nearctic,53.569001,-113.571487,3,freshwater,Animalia,Platyhelminthes,Cestoda,Diphyllobothriidea,Diphyllobothriidae,Schistocephalus
Bertiella mucronata,Neotropical,28.9337826,-95.30845339999999,2,terrestrial,Plantae,Tracheophyta,Magnoliopsida,Gentianales,Rubiaceae,Bertiera
Taenia taeniaeformis,Neotropical,28.9337826,-95.30845339999999,2,terrestrial,Animalia,Platyhelminthes,Cestoda,Cyclophyllidea,Taeniidae,Hydatigera
Catenotaenia pusilla,Germany,51.165691,10.451526,2,terrestrial,Animalia,Platyhelminthes,Cestoda,Cyclophyllidea,Catenotaeniidae,Catenotaenia
Diploposthe laevis,Germany,51.165691,10.451526,3,freshwater,Animalia,Platyhelminthes,Cestoda,Cyclophyllidea,Hymenolepididae,Diploposthe
Hymenolepis diminuta,Germany,51.165691,10.451526,2,terrestrial,Animalia,Platyhelminthes,Cestoda,Cyclophyllidea,Hymenolepididae,Hymenolepis
Mosgovoyia pectinata,Germany,51.165691,10.451526,2,terrestrial,Animalia,Platyhelminthes,Cestoda,Cyclophyllidea,Anoplocephalidae,Mosgovoyia
Taenia solium,Germany,51.165691,10.451526,2,terrestrial,Animalia,Platyhelminthes,Cestoda,Cyclophyllidea,Taeniidae,Taenia
Echinococcus granulosus,Egypt,26.820553,30.802498,2,terrestrial,Animalia,Platyhelminthes,Cestoda,Cyclophyllidea,Taeniidae,Echinococcus
Dipylidium caninum,Egypt,26.820553,30.802498,2,terrestrial,Animalia,Platyhelminthes,Cestoda,Cyclophyllidea,Dipylidiidae,Dipylidium
Grillotia erinaceus,Western coast of British Isles,56.41323389999999,-5.472362899999999,3,marine,Animalia,Platyhelminthes,Cestoda,Trypanorhyncha,Lacistorhynchidae,Grillotia
Echinococcus multilocularis,Egypt,26.820553,30.802498,2,terrestrial,Animalia,Platyhelminthes,Cestoda,Cyclophyllidea,Taeniidae,Echinococcus
Diplocotyle olrikii,Northeast Atlantic,39.370134,-77.40677199999999,2,marine,Animalia,Platyhelminthes,Cestoda,Spathebothriidea,Acrobothriidae,Diplocotyle
Caryophyllaeus laticeps,Northeast Atlantic,39.370134,-77.40677199999999,2,freshwater,Animalia,Platyhelminthes,Cestoda,Caryophyllidea,Caryophyllaeidae,Caryophyllaeus
Bothriocephalus claviceps,Northeast Atlantic,39.370134,-77.40677199999999,2,freshwater,Animalia,Platyhelminthes,Cestoda,Bothriocephalidea,Bothriocephalidae,Bothriocephalus
Eubothrium salvelini,Northeast Atlantic,39.370134,-77.40677199999999,3,freshwater,Animalia,Platyhelminthes,Cestoda,Bothriocephalidea,Triaenophoridae,Eubothrium
Triaenophorus nodulosus,Northeast Atlantic,39.370134,-77.40677199999999,3,freshwater,Animalia,Platyhelminthes,Cestoda,Bothriocephalidea,Triaenophoridae,Triaenophorus
Taenia mustelae,Mongolia,46.862496,103.846656,2,terrestrial,Animalia,Platyhelminthes,Cestoda,Cyclophyllidea,Taeniidae,Taenia
Taenia polyacantha,Mongolia,46.862496,103.846656,2,terrestrial,Animalia,Platyhelminthes,Cestoda,Cyclophyllidea,Taeniidae,Taenia
Taenia endothoracicus,Mongolia,46.862496,103.846656,2,terrestrial,Animalia,Platyhelminthes,Cestoda,Cyclophyllidea,Taeniidae,Taenia
Cladotaenia globifera,Mongolia,46.862496,103.846656,2,terrestrial,Animalia,Platyhelminthes,Cestoda,Cyclophyllidea,Paruterinidae,Cladotaenia
Ligula intestinalis,Transvaal,-23.59,29.13,3,freshwater,Animalia,Platyhelminthes,Cestoda,Diphyllobothriidea,Diphyllobothriidae,Ligula
Paradilepis scolecina,Transvaal,-23.59,29.13,3,freshwater,Animalia,Platyhelminthes,Cestoda,Cyclophyllidea,Gryporhynchidae,Paradilepis
Amirthalingamia macracantha,Transvaal,-23.59,29.13,3,freshwater,Animalia,Platyhelminthes,Cestoda,Cyclophyllidea,Gryporhynchidae,Amirthalingamia
Ligula intestinalis,Northeast Atlantic,39.370134,-77.40677199999999,3,freshwater,Animalia,Platyhelminthes,Cestoda,Diphyllobothriidea,Diphyllobothriidae,Ligula
Schistocephalus pungitii,Northeast Atlantic,39.370134,-77.40677199999999,3,freshwater,Animalia,Platyhelminthes,Cestoda,Diphyllobothriidea,Diphyllobothriidae,Schistocephalus
Schistocephalus solidus,Northeast Atlantic,39.370134,-77.40677199999999,3,freshwater,Animalia,Platyhelminthes,Cestoda,Diphyllobothriidea,Diphyllobothriidae,Schistocephalus
Proteocephalus ambiguus,Northeast Atlantic,39.370134,-77.40677199999999,2,freshwater,Animalia,Platyhelminthes,Cestoda,Onchoproteocephalidea,Proteocephalidae,Proteocephalus
Proteocephalus filicollis,Northeast Atlantic,39.370134,-77.40677199999999,3,freshwater,Animalia,Platyhelminthes,Cestoda,Onchoproteocephalidea,Proteocephalidae,Proteocephalus
Proteocephalus longicollis,Northeast Atlantic,39.370134,-77.40677199999999,4,freshwater,Animalia,Platyhelminthes,Cestoda,Onchoproteocephalidea,Proteocephalidae,Proteocephalus
Proteocephalus macrocephalus,Northeast Atlantic,39.370134,-77.40677199999999,2,freshwater,Animalia,Platyhelminthes,Cestoda,Onchoproteocephalidea,Proteocephalidae,Proteocephalus
Proteocephalus percae,Northeast Atlantic,39.370134,-77.40677199999999,4,freshwater,Animalia,Platyhelminthes,Cestoda,Onchoproteocephalidea,Proteocephalidae,Proteocephalus
Cladotaenia globifera,Japan,36.204824,138.252924,2,terrestrial,Animalia,Platyhelminthes,Cestoda,Cyclophyllidea,Paruterinidae,Cladotaenia
Hymenolepis diminuta,Morocco,31.791702,-7.092619999999999,2,terrestrial,Animalia,Platyhelminthes,Cestoda,Cyclophyllidea,Hymenolepididae,Hymenolepis
Hymenolepis nana,Morocco,31.791702,-7.092619999999999,2,terrestrial,Animalia,Platyhelminthes,Cestoda,Cyclophyllidea,Hymenolepididae,Rodentolepis
Catenotaenia pusilla,Europe,54.5259614,15.2551187,2,terrestrial,Animalia,Platyhelminthes,Cestoda,Cyclophyllidea,Catenotaeniidae,Catenotaenia
Moniezia expansa,Armenia,40.069099,45.038189,2,terrestrial,Animalia,Platyhelminthes,Cestoda,Cyclophyllidea,Anoplocephalidae,Moniezia
Moniezia benedeni,Armenia,40.069099,45.038189,2,terrestrial,Animalia,Platyhelminthes,Cestoda,Cyclophyllidea,Anoplocephalidae,Moniezia
Thysaniezia giardi,Armenia,40.069099,45.038189,2,terrestrial,Animalia,Platyhelminthes,Cestoda,Cyclophyllidea,Anoplocephalidae,Thysaniezia
Schistocephalus pungitii,Baltic Sea,58.48795200000001,19.863281,3,freshwater,Animalia,Platyhelminthes,Cestoda,Diphyllobothriidea,Diphyllobothriidae,Schistocephalus
Diplocotyle olrikii,Baltic Sea,58.48795200000001,19.863281,2,marine,Animalia,Platyhelminthes,Cestoda,Spathebothriidea,Acrobothriidae,Diplocotyle
Proteocephalus filicollis,Baltic Sea,58.48795200000001,19.863281,3,freshwater,Animalia,Platyhelminthes,Cestoda,Onchoproteocephalidea,Proteocephalidae,Proteocephalus
Paranoplocephala omphalodes,Russia (Asian),61.52401,105.318756,2,terrestrial,Animalia,Platyhelminthes,Cestoda,Cyclophyllidea,Anoplocephalidae,Paranoplocephala
Hymenolepis diminuta,Russia (Asian),61.52401,105.318756,2,terrestrial,Animalia,Platyhelminthes,Cestoda,Cyclophyllidea,Hymenolepididae,Hymenolepis
Catenotaenia pusilla,Russia (Asian),61.52401,105.318756,2,terrestrial,Animalia,Platyhelminthes,Cestoda,Cyclophyllidea,Catenotaeniidae,Catenotaenia
Taenia hydatigena,Russia (Asian),61.52401,105.318756,2,terrestrial,Animalia,Platyhelminthes,Cestoda,Cyclophyllidea,Taeniidae,Taenia
Rodentolepis straminea,Russia (Asian),61.52401,105.318756,2,terrestrial,Animalia,Platyhelminthes,Cestoda,Cyclophyllidea,Hymenolepididae,Rodentolepis
Dipylidium caninum,Sweden,60.12816100000001,18.643501,2,terrestrial,Animalia,Platyhelminthes,Cestoda,Cyclophyllidea,Dipylidiidae,Dipylidium
Hymenolepis diminuta,Byelorussia,53.709807,27.953389,2,terrestrial,Animalia,Platyhelminthes,Cestoda,Cyclophyllidea,Hymenolepididae,Hymenolepis
Taenia crassiceps,Byelorussia,53.709807,27.953389,2,terrestrial,Animalia,Platyhelminthes,Cestoda,Cyclophyllidea,Taeniidae,Taenia
Taenia hydatigena,Byelorussia,53.709807,27.953389,2,terrestrial,Animalia,Platyhelminthes,Cestoda,Cyclophyllidea,Taeniidae,Taenia
Taenia polyacantha,Byelorussia,53.709807,27.953389,2,terrestrial,Animalia,Platyhelminthes,Cestoda,Cyclophyllidea,Taeniidae,Taenia
Taenia taeniaeformis,Byelorussia,53.709807,27.953389,2,terrestrial,Animalia,Platyhelminthes,Cestoda,Cyclophyllidea,Taeniidae,Hydatigera
Hymenolepis diminuta,Guinea,9.945587,-9.696645,2,terrestrial,Animalia,Platyhelminthes,Cestoda,Cyclophyllidea,Hymenolepididae,Hymenolepis
Duplicibothrium minutum,Gulf of Mexico,25.304304,-90.065918,2,marine,Animalia,Platyhelminthes,Cestoda,Tetraphyllidea,Serendipidae,Duplicibothrium
Archigetes sieboldi,Japan,36.204824,138.252924,2,freshwater,Animalia,Platyhelminthes,Cestoda,Caryophyllidea,Capingentidae,Archigetes
Khawia japonensis,Japan,36.204824,138.252924,2,freshwater,Animalia,Platyhelminthes,Cestoda,Caryophyllidea,Lytocestidae,Khawia
Lateriporus mathevossianae,Yakut ASSR,66.7613451,124.123753,2,freshwater,Animalia,Platyhelminthes,Cestoda,Cyclophyllidea,Dilepididae,Lateriporus
Moniezia expansa,Sweden,60.12816100000001,18.643501,2,terrestrial,Animalia,Platyhelminthes,Cestoda,Cyclophyllidea,Anoplocephalidae,Moniezia
Taenia pisiformis,Egypt,26.820553,30.802498,2,terrestrial,Animalia,Platyhelminthes,Cestoda,Cyclophyllidea,Taeniidae,Taenia
Taenia hydatigena,Egypt,26.820553,30.802498,2,terrestrial,Animalia,Platyhelminthes,Cestoda,Cyclophyllidea,Taeniidae,Taenia
Moniezia expansa,Egypt,26.820553,30.802498,2,terrestrial,Animalia,Platyhelminthes,Cestoda,Cyclophyllidea,Anoplocephalidae,Moniezia
Avitellina centripunctata,Egypt,26.820553,30.802498,2,terrestrial,Animalia,Platyhelminthes,Cestoda,Cyclophyllidea,Anoplocephalidae,Avitellina
Dipylidium caninum,Saskatchewan,52.9399159,-106.4508639,2,terrestrial,Animalia,Platyhelminthes,Cestoda,Cyclophyllidea,Dipylidiidae,Dipylidium
Proteocephalus ambloplitis,Nearctic,53.569001,-113.571487,4,freshwater,Animalia,Platyhelminthes,Cestoda,Onchoproteocephalidea,Proteocephalidae,Proteocephalus
Proteocephalus pearsei,Nearctic,53.569001,-113.571487,2,freshwater,Animalia,Platyhelminthes,Cestoda,Onchoproteocephalidea,Proteocephalidae,Proteocephalus
Aploparaksis brachyphallos,Alaska,64.2008413,-149.4936733,2,terrestrial,Animalia,Platyhelminthes,Cestoda,Cyclophyllidea,Hymenolepididae,Aploparaksis
Aploparaksis rissae,Alaska,64.2008413,-149.4936733,2,terrestrial,Animalia,Platyhelminthes,Cestoda,Cyclophyllidea,Hymenolepididae,Aploparaksis
Microsomacanthus ductilis,Alaska,64.2008413,-149.4936733,2,marine,Animalia,Platyhelminthes,Cestoda,Cyclophyllidea,Hymenolepididae,Microsomacanthus
Paricterotaenia porosa,Alaska,64.2008413,-149.4936733,2,freshwater,Animalia,Platyhelminthes,Cestoda,Cyclophyllidea,Dilepididae,Paricterotaenia
Proteocephalus longicollis,France,46.227638,2.213749,4,freshwater,Animalia,Platyhelminthes,Cestoda,Onchoproteocephalidea,Proteocephalidae,Proteocephalus
Proteocephalus longicollis,Switzerland + Lichtenstein,47.3682887,8.5374552,4,freshwater,Animalia,Platyhelminthes,Cestoda,Onchoproteocephalidea,Proteocephalidae,Proteocephalus
Proteocephalus percae,France,46.227638,2.213749,4,freshwater,Animalia,Platyhelminthes,Cestoda,Onchoproteocephalidea,Proteocephalidae,Proteocephalus
Proteocephalus torulosus,Switzerland + Lichtenstein,47.3682887,8.5374552,3,freshwater,Animalia,Platyhelminthes,Cestoda,Onchoproteocephalidea,Proteocephalidae,Proteocephalus
Proteocephalus ambloplitis,Mississippi,32.3546679,-89.3985283,4,freshwater,Animalia,Platyhelminthes,Cestoda,Onchoproteocephalidea,Proteocephalidae,Proteocephalus
Bothriocephalus acheilognathi,Iraq,33.223191,43.679291,3,freshwater,Animalia,Platyhelminthes,Cestoda,Bothriocephalidea,Bothriocephalidae,Schyzocotyle
Taenia solium,Ghana,7.946527,-1.023194,2,terrestrial,Animalia,Platyhelminthes,Cestoda,Cyclophyllidea,Taeniidae,Taenia
Taenia hydatigena,Ghana,7.946527,-1.023194,2,terrestrial,Animalia,Platyhelminthes,Cestoda,Cyclophyllidea,Taeniidae,Taenia
Bothriocephalus claviceps,Norway,60.47202399999999,8.468945999999999,2,freshwater,Animalia,Platyhelminthes,Cestoda,Bothriocephalidea,Bothriocephalidae,Bothriocephalus
Eubothrium rugosum,Norway,60.47202399999999,8.468945999999999,3,freshwater,Animalia,Platyhelminthes,Cestoda,Bothriocephalidea,Triaenophoridae,Eubothrium
Proteocephalus macrocephalus,Norway,60.47202399999999,8.468945999999999,2,freshwater,Animalia,Platyhelminthes,Cestoda,Onchoproteocephalidea,Proteocephalidae,Proteocephalus
Dipylidium caninum,Byelorussia,53.709807,27.953389,2,terrestrial,Animalia,Platyhelminthes,Cestoda,Cyclophyllidea,Dipylidiidae,Dipylidium
Taenia pisiformis,Byelorussia,53.709807,27.953389,2,terrestrial,Animalia,Platyhelminthes,Cestoda,Cyclophyllidea,Taeniidae,Taenia
Taenia saginata,Australia,-25.274398,133.775136,2,terrestrial,Animalia,Platyhelminthes,Cestoda,Cyclophyllidea,Taeniidae,Taenia
Dipylidium caninum,Australia,-25.274398,133.775136,2,terrestrial,Animalia,Platyhelminthes,Cestoda,Cyclophyllidea,Dipylidiidae,Dipylidium
Echinococcus multilocularis,New South Wales,-31.2532183,146.921099,2,terrestrial,Animalia,Platyhelminthes,Cestoda,Cyclophyllidea,Taeniidae,Echinococcus
Anoplocephala perfoliata,New South Wales,-31.2532183,146.921099,2,terrestrial,Animalia,Platyhelminthes,Cestoda,Cyclophyllidea,Anoplocephalidae,Anoplocephala
Confluaria furcifera,Denmark,56.26392,9.501785,2,freshwater,Animalia,Platyhelminthes,Cestoda,Cyclophyllidea,Hymenolepididae,Confluaria
Confluaria furcifera,Germany,51.165691,10.451526,2,freshwater,Animalia,Platyhelminthes,Cestoda,Cyclophyllidea,Hymenolepididae,Confluaria
Confluaria furcifera,Quebec,52.9399159,-73.5491361,2,freshwater,Animalia,Platyhelminthes,Cestoda,Cyclophyllidea,Hymenolepididae,Confluaria
Confluaria furcifera,Alberta,53.9332706,-116.5765035,2,freshwater,Animalia,Platyhelminthes,Cestoda,Cyclophyllidea,Hymenolepididae,Confluaria
Schistocephalus solidus,Alaska,64.2008413,-149.4936733,3,freshwater,Animalia,Platyhelminthes,Cestoda,Diphyllobothriidea,Diphyllobothriidae,Schistocephalus
Hymenolepis diminuta,Nebraska,41.4925374,-99.9018131,2,terrestrial,Animalia,Platyhelminthes,Cestoda,Cyclophyllidea,Hymenolepididae,Hymenolepis
Taenia taeniaeformis,South Dakota,43.9695148,-99.9018131,2,terrestrial,Animalia,Platyhelminthes,Cestoda,Cyclophyllidea,Taeniidae,Hydatigera
Lateriporus clerci,European USSR (CIS),54.5259614,15.2551187,2,freshwater,Animalia,Platyhelminthes,Cestoda,Cyclophyllidea,Dilepididae,Lateriporus
Austramphilina elongata,Australia,-25.274398,133.775136,2,freshwater,Animalia,Platyhelminthes,Cestoda,Amphilinidea,Schizochoeridae,Austramphilina
Echinococcus granulosus,Falkland Islands,-51.796253,-59.523613,2,terrestrial,Animalia,Platyhelminthes,Cestoda,Cyclophyllidea,Taeniidae,Echinococcus
Echinococcus multilocularis,South Dakota,43.9695148,-99.9018131,2,terrestrial,Animalia,Platyhelminthes,Cestoda,Cyclophyllidea,Taeniidae,Echinococcus
Taenia acinonyxi,Ethiopian Region,9.145000000000001,40.489673,2,terrestrial,Animalia,Platyhelminthes,Cestoda,Cyclophyllidea,Taeniidae,Taenia
Taenia crocutae,Ethiopian Region,9.145000000000001,40.489673,2,terrestrial,Animalia,Platyhelminthes,Cestoda,Cyclophyllidea,Taeniidae,Taenia
Taenia hyaenae,Ethiopian Region,9.145000000000001,40.489673,2,terrestrial,Animalia,Platyhelminthes,Cestoda,Cyclophyllidea,Taeniidae,Taenia
Taenia madoquae,Ethiopian Region,9.145000000000001,40.489673,2,terrestrial,Animalia,Platyhelminthes,Cestoda,Cyclophyllidea,Taeniidae,Taenia
Taenia martis,Europe,54.5259614,15.2551187,2,terrestrial,Animalia,Platyhelminthes,Cestoda,Cyclophyllidea,Taeniidae,Taenia
Taenia olngojinei,Ethiopian Region,9.145000000000001,40.489673,2,terrestrial,Animalia,Platyhelminthes,Cestoda,Cyclophyllidea,Taeniidae,Taenia
Taenia omissa,Nearctic,53.569001,-113.571487,2,terrestrial,Animalia,Platyhelminthes,Cestoda,Cyclophyllidea,Taeniidae,Taenia
Taenia rileyi,Nearctic,53.569001,-113.571487,2,terrestrial,Animalia,Platyhelminthes,Cestoda,Cyclophyllidea,Taeniidae,Taenia
Taenia serialis,Ethiopian Region,9.145000000000001,40.489673,2,terrestrial,Animalia,Platyhelminthes,Cestoda,Cyclophyllidea,Taeniidae,Taenia
Taenia simbae,Ethiopian Region,9.145000000000001,40.489673,2,terrestrial,Animalia,Platyhelminthes,Cestoda,Cyclophyllidea,Taeniidae,Taenia
Taenia taxidiensis,Nearctic,53.569001,-113.571487,2,terrestrial,Animalia,Platyhelminthes,Cestoda,Cyclophyllidea,Taeniidae,Taenia
Moniezia expansa,Chile,-35.675147,-71.542969,2,terrestrial,Animalia,Platyhelminthes,Cestoda,Cyclophyllidea,Anoplocephalidae,Moniezia
Moniezia benedeni,Chile,-35.675147,-71.542969,2,terrestrial,Animalia,Platyhelminthes,Cestoda,Cyclophyllidea,Anoplocephalidae,Moniezia
Taenia hydatigena,Chile,-35.675147,-71.542969,2,terrestrial,Animalia,Platyhelminthes,Cestoda,Cyclophyllidea,Taeniidae,Taenia
Taenia pisiformis,Chile,-35.675147,-71.542969,2,terrestrial,Animalia,Platyhelminthes,Cestoda,Cyclophyllidea,Taeniidae,Taenia
Taenia multiceps,Chile,-35.675147,-71.542969,2,terrestrial,Animalia,Platyhelminthes,Cestoda,Cyclophyllidea,Taeniidae,Taenia
Taenia serialis,Chile,-35.675147,-71.542969,2,terrestrial,Animalia,Platyhelminthes,Cestoda,Cyclophyllidea,Taeniidae,Taenia
Choanotaenia infundibulum,Chile,-35.675147,-71.542969,2,terrestrial,Animalia,Platyhelminthes,Cestoda,Cyclophyllidea,Dilepididae,Choanotaenia
Davainea proglottina,Chile,-35.675147,-71.542969,2,terrestrial,Animalia,Platyhelminthes,Cestoda,Cyclophyllidea,Davaineidae,Davainea
Raillietina cesticillus,Chile,-35.675147,-71.542969,2,terrestrial,Animalia,Platyhelminthes,Cestoda,Cyclophyllidea,Davaineidae,Skrjabinia
Hymenolepis carioca,Chile,-35.675147,-71.542969,2,terrestrial,NA,NA,NA,NA,NA,NA
Bertiella studeri,Kenya,-0.023559,37.906193,2,terrestrial,Animalia,Platyhelminthes,Cestoda,Cyclophyllidea,Anoplocephalidae,Bertiella
Proteocephalus torulosus,Mexico,23.634501,-102.552784,3,freshwater,Animalia,Platyhelminthes,Cestoda,Onchoproteocephalidea,Proteocephalidae,Proteocephalus
Taenia taeniaeformis,Sri Lanka,7.873053999999999,80.77179699999999,2,terrestrial,Animalia,Platyhelminthes,Cestoda,Cyclophyllidea,Taeniidae,Hydatigera
Bothriocephalus scorpii,East China Sea/ Yellow Sea,35.4942771,123.7964613,3,marine,Animalia,Platyhelminthes,Cestoda,Bothriocephalidea,Bothriocephalidae,Bothriocephalus
Moniezia expansa,Jordan,30.585164,36.238414,2,terrestrial,Animalia,Platyhelminthes,Cestoda,Cyclophyllidea,Anoplocephalidae,Moniezia
Nybelinia surmenicola,Russia (Asian),61.52401,105.318756,3,marine,Animalia,Platyhelminthes,Cestoda,Trypanorhyncha,Tentaculariidae,Nybelinia
Bothriocephalus acheilognathi,Victoria,-37.01,144.75,3,freshwater,Animalia,Platyhelminthes,Cestoda,Bothriocephalidea,Bothriocephalidae,Schyzocotyle
Tetrabothrius erostris,Spain + Andalusia,37.5442706,-4.7277528,3,marine,Animalia,Platyhelminthes,Cestoda,Tetrabothriidea,Tetrabothriidae,Tetrabothrius
Raillietina tetragona,United States,37.09024,-95.712891,2,terrestrial,Animalia,Platyhelminthes,Cestoda,Cyclophyllidea,Davaineidae,Raillietina
Taenia saginata,Yemen,15.552727,48.516388,2,terrestrial,Animalia,Platyhelminthes,Cestoda,Cyclophyllidea,Taeniidae,Taenia
Taenia solium,Yemen,15.552727,48.516388,2,terrestrial,Animalia,Platyhelminthes,Cestoda,Cyclophyllidea,Taeniidae,Taenia
Triaenophorus nodulosus,Europe,54.5259614,15.2551187,3,freshwater,Animalia,Platyhelminthes,Cestoda,Bothriocephalidea,Triaenophoridae,Triaenophorus
Triaenophorus crassus,Europe,54.5259614,15.2551187,3,freshwater,Animalia,Platyhelminthes,Cestoda,Bothriocephalidea,Triaenophoridae,Triaenophorus
Eubothrium salvelini,Europe,54.5259614,15.2551187,3,freshwater,Animalia,Platyhelminthes,Cestoda,Bothriocephalidea,Triaenophoridae,Eubothrium
Proteocephalus longicollis,Finno-Karelian ASSR,63.15587019999999,32.9905552,4,freshwater,Animalia,Platyhelminthes,Cestoda,Onchoproteocephalidea,Proteocephalidae,Proteocephalus
Lateriporus clerci,Russia (Asian),61.52401,105.318756,2,freshwater,Animalia,Platyhelminthes,Cestoda,Cyclophyllidea,Dilepididae,Lateriporus
Paricterotaenia porosa,Russia (Asian),61.52401,105.318756,2,freshwater,Animalia,Platyhelminthes,Cestoda,Cyclophyllidea,Dilepididae,Paricterotaenia
Aploparaksis furcigera,Russia (Asian),61.52401,105.318756,2,terrestrial,Animalia,Platyhelminthes,Cestoda,Cyclophyllidea,Hymenolepididae,Aploparaksis
Wardium fusa,Russia (Asian),61.52401,105.318756,2,freshwater,Animalia,Platyhelminthes,Cestoda,Cyclophyllidea,Hymenolepididae,Wardium
Hymenolepis nana,New Hampshire/Vermont/Massachusetts/Connecticut/Rhode Is.,43.2509279,-71.9273024,2,terrestrial,Animalia,Platyhelminthes,Cestoda,Cyclophyllidea,Hymenolepididae,Rodentolepis
Calliobothrium verticillatum,Mediterranean,34.5531284,18.0480105,2,marine,Animalia,Platyhelminthes,Cestoda,Tetraphyllidea,Calliobothriidae,Calliobothrium
Taenia taeniaeformis,Jordan,30.585164,36.238414,2,terrestrial,Animalia,Platyhelminthes,Cestoda,Cyclophyllidea,Taeniidae,Hydatigera
Rodentolepis asymmetrica,Europe,54.5259614,15.2551187,2,terrestrial,Animalia,Platyhelminthes,Cestoda,Cyclophyllidea,Hymenolepididae,Rodentolepis
Taenia solium,Thailand,15.870032,100.992541,2,terrestrial,Animalia,Platyhelminthes,Cestoda,Cyclophyllidea,Taeniidae,Taenia
Taenia saginata,Thailand,15.870032,100.992541,2,terrestrial,Animalia,Platyhelminthes,Cestoda,Cyclophyllidea,Taeniidae,Taenia
Molluscotaenia crassiscolex,Austria,47.516231,14.550072,2,terrestrial,Animalia,Platyhelminthes,Cestoda,Cyclophyllidea,Dilepididae,Choanotaenia
Neoskrjabinolepis schaldybini,Austria,47.516231,14.550072,2,terrestrial,Animalia,Platyhelminthes,Cestoda,Cyclophyllidea,Hymenolepididae,Hymenolepis
Neogryporhynchus cheilancristrotus,Germany,51.165691,10.451526,3,freshwater,Animalia,Platyhelminthes,Cestoda,Cyclophyllidea,Dilepididae,Neogryporhynchus
Hymenolepis diminuta,Malawi,-13.254308,34.301525,2,terrestrial,Animalia,Platyhelminthes,Cestoda,Cyclophyllidea,Hymenolepididae,Hymenolepis
Paranoplocephala omphalodes,Austria,47.516231,14.550072,2,terrestrial,Animalia,Platyhelminthes,Cestoda,Cyclophyllidea,Anoplocephalidae,Paranoplocephala
Paranoplocephala omphalodes,United States,37.09024,-95.712891,2,terrestrial,Animalia,Platyhelminthes,Cestoda,Cyclophyllidea,Anoplocephalidae,Paranoplocephala
Cyclustera capito,Mexico,23.634501,-102.552784,3,freshwater,Animalia,Platyhelminthes,Cestoda,Cyclophyllidea,Gryporhynchidae,Cyclustera
Glossocercus caribaensis,Mexico,23.634501,-102.552784,3,freshwater,Animalia,Platyhelminthes,Cestoda,Cyclophyllidea,Gryporhynchidae,Glossocercus
Paradilepis caballeroi,Mexico,23.634501,-102.552784,3,freshwater,Animalia,Platyhelminthes,Cestoda,Cyclophyllidea,Gryporhynchidae,Paradilepis
Parvitaenia cochlearii,Mexico,23.634501,-102.552784,3,freshwater,Animalia,Platyhelminthes,Cestoda,Cyclophyllidea,Gryporhynchidae,Parvitaenia
Valipora campylancristrota,Mexico,23.634501,-102.552784,3,freshwater,Animalia,Platyhelminthes,Cestoda,Cyclophyllidea,Dipylidiidae,Dipylidium
Valipora mutabilis,Mexico,23.634501,-102.552784,3,freshwater,Animalia,Platyhelminthes,Cestoda,Cyclophyllidea,Gryporhynchidae,Valipora
Valipora minuta,Mexico,23.634501,-102.552784,3,freshwater,Animalia,Platyhelminthes,Cestoda,Cyclophyllidea,Gryporhynchidae,Valipora
Eubothrium salvelini,Western Europe,46.2021848,1.2643875,3,freshwater,Animalia,Platyhelminthes,Cestoda,Bothriocephalidea,Triaenophoridae,Eubothrium
Tetrabothrius erostris,Sri Lanka,7.873053999999999,80.77179699999999,3,marine,Animalia,Platyhelminthes,Cestoda,Tetrabothriidea,Tetrabothriidae,Tetrabothrius
Cyathocephalus truncatus,Germany,51.165691,10.451526,2,freshwater,Animalia,Platyhelminthes,Cestoda,Spathebothriidea,Acrobothriidae,Cyathocephalus
Diphyllobothrium ditremum,Germany,51.165691,10.451526,3,freshwater,Animalia,Platyhelminthes,Cestoda,Diphyllobothriidea,Diphyllobothriidae,Dibothriocephalus
Proteocephalus osculatus,Germany,51.165691,10.451526,2,freshwater,Animalia,Platyhelminthes,Cestoda,Onchoproteocephalidea,Proteocephalidae,Glanitaenia
Hymenolepis diminuta,Ethiopia (incl. Dhibouti),11.59516,43.146473,2,terrestrial,Animalia,Platyhelminthes,Cestoda,Cyclophyllidea,Hymenolepididae,Hymenolepis
Hymenolepis diminuta,Tennessee,35.5174913,-86.5804473,2,terrestrial,Animalia,Platyhelminthes,Cestoda,Cyclophyllidea,Hymenolepididae,Hymenolepis
Raillietina australis,South Australia,-30.0002315,136.2091547,2,terrestrial,Animalia,Arthropoda,Arachnida,Mesostigmata,Raillietiidae,Raillietia
Raillietina australis,Victoria,-37.01,144.75,2,terrestrial,Animalia,Arthropoda,Arachnida,Mesostigmata,Raillietiidae,Raillietia
Raillietina australis,New South Wales,-31.2532183,146.921099,2,terrestrial,Animalia,Arthropoda,Arachnida,Mesostigmata,Raillietiidae,Raillietia
Raillietina beveridgei,South Australia,-30.0002315,136.2091547,2,terrestrial,Animalia,Platyhelminthes,Cestoda,Cyclophyllidea,Davaineidae,Raillietina
Raillietina beveridgei,Victoria,-37.01,144.75,2,terrestrial,Animalia,Platyhelminthes,Cestoda,Cyclophyllidea,Davaineidae,Raillietina
Raillietina chiltoni,South Australia,-30.0002315,136.2091547,2,terrestrial,Animalia,Platyhelminthes,Cestoda,Cyclophyllidea,Davaineidae,Raillietina
Raillietina dromaius,South Australia,-30.0002315,136.2091547,2,terrestrial,Animalia,Platyhelminthes,Cestoda,Cyclophyllidea,Davaineidae,Raillietina
Raillietina dromaius,New South Wales,-31.2532183,146.921099,2,terrestrial,Animalia,Platyhelminthes,Cestoda,Cyclophyllidea,Davaineidae,Raillietina
Raillietina dromaius,Victoria,-37.01,144.75,2,terrestrial,Animalia,Platyhelminthes,Cestoda,Cyclophyllidea,Davaineidae,Raillietina
Raillietina mitchelli,South Australia,-30.0002315,136.2091547,2,terrestrial,Animalia,Platyhelminthes,Cestoda,Cyclophyllidea,Davaineidae,Raillietina
Proteocephalus torulosus,Italy,41.87194,12.56738,3,freshwater,Animalia,Platyhelminthes,Cestoda,Onchoproteocephalidea,Proteocephalidae,Proteocephalus
Raillietina tetragona,Egypt,26.820553,30.802498,2,terrestrial,Animalia,Platyhelminthes,Cestoda,Cyclophyllidea,Davaineidae,Raillietina
Triaenophorus crassus,Russia (European),54.5259614,15.2551187,3,freshwater,Animalia,Platyhelminthes,Cestoda,Bothriocephalidea,Triaenophoridae,Triaenophorus
Choanotaenia infundibulum,Ghana,7.946527,-1.023194,2,terrestrial,Animalia,Platyhelminthes,Cestoda,Cyclophyllidea,Dilepididae,Choanotaenia
Raillietina cesticillus,Ghana,7.946527,-1.023194,2,terrestrial,Animalia,Platyhelminthes,Cestoda,Cyclophyllidea,Davaineidae,Skrjabinia
Raillietina echinobothrida,Ghana,7.946527,-1.023194,2,terrestrial,Animalia,Platyhelminthes,Cestoda,Cyclophyllidea,Davaineidae,Raillietina
Raillietina tetragona,Ghana,7.946527,-1.023194,2,terrestrial,Animalia,Platyhelminthes,Cestoda,Cyclophyllidea,Davaineidae,Raillietina
Nippotaenia mogurndae,Russia (Asian),61.52401,105.318756,3,freshwater,Animalia,Platyhelminthes,Cestoda,Nippotaeniidea,Nippotaeniidae,Nippotaenia
Khawia sinensis,Armenia,40.069099,45.038189,2,freshwater,Animalia,Platyhelminthes,Cestoda,Caryophyllidea,Lytocestidae,Khawia
Microsomacanthus diorchis,Spitzbergen (Svalbard),78.90136,13.4838877,2,marine,Animalia,Platyhelminthes,Cestoda,Cyclophyllidea,Hymenolepididae,Diorchis
Microsomacanthus ductilis,Spitzbergen (Svalbard),78.90136,13.4838877,2,marine,Animalia,Platyhelminthes,Cestoda,Cyclophyllidea,Hymenolepididae,Microsomacanthus
Bothriocephalus cuspidatus,Manitoba,53.7608608,-98.8138762,2,freshwater,Animalia,Platyhelminthes,Cestoda,Bothriocephalidea,Bothriocephalidae,Bothriocephalus
Proteocephalus pearsei,Manitoba,53.7608608,-98.8138762,2,freshwater,Animalia,Platyhelminthes,Cestoda,Onchoproteocephalidea,Proteocephalidae,Proteocephalus
Proteocephalus pearsei,Wisconsin,43.7844397,-88.7878678,2,freshwater,Animalia,Platyhelminthes,Cestoda,Onchoproteocephalidea,Proteocephalidae,Proteocephalus
Khawia sinensis,Yugoslavia,37.09024,-95.712891,2,freshwater,Animalia,Platyhelminthes,Cestoda,Caryophyllidea,Lytocestidae,Khawia
Bothriocephalus acheilognathi,Yugoslavia,37.09024,-95.712891,3,freshwater,Animalia,Platyhelminthes,Cestoda,Bothriocephalidea,Bothriocephalidae,Schyzocotyle
Hymenolepis nana,Iceland,64.963051,-19.020835,2,terrestrial,Animalia,Platyhelminthes,Cestoda,Cyclophyllidea,Hymenolepididae,Rodentolepis
Proteocephalus cernuae,Russia (European),54.5259614,15.2551187,2,freshwater,Animalia,Platyhelminthes,Cestoda,Onchoproteocephalidea,Proteocephalidae,Proteocephalus
Cyathocephalus truncatus,Yakut ASSR,66.7613451,124.123753,2,freshwater,Animalia,Platyhelminthes,Cestoda,Spathebothriidea,Acrobothriidae,Cyathocephalus
Diplocotyle olrikii,Yakut ASSR,66.7613451,124.123753,2,marine,Animalia,Platyhelminthes,Cestoda,Spathebothriidea,Acrobothriidae,Diplocotyle
Eubothrium salvelini,Yakut ASSR,66.7613451,124.123753,3,freshwater,Animalia,Platyhelminthes,Cestoda,Bothriocephalidea,Triaenophoridae,Eubothrium
Triaenophorus crassus,Yakut ASSR,66.7613451,124.123753,3,freshwater,Animalia,Platyhelminthes,Cestoda,Bothriocephalidea,Triaenophoridae,Triaenophorus
Prochristianella hispida,Gulf of Mexico,25.304304,-90.065918,3,marine,Animalia,Platyhelminthes,Cestoda,Trypanorhyncha,Eutetrarhynchidae,Prochristianella
Mosgovoyia pectinata,Byelorussia,53.709807,27.953389,2,terrestrial,Animalia,Platyhelminthes,Cestoda,Cyclophyllidea,Anoplocephalidae,Mosgovoyia
Caryophyllaeus laticeps,Russia (European),54.5259614,15.2551187,2,freshwater,Animalia,Platyhelminthes,Cestoda,Caryophyllidea,Caryophyllaeidae,Caryophyllaeus
Eubothrium rugosum,Russia (European),54.5259614,15.2551187,3,freshwater,Animalia,Platyhelminthes,Cestoda,Bothriocephalidea,Triaenophoridae,Eubothrium
Ligula intestinalis,Russia (European),54.5259614,15.2551187,3,freshwater,Animalia,Platyhelminthes,Cestoda,Diphyllobothriidea,Diphyllobothriidae,Ligula
Schistocephalus pungitii,Russia (European),54.5259614,15.2551187,3,freshwater,Animalia,Platyhelminthes,Cestoda,Diphyllobothriidea,Diphyllobothriidae,Schistocephalus
Cyathocephalus truncatus,Russia (European),54.5259614,15.2551187,2,freshwater,Animalia,Platyhelminthes,Cestoda,Spathebothriidea,Acrobothriidae,Cyathocephalus
Diplocotyle olrikii,Russia (European),54.5259614,15.2551187,2,marine,Animalia,Platyhelminthes,Cestoda,Spathebothriidea,Acrobothriidae,Diplocotyle
Proteocephalus percae,Russia (European),54.5259614,15.2551187,4,freshwater,Animalia,Platyhelminthes,Cestoda,Onchoproteocephalidea,Proteocephalidae,Proteocephalus
Proteocephalus thymalli,Russia (European),54.5259614,15.2551187,2,freshwater,Animalia,Platyhelminthes,Cestoda,Onchoproteocephalidea,Proteocephalidae,Proteocephalus
Proteocephalus filicollis,Russia (European),54.5259614,15.2551187,3,freshwater,Animalia,Platyhelminthes,Cestoda,Onchoproteocephalidea,Proteocephalidae,Proteocephalus
Proteocephalus longicollis,Russia (European),54.5259614,15.2551187,4,freshwater,Animalia,Platyhelminthes,Cestoda,Onchoproteocephalidea,Proteocephalidae,Proteocephalus
Proteocephalus torulosus,Russia (European),54.5259614,15.2551187,3,freshwater,Animalia,Platyhelminthes,Cestoda,Onchoproteocephalidea,Proteocephalidae,Proteocephalus
Khawia sinensis,Finno-Karelian ASSR,63.15587019999999,32.9905552,2,freshwater,Animalia,Platyhelminthes,Cestoda,Caryophyllidea,Lytocestidae,Khawia
Bothriocephalus claviceps,Finno-Karelian ASSR,63.15587019999999,32.9905552,2,freshwater,Animalia,Platyhelminthes,Cestoda,Bothriocephalidea,Bothriocephalidae,Bothriocephalus
Bothriocephalus opsariichthydis,Finno-Karelian ASSR,63.15587019999999,32.9905552,2,freshwater,Animalia,Platyhelminthes,Cestoda,Bothriocephalidea,Bothriocephalidae,Bothriocephalus
Proteocephalus cernuae,Finno-Karelian ASSR,63.15587019999999,32.9905552,2,freshwater,Animalia,Platyhelminthes,Cestoda,Onchoproteocephalidea,Proteocephalidae,Proteocephalus
Proteocephalus macrocephalus,Finno-Karelian ASSR,63.15587019999999,32.9905552,2,freshwater,Animalia,Platyhelminthes,Cestoda,Onchoproteocephalidea,Proteocephalidae,Proteocephalus
Proteocephalus thymalli,Finno-Karelian ASSR,63.15587019999999,32.9905552,2,freshwater,Animalia,Platyhelminthes,Cestoda,Onchoproteocephalidea,Proteocephalidae,Proteocephalus
Echinococcus vogeli,Switzerland + Lichtenstein,47.3682887,8.5374552,2,terrestrial,Animalia,Platyhelminthes,Cestoda,Cyclophyllidea,Taeniidae,Echinococcus
Lacistorhynchus dollfusi,Pacific coast of USA,62.4113634,-149.0729714,3,marine,Animalia,Platyhelminthes,Cestoda,Trypanorhyncha,Lacistorhynchidae,Lacistorhynchus
Oochoristica javaensis,Thailand,15.870032,100.992541,2,terrestrial,Animalia,Platyhelminthes,Cestoda,Cyclophyllidea,Anoplocephalidae,Oochoristica
Nybelinia surmenicola,Pacific coast of USA,62.4113634,-149.0729714,3,marine,Animalia,Platyhelminthes,Cestoda,Trypanorhyncha,Tentaculariidae,Nybelinia
Proteocephalus macrocephalus,Adriatic Sea,41.85509039999999,17.2902839,2,freshwater,Animalia,Platyhelminthes,Cestoda,Onchoproteocephalidea,Proteocephalidae,Proteocephalus
Bothriocephalus scorpii,New Zealand coast,-42.6919232,171.3399414,3,marine,Animalia,Platyhelminthes,Cestoda,Bothriocephalidea,Bothriocephalidae,Bothriocephalus
Lacistorhynchus tenuis,New Zealand coast,-42.6919232,171.3399414,3,marine,Animalia,Platyhelminthes,Cestoda,Trypanorhyncha,Lacistorhynchidae,Lacistorhynchus
Hymenolepis diminuta,Denmark,56.26392,9.501785,2,terrestrial,Animalia,Platyhelminthes,Cestoda,Cyclophyllidea,Hymenolepididae,Hymenolepis
Nippotaenia mogurndae,Japan,36.204824,138.252924,3,freshwater,Animalia,Platyhelminthes,Cestoda,Nippotaeniidea,Nippotaeniidae,Nippotaenia
Acanthobothrium olseni,Pacific coast of USA,62.4113634,-149.0729714,3,marine,Animalia,Platyhelminthes,Cestoda,Onchoproteocephalidea,Onchobothriidae,Acanthobothrium
Acanthobothrium brevissime,Gulf of Mexico,25.304304,-90.065918,2,marine,Animalia,Platyhelminthes,Cestoda,Onchoproteocephalidea,Onchobothriidae,Acanthobothrium
Cyclustera ralli,Mexico,23.634501,-102.552784,3,freshwater,Animalia,Platyhelminthes,Cestoda,Cyclophyllidea,Gryporhynchidae,Cyclustera
Calliobothrium verticillatum,Coast of Japan,35.4543846,139.644207,2,marine,Animalia,Platyhelminthes,Cestoda,Tetraphyllidea,Calliobothriidae,Calliobothrium
Cephalochlamys namaquensis,Transvaal,-23.59,29.13,2,freshwater,Animalia,Platyhelminthes,Cestoda,Diphyllobothriidea,Cephalochlamydidae,Cephalochlamys
Cephalochlamys namaquensis,Uganda,1.373333,32.290275,2,freshwater,Animalia,Platyhelminthes,Cestoda,Diphyllobothriidea,Cephalochlamydidae,Cephalochlamys
Cephalochlamys namaquensis,Kenya,-0.023559,37.906193,2,freshwater,Animalia,Platyhelminthes,Cestoda,Diphyllobothriidea,Cephalochlamydidae,Cephalochlamys
Cephalochlamys namaquensis,Rwanda,-1.940278,29.873888,2,freshwater,Animalia,Platyhelminthes,Cestoda,Diphyllobothriidea,Cephalochlamydidae,Cephalochlamys
Cephalochlamys namaquensis,California,36.778261,-119.4179324,2,freshwater,Animalia,Platyhelminthes,Cestoda,Diphyllobothriidea,Cephalochlamydidae,Cephalochlamys
Cephalochlamys namaquensis,"England, Wales + Isle of Man",54.236107,-4.548056,2,freshwater,Animalia,Platyhelminthes,Cestoda,Diphyllobothriidea,Cephalochlamydidae,Cephalochlamys
Oochoristica javaensis,Louisiana,30.9842977,-91.96233269999999,2,terrestrial,Animalia,Platyhelminthes,Cestoda,Cyclophyllidea,Anoplocephalidae,Oochoristica
Taenia omissa,Costa Rica,9.748916999999999,-83.753428,2,terrestrial,Animalia,Platyhelminthes,Cestoda,Cyclophyllidea,Taeniidae,Taenia
Taenia pisiformis,Peru,-9.189967,-75.015152,2,terrestrial,Animalia,Platyhelminthes,Cestoda,Cyclophyllidea,Taeniidae,Taenia
Hymenolepis nana,Nepal,28.394857,84.12400799999999,2,terrestrial,Animalia,Platyhelminthes,Cestoda,Cyclophyllidea,Hymenolepididae,Rodentolepis
Rodentolepis microstoma,Spain + Andalusia,37.5442706,-4.7277528,2,terrestrial,Animalia,Platyhelminthes,Cestoda,Cyclophyllidea,Hymenolepididae,Rodentolepis
Rodentolepis straminea,France,46.227638,2.213749,2,terrestrial,Animalia,Platyhelminthes,Cestoda,Cyclophyllidea,Hymenolepididae,Rodentolepis
Aploparaksis pseudofilum,Colorado,39.5500507,-105.7820674,2,terrestrial,Animalia,Platyhelminthes,Cestoda,Cyclophyllidea,Hymenolepididae,Aploparaksis
Dipylidium caninum,Tunisia,33.886917,9.537499,2,terrestrial,Animalia,Platyhelminthes,Cestoda,Cyclophyllidea,Dipylidiidae,Dipylidium
Taenia hydatigena,Tunisia,33.886917,9.537499,2,terrestrial,Animalia,Platyhelminthes,Cestoda,Cyclophyllidea,Taeniidae,Taenia
Taenia serialis,Tunisia,33.886917,9.537499,2,terrestrial,Animalia,Platyhelminthes,Cestoda,Cyclophyllidea,Taeniidae,Taenia
Taenia multiceps,Tunisia,33.886917,9.537499,2,terrestrial,Animalia,Platyhelminthes,Cestoda,Cyclophyllidea,Taeniidae,Taenia
Taenia pisiformis,Tunisia,33.886917,9.537499,2,terrestrial,Animalia,Platyhelminthes,Cestoda,Cyclophyllidea,Taeniidae,Taenia
Cyclustera ibisae,Mexico,23.634501,-102.552784,3,freshwater,Animalia,Platyhelminthes,Cestoda,Cyclophyllidea,Gryporhynchidae,Cyclustera
Neogryporhynchus cheilancristrotus,Mexico,23.634501,-102.552784,3,freshwater,Animalia,Platyhelminthes,Cestoda,Cyclophyllidea,Dilepididae,Neogryporhynchus
Grillotia erinaceus,Norwegian Sea,68.8773537,3.13966,3,marine,Animalia,Platyhelminthes,Cestoda,Trypanorhyncha,Lacistorhynchidae,Grillotia
Eubothrium salvelini,Sea of Okhotsk,52.87362299999999,149.3658173,3,freshwater,Animalia,Platyhelminthes,Cestoda,Bothriocephalidea,Triaenophoridae,Eubothrium
Variolepis farciminosa,"Ukraine, incl. Moldavia",48.379433,31.1655799,2,terrestrial,Animalia,Platyhelminthes,Cestoda,Cyclophyllidea,Hymenolepididae,Variolepis
Dipylidium caninum,"Ukraine, incl. Moldavia",48.379433,31.1655799,2,terrestrial,Animalia,Platyhelminthes,Cestoda,Cyclophyllidea,Dipylidiidae,Dipylidium
Taenia pisiformis,"Ukraine, incl. Moldavia",48.379433,31.1655799,2,terrestrial,Animalia,Platyhelminthes,Cestoda,Cyclophyllidea,Taeniidae,Taenia
Joyeuxiella pasqualei,Germany,51.165691,10.451526,3,terrestrial,Animalia,Platyhelminthes,Cestoda,Cyclophyllidea,Dipylidiidae,Joyeuxiella
Khawia sinensis,Japan,36.204824,138.252924,2,freshwater,Animalia,Platyhelminthes,Cestoda,Caryophyllidea,Lytocestidae,Khawia
Khawia parva,Japan,36.204824,138.252924,2,freshwater,Animalia,Platyhelminthes,Cestoda,Caryophyllidea,Lytocestidae,Khawia
Hymenolepis nana,Venezuela,6.42375,-66.58973,2,terrestrial,Animalia,Platyhelminthes,Cestoda,Cyclophyllidea,Hymenolepididae,Rodentolepis
Confluaria podicipina,"Ukraine, incl. Moldavia",48.379433,31.1655799,2,freshwater,Animalia,Platyhelminthes,Cestoda,Cyclophyllidea,Hymenolepididae,Confluaria
Confluaria furcifera,"Ukraine, incl. Moldavia",48.379433,31.1655799,2,freshwater,Animalia,Platyhelminthes,Cestoda,Cyclophyllidea,Hymenolepididae,Confluaria
Anoplocephala perfoliata,Louisiana,30.9842977,-91.96233269999999,2,terrestrial,Animalia,Platyhelminthes,Cestoda,Cyclophyllidea,Anoplocephalidae,Anoplocephala
Hymenolepis diminuta,Wisconsin,43.7844397,-88.7878678,2,terrestrial,Animalia,Platyhelminthes,Cestoda,Cyclophyllidea,Hymenolepididae,Hymenolepis
Diplocotyle olrikii,Atlantic Ocean,-14.5994134,-28.6731465,2,marine,Animalia,Platyhelminthes,Cestoda,Spathebothriidea,Acrobothriidae,Diplocotyle
Spathebothrium simplex,Atlantic Ocean,-14.5994134,-28.6731465,2,marine,Animalia,Platyhelminthes,Cestoda,Spathebothriidea,Spathebothriidae,Spathebothrium
Diplopylidium acanthotetra,Canary Islands,28.2915637,-16.6291304,3,terrestrial,Animalia,Platyhelminthes,Cestoda,Cyclophyllidea,Dipylidiidae,Diplopylidium
Taenia multiceps,Egypt,26.820553,30.802498,2,terrestrial,Animalia,Platyhelminthes,Cestoda,Cyclophyllidea,Taeniidae,Taenia
Taenia solium,Kenya,-0.023559,37.906193,2,terrestrial,Animalia,Platyhelminthes,Cestoda,Cyclophyllidea,Taeniidae,Taenia
Dipylidium caninum,Sudan,12.862807,30.217636,2,terrestrial,Animalia,Platyhelminthes,Cestoda,Cyclophyllidea,Dipylidiidae,Dipylidium
Bothriocephalus claviceps,France,46.227638,2.213749,2,freshwater,Animalia,Platyhelminthes,Cestoda,Bothriocephalidea,Bothriocephalidae,Bothriocephalus
Cyathocephalus truncatus,Finland,61.92410999999999,25.7481511,2,freshwater,Animalia,Platyhelminthes,Cestoda,Spathebothriidea,Acrobothriidae,Cyathocephalus
Oochoristica javaensis,Sumatra,-0.589724,101.3431058,2,terrestrial,Animalia,Platyhelminthes,Cestoda,Cyclophyllidea,Anoplocephalidae,Oochoristica
Molluscotaenia crassiscolex,Byelorussia,53.709807,27.953389,2,terrestrial,Animalia,Platyhelminthes,Cestoda,Cyclophyllidea,Dilepididae,Choanotaenia
Staphylocystis furcata,Byelorussia,53.709807,27.953389,2,terrestrial,Animalia,Platyhelminthes,Cestoda,Cyclophyllidea,Hymenolepididae,Staphylocystis
Taenia martis,Byelorussia,53.709807,27.953389,2,terrestrial,Animalia,Platyhelminthes,Cestoda,Cyclophyllidea,Taeniidae,Taenia
Hymenolepis diminuta,Iran,32.427908,53.688046,2,terrestrial,Animalia,Platyhelminthes,Cestoda,Cyclophyllidea,Hymenolepididae,Hymenolepis
Drepanidotaenia lanceolata,Iran,32.427908,53.688046,2,freshwater,Animalia,Platyhelminthes,Cestoda,Cyclophyllidea,Hymenolepididae,Drepanidotaenia
Corallobothrium fimbriatum,Mexico,23.634501,-102.552784,3,freshwater,Animalia,Platyhelminthes,Cestoda,Onchoproteocephalidea,Proteocephalidae,Essexiella
Megathylacoides giganteum,Mexico,23.634501,-102.552784,3,freshwater,Animalia,Platyhelminthes,Cestoda,Onchoproteocephalidea,Proteocephalidae,Megathylacoides
Taenia hydatigena,New South Wales,-31.2532183,146.921099,2,terrestrial,Animalia,Platyhelminthes,Cestoda,Cyclophyllidea,Taeniidae,Taenia
Taenia hydatigena,Victoria,-37.01,144.75,2,terrestrial,Animalia,Platyhelminthes,Cestoda,Cyclophyllidea,Taeniidae,Taenia
Taenia pisiformis,New South Wales,-31.2532183,146.921099,2,terrestrial,Animalia,Platyhelminthes,Cestoda,Cyclophyllidea,Taeniidae,Taenia
Taenia pisiformis,Victoria,-37.01,144.75,2,terrestrial,Animalia,Platyhelminthes,Cestoda,Cyclophyllidea,Taeniidae,Taenia
Gangesia parasiluri,Russia (Asian),61.52401,105.318756,3,freshwater,Animalia,Platyhelminthes,Cestoda,Onchoproteocephalidea,Proteocephalidae,Gangesia
Paradilepis scolecina,Russia (Asian),61.52401,105.318756,3,freshwater,Animalia,Platyhelminthes,Cestoda,Cyclophyllidea,Gryporhynchidae,Paradilepis
Joyeuxilepis acanthorhyncha,"Ukraine, incl. Moldavia",48.379433,31.1655799,2,freshwater,Animalia,Platyhelminthes,Cestoda,Cyclophyllidea,Amabiliidae,Joyeuxilepis
Joyeuxilepis octacantha,"Ukraine, incl. Moldavia",48.379433,31.1655799,2,freshwater,Animalia,Platyhelminthes,Cestoda,Cyclophyllidea,Amabiliidae,Tatria
Ryjikovilepis dubininae,"Ukraine, incl. Moldavia",48.379433,31.1655799,2,freshwater,Animalia,Platyhelminthes,Cestoda,Cyclophyllidea,Schistotaeniidae,Ryjikovilepis
Tatria biremis,European USSR (CIS),54.5259614,15.2551187,2,freshwater,Animalia,Platyhelminthes,Cestoda,Cyclophyllidea,Amabiliidae,Tatria
Taenia crassiceps,Northwest Territories,64.8255441,-124.8457334,2,terrestrial,Animalia,Platyhelminthes,Cestoda,Cyclophyllidea,Taeniidae,Taenia
Taenia crassiceps,District of Columbia/Delaware/New Jersey/Maryland,39.0457549,-76.64127119999999,2,terrestrial,Animalia,Platyhelminthes,Cestoda,Cyclophyllidea,Taeniidae,Taenia
Taenia endothoracicus,North Africa,23.4162027,25.66283,2,terrestrial,Animalia,Platyhelminthes,Cestoda,Cyclophyllidea,Taeniidae,Taenia
Taenia endothoracicus,European USSR (CIS),54.5259614,15.2551187,2,terrestrial,Animalia,Platyhelminthes,Cestoda,Cyclophyllidea,Taeniidae,Taenia
Taenia hydatigena,California,36.778261,-119.4179324,2,terrestrial,Animalia,Platyhelminthes,Cestoda,Cyclophyllidea,Taeniidae,Taenia
Taenia hydatigena,District of Columbia/Delaware/New Jersey/Maryland,39.0457549,-76.64127119999999,2,terrestrial,Animalia,Platyhelminthes,Cestoda,Cyclophyllidea,Taeniidae,Taenia
Taenia hydatigena,Sudan,12.862807,30.217636,2,terrestrial,Animalia,Platyhelminthes,Cestoda,Cyclophyllidea,Taeniidae,Taenia
Taenia hydatigena,Northwest Territories,64.8255441,-124.8457334,2,terrestrial,Animalia,Platyhelminthes,Cestoda,Cyclophyllidea,Taeniidae,Taenia
Taenia laticollis,United States,37.09024,-95.712891,2,terrestrial,Animalia,Platyhelminthes,Cestoda,Cyclophyllidea,Taeniidae,Taenia
Taenia martis,United States,37.09024,-95.712891,2,terrestrial,Animalia,Platyhelminthes,Cestoda,Cyclophyllidea,Taeniidae,Taenia
Taenia multiceps,Germany,51.165691,10.451526,2,terrestrial,Animalia,Platyhelminthes,Cestoda,Cyclophyllidea,Taeniidae,Taenia
Taenia multiceps,France,46.227638,2.213749,2,terrestrial,Animalia,Platyhelminthes,Cestoda,Cyclophyllidea,Taeniidae,Taenia
Taenia multiceps,New Hampshire/Vermont/Massachusetts/Connecticut/Rhode Is.,43.2509279,-71.9273024,2,terrestrial,Animalia,Platyhelminthes,Cestoda,Cyclophyllidea,Taeniidae,Taenia
Taenia mustelae,Germany,51.165691,10.451526,2,terrestrial,Animalia,Platyhelminthes,Cestoda,Cyclophyllidea,Taeniidae,Taenia
Taenia mustelae,Alaska,64.2008413,-149.4936733,2,terrestrial,Animalia,Platyhelminthes,Cestoda,Cyclophyllidea,Taeniidae,Taenia
Taenia olngojinei,Central African Republic,6.611110999999999,20.939444,2,terrestrial,Animalia,Platyhelminthes,Cestoda,Cyclophyllidea,Taeniidae,Taenia
Taenia olngojinei,Kenya,-0.023559,37.906193,2,terrestrial,Animalia,Platyhelminthes,Cestoda,Cyclophyllidea,Taeniidae,Taenia
Taenia omissa,Lake Tanganyika,-6.2555679,29.5107708,2,terrestrial,Animalia,Platyhelminthes,Cestoda,Cyclophyllidea,Taeniidae,Taenia
Taenia pisiformis,Louisiana,30.9842977,-91.96233269999999,2,terrestrial,Animalia,Platyhelminthes,Cestoda,Cyclophyllidea,Taeniidae,Taenia
Taenia pisiformis,Austria,47.516231,14.550072,2,terrestrial,Animalia,Platyhelminthes,Cestoda,Cyclophyllidea,Taeniidae,Taenia
Taenia pisiformis,Australia,-25.274398,133.775136,2,terrestrial,Animalia,Platyhelminthes,Cestoda,Cyclophyllidea,Taeniidae,Taenia
Taenia polyacantha,Northwest Territories,64.8255441,-124.8457334,2,terrestrial,Animalia,Platyhelminthes,Cestoda,Cyclophyllidea,Taeniidae,Taenia
Taenia polyacantha,Norway,60.47202399999999,8.468945999999999,2,terrestrial,Animalia,Platyhelminthes,Cestoda,Cyclophyllidea,Taeniidae,Taenia
Taenia regis,Ethiopian Region,9.145000000000001,40.489673,2,terrestrial,Animalia,Platyhelminthes,Cestoda,Cyclophyllidea,Taeniidae,Taenia
Taenia regis,Central African Republic,6.611110999999999,20.939444,2,terrestrial,Animalia,Platyhelminthes,Cestoda,Cyclophyllidea,Taeniidae,Taenia
Taenia regis,Sudan,12.862807,30.217636,2,terrestrial,Animalia,Platyhelminthes,Cestoda,Cyclophyllidea,Taeniidae,Taenia
Taenia rileyi,Alaska,64.2008413,-149.4936733,2,terrestrial,Animalia,Platyhelminthes,Cestoda,Cyclophyllidea,Taeniidae,Taenia
Taenia saginata,Alaska,64.2008413,-149.4936733,2,terrestrial,Animalia,Platyhelminthes,Cestoda,Cyclophyllidea,Taeniidae,Taenia
Taenia serialis,Australia,-25.274398,133.775136,2,terrestrial,Animalia,Platyhelminthes,Cestoda,Cyclophyllidea,Taeniidae,Taenia
Taenia serialis,Argentina,-38.416097,-63.61667199999999,2,terrestrial,Animalia,Platyhelminthes,Cestoda,Cyclophyllidea,Taeniidae,Taenia
Taenia serialis,Spain + Andalusia,37.5442706,-4.7277528,2,terrestrial,Animalia,Platyhelminthes,Cestoda,Cyclophyllidea,Taeniidae,Taenia
Taenia serialis,Louisiana,30.9842977,-91.96233269999999,2,terrestrial,Animalia,Platyhelminthes,Cestoda,Cyclophyllidea,Taeniidae,Taenia
Taenia taeniaeformis,Louisiana,30.9842977,-91.96233269999999,2,terrestrial,Animalia,Platyhelminthes,Cestoda,Cyclophyllidea,Taeniidae,Hydatigera
Taenia taeniaeformis,Yugoslavia,37.09024,-95.712891,2,terrestrial,Animalia,Platyhelminthes,Cestoda,Cyclophyllidea,Taeniidae,Hydatigera
Taenia taeniaeformis,Montana,46.8796822,-110.3625658,2,terrestrial,Animalia,Platyhelminthes,Cestoda,Cyclophyllidea,Taeniidae,Hydatigera
Taenia taeniaeformis,Uzbekistan,41.377491,64.585262,2,terrestrial,Animalia,Platyhelminthes,Cestoda,Cyclophyllidea,Taeniidae,Hydatigera
Taenia taxidiensis,United States,37.09024,-95.712891,2,terrestrial,Animalia,Platyhelminthes,Cestoda,Cyclophyllidea,Taeniidae,Taenia
Taenia taxidiensis,Saskatchewan,52.9399159,-106.4508639,2,terrestrial,Animalia,Platyhelminthes,Cestoda,Cyclophyllidea,Taeniidae,Taenia
Taenia taxidiensis,Utah,39.3209801,-111.0937311,2,terrestrial,Animalia,Platyhelminthes,Cestoda,Cyclophyllidea,Taeniidae,Taenia
Taenia taxidiensis,Montana,46.8796822,-110.3625658,2,terrestrial,Animalia,Platyhelminthes,Cestoda,Cyclophyllidea,Taeniidae,Taenia
Taenia twitchelli,Alaska,64.2008413,-149.4936733,2,terrestrial,Animalia,Platyhelminthes,Cestoda,Cyclophyllidea,Taeniidae,Taenia
Echinococcus granulosus,Central African Republic,6.611110999999999,20.939444,2,terrestrial,Animalia,Platyhelminthes,Cestoda,Cyclophyllidea,Taeniidae,Echinococcus
Echinococcus granulosus,Uganda,1.373333,32.290275,2,terrestrial,Animalia,Platyhelminthes,Cestoda,Cyclophyllidea,Taeniidae,Echinococcus
Echinococcus multilocularis,Northwest Territories,64.8255441,-124.8457334,2,terrestrial,Animalia,Platyhelminthes,Cestoda,Cyclophyllidea,Taeniidae,Echinococcus
Echinococcus multilocularis,Nebraska,41.4925374,-99.9018131,2,terrestrial,Animalia,Platyhelminthes,Cestoda,Cyclophyllidea,Taeniidae,Echinococcus
Echinococcus multilocularis,Wisconsin,43.7844397,-88.7878678,2,terrestrial,Animalia,Platyhelminthes,Cestoda,Cyclophyllidea,Taeniidae,Echinococcus
Echinococcus multilocularis,North Dakota,47.5514926,-101.0020119,2,terrestrial,Animalia,Platyhelminthes,Cestoda,Cyclophyllidea,Taeniidae,Echinococcus
Echinococcus vogeli,Venezuela,6.42375,-66.58973,2,terrestrial,Animalia,Platyhelminthes,Cestoda,Cyclophyllidea,Taeniidae,Echinococcus
Bothriocephalus claviceps,Japan,36.204824,138.252924,2,freshwater,Animalia,Platyhelminthes,Cestoda,Bothriocephalidea,Bothriocephalidae,Bothriocephalus
Aploparaksis crassirostris,Germany,51.165691,10.451526,2,terrestrial,Animalia,Platyhelminthes,Cestoda,Cyclophyllidea,Hymenolepididae,Aploparaksis
Aploparaksis crassirostris,Finno-Karelian ASSR,63.15587019999999,32.9905552,2,terrestrial,Animalia,Platyhelminthes,Cestoda,Cyclophyllidea,Hymenolepididae,Aploparaksis
Proteocephalus ambloplitis,Utah,39.3209801,-111.0937311,4,freshwater,Animalia,Platyhelminthes,Cestoda,Onchoproteocephalidea,Proteocephalidae,Proteocephalus
Oochoristica osheroffi,California,36.778261,-119.4179324,2,terrestrial,Animalia,Platyhelminthes,Cestoda,Cyclophyllidea,Anoplocephalidae,Oochoristica
Hymenolepis citelli,United States,37.09024,-95.712891,2,terrestrial,Animalia,Platyhelminthes,Cestoda,Cyclophyllidea,Hymenolepididae,Hymenolepis
Bothriocephalus acheilognathi,United States,37.09024,-95.712891,3,freshwater,Animalia,Platyhelminthes,Cestoda,Bothriocephalidea,Bothriocephalidae,Schyzocotyle
Cittotaenia denticulata,Scotland,56.49067119999999,-4.2026458,2,terrestrial,Animalia,Platyhelminthes,Cestoda,Cyclophyllidea,Anoplocephalidae,Cittotaenia
Dipylidium caninum,Orange Free State,-28.4541105,26.7967849,2,terrestrial,Animalia,Platyhelminthes,Cestoda,Cyclophyllidea,Dipylidiidae,Dipylidium
Bothriocephalus acheilognathi,Colorado,39.5500507,-105.7820674,3,freshwater,Animalia,Platyhelminthes,Cestoda,Bothriocephalidea,Bothriocephalidae,Schyzocotyle
Bothriocephalus acheilognathi,California,36.778261,-119.4179324,3,freshwater,Animalia,Platyhelminthes,Cestoda,Bothriocephalidea,Bothriocephalidae,Schyzocotyle
Bothriocephalus acheilognathi,Kashmir + Jammu,32.7266016,74.8570259,3,freshwater,Animalia,Platyhelminthes,Cestoda,Bothriocephalidea,Bothriocephalidae,Schyzocotyle
Thysaniezia giardi,Indian Region,22,79,2,terrestrial,Animalia,Platyhelminthes,Cestoda,Cyclophyllidea,Anoplocephalidae,Thysaniezia
Joyeuxiella echinorhynchoides,Indian Region,22,79,3,terrestrial,Animalia,Platyhelminthes,Cestoda,Cyclophyllidea,Dipylidiidae,Joyeuxiella
Raillietina cesticillus,Indian Region,22,79,2,terrestrial,Animalia,Platyhelminthes,Cestoda,Cyclophyllidea,Davaineidae,Skrjabinia
Caryophyllaeus laticeps,Caspian Sea,41.934977,50.66894500000001,2,freshwater,Animalia,Platyhelminthes,Cestoda,Caryophyllidea,Caryophyllaeidae,Caryophyllaeus
Khawia sinensis,Caspian Sea,41.934977,50.66894500000001,2,freshwater,Animalia,Platyhelminthes,Cestoda,Caryophyllidea,Lytocestidae,Khawia
Khawia japonensis,Caspian Sea,41.934977,50.66894500000001,2,freshwater,Animalia,Platyhelminthes,Cestoda,Caryophyllidea,Lytocestidae,Khawia
Paradilepis scolecina,Kazakstan,48.019573,66.923684,3,freshwater,Animalia,Platyhelminthes,Cestoda,Cyclophyllidea,Gryporhynchidae,Paradilepis
Taenia saginata,Ecuador,-1.831239,-78.18340599999999,2,terrestrial,Animalia,Platyhelminthes,Cestoda,Cyclophyllidea,Taeniidae,Taenia
Proteocephalus macrocephalus,Iceland,64.963051,-19.020835,2,freshwater,Animalia,Platyhelminthes,Cestoda,Onchoproteocephalidea,Proteocephalidae,Proteocephalus
Bothriocephalus gregarius,Baltic Sea,58.48795200000001,19.863281,3,marine,Animalia,Platyhelminthes,Cestoda,Bothriocephalidea,Bothriocephalidae,Bothriocephalus
Rodentolepis asymmetrica,Spain + Andalusia,37.5442706,-4.7277528,2,terrestrial,Animalia,Platyhelminthes,Cestoda,Cyclophyllidea,Hymenolepididae,Rodentolepis
Rodentolepis asymmetrica,France,46.227638,2.213749,2,terrestrial,Animalia,Platyhelminthes,Cestoda,Cyclophyllidea,Hymenolepididae,Rodentolepis
Taenia saginata,Senegal,14.497401,-14.452362,2,terrestrial,Animalia,Platyhelminthes,Cestoda,Cyclophyllidea,Taeniidae,Taenia
Cyathocephalus truncatus,Sweden,60.12816100000001,18.643501,2,freshwater,Animalia,Platyhelminthes,Cestoda,Spathebothriidea,Acrobothriidae,Cyathocephalus
Cyathocephalus truncatus,Kirgizia,41.20438,74.766098,2,freshwater,Animalia,Platyhelminthes,Cestoda,Spathebothriidea,Acrobothriidae,Cyathocephalus
Cyathocephalus truncatus,Western Europe,46.2021848,1.2643875,2,freshwater,Animalia,Platyhelminthes,Cestoda,Spathebothriidea,Acrobothriidae,Cyathocephalus
Cyathocephalus truncatus,Nearctic,53.569001,-113.571487,2,freshwater,Animalia,Platyhelminthes,Cestoda,Spathebothriidea,Acrobothriidae,Cyathocephalus
Diplocotyle olrikii,Finno-Karelian ASSR,63.15587019999999,32.9905552,2,marine,Animalia,Platyhelminthes,Cestoda,Spathebothriidea,Acrobothriidae,Diplocotyle
Diplocotyle olrikii,Black Sea,43.41302899999999,34.299316,2,marine,Animalia,Platyhelminthes,Cestoda,Spathebothriidea,Acrobothriidae,Diplocotyle
Diplocotyle olrikii,Scotland,56.49067119999999,-4.2026458,2,marine,Animalia,Platyhelminthes,Cestoda,Spathebothriidea,Acrobothriidae,Diplocotyle
Diplocotyle olrikii,Yugoslavia,37.09024,-95.712891,2,marine,Animalia,Platyhelminthes,Cestoda,Spathebothriidea,Acrobothriidae,Diplocotyle
Diplocotyle olrikii,Sweden,60.12816100000001,18.643501,2,marine,Animalia,Platyhelminthes,Cestoda,Spathebothriidea,Acrobothriidae,Diplocotyle
Cyathocephalus truncatus,United States,37.09024,-95.712891,2,freshwater,Animalia,Platyhelminthes,Cestoda,Spathebothriidea,Acrobothriidae,Cyathocephalus
Cyathocephalus truncatus,Tadzhikistan,38.861034,71.276093,2,freshwater,Animalia,Platyhelminthes,Cestoda,Spathebothriidea,Acrobothriidae,Cyathocephalus
Cyathocephalus truncatus,Zaire,-6.2649292,14.2343282,2,freshwater,Animalia,Platyhelminthes,Cestoda,Spathebothriidea,Acrobothriidae,Cyathocephalus
Cyclustera ibisae,United States,37.09024,-95.712891,3,freshwater,Animalia,Platyhelminthes,Cestoda,Cyclophyllidea,Gryporhynchidae,Cyclustera
Cyathocephalus truncatus,Wisconsin,43.7844397,-88.7878678,2,freshwater,Animalia,Platyhelminthes,Cestoda,Spathebothriidea,Acrobothriidae,Cyathocephalus
Cyathocephalus truncatus,Northwest Territories,64.8255441,-124.8457334,2,freshwater,Animalia,Platyhelminthes,Cestoda,Spathebothriidea,Acrobothriidae,Cyathocephalus
Diplocotyle olrikii,Alaska,64.2008413,-149.4936733,2,marine,Animalia,Platyhelminthes,Cestoda,Spathebothriidea,Acrobothriidae,Diplocotyle
Diplocotyle olrikii,Canada,56.130366,-106.346771,2,marine,Animalia,Platyhelminthes,Cestoda,Spathebothriidea,Acrobothriidae,Diplocotyle
Drepanidotaenia lanceolata,Northwest Territories,64.8255441,-124.8457334,2,freshwater,Animalia,Platyhelminthes,Cestoda,Cyclophyllidea,Hymenolepididae,Drepanidotaenia
Bothrimonus fallax,Europe,54.5259614,15.2551187,2,marine,Animalia,Platyhelminthes,Cestoda,Spathebothriidea,Acrobothriidae,Bothrimonus
Spathebothrium simplex,Europe,54.5259614,15.2551187,2,marine,Animalia,Platyhelminthes,Cestoda,Spathebothriidea,Spathebothriidae,Spathebothrium
Sobolevicanthus gracilis,European USSR (CIS),54.5259614,15.2551187,3,freshwater,Animalia,Platyhelminthes,Cestoda,Cyclophyllidea,Hymenolepididae,Sobolevicanthus
Paranoplocephala omphalodes,Byelorussia,53.709807,27.953389,2,terrestrial,Animalia,Platyhelminthes,Cestoda,Cyclophyllidea,Anoplocephalidae,Paranoplocephala
Echinococcus multilocularis,Byelorussia,53.709807,27.953389,2,terrestrial,Animalia,Platyhelminthes,Cestoda,Cyclophyllidea,Taeniidae,Echinococcus
Microsomacanthus hopkinsi,Quebec,52.9399159,-73.5491361,2,freshwater,Animalia,Platyhelminthes,Cestoda,Cyclophyllidea,Hymenolepididae,Microsomacanthus
Bothriocephalus scorpii,Pacific coast of USA,62.4113634,-149.0729714,3,marine,Animalia,Platyhelminthes,Cestoda,Bothriocephalidea,Bothriocephalidae,Bothriocephalus
Taenia solium,Lithuania,55.169438,23.881275,2,terrestrial,Animalia,Platyhelminthes,Cestoda,Cyclophyllidea,Taeniidae,Taenia
Taenia solium,Estonia + Latvia,56.95962400000001,24.1016552,2,terrestrial,Animalia,Platyhelminthes,Cestoda,Cyclophyllidea,Taeniidae,Taenia
Taenia saginata,Lithuania,55.169438,23.881275,2,terrestrial,Animalia,Platyhelminthes,Cestoda,Cyclophyllidea,Taeniidae,Taenia
Taenia saginata,Estonia + Latvia,56.95962400000001,24.1016552,2,terrestrial,Animalia,Platyhelminthes,Cestoda,Cyclophyllidea,Taeniidae,Taenia
Hymenolepis nana,Estonia + Latvia,56.95962400000001,24.1016552,2,terrestrial,Animalia,Platyhelminthes,Cestoda,Cyclophyllidea,Hymenolepididae,Rodentolepis
Hymenolepis nana,Lithuania,55.169438,23.881275,2,terrestrial,Animalia,Platyhelminthes,Cestoda,Cyclophyllidea,Hymenolepididae,Rodentolepis
Anoplocephala magna,Louisiana,30.9842977,-91.96233269999999,2,terrestrial,Animalia,Platyhelminthes,Cestoda,Cyclophyllidea,Anoplocephalidae,Anoplocephala
Lacistorhynchus tenuis,Pacific coast of USA,62.4113634,-149.0729714,3,marine,Animalia,Platyhelminthes,Cestoda,Trypanorhyncha,Lacistorhynchidae,Lacistorhynchus
Bothriocephalus scorpii,Irish Sea,53.8276917,-4.465836599999999,3,marine,Animalia,Platyhelminthes,Cestoda,Bothriocephalidea,Bothriocephalidae,Bothriocephalus
Bothriocephalus scorpii,Arctic Ocean,65.2481624,-60.4620977,3,marine,Animalia,Platyhelminthes,Cestoda,Bothriocephalidea,Bothriocephalidae,Bothriocephalus
Paranoplocephala macrocephala,Alaska,64.2008413,-149.4936733,2,terrestrial,Animalia,Platyhelminthes,Cestoda,Cyclophyllidea,Anoplocephalidae,Paranoplocephala
Caryophyllaeus laticeps,Aral Sea,45.3963063,59.6134113,2,freshwater,Animalia,Platyhelminthes,Cestoda,Caryophyllidea,Caryophyllaeidae,Caryophyllaeus
Bothriocephalus opsariichthydis,Aral Sea,45.3963063,59.6134113,2,freshwater,Animalia,Platyhelminthes,Cestoda,Bothriocephalidea,Bothriocephalidae,Bothriocephalus
Proteocephalus osculatus,Aral Sea,45.3963063,59.6134113,2,freshwater,Animalia,Platyhelminthes,Cestoda,Onchoproteocephalidea,Proteocephalidae,Glanitaenia
Aporhynchus norvegicus,Norwegian Sea,68.8773537,3.13966,3,marine,Animalia,Platyhelminthes,Cestoda,Trypanorhyncha,Aporhynchidae,Aporhynchus
Lacistorhynchus tenuis,Norwegian Sea,68.8773537,3.13966,3,marine,Animalia,Platyhelminthes,Cestoda,Trypanorhyncha,Lacistorhynchidae,Lacistorhynchus
Bothriocephalus cuspidatus,Bangladesh,23.684994,90.356331,2,freshwater,Animalia,Platyhelminthes,Cestoda,Bothriocephalidea,Bothriocephalidae,Bothriocephalus
Ligula intestinalis,Bangladesh,23.684994,90.356331,3,freshwater,Animalia,Platyhelminthes,Cestoda,Diphyllobothriidea,Diphyllobothriidae,Ligula
Moniezia benedeni,Byelorussia,53.709807,27.953389,2,terrestrial,Animalia,Platyhelminthes,Cestoda,Cyclophyllidea,Anoplocephalidae,Moniezia
Hymenolepis nana,Malaya,3.17,101.7,2,terrestrial,Animalia,Platyhelminthes,Cestoda,Cyclophyllidea,Hymenolepididae,Rodentolepis
Hymenolepis diminuta,Malaya,3.17,101.7,2,terrestrial,Animalia,Platyhelminthes,Cestoda,Cyclophyllidea,Hymenolepididae,Hymenolepis
Archigetes sieboldi,Russia (European),54.5259614,15.2551187,2,freshwater,Animalia,Platyhelminthes,Cestoda,Caryophyllidea,Capingentidae,Archigetes
Khawia sinensis,Kirgizia,41.20438,74.766098,2,freshwater,Animalia,Platyhelminthes,Cestoda,Caryophyllidea,Lytocestidae,Khawia
Eubothrium rugosum,Scotland,56.49067119999999,-4.2026458,3,freshwater,Animalia,Platyhelminthes,Cestoda,Bothriocephalidea,Triaenophoridae,Eubothrium
Hymenolepis nana,French Guiana,3.933889,-53.125782,2,terrestrial,Animalia,Platyhelminthes,Cestoda,Cyclophyllidea,Hymenolepididae,Rodentolepis
Taenia taeniaeformis,Balearic Islands,39.3587759,2.7356328,2,terrestrial,Animalia,Platyhelminthes,Cestoda,Cyclophyllidea,Taeniidae,Hydatigera
Hymenolepis diminuta,Balearic Islands,39.3587759,2.7356328,2,terrestrial,Animalia,Platyhelminthes,Cestoda,Cyclophyllidea,Hymenolepididae,Hymenolepis
Paradilepis caballeroi,Florida,27.6648274,-81.5157535,3,freshwater,Animalia,Platyhelminthes,Cestoda,Cyclophyllidea,Gryporhynchidae,Paradilepis
Rodentolepis straminea,Corsica,42.0396042,9.012892599999999,2,terrestrial,Animalia,Platyhelminthes,Cestoda,Cyclophyllidea,Hymenolepididae,Rodentolepis
Paradilepis scolecina,Germany,51.165691,10.451526,3,freshwater,Animalia,Platyhelminthes,Cestoda,Cyclophyllidea,Gryporhynchidae,Paradilepis
Paricterotaenia porosa,Germany,51.165691,10.451526,2,freshwater,Animalia,Platyhelminthes,Cestoda,Cyclophyllidea,Dilepididae,Paricterotaenia
Ophryocotyle proteus,Germany,51.165691,10.451526,2,marine,Animalia,Platyhelminthes,Cestoda,Cyclophyllidea,Davaineidae,Ophryocotyle
Aploparaksis brachyphallos,Germany,51.165691,10.451526,2,terrestrial,Animalia,Platyhelminthes,Cestoda,Cyclophyllidea,Hymenolepididae,Aploparaksis
Dicranotaenia coronula,Germany,51.165691,10.451526,3,freshwater,Animalia,Platyhelminthes,Cestoda,Cyclophyllidea,Hymenolepididae,Dicranotaenia
Fimbriaria fasciolaris,Germany,51.165691,10.451526,3,freshwater,Animalia,Platyhelminthes,Cestoda,Cyclophyllidea,Hymenolepididae,Fimbriaria
Microsomacanthus ductilis,Germany,51.165691,10.451526,2,marine,Animalia,Platyhelminthes,Cestoda,Cyclophyllidea,Hymenolepididae,Microsomacanthus
Microsomacanthus paracompressa,Germany,51.165691,10.451526,3,freshwater,Animalia,Platyhelminthes,Cestoda,Cyclophyllidea,Hymenolepididae,Microsomacanthus
Sobolevicanthus gracilis,Germany,51.165691,10.451526,3,freshwater,Animalia,Platyhelminthes,Cestoda,Cyclophyllidea,Hymenolepididae,Sobolevicanthus
Tschertkovilepis setigera,Germany,51.165691,10.451526,2,freshwater,Animalia,Platyhelminthes,Cestoda,Cyclophyllidea,Hymenolepididae,Tschertkovilepis
Tatria biremis,Germany,51.165691,10.451526,2,freshwater,Animalia,Platyhelminthes,Cestoda,Cyclophyllidea,Amabiliidae,Tatria
Rodentolepis straminea,Eastern & Central Europe,48.66,19.5,2,terrestrial,Animalia,Platyhelminthes,Cestoda,Cyclophyllidea,Hymenolepididae,Rodentolepis
Taenia taeniaeformis,Eastern & Central Europe,48.66,19.5,2,terrestrial,Animalia,Platyhelminthes,Cestoda,Cyclophyllidea,Taeniidae,Hydatigera
Taenia polyacantha,Eastern & Central Europe,48.66,19.5,2,terrestrial,Animalia,Platyhelminthes,Cestoda,Cyclophyllidea,Taeniidae,Taenia
Joyeuxiella pasqualei,Balearic Islands,39.3587759,2.7356328,3,terrestrial,Animalia,Platyhelminthes,Cestoda,Cyclophyllidea,Dipylidiidae,Joyeuxiella
Neogryporhynchus cheilancristrotus,Florida,27.6648274,-81.5157535,3,freshwater,Animalia,Platyhelminthes,Cestoda,Cyclophyllidea,Dilepididae,Neogryporhynchus
Valipora mutabilis,Florida,27.6648274,-81.5157535,3,freshwater,Animalia,Platyhelminthes,Cestoda,Cyclophyllidea,Gryporhynchidae,Valipora
Taenia pisiformis,Jordan,30.585164,36.238414,2,terrestrial,Animalia,Platyhelminthes,Cestoda,Cyclophyllidea,Taeniidae,Taenia
Raillietina tetragona,Spain + Andalusia,37.5442706,-4.7277528,2,terrestrial,Animalia,Platyhelminthes,Cestoda,Cyclophyllidea,Davaineidae,Raillietina
Dipylidium caninum,New Hampshire/Vermont/Massachusetts/Connecticut/Rhode Is.,43.2509279,-71.9273024,2,terrestrial,Animalia,Platyhelminthes,Cestoda,Cyclophyllidea,Dipylidiidae,Dipylidium
Taenia pisiformis,Florida,27.6648274,-81.5157535,2,terrestrial,Animalia,Platyhelminthes,Cestoda,Cyclophyllidea,Taeniidae,Taenia
Proteocephalus pearsei,Canada,56.130366,-106.346771,2,freshwater,Animalia,Platyhelminthes,Cestoda,Onchoproteocephalidea,Proteocephalidae,Proteocephalus
Proteocephalus pearsei,United States,37.09024,-95.712891,2,freshwater,Animalia,Platyhelminthes,Cestoda,Onchoproteocephalidea,Proteocephalidae,Proteocephalus
Rodentolepis straminea,Balearic Islands,39.3587759,2.7356328,2,terrestrial,Animalia,Platyhelminthes,Cestoda,Cyclophyllidea,Hymenolepididae,Rodentolepis
Rodentolepis microstoma,Balearic Islands,39.3587759,2.7356328,2,terrestrial,Animalia,Platyhelminthes,Cestoda,Cyclophyllidea,Hymenolepididae,Rodentolepis
Eubothrium salvelini,Switzerland + Lichtenstein,47.3682887,8.5374552,3,freshwater,Animalia,Platyhelminthes,Cestoda,Bothriocephalidea,Triaenophoridae,Eubothrium
Bothriocephalus claviceps,Austria,47.516231,14.550072,2,freshwater,Animalia,Platyhelminthes,Cestoda,Bothriocephalidea,Bothriocephalidae,Bothriocephalus
Cladotaenia globifera,Florida,27.6648274,-81.5157535,2,terrestrial,Animalia,Platyhelminthes,Cestoda,Cyclophyllidea,Paruterinidae,Cladotaenia
Hymenolepis carioca,Florida,27.6648274,-81.5157535,2,terrestrial,NA,NA,NA,NA,NA,NA
Raillietina tetragona,Florida,27.6648274,-81.5157535,2,terrestrial,Animalia,Platyhelminthes,Cestoda,Cyclophyllidea,Davaineidae,Raillietina
Metroliasthes lucida,Florida,27.6648274,-81.5157535,2,terrestrial,Animalia,Platyhelminthes,Cestoda,Cyclophyllidea,Paruterinidae,Metroliasthes
Raillietina georgiensis,Florida,27.6648274,-81.5157535,2,terrestrial,Animalia,Platyhelminthes,Cestoda,Cyclophyllidea,Davaineidae,Raillietina
Diorchis ransomi,Florida,27.6648274,-81.5157535,3,freshwater,Animalia,Platyhelminthes,Cestoda,Cyclophyllidea,Hymenolepididae,Diorchis
Joyeuxilepis decacantha,Sweden,60.12816100000001,18.643501,2,freshwater,Animalia,Platyhelminthes,Cestoda,Cyclophyllidea,Amabiliidae,Joyeuxilepis
Joyeuxilepis decacantha,Ethiopian Region,9.145000000000001,40.489673,2,freshwater,Animalia,Platyhelminthes,Cestoda,Cyclophyllidea,Amabiliidae,Joyeuxilepis
Caryophyllaeus laticeps,Iran,32.427908,53.688046,2,freshwater,Animalia,Platyhelminthes,Cestoda,Caryophyllidea,Caryophyllaeidae,Caryophyllaeus
Bothriocephalus claviceps,Yugoslavia,37.09024,-95.712891,2,freshwater,Animalia,Platyhelminthes,Cestoda,Bothriocephalidea,Bothriocephalidae,Bothriocephalus
Proteocephalus macrocephalus,Yugoslavia,37.09024,-95.712891,2,freshwater,Animalia,Platyhelminthes,Cestoda,Onchoproteocephalidea,Proteocephalidae,Proteocephalus
Paradilepis scolecina,Yugoslavia,37.09024,-95.712891,3,freshwater,Animalia,Platyhelminthes,Cestoda,Cyclophyllidea,Gryporhynchidae,Paradilepis
Lacistorhynchus tenuis,North Sea,56.511018,3.515625,3,marine,Animalia,Platyhelminthes,Cestoda,Trypanorhyncha,Lacistorhynchidae,Lacistorhynchus
Proteocephalus longicollis,Channel Islands,49.4466698,-2.342378,4,freshwater,Animalia,Platyhelminthes,Cestoda,Onchoproteocephalidea,Proteocephalidae,Proteocephalus
Bothriocephalus rarus,Arkansas,35.20105,-91.8318334,3,freshwater,Animalia,Platyhelminthes,Cestoda,Bothriocephalidea,Bothriocephalidae,Bothriocephalus
Bothriocephalus rarus,United States,37.09024,-95.712891,3,freshwater,Animalia,Platyhelminthes,Cestoda,Bothriocephalidea,Bothriocephalidae,Bothriocephalus
Bothriocephalus rarus,California,36.778261,-119.4179324,3,freshwater,Animalia,Platyhelminthes,Cestoda,Bothriocephalidea,Bothriocephalidae,Bothriocephalus
Cloacotaenia megalops,Gulf of Mexico,25.304304,-90.065918,2,freshwater,Animalia,Platyhelminthes,Cestoda,Cyclophyllidea,Hymenolepididae,Cloacotaenia
Echinococcus granulosus,Mauritania,21.00789,-10.940835,2,terrestrial,Animalia,Platyhelminthes,Cestoda,Cyclophyllidea,Taeniidae,Echinococcus
Joyeuxilepis acanthorhyncha,Taiwan,23.69781,120.960515,2,freshwater,Animalia,Platyhelminthes,Cestoda,Cyclophyllidea,Amabiliidae,Joyeuxilepis
Joyeuxilepis acanthorhyncha,"England, Wales + Isle of Man",54.236107,-4.548056,2,freshwater,Animalia,Platyhelminthes,Cestoda,Cyclophyllidea,Amabiliidae,Joyeuxilepis
Dipylidium caninum,Argentina,-38.416097,-63.61667199999999,2,terrestrial,Animalia,Platyhelminthes,Cestoda,Cyclophyllidea,Dipylidiidae,Dipylidium
Taenia pisiformis,Canary Islands,28.2915637,-16.6291304,2,terrestrial,Animalia,Platyhelminthes,Cestoda,Cyclophyllidea,Taeniidae,Taenia
Moniezia benedeni,Norway,60.47202399999999,8.468945999999999,2,terrestrial,Animalia,Platyhelminthes,Cestoda,Cyclophyllidea,Anoplocephalidae,Moniezia
Moniezia expansa,Faroes,61.89263500000001,-6.9118061,2,terrestrial,Animalia,Platyhelminthes,Cestoda,Cyclophyllidea,Anoplocephalidae,Moniezia
Moniezia expansa,Norway,60.47202399999999,8.468945999999999,2,terrestrial,Animalia,Platyhelminthes,Cestoda,Cyclophyllidea,Anoplocephalidae,Moniezia
Joyeuxiella echinorhynchoides,Iran,32.427908,53.688046,3,terrestrial,Animalia,Platyhelminthes,Cestoda,Cyclophyllidea,Dipylidiidae,Joyeuxiella
Hymenolepis peromysci,California,36.778261,-119.4179324,2,terrestrial,NA,NA,NA,NA,NA,NA
Taenia taeniaeformis,Laos,19.85627,102.495496,2,terrestrial,Animalia,Platyhelminthes,Cestoda,Cyclophyllidea,Taeniidae,Hydatigera
Joyeuxiella echinorhynchoides,Corsica,42.0396042,9.012892599999999,3,terrestrial,Animalia,Platyhelminthes,Cestoda,Cyclophyllidea,Dipylidiidae,Joyeuxiella
Joyeuxiella pasqualei,Senegal,14.497401,-14.452362,3,terrestrial,Animalia,Platyhelminthes,Cestoda,Cyclophyllidea,Dipylidiidae,Joyeuxiella
Paranoplocephala omphalodes,Finno-Karelian ASSR,63.15587019999999,32.9905552,2,terrestrial,Animalia,Platyhelminthes,Cestoda,Cyclophyllidea,Anoplocephalidae,Paranoplocephala
Hymenolepis diminuta,Finno-Karelian ASSR,63.15587019999999,32.9905552,2,terrestrial,Animalia,Platyhelminthes,Cestoda,Cyclophyllidea,Hymenolepididae,Hymenolepis
Lineolepis scutigera,Finno-Karelian ASSR,63.15587019999999,32.9905552,2,terrestrial,Animalia,Platyhelminthes,Cestoda,Cyclophyllidea,Hymenolepididae,Lineolepis
Neoskrjabinolepis schaldybini,Finno-Karelian ASSR,63.15587019999999,32.9905552,2,terrestrial,Animalia,Platyhelminthes,Cestoda,Cyclophyllidea,Hymenolepididae,Hymenolepis
Staphylocystis furcata,Finno-Karelian ASSR,63.15587019999999,32.9905552,2,terrestrial,Animalia,Platyhelminthes,Cestoda,Cyclophyllidea,Hymenolepididae,Staphylocystis
Molluscotaenia crassiscolex,Finno-Karelian ASSR,63.15587019999999,32.9905552,2,terrestrial,Animalia,Platyhelminthes,Cestoda,Cyclophyllidea,Dilepididae,Choanotaenia
Taenia martis,Finno-Karelian ASSR,63.15587019999999,32.9905552,2,terrestrial,Animalia,Platyhelminthes,Cestoda,Cyclophyllidea,Taeniidae,Taenia
Taenia mustelae,Finno-Karelian ASSR,63.15587019999999,32.9905552,2,terrestrial,Animalia,Platyhelminthes,Cestoda,Cyclophyllidea,Taeniidae,Taenia
Cladotaenia globifera,Finno-Karelian ASSR,63.15587019999999,32.9905552,2,terrestrial,Animalia,Platyhelminthes,Cestoda,Cyclophyllidea,Paruterinidae,Cladotaenia
Aploparaksis furcigera,Armenia,40.069099,45.038189,2,terrestrial,Animalia,Platyhelminthes,Cestoda,Cyclophyllidea,Hymenolepididae,Aploparaksis
Diorchis brevis,Armenia,40.069099,45.038189,2,freshwater,Animalia,Platyhelminthes,Cestoda,Cyclophyllidea,Hymenolepididae,Diorchis
Diorchis ransomi,Armenia,40.069099,45.038189,3,freshwater,Animalia,Platyhelminthes,Cestoda,Cyclophyllidea,Hymenolepididae,Diorchis
Fimbriaria fasciolaris,Armenia,40.069099,45.038189,3,freshwater,Animalia,Platyhelminthes,Cestoda,Cyclophyllidea,Hymenolepididae,Fimbriaria
Megathylacoides giganteum,Manitoba,53.7608608,-98.8138762,3,freshwater,Animalia,Platyhelminthes,Cestoda,Onchoproteocephalidea,Proteocephalidae,Megathylacoides
Davainea proglottina,Ethiopia (incl. Dhibouti),11.59516,43.146473,2,terrestrial,Animalia,Platyhelminthes,Cestoda,Cyclophyllidea,Davaineidae,Davainea
Trichostrongylus colubriformis,Kuwait,29.31166,47.481766,1,terrestrial,Animalia,Nematoda,Chromadorea,Rhabditida,Trichostrongylidae,Trichostrongylus
Trichostrongylus vitrinus,Kuwait,29.31166,47.481766,1,terrestrial,Animalia,Nematoda,Chromadorea,Rhabditida,Trichostrongylidae,Trichostrongylus
Physocephalus sexalatus,Kuwait,29.31166,47.481766,3,terrestrial,Animalia,Nematoda,Chromadorea,Rhabditida,Spirocercidae,Physocephalus
Haemonchus contortus,Kuwait,29.31166,47.481766,1,terrestrial,Animalia,Nematoda,Chromadorea,Rhabditida,Trichostrongylidae,Haemonchus
Ascaris lumbricoides,Bahrain,26.0667,50.5577,1,terrestrial,Animalia,Nematoda,Chromadorea,Rhabditida,Ascarididae,Ascaris
Hedruris spinigera,North Sea,56.511018,3.515625,2,freshwater,Animalia,Nematoda,Chromadorea,Rhabditida,Hedruridae,Hedruris
Hedruris spinigera,"England, Wales + Isle of Man",54.236107,-4.548056,2,freshwater,Animalia,Nematoda,Chromadorea,Rhabditida,Hedruridae,Hedruris
Camallanus cotti,Vietnam,14.058324,108.277199,2,freshwater,Animalia,Nematoda,Chromadorea,Rhabditida,Camallanidae,Camallanus
Spinitectus ranae,Vietnam,14.058324,108.277199,2,freshwater,Animalia,Nematoda,Chromadorea,Rhabditida,Cystidicolidae,Spinitectus
Angiostrongylus cantonensis,Louisiana,30.9842977,-91.96233269999999,3,terrestrial,Animalia,Nematoda,Chromadorea,Rhabditida,Metastrongylidae,Angiostrongylus
Enterobius vermicularis,"England, Wales + Isle of Man",54.236107,-4.548056,1,terrestrial,Animalia,Nematoda,Chromadorea,Rhabditida,Oxyuridae,Enterobius
Diplotriaena tridens,Spain + Andalusia,37.5442706,-4.7277528,2,terrestrial,Animalia,Nematoda,Chromadorea,Rhabditida,Diplotriaenidae,Diplotriaena
Eustrongylides tubifex,Ontario,51.253775,-85.323214,3,freshwater,Animalia,Nematoda,Enoplea,Dioctophymatida,Dioctophymatidae,Eustrongylides
Eustrongylides tubifex,Europe,54.5259614,15.2551187,3,freshwater,Animalia,Nematoda,Enoplea,Dioctophymatida,Dioctophymatidae,Eustrongylides
Eustrongylides tubifex,Germany,51.165691,10.451526,3,freshwater,Animalia,Nematoda,Enoplea,Dioctophymatida,Dioctophymatidae,Eustrongylides
Eustrongylides tubifex,Lake Erie,42.0668852,-81.3399414,3,freshwater,Animalia,Nematoda,Enoplea,Dioctophymatida,Dioctophymatidae,Eustrongylides
Eustrongylides tubifex,Alaska,64.2008413,-149.4936733,3,freshwater,Animalia,Nematoda,Enoplea,Dioctophymatida,Dioctophymatidae,Eustrongylides
Eustrongylides tubifex,British Columbia,53.7266683,-127.6476205,3,freshwater,Animalia,Nematoda,Enoplea,Dioctophymatida,Dioctophymatidae,Eustrongylides
Eustrongylides tubifex,"England, Wales + Isle of Man",54.236107,-4.548056,3,freshwater,Animalia,Nematoda,Enoplea,Dioctophymatida,Dioctophymatidae,Eustrongylides
Eustrongylides ignotus,Florida,27.6648274,-81.5157535,3,freshwater,Animalia,Nematoda,Enoplea,Dioctophymatida,Dioctophymatidae,Eustrongylides
Toxocara canis,Greece,39.074208,21.824312,2,terrestrial,Animalia,Nematoda,Chromadorea,Rhabditida,Ascarididae,Toxocara
Toxascaris leonina,Greece,39.074208,21.824312,2,terrestrial,Animalia,Nematoda,Chromadorea,Rhabditida,Ascarididae,Toxascaris
Uncinaria stenocephala,Greece,39.074208,21.824312,1,terrestrial,Animalia,Nematoda,Chromadorea,Rhabditida,Ancylostomatidae,Uncinaria
Trichuris vulpis,Greece,39.074208,21.824312,1,terrestrial,Animalia,Nematoda,Enoplea,Trichinellida,Trichuridae,Trichuris
Spirocerca lupi,Greece,39.074208,21.824312,3,terrestrial,Animalia,Nematoda,Chromadorea,Rhabditida,Spirocercidae,Spirocerca
Trichuris muris,Eire + N. Ireland,54.7877149,-6.4923145,1,terrestrial,Animalia,Nematoda,Enoplea,Trichinellida,Trichuridae,Trichuris
Physaloptera rara,Arkansas,35.20105,-91.8318334,3,terrestrial,Animalia,Nematoda,Chromadorea,Rhabditida,Physalopteridae,Physaloptera
Toxocara cati,Arkansas,35.20105,-91.8318334,2,terrestrial,Animalia,Nematoda,Chromadorea,Rhabditida,Ascarididae,Toxocara
Thelastoma bulhoesi,United States,37.09024,-95.712891,1,terrestrial,Animalia,Nematoda,Chromadorea,Rhabditida,Thelastomatidae,Thelastoma
Hammerschmidtiella diesingi,United States,37.09024,-95.712891,1,terrestrial,Animalia,Nematoda,Chromadorea,Rhabditida,Thelastomatidae,Hammerschmidtiella
Pterygodermatites coloradensis,Nevada,38.8026097,-116.419389,2,terrestrial,Animalia,Nematoda,Chromadorea,Rhabditida,Rictulariidae,Pterygodermatites
Muellerius capillaris,Morocco,31.791702,-7.092619999999999,2,terrestrial,Animalia,Nematoda,Chromadorea,Rhabditida,Metastrongylidae,Muellerius
Neostrongylus linearis,Morocco,31.791702,-7.092619999999999,2,terrestrial,Animalia,Nematoda,Chromadorea,Rhabditida,Metastrongylidae,Neostrongylus
Angiostrongylus cantonensis,Japan,36.204824,138.252924,3,terrestrial,Animalia,Nematoda,Chromadorea,Rhabditida,Metastrongylidae,Angiostrongylus
Ascarophis arctica,Baltic Sea,58.48795200000001,19.863281,2,marine,Animalia,Nematoda,Chromadorea,Rhabditida,Cystidicolidae,Ascarophis
Pseudoterranova decipiens,Sea of Okhotsk,52.87362299999999,149.3658173,4,marine,Animalia,Nematoda,Chromadorea,Rhabditida,Anisakidae,Pseudoterranova
Anisakis simplex,Sea of Okhotsk,52.87362299999999,149.3658173,4,marine,Animalia,Nematoda,Chromadorea,Rhabditida,Anisakidae,Anisakis
Otostrongylus circumlitus,Sea of Okhotsk,52.87362299999999,149.3658173,2,marine,Animalia,Nematoda,Chromadorea,Rhabditida,Crenosomatidae,Otostrongylus
Philonema agubernaculum,British Columbia,53.7266683,-127.6476205,2,freshwater,Animalia,Nematoda,Chromadorea,Rhabditida,Philonematidae,Philonema
Philonema oncorhynchi,British Columbia,53.7266683,-127.6476205,2,freshwater,Animalia,Nematoda,Chromadorea,Rhabditida,Philonematidae,Philonema
Elaphostrongylus rangiferi,Norway,60.47202399999999,8.468945999999999,2,terrestrial,Animalia,Nematoda,Chromadorea,Rhabditida,Metastrongylidae,Elaphostrongylus
Cystidicoloides tenuissima,"England, Wales + Isle of Man",54.236107,-4.548056,3,freshwater,Animalia,Nematoda,Chromadorea,Rhabditida,Cystidicolidae,Salmonema
Paraquimperia tenerrima,"England, Wales + Isle of Man",54.236107,-4.548056,2,freshwater,Animalia,Nematoda,Chromadorea,Rhabditida,Quimperiidae,Paraquimperia
Echinocephalus overstreeti,South Australia,-30.0002315,136.2091547,2,marine,Animalia,Nematoda,Chromadorea,Rhabditida,Gnathostomatidae,Echinocephalus
Ostertagia ostertagi,United States,37.09024,-95.712891,1,terrestrial,Animalia,Nematoda,Chromadorea,Rhabditida,Trichostrongylidae,Ostertagia
Ostertagia ostertagi,"England, Wales + Isle of Man",54.236107,-4.548056,1,terrestrial,Animalia,Nematoda,Chromadorea,Rhabditida,Trichostrongylidae,Ostertagia
Ostertagia ostertagi,South Dakota,43.9695148,-99.9018131,1,terrestrial,Animalia,Nematoda,Chromadorea,Rhabditida,Trichostrongylidae,Ostertagia
Teladorsagia circumcincta,South Dakota,43.9695148,-99.9018131,1,terrestrial,Animalia,Nematoda,Chromadorea,Rhabditida,Trichostrongylidae,Ostertagia
Teladorsagia circumcincta,California,36.778261,-119.4179324,1,terrestrial,Animalia,Nematoda,Chromadorea,Rhabditida,Trichostrongylidae,Ostertagia
Teladorsagia circumcincta,"England, Wales + Isle of Man",54.236107,-4.548056,1,terrestrial,Animalia,Nematoda,Chromadorea,Rhabditida,Trichostrongylidae,Ostertagia
Teladorsagia circumcincta,Canada,56.130366,-106.346771,1,terrestrial,Animalia,Nematoda,Chromadorea,Rhabditida,Trichostrongylidae,Ostertagia
Teladorsagia circumcincta,Alaska,64.2008413,-149.4936733,1,terrestrial,Animalia,Nematoda,Chromadorea,Rhabditida,Trichostrongylidae,Ostertagia
Teladorsagia circumcincta,United States,37.09024,-95.712891,1,terrestrial,Animalia,Nematoda,Chromadorea,Rhabditida,Trichostrongylidae,Ostertagia
Eustrongylides ignotus,New Zealand,-40.900557,174.885971,3,freshwater,Animalia,Nematoda,Enoplea,Dioctophymatida,Dioctophymatidae,Eustrongylides
Eustrongylides ignotus,California,36.778261,-119.4179324,3,freshwater,Animalia,Nematoda,Enoplea,Dioctophymatida,Dioctophymatidae,Eustrongylides
Oesophagostomum bifurcum,Benin + Togo + Ghana,9.30769,2.315834,1,terrestrial,Animalia,Nematoda,Chromadorea,Rhabditida,Strongylidae,Oesophagostomum
Toxascaris leonina,Spain + Andalusia,37.5442706,-4.7277528,2,terrestrial,Animalia,Nematoda,Chromadorea,Rhabditida,Ascarididae,Toxascaris
Uncinaria stenocephala,Spain + Andalusia,37.5442706,-4.7277528,1,terrestrial,Animalia,Nematoda,Chromadorea,Rhabditida,Ancylostomatidae,Uncinaria
Toxocara canis,Spain + Andalusia,37.5442706,-4.7277528,2,terrestrial,Animalia,Nematoda,Chromadorea,Rhabditida,Ascarididae,Toxocara
Trichuris vulpis,Spain + Andalusia,37.5442706,-4.7277528,1,terrestrial,Animalia,Nematoda,Enoplea,Trichinellida,Trichuridae,Trichuris
Haemonchus contortus,Mexico,23.634501,-102.552784,1,terrestrial,Animalia,Nematoda,Chromadorea,Rhabditida,Trichostrongylidae,Haemonchus
Eustrongylides excisus,Europe,54.5259614,15.2551187,3,freshwater,Animalia,Nematoda,Enoplea,Dioctophymatida,Dioctophymatidae,Eustrongylides
Eustrongylides excisus,Taiwan,23.69781,120.960515,3,freshwater,Animalia,Nematoda,Enoplea,Dioctophymatida,Dioctophymatidae,Eustrongylides
Ophidascaris baylisi,Malaya,3.17,101.7,2,terrestrial,Animalia,Nematoda,Chromadorea,Rhabditida,Ascarididae,Ophidascaris
Ophidascaris baylisi,Thailand,15.870032,100.992541,2,terrestrial,Animalia,Nematoda,Chromadorea,Rhabditida,Ascarididae,Ophidascaris
Ophidascaris moreliae,Australia,-25.274398,133.775136,3,terrestrial,Animalia,Nematoda,Chromadorea,Rhabditida,Ascarididae,Ophidascaris
Ophidascaris pyrrhus,New South Wales,-31.2532183,146.921099,2,terrestrial,Animalia,Nematoda,Chromadorea,Rhabditida,Ascarididae,Ophidascaris
Ophidascaris pyrrhus,Australia,-25.274398,133.775136,2,terrestrial,Animalia,Nematoda,Chromadorea,Rhabditida,Ascarididae,Ophidascaris
Ophidascaris pyrrhus,Papua New Guinea,-6.314992999999999,143.95555,2,terrestrial,Animalia,Nematoda,Chromadorea,Rhabditida,Ascarididae,Ophidascaris
Toxocara canis,Japan,36.204824,138.252924,2,terrestrial,Animalia,Nematoda,Chromadorea,Rhabditida,Ascarididae,Toxocara
Trichostrongylus tenuis,Scotland,56.49067119999999,-4.2026458,1,terrestrial,Animalia,Nematoda,Chromadorea,Rhabditida,Trichostrongylidae,Trichostrongylus
Trichostrongylus tenuis,"England, Wales + Isle of Man",54.236107,-4.548056,1,terrestrial,Animalia,Nematoda,Chromadorea,Rhabditida,Trichostrongylidae,Trichostrongylus
Heligmosomoides polygyrus,Canada,56.130366,-106.346771,1,terrestrial,Animalia,Nematoda,Chromadorea,Rhabditida,Heligmosomidae,Heligmosomoides
Aspiculuris tetraptera,Canada,56.130366,-106.346771,1,terrestrial,Animalia,Nematoda,Chromadorea,Rhabditida,Heteroxynematidae,Aspiculuris
Ostertagia ostertagi,Louisiana,30.9842977,-91.96233269999999,1,terrestrial,Animalia,Nematoda,Chromadorea,Rhabditida,Trichostrongylidae,Ostertagia
Dictyocaulus viviparus,Ontario,51.253775,-85.323214,1,terrestrial,Animalia,Nematoda,Chromadorea,Rhabditida,Metastrongylidae,Dictyocaulus
Trichuris ovis,Ontario,51.253775,-85.323214,1,terrestrial,Animalia,Nematoda,Enoplea,Trichinellida,Trichinellidae,Trichocephalus
Trichuris discolor,Ontario,51.253775,-85.323214,1,terrestrial,Animalia,Nematoda,Enoplea,Trichinellida,Trichuridae,Trichuris
Toxocara canis,"England, Wales + Isle of Man",54.236107,-4.548056,2,terrestrial,Animalia,Nematoda,Chromadorea,Rhabditida,Ascarididae,Toxocara
Ostertagia ostertagi,Maine,45.253783,-69.4454689,1,terrestrial,Animalia,Nematoda,Chromadorea,Rhabditida,Trichostrongylidae,Ostertagia
Dictyocaulus arnfieldi,"England, Wales + Isle of Man",54.236107,-4.548056,1,terrestrial,Animalia,Nematoda,Chromadorea,Rhabditida,Metastrongylidae,Dictyocaulus
Dictyocaulus arnfieldi,Paraguay,-23.442503,-58.443832,1,terrestrial,Animalia,Nematoda,Chromadorea,Rhabditida,Metastrongylidae,Dictyocaulus
Dictyocaulus filaria,Ethiopia (incl. Dhibouti),11.59516,43.146473,1,terrestrial,Animalia,Nematoda,Chromadorea,Rhabditida,Metastrongylidae,Dictyocaulus
Dictyocaulus filaria,"England, Wales + Isle of Man",54.236107,-4.548056,1,terrestrial,Animalia,Nematoda,Chromadorea,Rhabditida,Metastrongylidae,Dictyocaulus
Dictyocaulus filaria,Iraq,33.223191,43.679291,1,terrestrial,Animalia,Nematoda,Chromadorea,Rhabditida,Metastrongylidae,Dictyocaulus
Dictyocaulus viviparus,"England, Wales + Isle of Man",54.236107,-4.548056,1,terrestrial,Animalia,Nematoda,Chromadorea,Rhabditida,Metastrongylidae,Dictyocaulus
Dictyocaulus eckerti,"England, Wales + Isle of Man",54.236107,-4.548056,1,terrestrial,Animalia,Nematoda,Chromadorea,Rhabditida,Metastrongylidae,Dictyocaulus
Ollulanus tricuspis,Quebec,52.9399159,-73.5491361,1,terrestrial,Animalia,Nematoda,Chromadorea,Rhabditida,Molineidae,Ollulanus
Oslerus osleri,United States,37.09024,-95.712891,1,terrestrial,Animalia,Nematoda,Chromadorea,Rhabditida,Filaroididae,Filaroides
Angiostrongylus cantonensis,Islands of Pacific Ocean,-8.783195,-124.508523,3,terrestrial,Animalia,Nematoda,Chromadorea,Rhabditida,Metastrongylidae,Angiostrongylus
Echinocephalus overstreeti,Hawaiian Islands,19.8967662,-155.5827818,2,marine,Animalia,Nematoda,Chromadorea,Rhabditida,Gnathostomatidae,Echinocephalus
Ascaris lumbricoides,Switzerland + Lichtenstein,47.3682887,8.5374552,1,terrestrial,Animalia,Nematoda,Chromadorea,Rhabditida,Ascarididae,Ascaris
Trichuris trichiura,Switzerland + Lichtenstein,47.3682887,8.5374552,1,terrestrial,Animalia,Nematoda,Enoplea,Trichinellida,Trichuridae,Trichuris
Enterobius vermicularis,Switzerland + Lichtenstein,47.3682887,8.5374552,1,terrestrial,Animalia,Nematoda,Chromadorea,Rhabditida,Oxyuridae,Enterobius
Pseudoterranova decipiens,Northeast Atlantic,39.370134,-77.40677199999999,4,marine,Animalia,Nematoda,Chromadorea,Rhabditida,Anisakidae,Pseudoterranova
Trichuris vulpis,Japan,36.204824,138.252924,1,terrestrial,Animalia,Nematoda,Enoplea,Trichinellida,Trichuridae,Trichuris
Echinuria uncinata,Bangladesh,23.684994,90.356331,2,freshwater,Animalia,Nematoda,Chromadorea,Rhabditida,Acuariidae,Echinuria
Capillaria anatis,Bangladesh,23.684994,90.356331,2,terrestrial,Animalia,Nematoda,Enoplea,Trichinellida,Capillariidae,Capillaria
Amidostomum anseris,Bangladesh,23.684994,90.356331,1,freshwater,Animalia,Nematoda,Chromadorea,Rhabditida,Amidostomidae,Amidostomum
Angiostrongylus costaricensis,Japan,36.204824,138.252924,2,terrestrial,Animalia,Nematoda,Chromadorea,Rhabditida,Metastrongylidae,Angiostrongylus
Angiostrongylus siamensis,Japan,36.204824,138.252924,2,terrestrial,Animalia,Nematoda,Chromadorea,Rhabditida,Metastrongylidae,Angiostrongylus
Heterakis spumosa,Japan,36.204824,138.252924,2,terrestrial,Animalia,Nematoda,Chromadorea,Rhabditida,Heterakidae,Heterakis
Camallanus lacustris,Finno-Karelian ASSR,63.15587019999999,32.9905552,4,freshwater,Animalia,Nematoda,Chromadorea,Rhabditida,Camallanidae,Camallanus
Trichostrongylus vitrinus,Scotland,56.49067119999999,-4.2026458,1,terrestrial,Animalia,Nematoda,Chromadorea,Rhabditida,Trichostrongylidae,Trichostrongylus
Haemonchus contortus,Mauritania,21.00789,-10.940835,1,terrestrial,Animalia,Nematoda,Chromadorea,Rhabditida,Trichostrongylidae,Haemonchus
Trichostrongylus colubriformis,Mauritania,21.00789,-10.940835,1,terrestrial,Animalia,Nematoda,Chromadorea,Rhabditida,Trichostrongylidae,Trichostrongylus
Oesophagostomum columbianum,Mauritania,21.00789,-10.940835,1,terrestrial,Animalia,Nematoda,Chromadorea,Rhabditida,Strongylidae,Oesophagostomum
Skrjabinema ovis,Mauritania,21.00789,-10.940835,1,terrestrial,Animalia,Nematoda,Chromadorea,Rhabditida,Oxyuridae,Skrjabinema
Anisakis simplex,Faroes,61.89263500000001,-6.9118061,4,marine,Animalia,Nematoda,Chromadorea,Rhabditida,Anisakidae,Anisakis
Angiostrongylus cantonensis,Thailand,15.870032,100.992541,3,terrestrial,Animalia,Nematoda,Chromadorea,Rhabditida,Metastrongylidae,Angiostrongylus
Angiostrongylus cantonensis,Taiwan,23.69781,120.960515,3,terrestrial,Animalia,Nematoda,Chromadorea,Rhabditida,Metastrongylidae,Angiostrongylus
Ascaris lumbricoides,Ivory Coast,7.539988999999999,-5.547079999999999,1,terrestrial,Animalia,Nematoda,Chromadorea,Rhabditida,Ascarididae,Ascaris
Enterobius vermicularis,Ivory Coast,7.539988999999999,-5.547079999999999,1,terrestrial,Animalia,Nematoda,Chromadorea,Rhabditida,Oxyuridae,Enterobius
Trichuris trichiura,Ivory Coast,7.539988999999999,-5.547079999999999,1,terrestrial,Animalia,Nematoda,Enoplea,Trichinellida,Trichuridae,Trichuris
Trichuris trichiura,Italy,41.87194,12.56738,1,terrestrial,Animalia,Nematoda,Enoplea,Trichinellida,Trichuridae,Trichuris
Enterobius vermicularis,Iraq,33.223191,43.679291,1,terrestrial,Animalia,Nematoda,Chromadorea,Rhabditida,Oxyuridae,Enterobius
Ascaris lumbricoides,Yugoslavia,37.09024,-95.712891,1,terrestrial,Animalia,Nematoda,Chromadorea,Rhabditida,Ascarididae,Ascaris
Trichuris trichiura,Yugoslavia,37.09024,-95.712891,1,terrestrial,Animalia,Nematoda,Enoplea,Trichinellida,Trichuridae,Trichuris
Enterobius vermicularis,Yugoslavia,37.09024,-95.712891,1,terrestrial,Animalia,Nematoda,Chromadorea,Rhabditida,Oxyuridae,Enterobius
Haemonchus contortus,Sierra Leone,8.460555,-11.779889,1,terrestrial,Animalia,Nematoda,Chromadorea,Rhabditida,Trichostrongylidae,Haemonchus
Anisakis simplex,Atlantic Ocean,-14.5994134,-28.6731465,4,marine,Animalia,Nematoda,Chromadorea,Rhabditida,Anisakidae,Anisakis
Heligmosomoides laevis,Spain + Andalusia,37.5442706,-4.7277528,1,terrestrial,Animalia,Nematoda,Chromadorea,Rhabditida,Heligmosomidae,Heligmosomoides
Trichostrongylus retortaeformis,Spain + Andalusia,37.5442706,-4.7277528,1,terrestrial,Animalia,Nematoda,Chromadorea,Rhabditida,Trichostrongylidae,Trichostrongylus
Mastophorus muris,Spain + Andalusia,37.5442706,-4.7277528,2,terrestrial,Animalia,Nematoda,Chromadorea,Rhabditida,Spirocercidae,Mastophorus
Heligmosomoides polygyrus,"England, Wales + Isle of Man",54.236107,-4.548056,1,terrestrial,Animalia,Nematoda,Chromadorea,Rhabditida,Heligmosomidae,Heligmosomoides
Chabertia ovina,Belgium + Luxembourg,50.0546886,5.467698299999999,1,terrestrial,Animalia,Nematoda,Chromadorea,Rhabditida,Strongylidae,Chabertia
Oesophagostomum venulosum,Belgium + Luxembourg,50.0546886,5.467698299999999,1,terrestrial,Animalia,Nematoda,Chromadorea,Rhabditida,Strongylidae,Oesophagostomum
Oesophagostomum radiatum,Belgium + Luxembourg,50.0546886,5.467698299999999,1,terrestrial,Animalia,Nematoda,Chromadorea,Rhabditida,Strongylidae,Oesophagostomum
Trichostrongylus colubriformis,Belgium + Luxembourg,50.0546886,5.467698299999999,1,terrestrial,Animalia,Nematoda,Chromadorea,Rhabditida,Trichostrongylidae,Trichostrongylus
Trichostrongylus vitrinus,Belgium + Luxembourg,50.0546886,5.467698299999999,1,terrestrial,Animalia,Nematoda,Chromadorea,Rhabditida,Trichostrongylidae,Trichostrongylus
Ostertagia ostertagi,Belgium + Luxembourg,50.0546886,5.467698299999999,1,terrestrial,Animalia,Nematoda,Chromadorea,Rhabditida,Trichostrongylidae,Ostertagia
Cooperia pectinata,Belgium + Luxembourg,50.0546886,5.467698299999999,1,terrestrial,Animalia,Nematoda,Chromadorea,Rhabditida,Trichostrongylidae,Cooperia
Haemonchus contortus,Belgium + Luxembourg,50.0546886,5.467698299999999,1,terrestrial,Animalia,Nematoda,Chromadorea,Rhabditida,Trichostrongylidae,Haemonchus
Nematodirus filicollis,Belgium + Luxembourg,50.0546886,5.467698299999999,1,terrestrial,Animalia,Nematoda,Chromadorea,Rhabditida,Molineidae,Nematodirus
Trichostrongylus colubriformis,New Zealand,-40.900557,174.885971,1,terrestrial,Animalia,Nematoda,Chromadorea,Rhabditida,Trichostrongylidae,Trichostrongylus
Ascaris suum,Italy,41.87194,12.56738,1,terrestrial,Animalia,Nematoda,Chromadorea,Rhabditida,Ascarididae,Ascaris
Anisakis simplex,Washington,47.7510741,-120.7401385,4,marine,Animalia,Nematoda,Chromadorea,Rhabditida,Anisakidae,Anisakis
Dictyocaulus viviparus,France,46.227638,2.213749,1,terrestrial,Animalia,Nematoda,Chromadorea,Rhabditida,Metastrongylidae,Dictyocaulus
Triodontophorus tenuicollis,Italy,41.87194,12.56738,1,terrestrial,Animalia,Nematoda,Chromadorea,Rhabditida,Strongylidae,Triodontophorus
Cyathostomum catinatum,Italy,41.87194,12.56738,1,terrestrial,Animalia,Nematoda,Chromadorea,Rhabditida,Strongylidae,Cyathostomum
Cylicocyclus nassatus,Italy,41.87194,12.56738,1,terrestrial,Animalia,Nematoda,Chromadorea,Rhabditida,Strongylidae,Cylicocyclus
Cylicostephanus longibursatus,Italy,41.87194,12.56738,1,terrestrial,Animalia,Nematoda,Chromadorea,Rhabditida,Strongylidae,Cylicostephanus
Heligmosomum mixtum,Finland,61.92410999999999,25.7481511,1,terrestrial,Animalia,Nematoda,Chromadorea,Rhabditida,Heligmosomidae,Heligmosomum
Mastophorus muris,Finland,61.92410999999999,25.7481511,2,terrestrial,Animalia,Nematoda,Chromadorea,Rhabditida,Spirocercidae,Mastophorus
Enterobius vermicularis,France,46.227638,2.213749,1,terrestrial,Animalia,Nematoda,Chromadorea,Rhabditida,Oxyuridae,Enterobius
Pseudocapillaria tomentosa,Denmark,56.26392,9.501785,2,freshwater,Animalia,Nematoda,Enoplea,Trichinellida,Capillariidae,Pseudocapillaria
Paraquimperia tenerrima,Denmark,56.26392,9.501785,2,freshwater,Animalia,Nematoda,Chromadorea,Rhabditida,Quimperiidae,Paraquimperia
Raphidascaris acus,Denmark,56.26392,9.501785,3,freshwater,Animalia,Nematoda,Chromadorea,Rhabditida,Raphidascarididae,Raphidascaris
Camallanus lacustris,Denmark,56.26392,9.501785,4,freshwater,Animalia,Nematoda,Chromadorea,Rhabditida,Camallanidae,Camallanus
Heligmosomoides laevis,Georgia (USSR),42.315407,43.35689199999999,1,terrestrial,Animalia,Nematoda,Chromadorea,Rhabditida,Heligmosomidae,Heligmosomoides
Heligmosomoides polygyrus,Georgia (USSR),42.315407,43.35689199999999,1,terrestrial,Animalia,Nematoda,Chromadorea,Rhabditida,Heligmosomidae,Heligmosomoides
Oswaldocruzia filiformis,Sweden,60.12816100000001,18.643501,1,terrestrial,Animalia,Nematoda,Chromadorea,Rhabditida,Molineidae,Oswaldocruzia
Oswaldocruzia filiformis,Sardinia,40.1208752,9.012892599999999,1,terrestrial,Animalia,Nematoda,Chromadorea,Rhabditida,Molineidae,Oswaldocruzia
Trichostrongylus axei,United States,37.09024,-95.712891,1,terrestrial,Animalia,Nematoda,Chromadorea,Rhabditida,Trichostrongylidae,Trichostrongylus
Haemonchus contortus,United States,37.09024,-95.712891,1,terrestrial,Animalia,Nematoda,Chromadorea,Rhabditida,Trichostrongylidae,Haemonchus
Anisakis simplex,Mediterranean,34.5531284,18.0480105,4,marine,Animalia,Nematoda,Chromadorea,Rhabditida,Anisakidae,Anisakis
Anisakis physeteris,Mediterranean,34.5531284,18.0480105,4,marine,Animalia,Nematoda,Chromadorea,Rhabditida,Anisakidae,Skrjabinisakis
Pseudoterranova decipiens,Mediterranean,34.5531284,18.0480105,4,marine,Animalia,Nematoda,Chromadorea,Rhabditida,Anisakidae,Pseudoterranova
Toxocara canis,Lithuania,55.169438,23.881275,2,terrestrial,Animalia,Nematoda,Chromadorea,Rhabditida,Ascarididae,Toxocara
Trichuris ovis,Pakistan,30.375321,69.34511599999999,1,terrestrial,Animalia,Nematoda,Enoplea,Trichinellida,Trichinellidae,Trichocephalus
Uncinaria stenocephala,Pennsylvania,41.2033216,-77.1945247,1,terrestrial,Animalia,Nematoda,Chromadorea,Rhabditida,Ancylostomatidae,Uncinaria
Trichuris vulpis,Pennsylvania,41.2033216,-77.1945247,1,terrestrial,Animalia,Nematoda,Enoplea,Trichinellida,Trichuridae,Trichuris
Toxocara cati,Pennsylvania,41.2033216,-77.1945247,2,terrestrial,Animalia,Nematoda,Chromadorea,Rhabditida,Ascarididae,Toxocara
Toxascaris leonina,Pennsylvania,41.2033216,-77.1945247,2,terrestrial,Animalia,Nematoda,Chromadorea,Rhabditida,Ascarididae,Toxascaris
Parelaphostrongylus tenuis,Wisconsin,43.7844397,-88.7878678,2,terrestrial,Animalia,Nematoda,Chromadorea,Rhabditida,Metastrongylidae,Parelaphostrongylus
Trichostrongylus retortaeformis,Scotland,56.49067119999999,-4.2026458,1,terrestrial,Animalia,Nematoda,Chromadorea,Rhabditida,Trichostrongylidae,Trichostrongylus
Raphidascaris acus,Spain + Andalusia,37.5442706,-4.7277528,3,freshwater,Animalia,Nematoda,Chromadorea,Rhabditida,Raphidascarididae,Raphidascaris
Aplectana macintoshii,Spain + Andalusia,37.5442706,-4.7277528,1,terrestrial,Animalia,Nematoda,Chromadorea,Rhabditida,Cosmocercidae,Oxysomatium
Camallanus lacustris,Baltic Sea,58.48795200000001,19.863281,4,freshwater,Animalia,Nematoda,Chromadorea,Rhabditida,Camallanidae,Camallanus
Dictyocaulus filaria,Germany,51.165691,10.451526,1,terrestrial,Animalia,Nematoda,Chromadorea,Rhabditida,Metastrongylidae,Dictyocaulus
Contracaecum rudolphii,Denmark,56.26392,9.501785,3,freshwater,Animalia,Nematoda,Chromadorea,Rhabditida,Anisakidae,Contracaecum
Cosmocephalus obvelatus,Denmark,56.26392,9.501785,3,freshwater,Animalia,Nematoda,Chromadorea,Rhabditida,Acuariidae,Cosmocephalus
Philometra ovata,Denmark,56.26392,9.501785,2,freshwater,Animalia,Nematoda,Chromadorea,Rhabditida,Philometridae,Philometra
Anisakis simplex,United States,37.09024,-95.712891,4,marine,Animalia,Nematoda,Chromadorea,Rhabditida,Anisakidae,Anisakis
Pseudoterranova decipiens,United States,37.09024,-95.712891,4,marine,Animalia,Nematoda,Chromadorea,Rhabditida,Anisakidae,Pseudoterranova
Toxascaris leonina,"England, Wales + Isle of Man",54.236107,-4.548056,2,terrestrial,Animalia,Nematoda,Chromadorea,Rhabditida,Ascarididae,Toxascaris
Eustrongylides tubifex,Canada,56.130366,-106.346771,3,freshwater,Animalia,Nematoda,Enoplea,Dioctophymatida,Dioctophymatidae,Eustrongylides
Camallanus oxycephalus,Wisconsin,43.7844397,-88.7878678,3,freshwater,Animalia,Nematoda,Chromadorea,Rhabditida,Camallanidae,Camallanus
Camallanus lacustris,"England, Wales + Isle of Man",54.236107,-4.548056,4,freshwater,Animalia,Nematoda,Chromadorea,Rhabditida,Camallanidae,Camallanus
Ascaridia galli,Georgia (USSR),42.315407,43.35689199999999,1,terrestrial,Animalia,Nematoda,Chromadorea,Rhabditida,Ascaridiidae,Ascaridia
Heterakis gallinarum,Georgia (USSR),42.315407,43.35689199999999,2,terrestrial,Animalia,Nematoda,Chromadorea,Rhabditida,Heterakidae,Heterakis
Dispharynx nasuta,Georgia (USSR),42.315407,43.35689199999999,2,terrestrial,Animalia,Nematoda,Chromadorea,Rhabditida,Acuariidae,Dispharynx
Acuaria hamulosa,Georgia (USSR),42.315407,43.35689199999999,2,terrestrial,Animalia,Nematoda,Chromadorea,Rhabditida,Acuariidae,Acuaria
Porrocaecum crassum,Georgia (USSR),42.315407,43.35689199999999,2,freshwater,Animalia,Nematoda,Chromadorea,Rhabditida,Ascarididae,Porrocaecum
Physocephalus sexalatus,Georgia (USSR),42.315407,43.35689199999999,3,terrestrial,Animalia,Nematoda,Chromadorea,Rhabditida,Spirocercidae,Physocephalus
Raphidascaris acus,Italy,41.87194,12.56738,3,freshwater,Animalia,Nematoda,Chromadorea,Rhabditida,Raphidascarididae,Raphidascaris
Physocephalus sexalatus,Transvaal,-23.59,29.13,3,terrestrial,Animalia,Nematoda,Chromadorea,Rhabditida,Spirocercidae,Physocephalus
Philonema oncorhynchi,Iceland,64.963051,-19.020835,2,freshwater,Animalia,Nematoda,Chromadorea,Rhabditida,Philonematidae,Philonema
Ascaridia columbae,Spain + Andalusia,37.5442706,-4.7277528,1,terrestrial,Animalia,Nematoda,Chromadorea,Rhabditida,Ascaridiidae,Ascaridia
Baruscapillaria obsignata,Spain + Andalusia,37.5442706,-4.7277528,1,terrestrial,Animalia,Nematoda,Enoplea,Trichinellida,Capillariidae,Baruscapillaria
Trichuris trichiura,Guinea-Bissau,11.803749,-15.180413,1,terrestrial,Animalia,Nematoda,Enoplea,Trichinellida,Trichuridae,Trichuris
Ascaris lumbricoides,Guinea-Bissau,11.803749,-15.180413,1,terrestrial,Animalia,Nematoda,Chromadorea,Rhabditida,Ascarididae,Ascaris
Anisakis simplex,Southwest Atlantic,-14.5994134,-28.6731465,4,marine,Animalia,Nematoda,Chromadorea,Rhabditida,Anisakidae,Anisakis
Trichostrongylus colubriformis,Australia,-25.274398,133.775136,1,terrestrial,Animalia,Nematoda,Chromadorea,Rhabditida,Trichostrongylidae,Trichostrongylus
Muellerius capillaris,Spain + Andalusia,37.5442706,-4.7277528,2,terrestrial,Animalia,Nematoda,Chromadorea,Rhabditida,Metastrongylidae,Muellerius
Oswaldocruzia filiformis,Spain + Andalusia,37.5442706,-4.7277528,1,terrestrial,Animalia,Nematoda,Chromadorea,Rhabditida,Molineidae,Oswaldocruzia
Enterobius vermicularis,Spain + Andalusia,37.5442706,-4.7277528,1,terrestrial,Animalia,Nematoda,Chromadorea,Rhabditida,Oxyuridae,Enterobius
Eustrongylides excisus,Caspian Sea,41.934977,50.66894500000001,3,freshwater,Animalia,Nematoda,Enoplea,Dioctophymatida,Dioctophymatidae,Eustrongylides
Contracaecum rudolphii,Caspian Sea,41.934977,50.66894500000001,3,freshwater,Animalia,Nematoda,Chromadorea,Rhabditida,Anisakidae,Contracaecum
Skrjabinoclava morrisoni,Nova Scotia,44.68198659999999,-63.744311,2,marine,Animalia,Nematoda,Chromadorea,Rhabditida,Acuariidae,Skrjabinoclava
Skrjabinoclava morrisoni,Alberta,53.9332706,-116.5765035,2,marine,Animalia,Nematoda,Chromadorea,Rhabditida,Acuariidae,Skrjabinoclava
Skrjabinoclava morrisoni,New Brunswick,46.5653163,-66.46191639999999,2,marine,Animalia,Nematoda,Chromadorea,Rhabditida,Acuariidae,Skrjabinoclava
Skrjabinoclava morrisoni,Ontario,51.253775,-85.323214,2,marine,Animalia,Nematoda,Chromadorea,Rhabditida,Acuariidae,Skrjabinoclava
Skrjabinoclava morrisoni,Saskatchewan,52.9399159,-106.4508639,2,marine,Animalia,Nematoda,Chromadorea,Rhabditida,Acuariidae,Skrjabinoclava
Skrjabinoclava morrisoni,Manitoba,53.7608608,-98.8138762,2,marine,Animalia,Nematoda,Chromadorea,Rhabditida,Acuariidae,Skrjabinoclava
Toxascaris leonina,France,46.227638,2.213749,2,terrestrial,Animalia,Nematoda,Chromadorea,Rhabditida,Ascarididae,Toxascaris
Toxocara canis,France,46.227638,2.213749,2,terrestrial,Animalia,Nematoda,Chromadorea,Rhabditida,Ascarididae,Toxocara
Uncinaria stenocephala,France,46.227638,2.213749,1,terrestrial,Animalia,Nematoda,Chromadorea,Rhabditida,Ancylostomatidae,Uncinaria
Trichuris vulpis,France,46.227638,2.213749,1,terrestrial,Animalia,Nematoda,Enoplea,Trichinellida,Trichuridae,Trichuris
Pterygodermatites affinis,France,46.227638,2.213749,3,terrestrial,Animalia,Nematoda,Chromadorea,Rhabditida,Rictulariidae,Pterygodermatites
Ascaris lumbricoides,Jordan,30.585164,36.238414,1,terrestrial,Animalia,Nematoda,Chromadorea,Rhabditida,Ascarididae,Ascaris
Trichuris trichiura,Jordan,30.585164,36.238414,1,terrestrial,Animalia,Nematoda,Enoplea,Trichinellida,Trichuridae,Trichuris
Enterobius vermicularis,Jordan,30.585164,36.238414,1,terrestrial,Animalia,Nematoda,Chromadorea,Rhabditida,Oxyuridae,Enterobius
Philometra rischta,Lithuania,55.169438,23.881275,2,freshwater,Animalia,Nematoda,Chromadorea,Rhabditida,Philometridae,Philometra
Philometra ovata,Lithuania,55.169438,23.881275,2,freshwater,Animalia,Nematoda,Chromadorea,Rhabditida,Philometridae,Philometra
Oswaldocruzia filiformis,Eire + N. Ireland,54.7877149,-6.4923145,1,terrestrial,Animalia,Nematoda,Chromadorea,Rhabditida,Molineidae,Oswaldocruzia
Philometra abdominalis,Lithuania,55.169438,23.881275,2,freshwater,Animalia,Nematoda,Chromadorea,Rhabditida,Philometridae,Philometra
Philometra obturans,Lithuania,55.169438,23.881275,3,freshwater,Animalia,Nematoda,Chromadorea,Rhabditida,Philometridae,Philometra
Camallanus lacustris,Lithuania,55.169438,23.881275,4,freshwater,Animalia,Nematoda,Chromadorea,Rhabditida,Camallanidae,Camallanus
Camallanus truncatus,Lithuania,55.169438,23.881275,2,freshwater,Animalia,Nematoda,Chromadorea,Rhabditida,Camallanidae,Camallanus
Raphidascaris acus,Lithuania,55.169438,23.881275,3,freshwater,Animalia,Nematoda,Chromadorea,Rhabditida,Raphidascarididae,Raphidascaris
Cystidicoloides tenuissima,Lithuania,55.169438,23.881275,3,freshwater,Animalia,Nematoda,Chromadorea,Rhabditida,Cystidicolidae,Salmonema
Cystidicola farionis,Lithuania,55.169438,23.881275,3,freshwater,Animalia,Nematoda,Chromadorea,Rhabditida,Cystidicolidae,Cystidicola
Rhabdochona denudata,Lithuania,55.169438,23.881275,2,freshwater,Animalia,Nematoda,Chromadorea,Rhabditida,Rhabdochonidae,Rhabdochona
Goezia ascaroides,Lithuania,55.169438,23.881275,3,freshwater,Animalia,Nematoda,Chromadorea,Rhabditida,Raphidascarididae,Goezia
Ascaris lumbricoides,Thailand,15.870032,100.992541,1,terrestrial,Animalia,Nematoda,Chromadorea,Rhabditida,Ascarididae,Ascaris
Trichuris trichiura,Thailand,15.870032,100.992541,1,terrestrial,Animalia,Nematoda,Enoplea,Trichinellida,Trichuridae,Trichuris
Trichostrongylus vitrinus,South Australia,-30.0002315,136.2091547,1,terrestrial,Animalia,Nematoda,Chromadorea,Rhabditida,Trichostrongylidae,Trichostrongylus
Trichostrongylus colubriformis,South Australia,-30.0002315,136.2091547,1,terrestrial,Animalia,Nematoda,Chromadorea,Rhabditida,Trichostrongylidae,Trichostrongylus
Trichostrongylus rugatus,South Australia,-30.0002315,136.2091547,1,terrestrial,Animalia,Nematoda,Chromadorea,Rhabditida,Trichostrongylidae,Trichostrongylus
Nematodirus spathiger,South Australia,-30.0002315,136.2091547,1,terrestrial,Animalia,Nematoda,Chromadorea,Rhabditida,Molineidae,Nematodirus
Nematodirus abnormalis,South Australia,-30.0002315,136.2091547,1,terrestrial,Animalia,Nematoda,Chromadorea,Rhabditida,Molineidae,Nematodirus
Nematodirus filicollis,South Australia,-30.0002315,136.2091547,1,terrestrial,Animalia,Nematoda,Chromadorea,Rhabditida,Molineidae,Nematodirus
Chabertia ovina,South Australia,-30.0002315,136.2091547,1,terrestrial,Animalia,Nematoda,Chromadorea,Rhabditida,Strongylidae,Chabertia
Oesophagostomum venulosum,South Australia,-30.0002315,136.2091547,1,terrestrial,Animalia,Nematoda,Chromadorea,Rhabditida,Strongylidae,Oesophagostomum
Trichuris skrjabini,South Australia,-30.0002315,136.2091547,1,terrestrial,Animalia,Nematoda,Enoplea,Trichinellida,Trichuridae,Trichuris
Angiostrongylus cantonensis,Papua New Guinea,-6.314992999999999,143.95555,3,terrestrial,Animalia,Nematoda,Chromadorea,Rhabditida,Metastrongylidae,Angiostrongylus
Toxocara pteropodis,Australia,-25.274398,133.775136,1,terrestrial,Animalia,Nematoda,Chromadorea,Rhabditida,Ascarididae,Toxocara
Skrjabinoptera phrynosoma,Arizona,34.0489281,-111.0937311,2,terrestrial,Animalia,Nematoda,Chromadorea,Rhabditida,Physalopteridae,Skrjabinoptera
Raphidascaris acus,European USSR (CIS),54.5259614,15.2551187,3,freshwater,Animalia,Nematoda,Chromadorea,Rhabditida,Raphidascarididae,Raphidascaris
Trichuris trichiura,Pennsylvania,41.2033216,-77.1945247,1,terrestrial,Animalia,Nematoda,Enoplea,Trichinellida,Trichuridae,Trichuris
Ascaris lumbricoides,Ethiopia (incl. Dhibouti),11.59516,43.146473,1,terrestrial,Animalia,Nematoda,Chromadorea,Rhabditida,Ascarididae,Ascaris
Trichuris trichiura,Ethiopia (incl. Dhibouti),11.59516,43.146473,1,terrestrial,Animalia,Nematoda,Enoplea,Trichinellida,Trichuridae,Trichuris
Haemonchus contortus,District of Columbia/Delaware/New Jersey/Maryland,39.0457549,-76.64127119999999,1,terrestrial,Animalia,Nematoda,Chromadorea,Rhabditida,Trichostrongylidae,Haemonchus
Teladorsagia circumcincta,New South Wales,-31.2532183,146.921099,1,terrestrial,Animalia,Nematoda,Chromadorea,Rhabditida,Trichostrongylidae,Ostertagia
Trichostrongylus colubriformis,Pennsylvania,41.2033216,-77.1945247,1,terrestrial,Animalia,Nematoda,Chromadorea,Rhabditida,Trichostrongylidae,Trichostrongylus
Strongylus edentatus,Louisiana,30.9842977,-91.96233269999999,1,terrestrial,Animalia,Nematoda,Chromadorea,Rhabditida,Strongylidae,Strongylus
Elaphostrongylus cervi,Sweden,60.12816100000001,18.643501,2,terrestrial,Animalia,Nematoda,Chromadorea,Rhabditida,Metastrongylidae,Elaphostrongylus
Elaphostrongylus rangiferi,Sweden,60.12816100000001,18.643501,2,terrestrial,Animalia,Nematoda,Chromadorea,Rhabditida,Metastrongylidae,Elaphostrongylus
Elaphostrongylus alces,Sweden,60.12816100000001,18.643501,2,terrestrial,Animalia,Nematoda,Chromadorea,Rhabditida,Metastrongylidae,Varestrongylus
Pneumostrongylus calcaratus,Swaziland,-26.522503,31.465866,2,terrestrial,Animalia,Nematoda,Chromadorea,Rhabditida,Metastrongylidae,Pneumostrongylus
Dictyocaulus viviparus,Louisiana,30.9842977,-91.96233269999999,1,terrestrial,Animalia,Nematoda,Chromadorea,Rhabditida,Metastrongylidae,Dictyocaulus
Trichuris muris,"England, Wales + Isle of Man",54.236107,-4.548056,1,terrestrial,Animalia,Nematoda,Enoplea,Trichinellida,Trichuridae,Trichuris
Raphidascaris acus,Manitoba,53.7608608,-98.8138762,3,freshwater,Animalia,Nematoda,Chromadorea,Rhabditida,Raphidascarididae,Raphidascaris
Neostrongylus linearis,Spain + Andalusia,37.5442706,-4.7277528,2,terrestrial,Animalia,Nematoda,Chromadorea,Rhabditida,Metastrongylidae,Neostrongylus
Haemonchus contortus,Australia,-25.274398,133.775136,1,terrestrial,Animalia,Nematoda,Chromadorea,Rhabditida,Trichostrongylidae,Haemonchus
Camallanus cotti,Japan,36.204824,138.252924,2,freshwater,Animalia,Nematoda,Chromadorea,Rhabditida,Camallanidae,Camallanus
Rhabdochona denudata,Japan,36.204824,138.252924,2,freshwater,Animalia,Nematoda,Chromadorea,Rhabditida,Rhabdochonidae,Rhabdochona
Anisakis simplex,Japan,36.204824,138.252924,4,marine,Animalia,Nematoda,Chromadorea,Rhabditida,Anisakidae,Anisakis
Pseudocapillaria tomentosa,Japan,36.204824,138.252924,2,freshwater,Animalia,Nematoda,Enoplea,Trichinellida,Capillariidae,Pseudocapillaria
Skrjabinocerca prima,Alberta,53.9332706,-116.5765035,2,terrestrial,Animalia,Nematoda,Chromadorea,Rhabditida,Acuariidae,Skrjabinocerca
Streptocara crassicauda,Alberta,53.9332706,-116.5765035,3,freshwater,Animalia,Nematoda,Chromadorea,Rhabditida,Acuariidae,Streptocara
Capillaria anatis,Manitoba,53.7608608,-98.8138762,2,terrestrial,Animalia,Nematoda,Enoplea,Trichinellida,Capillariidae,Capillaria
Otostrongylus circumlitus,Arctic Ocean,65.2481624,-60.4620977,2,marine,Animalia,Nematoda,Chromadorea,Rhabditida,Crenosomatidae,Otostrongylus
Cooperia pectinata,Hawaiian Islands,19.8967662,-155.5827818,1,terrestrial,Animalia,Nematoda,Chromadorea,Rhabditida,Trichostrongylidae,Cooperia
Cooperia punctata,Hawaiian Islands,19.8967662,-155.5827818,1,terrestrial,Animalia,Nematoda,Chromadorea,Rhabditida,Trichostrongylidae,Cooperia
Dictyocaulus viviparus,Hawaiian Islands,19.8967662,-155.5827818,1,terrestrial,Animalia,Nematoda,Chromadorea,Rhabditida,Metastrongylidae,Dictyocaulus
Gongylonema pulchrum,Hawaiian Islands,19.8967662,-155.5827818,2,terrestrial,Animalia,Nematoda,Chromadorea,Rhabditida,Gongylonematidae,Gongylonema
Haemonchus contortus,Hawaiian Islands,19.8967662,-155.5827818,1,terrestrial,Animalia,Nematoda,Chromadorea,Rhabditida,Trichostrongylidae,Haemonchus
Metastrongylus apri,Hawaiian Islands,19.8967662,-155.5827818,2,terrestrial,Animalia,Nematoda,Chromadorea,Rhabditida,Metastrongylidae,Metastrongylus
Metastrongylus pudendotectus,Hawaiian Islands,19.8967662,-155.5827818,2,terrestrial,Animalia,Nematoda,Chromadorea,Rhabditida,Metastrongylidae,Metastrongylus
Oesophagostomum dentatum,Hawaiian Islands,19.8967662,-155.5827818,1,terrestrial,Animalia,Nematoda,Chromadorea,Rhabditida,Strongylidae,Oesophagostomum
Oesophagostomum quadrispinulatum,Hawaiian Islands,19.8967662,-155.5827818,1,terrestrial,Animalia,Nematoda,Chromadorea,Rhabditida,Strongylidae,Oesophagostomum
Oesophagostomum radiatum,Hawaiian Islands,19.8967662,-155.5827818,1,terrestrial,Animalia,Nematoda,Chromadorea,Rhabditida,Strongylidae,Oesophagostomum
Ostertagia ostertagi,Hawaiian Islands,19.8967662,-155.5827818,1,terrestrial,Animalia,Nematoda,Chromadorea,Rhabditida,Trichostrongylidae,Ostertagia
Physocephalus sexalatus,Hawaiian Islands,19.8967662,-155.5827818,3,terrestrial,Animalia,Nematoda,Chromadorea,Rhabditida,Spirocercidae,Physocephalus
Stephanurus dentatus,Hawaiian Islands,19.8967662,-155.5827818,2,terrestrial,Animalia,Nematoda,Chromadorea,Rhabditida,Strongylidae,Stephanurus
Trichostrongylus axei,Hawaiian Islands,19.8967662,-155.5827818,1,terrestrial,Animalia,Nematoda,Chromadorea,Rhabditida,Trichostrongylidae,Trichostrongylus
Trichuris suis,Hawaiian Islands,19.8967662,-155.5827818,1,terrestrial,Animalia,Nematoda,Enoplea,Trichinellida,Trichuridae,Trichuris
Didelphostrongylus hayesi,Tennessee,35.5174913,-86.5804473,2,terrestrial,Animalia,Nematoda,Chromadorea,Rhabditida,Metastrongylidae,Didelphostrongylus
Elaphostrongylus cervi,Norway,60.47202399999999,8.468945999999999,2,terrestrial,Animalia,Nematoda,Chromadorea,Rhabditida,Metastrongylidae,Elaphostrongylus
Haemonchus contortus,Lesser Antilles,14.4122148,-64.7627955,1,terrestrial,Animalia,Nematoda,Chromadorea,Rhabditida,Trichostrongylidae,Haemonchus
Oesophagostomum columbianum,Lesser Antilles,14.4122148,-64.7627955,1,terrestrial,Animalia,Nematoda,Chromadorea,Rhabditida,Strongylidae,Oesophagostomum
Trichostrongylus colubriformis,Lesser Antilles,14.4122148,-64.7627955,1,terrestrial,Animalia,Nematoda,Chromadorea,Rhabditida,Trichostrongylidae,Trichostrongylus
Dictyocaulus filaria,Denmark,56.26392,9.501785,1,terrestrial,Animalia,Nematoda,Chromadorea,Rhabditida,Metastrongylidae,Dictyocaulus
Toxocara cati,Finland,61.92410999999999,25.7481511,2,terrestrial,Animalia,Nematoda,Chromadorea,Rhabditida,Ascarididae,Toxocara
Toxascaris leonina,Finland,61.92410999999999,25.7481511,2,terrestrial,Animalia,Nematoda,Chromadorea,Rhabditida,Ascarididae,Toxascaris
Aelurostrongylus abstrusus,Finland,61.92410999999999,25.7481511,3,terrestrial,Animalia,Nematoda,Chromadorea,Rhabditida,Metastrongylidae,Aelurostrongylus
Enterobius vermicularis,Denmark,56.26392,9.501785,1,terrestrial,Animalia,Nematoda,Chromadorea,Rhabditida,Oxyuridae,Enterobius
Muellerius capillaris,East Germany (!! USE Germany),51.165691,10.451526,2,terrestrial,Animalia,Nematoda,Chromadorea,Rhabditida,Metastrongylidae,Muellerius
Ascaris lumbricoides,Tennessee,35.5174913,-86.5804473,1,terrestrial,Animalia,Nematoda,Chromadorea,Rhabditida,Ascarididae,Ascaris
Enterobius vermicularis,Tennessee,35.5174913,-86.5804473,1,terrestrial,Animalia,Nematoda,Chromadorea,Rhabditida,Oxyuridae,Enterobius
Trichuris trichiura,Japan,36.204824,138.252924,1,terrestrial,Animalia,Nematoda,Enoplea,Trichinellida,Trichuridae,Trichuris
Cystidicola farionis,Finland,61.92410999999999,25.7481511,3,freshwater,Animalia,Nematoda,Chromadorea,Rhabditida,Cystidicolidae,Cystidicola
Ascarophis filiformis,Northeast Atlantic,39.370134,-77.40677199999999,2,marine,Animalia,Nematoda,Chromadorea,Rhabditida,Cystidicolidae,Ascarophis
Cystidicoloides tenuissima,Newfoundland,53.1355091,-57.6604364,3,freshwater,Animalia,Nematoda,Chromadorea,Rhabditida,Cystidicolidae,Salmonema
Anisakis simplex,Baltic Sea,58.48795200000001,19.863281,4,marine,Animalia,Nematoda,Chromadorea,Rhabditida,Anisakidae,Anisakis
Pseudoterranova decipiens,Baltic Sea,58.48795200000001,19.863281,4,marine,Animalia,Nematoda,Chromadorea,Rhabditida,Anisakidae,Pseudoterranova
Toxocara canis,Sweden,60.12816100000001,18.643501,2,terrestrial,Animalia,Nematoda,Chromadorea,Rhabditida,Ascarididae,Toxocara
Crenosoma striatum,"England, Wales + Isle of Man",54.236107,-4.548056,2,terrestrial,Animalia,Nematoda,Chromadorea,Rhabditida,Metastrongylidae,Crenosoma
Crenosoma striatum,Scotland,56.49067119999999,-4.2026458,2,terrestrial,Animalia,Nematoda,Chromadorea,Rhabditida,Metastrongylidae,Crenosoma
Protospirura numidica,Argentina,-38.416097,-63.61667199999999,2,terrestrial,Animalia,Nematoda,Chromadorea,Rhabditida,Spiruridae,Protospirura
Protospirura numidica,Peru,-9.189967,-75.015152,2,terrestrial,Animalia,Nematoda,Chromadorea,Rhabditida,Spiruridae,Protospirura
Trichuris trichiura,Guatemala,15.783471,-90.23075899999999,1,terrestrial,Animalia,Nematoda,Enoplea,Trichinellida,Trichuridae,Trichuris
Ascaris lumbricoides,Guatemala,15.783471,-90.23075899999999,1,terrestrial,Animalia,Nematoda,Chromadorea,Rhabditida,Ascarididae,Ascaris
Haemonchus contortus,Papua New Guinea,-6.314992999999999,143.95555,1,terrestrial,Animalia,Nematoda,Chromadorea,Rhabditida,Trichostrongylidae,Haemonchus
Cooperia curticei,Papua New Guinea,-6.314992999999999,143.95555,1,terrestrial,Animalia,Nematoda,Chromadorea,Rhabditida,Trichostrongylidae,Cooperia
Oesophagostomum columbianum,Papua New Guinea,-6.314992999999999,143.95555,1,terrestrial,Animalia,Nematoda,Chromadorea,Rhabditida,Strongylidae,Oesophagostomum
Trichostrongylus axei,Papua New Guinea,-6.314992999999999,143.95555,1,terrestrial,Animalia,Nematoda,Chromadorea,Rhabditida,Trichostrongylidae,Trichostrongylus
Trichostrongylus colubriformis,Papua New Guinea,-6.314992999999999,143.95555,1,terrestrial,Animalia,Nematoda,Chromadorea,Rhabditida,Trichostrongylidae,Trichostrongylus
Anisakis simplex,Norway,60.47202399999999,8.468945999999999,4,marine,Animalia,Nematoda,Chromadorea,Rhabditida,Anisakidae,Anisakis
Metastrongylus pudendotectus,France,46.227638,2.213749,2,terrestrial,Animalia,Nematoda,Chromadorea,Rhabditida,Metastrongylidae,Metastrongylus
Metastrongylus salmi,France,46.227638,2.213749,2,terrestrial,Animalia,Nematoda,Chromadorea,Rhabditida,Metastrongylidae,Metastrongylus
Ascarops strongylina,France,46.227638,2.213749,3,terrestrial,Animalia,Nematoda,Chromadorea,Rhabditida,Spirocercidae,Ascarops
Physocephalus sexalatus,France,46.227638,2.213749,3,terrestrial,Animalia,Nematoda,Chromadorea,Rhabditida,Spirocercidae,Physocephalus
Cooperia fuelleborni,Transvaal,-23.59,29.13,1,terrestrial,NA,NA,NA,NA,NA,NA
Nematodirus abnormalis,Cape Province,-33.5,20.97,1,terrestrial,Animalia,Nematoda,Chromadorea,Rhabditida,Molineidae,Nematodirus
Nematodirus filicollis,Cape Province,-33.5,20.97,1,terrestrial,Animalia,Nematoda,Chromadorea,Rhabditida,Molineidae,Nematodirus
Nematodirus spathiger,Cape Province,-33.5,20.97,1,terrestrial,Animalia,Nematoda,Chromadorea,Rhabditida,Molineidae,Nematodirus
Parelaphostrongylus andersoni,Canada,56.130366,-106.346771,2,terrestrial,Animalia,Nematoda,Chromadorea,Rhabditida,Metastrongylidae,Parelaphostrongylus
Elaphostrongylus cervi,Newfoundland,53.1355091,-57.6604364,2,terrestrial,Animalia,Nematoda,Chromadorea,Rhabditida,Metastrongylidae,Elaphostrongylus
Ostertagia ostertagi,Ontario,51.253775,-85.323214,1,terrestrial,Animalia,Nematoda,Chromadorea,Rhabditida,Trichostrongylidae,Ostertagia
Nematodirus helvetianus,Ontario,51.253775,-85.323214,1,terrestrial,Animalia,Nematoda,Chromadorea,Rhabditida,Molineidae,Nematodirus
Cooperia punctata,Ontario,51.253775,-85.323214,1,terrestrial,Animalia,Nematoda,Chromadorea,Rhabditida,Trichostrongylidae,Cooperia
Cooperia oncophora,Ontario,51.253775,-85.323214,1,terrestrial,Animalia,Nematoda,Chromadorea,Rhabditida,Trichostrongylidae,Cooperia
Trichostrongylus axei,Canada,56.130366,-106.346771,1,terrestrial,Animalia,Nematoda,Chromadorea,Rhabditida,Trichostrongylidae,Trichostrongylus
Trichostrongylus axei,Ontario,51.253775,-85.323214,1,terrestrial,Animalia,Nematoda,Chromadorea,Rhabditida,Trichostrongylidae,Trichostrongylus
Trichostrongylus vitrinus,Ontario,51.253775,-85.323214,1,terrestrial,Animalia,Nematoda,Chromadorea,Rhabditida,Trichostrongylidae,Trichostrongylus
Haemonchus contortus,Ontario,51.253775,-85.323214,1,terrestrial,Animalia,Nematoda,Chromadorea,Rhabditida,Trichostrongylidae,Haemonchus
Oesophagostomum venulosum,Ontario,51.253775,-85.323214,1,terrestrial,Animalia,Nematoda,Chromadorea,Rhabditida,Strongylidae,Oesophagostomum
Dictyocaulus viviparus,Canada,56.130366,-106.346771,1,terrestrial,Animalia,Nematoda,Chromadorea,Rhabditida,Metastrongylidae,Dictyocaulus
Anisakis simplex,North Sea,56.511018,3.515625,4,marine,Animalia,Nematoda,Chromadorea,Rhabditida,Anisakidae,Anisakis
Raphidascaris acus,Yugoslavia,37.09024,-95.712891,3,freshwater,Animalia,Nematoda,Chromadorea,Rhabditida,Raphidascarididae,Raphidascaris
Trichostrongylus tenuis,Western Europe,46.2021848,1.2643875,1,terrestrial,Animalia,Nematoda,Chromadorea,Rhabditida,Trichostrongylidae,Trichostrongylus
Streptocara crassicauda,Canada,56.130366,-106.346771,3,freshwater,Animalia,Nematoda,Chromadorea,Rhabditida,Acuariidae,Streptocara
Camallanus truncatus,Yugoslavia,37.09024,-95.712891,2,freshwater,Animalia,Nematoda,Chromadorea,Rhabditida,Camallanidae,Camallanus
Camallanus lacustris,Yugoslavia,37.09024,-95.712891,4,freshwater,Animalia,Nematoda,Chromadorea,Rhabditida,Camallanidae,Camallanus
Gongylonema pulchrum,Mexico,23.634501,-102.552784,2,terrestrial,Animalia,Nematoda,Chromadorea,Rhabditida,Gongylonematidae,Gongylonema
Parafilaroides decorus,North Sea,56.511018,3.515625,2,marine,Animalia,Nematoda,Chromadorea,Rhabditida,Filaroididae,Parafilaroides
Otostrongylus circumlitus,North Sea,56.511018,3.515625,2,marine,Animalia,Nematoda,Chromadorea,Rhabditida,Crenosomatidae,Otostrongylus
Parelaphostrongylus tenuis,Indiana,40.2671941,-86.1349019,2,terrestrial,Animalia,Nematoda,Chromadorea,Rhabditida,Metastrongylidae,Parelaphostrongylus
Philometra rischta,Finno-Karelian ASSR,63.15587019999999,32.9905552,2,freshwater,Animalia,Nematoda,Chromadorea,Rhabditida,Philometridae,Philometra
Raphidascaris acus,Finland,61.92410999999999,25.7481511,3,freshwater,Animalia,Nematoda,Chromadorea,Rhabditida,Raphidascarididae,Raphidascaris
Proleptus obtusus,Northeast Atlantic,39.370134,-77.40677199999999,2,marine,Animalia,Nematoda,Chromadorea,Rhabditida,Physalopteridae,Proleptus
Anisakis simplex,Northeast Atlantic,39.370134,-77.40677199999999,4,marine,Animalia,Nematoda,Chromadorea,Rhabditida,Anisakidae,Anisakis
Cucullanus heterochrous,Northeast Atlantic,39.370134,-77.40677199999999,2,marine,Animalia,Nematoda,Chromadorea,Rhabditida,Cucullanidae,Cucullanus
Trichostrongylus retortaeformis,Finland,61.92410999999999,25.7481511,1,terrestrial,Animalia,Nematoda,Chromadorea,Rhabditida,Trichostrongylidae,Trichostrongylus
Skrjabingylus nasicola,Finland,61.92410999999999,25.7481511,3,terrestrial,Animalia,Nematoda,Chromadorea,Rhabditida,Metastrongylidae,Skrjabingylus
Graphidium strigosum,Scotland,56.49067119999999,-4.2026458,1,terrestrial,Animalia,Nematoda,Chromadorea,Rhabditida,Trichostrongylidae,Graphidium
Rabbium paradoxus,Florida,27.6648274,-81.5157535,2,terrestrial,Animalia,Nematoda,Chromadorea,Rhabditida,Seuratidae,Rabbium
Quadriplotriaena hypsokysta,Alberta,53.9332706,-116.5765035,2,terrestrial,Animalia,Nematoda,Chromadorea,Rhabditida,Diplotriaenidae,Quadriplotriaena
Procyrnea zorillae,Turkmenistan,38.969719,59.556278,3,terrestrial,Animalia,Nematoda,Chromadorea,Rhabditida,Habronematidae,Procyrnea
Cystidicoloides tenuissima,Labrador,48.66,-56.22,3,freshwater,Animalia,Nematoda,Chromadorea,Rhabditida,Cystidicolidae,Salmonema
Philonema agubernaculum,Labrador,48.66,-56.22,2,freshwater,Animalia,Nematoda,Chromadorea,Rhabditida,Philonematidae,Philonema
Strongylus vulgaris,Transvaal,-23.59,29.13,1,terrestrial,Animalia,Nematoda,Chromadorea,Rhabditida,Strongylidae,Strongylus
Strongylus edentatus,Transvaal,-23.59,29.13,1,terrestrial,Animalia,Nematoda,Chromadorea,Rhabditida,Strongylidae,Strongylus
Strongylus equinus,Transvaal,-23.59,29.13,1,terrestrial,Animalia,Nematoda,Chromadorea,Rhabditida,Strongylidae,Strongylus
Oxyuris equi,Transvaal,-23.59,29.13,1,terrestrial,Animalia,Nematoda,Chromadorea,Rhabditida,Oxyuridae,Oxyuris
Cylicostephanus longibursatus,Transvaal,-23.59,29.13,1,terrestrial,Animalia,Nematoda,Chromadorea,Rhabditida,Strongylidae,Cylicostephanus
Cylicocyclus nassatus,Transvaal,-23.59,29.13,1,terrestrial,Animalia,Nematoda,Chromadorea,Rhabditida,Strongylidae,Cylicocyclus
Cyathostomum catinatum,Transvaal,-23.59,29.13,1,terrestrial,Animalia,Nematoda,Chromadorea,Rhabditida,Strongylidae,Cyathostomum
Anisakis simplex,Arctic Ocean,65.2481624,-60.4620977,4,marine,Animalia,Nematoda,Chromadorea,Rhabditida,Anisakidae,Anisakis
Pseudoterranova decipiens,Arctic Ocean,65.2481624,-60.4620977,4,marine,Animalia,Nematoda,Chromadorea,Rhabditida,Anisakidae,Pseudoterranova
Pharurus pallasii,Arctic Ocean,65.2481624,-60.4620977,2,marine,Animalia,Nematoda,Chromadorea,Rhabditida,Pseudaliidae,Pharurus
Toxocara cati,Transvaal,-23.59,29.13,2,terrestrial,Animalia,Nematoda,Chromadorea,Rhabditida,Ascarididae,Toxocara
Toxocara canis,Transvaal,-23.59,29.13,2,terrestrial,Animalia,Nematoda,Chromadorea,Rhabditida,Ascarididae,Toxocara
Physaloptera praeputialis,Transvaal,-23.59,29.13,3,terrestrial,Animalia,Nematoda,Chromadorea,Rhabditida,Physalopteridae,Physaloptera
Aelurostrongylus abstrusus,Transvaal,-23.59,29.13,3,terrestrial,Animalia,Nematoda,Chromadorea,Rhabditida,Metastrongylidae,Aelurostrongylus
Epomidiostomum uncinatum,Mexico,23.634501,-102.552784,1,freshwater,Animalia,Nematoda,Chromadorea,Rhabditida,Trichostrongylidae,Epomidiostomum
Hammerschmidtiella diesingi,British Columbia,53.7266683,-127.6476205,1,terrestrial,Animalia,Nematoda,Chromadorea,Rhabditida,Thelastomatidae,Hammerschmidtiella
Leidynema appendiculata,British Columbia,53.7266683,-127.6476205,1,terrestrial,Animalia,Nematoda,Chromadorea,Rhabditida,Thelastomatidae,Leidynema
Blatticola blattae,British Columbia,53.7266683,-127.6476205,1,terrestrial,Animalia,Nematoda,Chromadorea,Rhabditida,Thelastomatidae,Blatticola
Pseudalius inflexus,North Sea,56.511018,3.515625,2,marine,Animalia,Nematoda,Chromadorea,Rhabditida,Pseudaliidae,Pseudalius
Haemonchus contortus,Transvaal,-23.59,29.13,1,terrestrial,Animalia,Nematoda,Chromadorea,Rhabditida,Trichostrongylidae,Haemonchus
Oesophagostomum columbianum,Transvaal,-23.59,29.13,1,terrestrial,Animalia,Nematoda,Chromadorea,Rhabditida,Strongylidae,Oesophagostomum
Trichostrongylus colubriformis,Transvaal,-23.59,29.13,1,terrestrial,Animalia,Nematoda,Chromadorea,Rhabditida,Trichostrongylidae,Trichostrongylus
Enterobius vermicularis,Taiwan,23.69781,120.960515,1,terrestrial,Animalia,Nematoda,Chromadorea,Rhabditida,Oxyuridae,Enterobius
Muellerius capillaris,Zaire,-6.2649292,14.2343282,2,terrestrial,Animalia,Nematoda,Chromadorea,Rhabditida,Metastrongylidae,Muellerius
Abbreviata antarctica,Australia,-25.274398,133.775136,2,terrestrial,Animalia,Nematoda,Chromadorea,Rhabditida,Physalopteridae,Abbreviata
Trichuris skrjabini,Uzbekistan,41.377491,64.585262,1,terrestrial,Animalia,Nematoda,Enoplea,Trichinellida,Trichuridae,Trichuris
Chabertia ovina,Uzbekistan,41.377491,64.585262,1,terrestrial,Animalia,Nematoda,Chromadorea,Rhabditida,Strongylidae,Chabertia
Oesophagostomum venulosum,Uzbekistan,41.377491,64.585262,1,terrestrial,Animalia,Nematoda,Chromadorea,Rhabditida,Strongylidae,Oesophagostomum
Oesophagostomum columbianum,Uzbekistan,41.377491,64.585262,1,terrestrial,Animalia,Nematoda,Chromadorea,Rhabditida,Strongylidae,Oesophagostomum
Skrjabinema ovis,Uzbekistan,41.377491,64.585262,1,terrestrial,Animalia,Nematoda,Chromadorea,Rhabditida,Oxyuridae,Skrjabinema
Haemonchus contortus,Uzbekistan,41.377491,64.585262,1,terrestrial,Animalia,Nematoda,Chromadorea,Rhabditida,Trichostrongylidae,Haemonchus
Nematodirus abnormalis,Uzbekistan,41.377491,64.585262,1,terrestrial,Animalia,Nematoda,Chromadorea,Rhabditida,Molineidae,Nematodirus
Nematodirus helvetianus,Uzbekistan,41.377491,64.585262,1,terrestrial,Animalia,Nematoda,Chromadorea,Rhabditida,Molineidae,Nematodirus
Nematodirus spathiger,Uzbekistan,41.377491,64.585262,1,terrestrial,Animalia,Nematoda,Chromadorea,Rhabditida,Molineidae,Nematodirus
Dictyocaulus filaria,Uzbekistan,41.377491,64.585262,1,terrestrial,Animalia,Nematoda,Chromadorea,Rhabditida,Metastrongylidae,Dictyocaulus
Muellerius capillaris,Uzbekistan,41.377491,64.585262,2,terrestrial,Animalia,Nematoda,Chromadorea,Rhabditida,Metastrongylidae,Muellerius
Cystocaulus ocreatus,Uzbekistan,41.377491,64.585262,2,terrestrial,Animalia,Nematoda,Chromadorea,Rhabditida,Metastrongylidae,Cystocaulus
Gongylonema pulchrum,Uzbekistan,41.377491,64.585262,2,terrestrial,Animalia,Nematoda,Chromadorea,Rhabditida,Gongylonematidae,Gongylonema
Acuaria hamulosa,Uzbekistan,41.377491,64.585262,2,terrestrial,Animalia,Nematoda,Chromadorea,Rhabditida,Acuariidae,Acuaria
Gongylonema problematicum,Uzbekistan,41.377491,64.585262,2,terrestrial,Animalia,Nematoda,Chromadorea,Rhabditida,Gongylonematidae,Gongylonema
Abbreviata turkomanica,Uzbekistan,41.377491,64.585262,2,terrestrial,Animalia,Nematoda,Chromadorea,Rhabditida,Physalopteridae,Abbreviata
Abbreviata kazachstanica,Uzbekistan,41.377491,64.585262,3,terrestrial,Animalia,Nematoda,Chromadorea,Rhabditida,Physalopteridae,Abbreviata
Streptopharagus kutassi,Uzbekistan,41.377491,64.585262,2,terrestrial,Animalia,Nematoda,Chromadorea,Rhabditida,Spirocercidae,Streptopharagus
Physocephalus sexalatus,Uzbekistan,41.377491,64.585262,3,terrestrial,Animalia,Nematoda,Chromadorea,Rhabditida,Spirocercidae,Physocephalus
Toxascaris leonina,Uzbekistan,41.377491,64.585262,2,terrestrial,Animalia,Nematoda,Chromadorea,Rhabditida,Ascarididae,Toxascaris
Physaloptera praeputialis,Uzbekistan,41.377491,64.585262,3,terrestrial,Animalia,Nematoda,Chromadorea,Rhabditida,Physalopteridae,Physaloptera
Toxascaris leonina,Malaya,3.17,101.7,2,terrestrial,Animalia,Nematoda,Chromadorea,Rhabditida,Ascarididae,Toxascaris
Cosmocephalus obvelatus,Chile,-35.675147,-71.542969,3,freshwater,Animalia,Nematoda,Chromadorea,Rhabditida,Acuariidae,Cosmocephalus
Acuaria anthuris,Uzbekistan,41.377491,64.585262,2,terrestrial,Animalia,Nematoda,Chromadorea,Rhabditida,Acuariidae,Acuaria
Ascaridia galli,Uzbekistan,41.377491,64.585262,1,terrestrial,Animalia,Nematoda,Chromadorea,Rhabditida,Ascaridiidae,Ascaridia
Streptopharagus pigmentatus,Japan,36.204824,138.252924,2,terrestrial,Animalia,Nematoda,Chromadorea,Rhabditida,Spirocercidae,Streptopharagus
Teladorsagia circumcincta,France,46.227638,2.213749,1,terrestrial,Animalia,Nematoda,Chromadorea,Rhabditida,Trichostrongylidae,Ostertagia
Haemonchus contortus,France,46.227638,2.213749,1,terrestrial,Animalia,Nematoda,Chromadorea,Rhabditida,Trichostrongylidae,Haemonchus
Trichostrongylus colubriformis,France,46.227638,2.213749,1,terrestrial,Animalia,Nematoda,Chromadorea,Rhabditida,Trichostrongylidae,Trichostrongylus
Spirocerca lupi,Iraq,33.223191,43.679291,3,terrestrial,Animalia,Nematoda,Chromadorea,Rhabditida,Spirocercidae,Spirocerca
Toxocara cati,Iraq,33.223191,43.679291,2,terrestrial,Animalia,Nematoda,Chromadorea,Rhabditida,Ascarididae,Toxocara
Physaloptera praeputialis,Iraq,33.223191,43.679291,3,terrestrial,Animalia,Nematoda,Chromadorea,Rhabditida,Physalopteridae,Physaloptera
Ascaris lumbricoides,Malaya,3.17,101.7,1,terrestrial,Animalia,Nematoda,Chromadorea,Rhabditida,Ascarididae,Ascaris
Trichuris trichiura,Malaya,3.17,101.7,1,terrestrial,Animalia,Nematoda,Enoplea,Trichinellida,Trichuridae,Trichuris
Echinocephalus uncinatus,Iraq,33.223191,43.679291,2,marine,Animalia,Nematoda,Chromadorea,Rhabditida,Gnathostomatidae,Echinocephalus
Rhabdochona denudata,Tadzhikistan,38.861034,71.276093,2,freshwater,Animalia,Nematoda,Chromadorea,Rhabditida,Rhabdochonidae,Rhabdochona
Rhabdochona hellichi,Tadzhikistan,38.861034,71.276093,2,freshwater,Animalia,Nematoda,Chromadorea,Rhabditida,Rhabdochonidae,Rhabdochona
Teladorsagia circumcincta,Cape Province,-33.5,20.97,1,terrestrial,Animalia,Nematoda,Chromadorea,Rhabditida,Trichostrongylidae,Ostertagia
Trichostrongylus rugatus,Cape Province,-33.5,20.97,1,terrestrial,Animalia,Nematoda,Chromadorea,Rhabditida,Trichostrongylidae,Trichostrongylus
Trichostrongylus axei,Cape Province,-33.5,20.97,1,terrestrial,Animalia,Nematoda,Chromadorea,Rhabditida,Trichostrongylidae,Trichostrongylus
Haemonchus contortus,Cape Province,-33.5,20.97,1,terrestrial,Animalia,Nematoda,Chromadorea,Rhabditida,Trichostrongylidae,Haemonchus
Oesophagostomum venulosum,Cape Province,-33.5,20.97,1,terrestrial,Animalia,Nematoda,Chromadorea,Rhabditida,Strongylidae,Oesophagostomum
Ostertagia ostertagi,Cape Province,-33.5,20.97,1,terrestrial,Animalia,Nematoda,Chromadorea,Rhabditida,Trichostrongylidae,Ostertagia
Raphidascaris acus,"England, Wales + Isle of Man",54.236107,-4.548056,3,freshwater,Animalia,Nematoda,Chromadorea,Rhabditida,Raphidascarididae,Raphidascaris
Spinitectus inermis,"England, Wales + Isle of Man",54.236107,-4.548056,2,freshwater,Animalia,Nematoda,Chromadorea,Rhabditida,Cystidicolidae,Spinitectus
Haemonchus contortus,Louisiana,30.9842977,-91.96233269999999,1,terrestrial,Animalia,Nematoda,Chromadorea,Rhabditida,Trichostrongylidae,Haemonchus
Trichostrongylus axei,Arkansas,35.20105,-91.8318334,1,terrestrial,Animalia,Nematoda,Chromadorea,Rhabditida,Trichostrongylidae,Trichostrongylus
Trichuris vulpis,Tennessee,35.5174913,-86.5804473,1,terrestrial,Animalia,Nematoda,Enoplea,Trichinellida,Trichuridae,Trichuris
Physaloptera rara,Tennessee,35.5174913,-86.5804473,3,terrestrial,Animalia,Nematoda,Chromadorea,Rhabditida,Physalopteridae,Physaloptera
Physaloptera rara,Manitoba,53.7608608,-98.8138762,3,terrestrial,Animalia,Nematoda,Chromadorea,Rhabditida,Physalopteridae,Physaloptera
Uncinaria stenocephala,Alberta,53.9332706,-116.5765035,1,terrestrial,Animalia,Nematoda,Chromadorea,Rhabditida,Ancylostomatidae,Uncinaria
Uncinaria stenocephala,Manitoba,53.7608608,-98.8138762,1,terrestrial,Animalia,Nematoda,Chromadorea,Rhabditida,Ancylostomatidae,Uncinaria
Toxascaris leonina,Tennessee,35.5174913,-86.5804473,2,terrestrial,Animalia,Nematoda,Chromadorea,Rhabditida,Ascarididae,Toxascaris
Toxascaris leonina,Alberta,53.9332706,-116.5765035,2,terrestrial,Animalia,Nematoda,Chromadorea,Rhabditida,Ascarididae,Toxascaris
Toxascaris leonina,Manitoba,53.7608608,-98.8138762,2,terrestrial,Animalia,Nematoda,Chromadorea,Rhabditida,Ascarididae,Toxascaris
Toxocara canis,Alberta,53.9332706,-116.5765035,2,terrestrial,Animalia,Nematoda,Chromadorea,Rhabditida,Ascarididae,Toxocara
Chabertia ovina,Spain + Andalusia,37.5442706,-4.7277528,1,terrestrial,Animalia,Nematoda,Chromadorea,Rhabditida,Strongylidae,Chabertia
Blatticola blattae,European USSR (CIS),54.5259614,15.2551187,1,terrestrial,Animalia,Nematoda,Chromadorea,Rhabditida,Thelastomatidae,Blatticola
Anguillicola crassus,"England, Wales + Isle of Man",54.236107,-4.548056,3,freshwater,Animalia,Nematoda,Chromadorea,Rhabditida,Anguillicolidae,Anguillicola
Nematodirus battus,Scotland,56.49067119999999,-4.2026458,1,terrestrial,Animalia,Nematoda,Chromadorea,Rhabditida,Molineidae,Nematodirus
Dictyocaulus filaria,Scotland,56.49067119999999,-4.2026458,1,terrestrial,Animalia,Nematoda,Chromadorea,Rhabditida,Metastrongylidae,Dictyocaulus
Ascaris lumbricoides,Sierra Leone,8.460555,-11.779889,1,terrestrial,Animalia,Nematoda,Chromadorea,Rhabditida,Ascarididae,Ascaris
Trichuris trichiura,Sierra Leone,8.460555,-11.779889,1,terrestrial,Animalia,Nematoda,Enoplea,Trichinellida,Trichuridae,Trichuris
Angiostrongylus cantonensis,Bahamas,25.03428,-77.39627999999999,3,terrestrial,Animalia,Nematoda,Chromadorea,Rhabditida,Metastrongylidae,Angiostrongylus
Hexametra quadricornis,Japan,36.204824,138.252924,2,terrestrial,Animalia,Nematoda,Chromadorea,Rhabditida,Ascarididae,Hexametra
Ostertagia ostertagi,Japan,36.204824,138.252924,1,terrestrial,Animalia,Nematoda,Chromadorea,Rhabditida,Trichostrongylidae,Ostertagia
Trichostrongylus axei,Japan,36.204824,138.252924,1,terrestrial,Animalia,Nematoda,Chromadorea,Rhabditida,Trichostrongylidae,Trichostrongylus
Cooperia oncophora,Japan,36.204824,138.252924,1,terrestrial,Animalia,Nematoda,Chromadorea,Rhabditida,Trichostrongylidae,Cooperia
Cooperia punctata,Japan,36.204824,138.252924,1,terrestrial,Animalia,Nematoda,Chromadorea,Rhabditida,Trichostrongylidae,Cooperia
Nematodirus helvetianus,Japan,36.204824,138.252924,1,terrestrial,Animalia,Nematoda,Chromadorea,Rhabditida,Molineidae,Nematodirus
Philometra rischta,European USSR (CIS),54.5259614,15.2551187,2,freshwater,Animalia,Nematoda,Chromadorea,Rhabditida,Philometridae,Philometra
Rhabdochona hellichi,Iraq,33.223191,43.679291,2,freshwater,Animalia,Nematoda,Chromadorea,Rhabditida,Rhabdochonidae,Rhabdochona
Anguillicola crassus,France,46.227638,2.213749,3,freshwater,Animalia,Nematoda,Chromadorea,Rhabditida,Anguillicolidae,Anguillicola
Baylisascaris procyonis,Kansas,39.011902,-98.4842465,2,terrestrial,Animalia,Nematoda,Chromadorea,Rhabditida,Ascarididae,Baylisascaris
Molineus barbatus,Kansas,39.011902,-98.4842465,1,terrestrial,Animalia,Nematoda,Chromadorea,Rhabditida,Molineidae,Molineus
Physaloptera rara,Kansas,39.011902,-98.4842465,3,terrestrial,Animalia,Nematoda,Chromadorea,Rhabditida,Physalopteridae,Physaloptera
Spinitectus carolini,Mexico,23.634501,-102.552784,3,freshwater,Animalia,Nematoda,Chromadorea,Rhabditida,Cystidicolidae,Spinitectus
Trichuris muris,Tunisia,33.886917,9.537499,1,terrestrial,Animalia,Nematoda,Enoplea,Trichinellida,Trichuridae,Trichuris
Trichuris muris,Egypt,26.820553,30.802498,1,terrestrial,Animalia,Nematoda,Enoplea,Trichinellida,Trichuridae,Trichuris
Trichuris ovis,Tunisia,33.886917,9.537499,1,terrestrial,Animalia,Nematoda,Enoplea,Trichinellida,Trichinellidae,Trichocephalus
Trichuris trichiura,Tunisia,33.886917,9.537499,1,terrestrial,Animalia,Nematoda,Enoplea,Trichinellida,Trichuridae,Trichuris
Trichosomoides crassicauda,Tunisia,33.886917,9.537499,1,terrestrial,Animalia,Nematoda,Enoplea,Trichinellida,Trichosomoididae,Trichosomoides
Strongylus equinus,Tunisia,33.886917,9.537499,1,terrestrial,Animalia,Nematoda,Chromadorea,Rhabditida,Strongylidae,Strongylus
Strongylus edentatus,Tunisia,33.886917,9.537499,1,terrestrial,Animalia,Nematoda,Chromadorea,Rhabditida,Strongylidae,Strongylus
Strongylus vulgaris,Tunisia,33.886917,9.537499,1,terrestrial,Animalia,Nematoda,Chromadorea,Rhabditida,Strongylidae,Strongylus
Acuaria gruveli,Tunisia,33.886917,9.537499,2,terrestrial,Animalia,Nematoda,Chromadorea,Rhabditida,Acuariidae,Acuaria
Ascaridia galli,Tunisia,33.886917,9.537499,1,terrestrial,Animalia,Nematoda,Chromadorea,Rhabditida,Ascaridiidae,Ascaridia
Heterakis gallinarum,Tunisia,33.886917,9.537499,2,terrestrial,Animalia,Nematoda,Chromadorea,Rhabditida,Heterakidae,Heterakis
Cyrnea eurycerca,Tunisia,33.886917,9.537499,2,terrestrial,Animalia,Nematoda,Chromadorea,Rhabditida,Habronematidae,Cyrnea
Acuaria anthuris,Tunisia,33.886917,9.537499,2,terrestrial,Animalia,Nematoda,Chromadorea,Rhabditida,Acuariidae,Acuaria
Diplotriaena tricuspis,Tunisia,33.886917,9.537499,2,terrestrial,Animalia,Nematoda,Chromadorea,Rhabditida,Diplotriaenidae,Diplotriaena
Serratospiculum tendo,Tunisia,33.886917,9.537499,2,terrestrial,Animalia,Nematoda,Chromadorea,Rhabditida,Diplotriaenidae,Serratospiculum
Hadjelia truncata,Tunisia,33.886917,9.537499,2,terrestrial,Animalia,Nematoda,Chromadorea,Rhabditida,Habronematidae,Hadjelia
Sicarius dipterum,Tunisia,33.886917,9.537499,2,terrestrial,Animalia,Nematoda,Chromadorea,Rhabditida,Habronematidae,Sicarius
Skrjabinocerca prima,Ontario,51.253775,-85.323214,2,terrestrial,Animalia,Nematoda,Chromadorea,Rhabditida,Acuariidae,Skrjabinocerca
Skrjabinoclava inornatae,Louisiana,30.9842977,-91.96233269999999,2,marine,Animalia,Nematoda,Chromadorea,Rhabditida,Acuariidae,Skrjabinoclava
Uncinaria stenocephala,Tunisia,33.886917,9.537499,1,terrestrial,Animalia,Nematoda,Chromadorea,Rhabditida,Ancylostomatidae,Uncinaria
Dictyocaulus filaria,Tunisia,33.886917,9.537499,1,terrestrial,Animalia,Nematoda,Chromadorea,Rhabditida,Metastrongylidae,Dictyocaulus
Metastrongylus salmi,Tunisia,33.886917,9.537499,2,terrestrial,Animalia,Nematoda,Chromadorea,Rhabditida,Metastrongylidae,Metastrongylus
Trichostrongylus colubriformis,Tunisia,33.886917,9.537499,1,terrestrial,Animalia,Nematoda,Chromadorea,Rhabditida,Trichostrongylidae,Trichostrongylus
Trichostrongylus retortaeformis,Tunisia,33.886917,9.537499,1,terrestrial,Animalia,Nematoda,Chromadorea,Rhabditida,Trichostrongylidae,Trichostrongylus
Trichostrongylus retortaeformis,Belgium + Luxembourg,50.0546886,5.467698299999999,1,terrestrial,Animalia,Nematoda,Chromadorea,Rhabditida,Trichostrongylidae,Trichostrongylus
Trichostrongylus vitrinus,Tunisia,33.886917,9.537499,1,terrestrial,Animalia,Nematoda,Chromadorea,Rhabditida,Trichostrongylidae,Trichostrongylus
Dispharynx nasuta,Arkansas,35.20105,-91.8318334,2,terrestrial,Animalia,Nematoda,Chromadorea,Rhabditida,Acuariidae,Dispharynx
Pseudoterranova decipiens,Scotland,56.49067119999999,-4.2026458,4,marine,Animalia,Nematoda,Chromadorea,Rhabditida,Anisakidae,Pseudoterranova
Camallanus oxycephalus,North Carolina,35.7595731,-79.01929969999999,3,freshwater,Animalia,Nematoda,Chromadorea,Rhabditida,Camallanidae,Camallanus
Spinitectus gracilis,North Carolina,35.7595731,-79.01929969999999,3,freshwater,Animalia,Nematoda,Chromadorea,Rhabditida,Cystidicolidae,Spinitectus
Spinitectus micracanthus,Indiana,40.2671941,-86.1349019,2,freshwater,Animalia,Nematoda,Chromadorea,Rhabditida,Cystidicolidae,Spinitectus
Philometra cylindracea,Lake Erie,42.0668852,-81.3399414,2,freshwater,Animalia,Nematoda,Chromadorea,Rhabditida,Philometridae,Philometra
Camallanus oxycephalus,Lake Erie,42.0668852,-81.3399414,3,freshwater,Animalia,Nematoda,Chromadorea,Rhabditida,Camallanidae,Camallanus
Enterobius vermicularis,Transvaal,-23.59,29.13,1,terrestrial,Animalia,Nematoda,Chromadorea,Rhabditida,Oxyuridae,Enterobius
Oesophagostomum bifurcum,Transvaal,-23.59,29.13,1,terrestrial,Animalia,Nematoda,Chromadorea,Rhabditida,Strongylidae,Oesophagostomum
Streptopharagus pigmentatus,Transvaal,-23.59,29.13,2,terrestrial,Animalia,Nematoda,Chromadorea,Rhabditida,Spirocercidae,Streptopharagus
Trichuris trichiura,Transvaal,-23.59,29.13,1,terrestrial,Animalia,Nematoda,Enoplea,Trichinellida,Trichuridae,Trichuris
Physocephalus sexalatus,Turkmenistan,38.969719,59.556278,3,terrestrial,Animalia,Nematoda,Chromadorea,Rhabditida,Spirocercidae,Physocephalus
Dictyocaulus filaria,Spain + Andalusia,37.5442706,-4.7277528,1,terrestrial,Animalia,Nematoda,Chromadorea,Rhabditida,Metastrongylidae,Dictyocaulus
Dispharynx nasuta,Spain + Andalusia,37.5442706,-4.7277528,2,terrestrial,Animalia,Nematoda,Chromadorea,Rhabditida,Acuariidae,Dispharynx
Ascaridia galli,Spain + Andalusia,37.5442706,-4.7277528,1,terrestrial,Animalia,Nematoda,Chromadorea,Rhabditida,Ascaridiidae,Ascaridia
Spinitectus gracilis,Lake Superior,47.723087,-86.940716,3,freshwater,Animalia,Nematoda,Chromadorea,Rhabditida,Cystidicolidae,Spinitectus
Cystidicola farionis,Lake Superior,47.723087,-86.940716,3,freshwater,Animalia,Nematoda,Chromadorea,Rhabditida,Cystidicolidae,Cystidicola
Philonema oncorhynchi,Lake Superior,47.723087,-86.940716,2,freshwater,Animalia,Nematoda,Chromadorea,Rhabditida,Philonematidae,Philonema
Cystidicola cristivomeri,Lake Superior,47.723087,-86.940716,3,freshwater,Animalia,Nematoda,Chromadorea,Rhabditida,Cystidicolidae,Cystidicola
Spinitectus carolini,Lake Superior,47.723087,-86.940716,3,freshwater,Animalia,Nematoda,Chromadorea,Rhabditida,Cystidicolidae,Spinitectus
Rhabdochona canadensis,Lake Superior,47.723087,-86.940716,2,freshwater,Animalia,Nematoda,Chromadorea,Rhabditida,Rhabdochonidae,Rhabdochona
Amidostomum fulicae,Iraq,33.223191,43.679291,1,freshwater,Animalia,Nematoda,Chromadorea,Rhabditida,Amidostomidae,Amidostomum
Ornithostrongylus quadriradiatus,Vietnam,14.058324,108.277199,1,terrestrial,Animalia,Nematoda,Chromadorea,Rhabditida,Heligmosomidae,Ornithostrongylus
Ascaridia galli,Vietnam,14.058324,108.277199,1,terrestrial,Animalia,Nematoda,Chromadorea,Rhabditida,Ascaridiidae,Ascaridia
Contracaecum microcephalum,Vietnam,14.058324,108.277199,3,freshwater,Animalia,Nematoda,Chromadorea,Rhabditida,Anisakidae,Contracaecum
Porrocaecum ensicaudatum,Vietnam,14.058324,108.277199,2,terrestrial,Animalia,Nematoda,Chromadorea,Rhabditida,Ascarididae,Porrocaecum
Acuaria anthuris,Vietnam,14.058324,108.277199,2,terrestrial,Animalia,Nematoda,Chromadorea,Rhabditida,Acuariidae,Acuaria
Eucoleus annulatus,Vietnam,14.058324,108.277199,2,terrestrial,Animalia,Nematoda,Enoplea,Trichinellida,Capillariidae,Capillaria
Trichosomoides crassicauda,Canada,56.130366,-106.346771,1,terrestrial,Animalia,Nematoda,Enoplea,Trichinellida,Trichosomoididae,Trichosomoides
Trichuris muris,Canada,56.130366,-106.346771,1,terrestrial,Animalia,Nematoda,Enoplea,Trichinellida,Trichuridae,Trichuris
Trichuris ovis,Canada,56.130366,-106.346771,1,terrestrial,Animalia,Nematoda,Enoplea,Trichinellida,Trichinellidae,Trichocephalus
Trichuris vulpis,Canada,56.130366,-106.346771,1,terrestrial,Animalia,Nematoda,Enoplea,Trichinellida,Trichuridae,Trichuris
Baylisascaris columnaris,Canada,56.130366,-106.346771,2,terrestrial,Animalia,Nematoda,Chromadorea,Rhabditida,Ascarididae,Baylisascaris
Baylisascaris devosi,Canada,56.130366,-106.346771,2,terrestrial,Animalia,Nematoda,Chromadorea,Rhabditida,Ascarididae,Baylisascaris
Baylisascaris laevis,Canada,56.130366,-106.346771,1,terrestrial,Animalia,Nematoda,Chromadorea,Rhabditida,Ascarididae,Baylisascaris
Baylisascaris transfuga,Canada,56.130366,-106.346771,2,terrestrial,Animalia,Nematoda,Chromadorea,Rhabditida,Ascarididae,Baylisascaris
Toxascaris leonina,Canada,56.130366,-106.346771,2,terrestrial,Animalia,Nematoda,Chromadorea,Rhabditida,Ascarididae,Toxascaris
Toxocara canis,Canada,56.130366,-106.346771,2,terrestrial,Animalia,Nematoda,Chromadorea,Rhabditida,Ascarididae,Toxocara
Toxocara cati,Canada,56.130366,-106.346771,2,terrestrial,Animalia,Nematoda,Chromadorea,Rhabditida,Ascarididae,Toxocara
Heterakis spumosa,Canada,56.130366,-106.346771,2,terrestrial,Animalia,Nematoda,Chromadorea,Rhabditida,Heterakidae,Heterakis
Skrjabinema ovis,Canada,56.130366,-106.346771,1,terrestrial,Animalia,Nematoda,Chromadorea,Rhabditida,Oxyuridae,Skrjabinema
Physaloptera maxillaris,Canada,56.130366,-106.346771,2,terrestrial,Animalia,Nematoda,Chromadorea,Rhabditida,Physalopteridae,Physaloptera
Physaloptera praeputialis,Canada,56.130366,-106.346771,3,terrestrial,Animalia,Nematoda,Chromadorea,Rhabditida,Physalopteridae,Physaloptera
Physaloptera rara,Canada,56.130366,-106.346771,3,terrestrial,Animalia,Nematoda,Chromadorea,Rhabditida,Physalopteridae,Physaloptera
Spirocerca lupi,Canada,56.130366,-106.346771,3,terrestrial,Animalia,Nematoda,Chromadorea,Rhabditida,Spirocercidae,Spirocerca
Spirura infundibuliformis,Canada,56.130366,-106.346771,2,terrestrial,Animalia,Nematoda,Chromadorea,Rhabditida,Spiruridae,Spirura
Placoconus lotoris,Canada,56.130366,-106.346771,1,terrestrial,Animalia,Nematoda,Chromadorea,Rhabditida,Ancylostomatidae,Placoconus
Aelurostrongylus pridhami,Canada,56.130366,-106.346771,3,terrestrial,Animalia,Nematoda,Chromadorea,Rhabditida,Metastrongylidae,Aelurostrongylus
Andersonstrongylus captivensis,Canada,56.130366,-106.346771,1,terrestrial,Animalia,Nematoda,Chromadorea,Rhabditida,Metastrongylidae,Andersonstrongylus
Angiostrongylus vasorum,Canada,56.130366,-106.346771,3,terrestrial,Animalia,Nematoda,Chromadorea,Rhabditida,Metastrongylidae,Angiostrongylus
Trilobostrongylus bioccai,Canada,56.130366,-106.346771,3,terrestrial,Animalia,Nematoda,Chromadorea,Rhabditida,Metastrongylidae,Trilobostrongylus
Crenosoma mephitidis,Canada,56.130366,-106.346771,3,terrestrial,Animalia,Nematoda,Chromadorea,Rhabditida,Metastrongylidae,Crenosoma
Crenosoma petrowi,Canada,56.130366,-106.346771,3,terrestrial,Animalia,Nematoda,Chromadorea,Rhabditida,Metastrongylidae,Crenosoma
Crenosoma vulpis,Canada,56.130366,-106.346771,2,terrestrial,Animalia,Nematoda,Chromadorea,Rhabditida,Metastrongylidae,Crenosoma
Filaroides martis,Canada,56.130366,-106.346771,3,terrestrial,Animalia,Nematoda,Chromadorea,Rhabditida,Filaroididae,Filaroides
Cystidicola farionis,Lake Baikal,53.5587003,108.1649965,3,freshwater,Animalia,Nematoda,Chromadorea,Rhabditida,Cystidicolidae,Cystidicola
Philonema sibirica,Lake Baikal,53.5587003,108.1649965,2,freshwater,Animalia,Nematoda,Chromadorea,Rhabditida,Philonematidae,Philonema
Raphidascaris acus,Lake Superior,47.723087,-86.940716,3,freshwater,Animalia,Nematoda,Chromadorea,Rhabditida,Raphidascarididae,Raphidascaris
Camallanus oxycephalus,Lake Superior,47.723087,-86.940716,3,freshwater,Animalia,Nematoda,Chromadorea,Rhabditida,Camallanidae,Camallanus
Ostertagia ostertagi,Tunisia,33.886917,9.537499,1,terrestrial,Animalia,Nematoda,Chromadorea,Rhabditida,Trichostrongylidae,Ostertagia
Oslerus osleri,Canada,56.130366,-106.346771,1,terrestrial,Animalia,Nematoda,Chromadorea,Rhabditida,Filaroididae,Filaroides
Elaphostrongylus cervi,Canada,56.130366,-106.346771,2,terrestrial,Animalia,Nematoda,Chromadorea,Rhabditida,Metastrongylidae,Elaphostrongylus
Parelaphostrongylus odocoilei,Canada,56.130366,-106.346771,2,terrestrial,Animalia,Nematoda,Chromadorea,Rhabditida,Metastrongylidae,Parelaphostrongylus
Parelaphostrongylus tenuis,Canada,56.130366,-106.346771,2,terrestrial,Animalia,Nematoda,Chromadorea,Rhabditida,Metastrongylidae,Parelaphostrongylus
Protostrongylus boughtoni,Canada,56.130366,-106.346771,2,terrestrial,Animalia,Nematoda,Chromadorea,Rhabditida,Metastrongylidae,Protostrongylus
Varestrongylus alpenae,Canada,56.130366,-106.346771,2,terrestrial,Animalia,Nematoda,Chromadorea,Rhabditida,Metastrongylidae,Varestrongylus
Skrjabingylus chitwoodorum,Canada,56.130366,-106.346771,3,terrestrial,Animalia,Nematoda,Chromadorea,Rhabditida,Metastrongylidae,Skrjabingylus
Skrjabingylus nasicola,Canada,56.130366,-106.346771,3,terrestrial,Animalia,Nematoda,Chromadorea,Rhabditida,Metastrongylidae,Skrjabingylus
Oesophagostomum venulosum,Canada,56.130366,-106.346771,1,terrestrial,Animalia,Nematoda,Chromadorea,Rhabditida,Strongylidae,Oesophagostomum
Dictyocaulus filaria,Canada,56.130366,-106.346771,1,terrestrial,Animalia,Nematoda,Chromadorea,Rhabditida,Metastrongylidae,Dictyocaulus
Nematodirus filicollis,Canada,56.130366,-106.346771,1,terrestrial,Animalia,Nematoda,Chromadorea,Rhabditida,Molineidae,Nematodirus
Nematodirus helvetianus,Canada,56.130366,-106.346771,1,terrestrial,Animalia,Nematoda,Chromadorea,Rhabditida,Molineidae,Nematodirus
Cooperia oncophora,Canada,56.130366,-106.346771,1,terrestrial,Animalia,Nematoda,Chromadorea,Rhabditida,Trichostrongylidae,Cooperia
Haemonchus contortus,Canada,56.130366,-106.346771,1,terrestrial,Animalia,Nematoda,Chromadorea,Rhabditida,Trichostrongylidae,Haemonchus
Haemonchus placei,Canada,56.130366,-106.346771,1,terrestrial,Animalia,Nematoda,Chromadorea,Rhabditida,Trichostrongylidae,Haemonchus
Obeliscoides cuniculi,Canada,56.130366,-106.346771,1,terrestrial,Animalia,Nematoda,Chromadorea,Rhabditida,Trichostrongylidae,Obeliscoides
Ostertagia ostertagi,Canada,56.130366,-106.346771,1,terrestrial,Animalia,Nematoda,Chromadorea,Rhabditida,Trichostrongylidae,Ostertagia
Spinitectus gracilis,Lake Huron,45.0521793,-82.48509399999999,3,freshwater,Animalia,Nematoda,Chromadorea,Rhabditida,Cystidicolidae,Spinitectus
Spinitectus carolini,Lake Huron,45.0521793,-82.48509399999999,3,freshwater,Animalia,Nematoda,Chromadorea,Rhabditida,Cystidicolidae,Spinitectus
Cystidicola farionis,Lake Huron,45.0521793,-82.48509399999999,3,freshwater,Animalia,Nematoda,Chromadorea,Rhabditida,Cystidicolidae,Cystidicola
Cystidicoloides tenuissima,Lake Huron,45.0521793,-82.48509399999999,3,freshwater,Animalia,Nematoda,Chromadorea,Rhabditida,Cystidicolidae,Salmonema
Rhabdochona cascadilla,Lake Huron,45.0521793,-82.48509399999999,2,freshwater,Animalia,Nematoda,Chromadorea,Rhabditida,Rhabdochonidae,Rhabdochona
Raphidascaris acus,Lake Huron,45.0521793,-82.48509399999999,3,freshwater,Animalia,Nematoda,Chromadorea,Rhabditida,Raphidascarididae,Raphidascaris
Baylisascaris procyonis,Nebraska,41.4925374,-99.9018131,2,terrestrial,Animalia,Nematoda,Chromadorea,Rhabditida,Ascarididae,Baylisascaris
Hysterothylacium haze,Japan,36.204824,138.252924,2,marine,Animalia,Nematoda,Chromadorea,Rhabditida,Raphidascarididae,Hysterothylacium
Philonema oncorhynchi,Japan,36.204824,138.252924,2,freshwater,Animalia,Nematoda,Chromadorea,Rhabditida,Philonematidae,Philonema
Ascarops strongylina,"Ukraine, incl. Moldavia",48.379433,31.1655799,3,terrestrial,Animalia,Nematoda,Chromadorea,Rhabditida,Spirocercidae,Ascarops
Physocephalus sexalatus,"Ukraine, incl. Moldavia",48.379433,31.1655799,3,terrestrial,Animalia,Nematoda,Chromadorea,Rhabditida,Spirocercidae,Physocephalus
Anguillicola crassus,Belgium + Luxembourg,50.0546886,5.467698299999999,3,freshwater,Animalia,Nematoda,Chromadorea,Rhabditida,Anguillicolidae,Anguillicola
Rhabdochona canadensis,Lake Huron,45.0521793,-82.48509399999999,2,freshwater,Animalia,Nematoda,Chromadorea,Rhabditida,Rhabdochonidae,Rhabdochona
Spinitectus gracilis,Tennessee,35.5174913,-86.5804473,3,freshwater,Animalia,Nematoda,Chromadorea,Rhabditida,Cystidicolidae,Spinitectus
Salvelinema salmonicola,Japan,36.204824,138.252924,2,freshwater,Animalia,Nematoda,Chromadorea,Rhabditida,Cystidicolidae,Salvelinema
Philometroides nodulosa,Lake Huron,45.0521793,-82.48509399999999,2,freshwater,Animalia,Nematoda,Chromadorea,Rhabditida,Philometridae,Philometroides
Aspiculuris tetraptera,Kazakstan,48.019573,66.923684,1,terrestrial,Animalia,Nematoda,Chromadorea,Rhabditida,Heteroxynematidae,Aspiculuris
Trichostrongylus colubriformis,Kazakstan,48.019573,66.923684,1,terrestrial,Animalia,Nematoda,Chromadorea,Rhabditida,Trichostrongylidae,Trichostrongylus
Mastophorus muris,Kazakstan,48.019573,66.923684,2,terrestrial,Animalia,Nematoda,Chromadorea,Rhabditida,Spirocercidae,Mastophorus
Streptopharagus kutassi,Kazakstan,48.019573,66.923684,2,terrestrial,Animalia,Nematoda,Chromadorea,Rhabditida,Spirocercidae,Streptopharagus
Gongylonema problematicum,Kazakstan,48.019573,66.923684,2,terrestrial,Animalia,Nematoda,Chromadorea,Rhabditida,Gongylonematidae,Gongylonema
Obeliscoides cuniculi,Oklahoma,35.0077519,-97.092877,1,terrestrial,Animalia,Nematoda,Chromadorea,Rhabditida,Trichostrongylidae,Obeliscoides
Trichosomoides crassicauda,European USSR (CIS),54.5259614,15.2551187,1,terrestrial,Animalia,Nematoda,Enoplea,Trichinellida,Trichosomoididae,Trichosomoides
Crenosoma striatum,European USSR (CIS),54.5259614,15.2551187,2,terrestrial,Animalia,Nematoda,Chromadorea,Rhabditida,Metastrongylidae,Crenosoma
Heligmosomoides laevis,European USSR (CIS),54.5259614,15.2551187,1,terrestrial,Animalia,Nematoda,Chromadorea,Rhabditida,Heligmosomidae,Heligmosomoides
Heligmosomoides polygyrus,European USSR (CIS),54.5259614,15.2551187,1,terrestrial,Animalia,Nematoda,Chromadorea,Rhabditida,Heligmosomidae,Heligmosomoides
Eustrongylides tubifex,Lake Huron,45.0521793,-82.48509399999999,3,freshwater,Animalia,Nematoda,Enoplea,Dioctophymatida,Dioctophymatidae,Eustrongylides
Sterliadochona ephemeridarum,Japan,36.204824,138.252924,2,freshwater,Animalia,Nematoda,Chromadorea,Rhabditida,Cystidicolidae,Salmonema
Rhabdochona oncorhynchi,Japan,36.204824,138.252924,2,freshwater,Animalia,Nematoda,Chromadorea,Rhabditida,Rhabdochonidae,Rhabdochona
Camallanus oxycephalus,Lake Huron,45.0521793,-82.48509399999999,3,freshwater,Animalia,Nematoda,Chromadorea,Rhabditida,Camallanidae,Camallanus
Philometra cylindracea,Lake Huron,45.0521793,-82.48509399999999,2,freshwater,Animalia,Nematoda,Chromadorea,Rhabditida,Philometridae,Philometra
Muellerius capillaris,Mexico,23.634501,-102.552784,2,terrestrial,Animalia,Nematoda,Chromadorea,Rhabditida,Metastrongylidae,Muellerius
Trichostrongylus vitrinus,Armenia,40.069099,45.038189,1,terrestrial,Animalia,Nematoda,Chromadorea,Rhabditida,Trichostrongylidae,Trichostrongylus
Cooperia oncophora,Armenia,40.069099,45.038189,1,terrestrial,Animalia,Nematoda,Chromadorea,Rhabditida,Trichostrongylidae,Cooperia
Nematodirus helvetianus,Armenia,40.069099,45.038189,1,terrestrial,Animalia,Nematoda,Chromadorea,Rhabditida,Molineidae,Nematodirus
Parascaris equorum,Armenia,40.069099,45.038189,1,terrestrial,Animalia,Nematoda,Chromadorea,Rhabditida,Ascarididae,Parascaris
Toxascaris leonina,Armenia,40.069099,45.038189,2,terrestrial,Animalia,Nematoda,Chromadorea,Rhabditida,Ascarididae,Toxascaris
Contracaecum micropapillatum,Armenia,40.069099,45.038189,3,freshwater,Animalia,Nematoda,Chromadorea,Rhabditida,Anisakidae,Contracaecum
Toxocara canis,Armenia,40.069099,45.038189,2,terrestrial,Animalia,Nematoda,Chromadorea,Rhabditida,Ascarididae,Toxocara
Oxyuris equi,Armenia,40.069099,45.038189,1,terrestrial,Animalia,Nematoda,Chromadorea,Rhabditida,Oxyuridae,Oxyuris
Dicheilonema rheae,Armenia,40.069099,45.038189,3,terrestrial,Animalia,Nematoda,Chromadorea,Rhabditida,Diplotriaenidae,Dicheilonema
Echinocephalus uncinatus,South China Sea,15.488092,114.404754,2,marine,Animalia,Nematoda,Chromadorea,Rhabditida,Gnathostomatidae,Echinocephalus
Chabertia ovina,Armenia,40.069099,45.038189,1,terrestrial,Animalia,Nematoda,Chromadorea,Rhabditida,Strongylidae,Chabertia
Oesophagostomum venulosum,Armenia,40.069099,45.038189,1,terrestrial,Animalia,Nematoda,Chromadorea,Rhabditida,Strongylidae,Oesophagostomum
Ascaridia galli,Armenia,40.069099,45.038189,1,terrestrial,Animalia,Nematoda,Chromadorea,Rhabditida,Ascaridiidae,Ascaridia
Heterakis gallinarum,Armenia,40.069099,45.038189,2,terrestrial,Animalia,Nematoda,Chromadorea,Rhabditida,Heterakidae,Heterakis
Trichuris muris,Corsica,42.0396042,9.012892599999999,1,terrestrial,Animalia,Nematoda,Enoplea,Trichinellida,Trichuridae,Trichuris
Mastophorus muris,Corsica,42.0396042,9.012892599999999,2,terrestrial,Animalia,Nematoda,Chromadorea,Rhabditida,Spirocercidae,Mastophorus
Trichosomoides crassicauda,Corsica,42.0396042,9.012892599999999,1,terrestrial,Animalia,Nematoda,Enoplea,Trichinellida,Trichosomoididae,Trichosomoides
Spinitectus carolini,Lake Erie,42.0668852,-81.3399414,3,freshwater,Animalia,Nematoda,Chromadorea,Rhabditida,Cystidicolidae,Spinitectus
Spinitectus gracilis,Lake Erie,42.0668852,-81.3399414,3,freshwater,Animalia,Nematoda,Chromadorea,Rhabditida,Cystidicolidae,Spinitectus
Muellerius capillaris,France,46.227638,2.213749,2,terrestrial,Animalia,Nematoda,Chromadorea,Rhabditida,Metastrongylidae,Muellerius
Trichostrongylus colubriformis,European USSR (CIS),54.5259614,15.2551187,1,terrestrial,Animalia,Nematoda,Chromadorea,Rhabditida,Trichostrongylidae,Trichostrongylus
Trichostrongylus skrjabini,European USSR (CIS),54.5259614,15.2551187,1,terrestrial,Animalia,Nematoda,Chromadorea,Rhabditida,Trichostrongylidae,Trichostrongylus
Passalurus ambiguus,European USSR (CIS),54.5259614,15.2551187,1,terrestrial,Animalia,Nematoda,Chromadorea,Rhabditida,Oxyuridae,Passalurus
Aspiculuris tetraptera,European USSR (CIS),54.5259614,15.2551187,1,terrestrial,Animalia,Nematoda,Chromadorea,Rhabditida,Heteroxynematidae,Aspiculuris
Spinitectus gracilis,Lake Ontario,43.6333482,-77.82706689999999,3,freshwater,Animalia,Nematoda,Chromadorea,Rhabditida,Cystidicolidae,Spinitectus
Nematodirus filicollis,Italy,41.87194,12.56738,1,terrestrial,Animalia,Nematoda,Chromadorea,Rhabditida,Molineidae,Nematodirus
Cystidicoloides tenuissima,Lake Ontario,43.6333482,-77.82706689999999,3,freshwater,Animalia,Nematoda,Chromadorea,Rhabditida,Cystidicolidae,Salmonema
Cystidicola farionis,Lake Ontario,43.6333482,-77.82706689999999,3,freshwater,Animalia,Nematoda,Chromadorea,Rhabditida,Cystidicolidae,Cystidicola
Camallanus oxycephalus,Lake Ontario,43.6333482,-77.82706689999999,3,freshwater,Animalia,Nematoda,Chromadorea,Rhabditida,Camallanidae,Camallanus
Raphidascaris acus,Lake Ontario,43.6333482,-77.82706689999999,3,freshwater,Animalia,Nematoda,Chromadorea,Rhabditida,Raphidascarididae,Raphidascaris
Metastrongylus salmi,Azerbaidzan,40.143105,47.576927,2,terrestrial,Animalia,Nematoda,Chromadorea,Rhabditida,Metastrongylidae,Metastrongylus
Metastrongylus pudendotectus,Azerbaidzan,40.143105,47.576927,2,terrestrial,Animalia,Nematoda,Chromadorea,Rhabditida,Metastrongylidae,Metastrongylus
Trichostrongylus axei,Azerbaidzan,40.143105,47.576927,1,terrestrial,Animalia,Nematoda,Chromadorea,Rhabditida,Trichostrongylidae,Trichostrongylus
Physocephalus sexalatus,Azerbaidzan,40.143105,47.576927,3,terrestrial,Animalia,Nematoda,Chromadorea,Rhabditida,Spirocercidae,Physocephalus
Ascaris suum,Azerbaidzan,40.143105,47.576927,1,terrestrial,Animalia,Nematoda,Chromadorea,Rhabditida,Ascarididae,Ascaris
Oesophagostomum dentatum,Azerbaidzan,40.143105,47.576927,1,terrestrial,Animalia,Nematoda,Chromadorea,Rhabditida,Strongylidae,Oesophagostomum
Gongylonema pulchrum,Azerbaidzan,40.143105,47.576927,2,terrestrial,Animalia,Nematoda,Chromadorea,Rhabditida,Gongylonematidae,Gongylonema
Gongylonema neoplasticum,European USSR (CIS),54.5259614,15.2551187,2,terrestrial,Animalia,Nematoda,Chromadorea,Rhabditida,Gongylonematidae,Gongylonema
Gongylonema pulchrum,European USSR (CIS),54.5259614,15.2551187,2,terrestrial,Animalia,Nematoda,Chromadorea,Rhabditida,Gongylonematidae,Gongylonema
Rictularia cristata,European USSR (CIS),54.5259614,15.2551187,2,terrestrial,Animalia,Nematoda,Chromadorea,Rhabditida,Rictulariidae,Rictularia
Physocephalus sexalatus,European USSR (CIS),54.5259614,15.2551187,3,terrestrial,Animalia,Nematoda,Chromadorea,Rhabditida,Spirocercidae,Physocephalus
Spirocerca lupi,European USSR (CIS),54.5259614,15.2551187,3,terrestrial,Animalia,Nematoda,Chromadorea,Rhabditida,Spirocercidae,Spirocerca
Mastophorus muris,European USSR (CIS),54.5259614,15.2551187,2,terrestrial,Animalia,Nematoda,Chromadorea,Rhabditida,Spirocercidae,Mastophorus
Spirura talpae,European USSR (CIS),54.5259614,15.2551187,2,terrestrial,Animalia,Nematoda,Chromadorea,Rhabditida,Spiruridae,Spirura
Spirura rytipleurites,European USSR (CIS),54.5259614,15.2551187,2,terrestrial,Animalia,Nematoda,Chromadorea,Rhabditida,Spiruridae,Spirura
Streptopharagus kutassi,European USSR (CIS),54.5259614,15.2551187,2,terrestrial,Animalia,Nematoda,Chromadorea,Rhabditida,Spirocercidae,Streptopharagus
Oesophagostomum radiatum,Iran,32.427908,53.688046,1,terrestrial,Animalia,Nematoda,Chromadorea,Rhabditida,Strongylidae,Oesophagostomum
Ostertagia ostertagi,Spain + Andalusia,37.5442706,-4.7277528,1,terrestrial,Animalia,Nematoda,Chromadorea,Rhabditida,Trichostrongylidae,Ostertagia
Trichostrongylus axei,Spain + Andalusia,37.5442706,-4.7277528,1,terrestrial,Animalia,Nematoda,Chromadorea,Rhabditida,Trichostrongylidae,Trichostrongylus
Trichostrongylus vitrinus,Spain + Andalusia,37.5442706,-4.7277528,1,terrestrial,Animalia,Nematoda,Chromadorea,Rhabditida,Trichostrongylidae,Trichostrongylus
Trichostrongylus colubriformis,Spain + Andalusia,37.5442706,-4.7277528,1,terrestrial,Animalia,Nematoda,Chromadorea,Rhabditida,Trichostrongylidae,Trichostrongylus
Haemonchus contortus,Spain + Andalusia,37.5442706,-4.7277528,1,terrestrial,Animalia,Nematoda,Chromadorea,Rhabditida,Trichostrongylidae,Haemonchus
Nematodirus battus,Spain + Andalusia,37.5442706,-4.7277528,1,terrestrial,Animalia,Nematoda,Chromadorea,Rhabditida,Molineidae,Nematodirus
Nematodirus filicollis,Spain + Andalusia,37.5442706,-4.7277528,1,terrestrial,Animalia,Nematoda,Chromadorea,Rhabditida,Molineidae,Nematodirus
Nematodirus spathiger,Spain + Andalusia,37.5442706,-4.7277528,1,terrestrial,Animalia,Nematoda,Chromadorea,Rhabditida,Molineidae,Nematodirus
Nematodirus helvetianus,Spain + Andalusia,37.5442706,-4.7277528,1,terrestrial,Animalia,Nematoda,Chromadorea,Rhabditida,Molineidae,Nematodirus
Cooperia oncophora,Spain + Andalusia,37.5442706,-4.7277528,1,terrestrial,Animalia,Nematoda,Chromadorea,Rhabditida,Trichostrongylidae,Cooperia
Oesophagostomum venulosum,Spain + Andalusia,37.5442706,-4.7277528,1,terrestrial,Animalia,Nematoda,Chromadorea,Rhabditida,Strongylidae,Oesophagostomum
Trichuris ovis,Spain + Andalusia,37.5442706,-4.7277528,1,terrestrial,Animalia,Nematoda,Enoplea,Trichinellida,Trichinellidae,Trichocephalus
Amidostomum acutum,Italy,41.87194,12.56738,1,freshwater,Animalia,Nematoda,Chromadorea,Rhabditida,Amidostomidae,Amidostomum
Amidostomum anseris,Italy,41.87194,12.56738,1,freshwater,Animalia,Nematoda,Chromadorea,Rhabditida,Amidostomidae,Amidostomum
Amidostomum fulicae,Italy,41.87194,12.56738,1,freshwater,Animalia,Nematoda,Chromadorea,Rhabditida,Amidostomidae,Amidostomum
Capillaria anatis,Italy,41.87194,12.56738,2,terrestrial,Animalia,Nematoda,Enoplea,Trichinellida,Capillariidae,Capillaria
Rhabdochona canadensis,Lake Ontario,43.6333482,-77.82706689999999,2,freshwater,Animalia,Nematoda,Chromadorea,Rhabditida,Rhabdochonidae,Rhabdochona
Philometroides nodulosa,Lake Ontario,43.6333482,-77.82706689999999,2,freshwater,Animalia,Nematoda,Chromadorea,Rhabditida,Philometridae,Philometroides
Eustrongylides tubifex,Lake Ontario,43.6333482,-77.82706689999999,3,freshwater,Animalia,Nematoda,Enoplea,Dioctophymatida,Dioctophymatidae,Eustrongylides
Spinitectus carolini,Lake Ontario,43.6333482,-77.82706689999999,3,freshwater,Animalia,Nematoda,Chromadorea,Rhabditida,Cystidicolidae,Spinitectus
Philometra cylindracea,Lake Ontario,43.6333482,-77.82706689999999,2,freshwater,Animalia,Nematoda,Chromadorea,Rhabditida,Philometridae,Philometra
Gongylonema pulchrum,Turkmenistan,38.969719,59.556278,2,terrestrial,Animalia,Nematoda,Chromadorea,Rhabditida,Gongylonematidae,Gongylonema
Skrjabinema ovis,Turkmenistan,38.969719,59.556278,1,terrestrial,Animalia,Nematoda,Chromadorea,Rhabditida,Oxyuridae,Skrjabinema
Chabertia ovina,Turkmenistan,38.969719,59.556278,1,terrestrial,Animalia,Nematoda,Chromadorea,Rhabditida,Strongylidae,Chabertia
Trichostrongylus colubriformis,Turkmenistan,38.969719,59.556278,1,terrestrial,Animalia,Nematoda,Chromadorea,Rhabditida,Trichostrongylidae,Trichostrongylus
Trichostrongylus vitrinus,Turkmenistan,38.969719,59.556278,1,terrestrial,Animalia,Nematoda,Chromadorea,Rhabditida,Trichostrongylidae,Trichostrongylus
Nematodirus spathiger,Turkmenistan,38.969719,59.556278,1,terrestrial,Animalia,Nematoda,Chromadorea,Rhabditida,Molineidae,Nematodirus
Raphidascaris acus,Finno-Karelian ASSR,63.15587019999999,32.9905552,3,freshwater,Animalia,Nematoda,Chromadorea,Rhabditida,Raphidascarididae,Raphidascaris
Cystidicoloides tenuissima,Finno-Karelian ASSR,63.15587019999999,32.9905552,3,freshwater,Animalia,Nematoda,Chromadorea,Rhabditida,Cystidicolidae,Salmonema
Cystidicola farionis,Finno-Karelian ASSR,63.15587019999999,32.9905552,3,freshwater,Animalia,Nematoda,Chromadorea,Rhabditida,Cystidicolidae,Cystidicola
Camallanus truncatus,Finno-Karelian ASSR,63.15587019999999,32.9905552,2,freshwater,Animalia,Nematoda,Chromadorea,Rhabditida,Camallanidae,Camallanus
Trichostrongylus axei,Uzbekistan,41.377491,64.585262,1,terrestrial,Animalia,Nematoda,Chromadorea,Rhabditida,Trichostrongylidae,Trichostrongylus
Ostertagia ostertagi,Uzbekistan,41.377491,64.585262,1,terrestrial,Animalia,Nematoda,Chromadorea,Rhabditida,Trichostrongylidae,Ostertagia
Protostrongylus hobmaieri,Uzbekistan,41.377491,64.585262,2,terrestrial,Animalia,Nematoda,Chromadorea,Rhabditida,Metastrongylidae,Protostrongylus
Protostrongylus davtiani,Uzbekistan,41.377491,64.585262,2,terrestrial,Animalia,Nematoda,Chromadorea,Rhabditida,Metastrongylidae,Protostrongylus
Protostrongylus skrjabini,Uzbekistan,41.377491,64.585262,2,terrestrial,Animalia,Nematoda,Chromadorea,Rhabditida,Metastrongylidae,Protostrongylus
Trichuris suis,Uzbekistan,41.377491,64.585262,1,terrestrial,Animalia,Nematoda,Enoplea,Trichinellida,Trichuridae,Trichuris
Oesophagostomum dentatum,Uzbekistan,41.377491,64.585262,1,terrestrial,Animalia,Nematoda,Chromadorea,Rhabditida,Strongylidae,Oesophagostomum
Ascaris suum,Uzbekistan,41.377491,64.585262,1,terrestrial,Animalia,Nematoda,Chromadorea,Rhabditida,Ascarididae,Ascaris
Ascarops strongylina,Uzbekistan,41.377491,64.585262,3,terrestrial,Animalia,Nematoda,Chromadorea,Rhabditida,Spirocercidae,Ascarops
Strongylus equinus,Uzbekistan,41.377491,64.585262,1,terrestrial,Animalia,Nematoda,Chromadorea,Rhabditida,Strongylidae,Strongylus
Triodontophorus tenuicollis,Uzbekistan,41.377491,64.585262,1,terrestrial,Animalia,Nematoda,Chromadorea,Rhabditida,Strongylidae,Triodontophorus
Cylicocyclus nassatus,Uzbekistan,41.377491,64.585262,1,terrestrial,Animalia,Nematoda,Chromadorea,Rhabditida,Strongylidae,Cylicocyclus
Dictyocaulus arnfieldi,Uzbekistan,41.377491,64.585262,1,terrestrial,Animalia,Nematoda,Chromadorea,Rhabditida,Metastrongylidae,Dictyocaulus
Oxyuris equi,Uzbekistan,41.377491,64.585262,1,terrestrial,Animalia,Nematoda,Chromadorea,Rhabditida,Oxyuridae,Oxyuris
Parascaris equorum,Uzbekistan,41.377491,64.585262,1,terrestrial,Animalia,Nematoda,Chromadorea,Rhabditida,Ascarididae,Parascaris
Cystidicoloides tenuissima,European USSR (CIS),54.5259614,15.2551187,3,freshwater,Animalia,Nematoda,Chromadorea,Rhabditida,Cystidicolidae,Salmonema
Camallanus lacustris,European USSR (CIS),54.5259614,15.2551187,4,freshwater,Animalia,Nematoda,Chromadorea,Rhabditida,Camallanidae,Camallanus
Mastophorus muris,Uzbekistan,41.377491,64.585262,2,terrestrial,Animalia,Nematoda,Chromadorea,Rhabditida,Spirocercidae,Mastophorus
Spirocerca lupi,Uzbekistan,41.377491,64.585262,3,terrestrial,Animalia,Nematoda,Chromadorea,Rhabditida,Spirocercidae,Spirocerca
Microtetrameres corax,Uzbekistan,41.377491,64.585262,2,terrestrial,Animalia,Nematoda,Chromadorea,Rhabditida,Tetrameridae,Microtetrameres
Philometra obturans,Finno-Karelian ASSR,63.15587019999999,32.9905552,3,freshwater,Animalia,Nematoda,Chromadorea,Rhabditida,Philometridae,Philometra
Rhabdochona denudata,Finno-Karelian ASSR,63.15587019999999,32.9905552,2,freshwater,Animalia,Nematoda,Chromadorea,Rhabditida,Rhabdochonidae,Rhabdochona
Philometra ovata,Finno-Karelian ASSR,63.15587019999999,32.9905552,2,freshwater,Animalia,Nematoda,Chromadorea,Rhabditida,Philometridae,Philometra
Ascaris lumbricoides,Iran,32.427908,53.688046,1,terrestrial,Animalia,Nematoda,Chromadorea,Rhabditida,Ascarididae,Ascaris
Trichuris trichiura,Iran,32.427908,53.688046,1,terrestrial,Animalia,Nematoda,Enoplea,Trichinellida,Trichuridae,Trichuris
Comephoronema oschmarini,Finno-Karelian ASSR,63.15587019999999,32.9905552,2,freshwater,Animalia,Nematoda,Chromadorea,Rhabditida,Cystidicolidae,Comephoronema
Porrocaecum ensicaudatum,Canada,56.130366,-106.346771,2,terrestrial,Animalia,Nematoda,Chromadorea,Rhabditida,Ascarididae,Porrocaecum
Metastrongylus pudendotectus,Italy,41.87194,12.56738,2,terrestrial,Animalia,Nematoda,Chromadorea,Rhabditida,Metastrongylidae,Metastrongylus
Metastrongylus salmi,Italy,41.87194,12.56738,2,terrestrial,Animalia,Nematoda,Chromadorea,Rhabditida,Metastrongylidae,Metastrongylus
Metastrongylus apri,Italy,41.87194,12.56738,2,terrestrial,Animalia,Nematoda,Chromadorea,Rhabditida,Metastrongylidae,Metastrongylus
Physocephalus sexalatus,Italy,41.87194,12.56738,3,terrestrial,Animalia,Nematoda,Chromadorea,Rhabditida,Spirocercidae,Physocephalus
Trichuris suis,Italy,41.87194,12.56738,1,terrestrial,Animalia,Nematoda,Enoplea,Trichinellida,Trichuridae,Trichuris
Pseudoterranova decipiens,Southwest Atlantic,-14.5994134,-28.6731465,4,marine,Animalia,Nematoda,Chromadorea,Rhabditida,Anisakidae,Pseudoterranova
Contracaecum rudolphii,Italy,41.87194,12.56738,3,freshwater,Animalia,Nematoda,Chromadorea,Rhabditida,Anisakidae,Contracaecum
Trichostrongylus axei,Italy,41.87194,12.56738,1,terrestrial,Animalia,Nematoda,Chromadorea,Rhabditida,Trichostrongylidae,Trichostrongylus
Oesophagostomum venulosum,Italy,41.87194,12.56738,1,terrestrial,Animalia,Nematoda,Chromadorea,Rhabditida,Strongylidae,Oesophagostomum
Ostertagia ostertagi,Italy,41.87194,12.56738,1,terrestrial,Animalia,Nematoda,Chromadorea,Rhabditida,Trichostrongylidae,Ostertagia
Oesophagostomum radiatum,Italy,41.87194,12.56738,1,terrestrial,Animalia,Nematoda,Chromadorea,Rhabditida,Strongylidae,Oesophagostomum
Trichuris ovis,Italy,41.87194,12.56738,1,terrestrial,Animalia,Nematoda,Enoplea,Trichinellida,Trichinellidae,Trichocephalus
Haemonchus contortus,Italy,41.87194,12.56738,1,terrestrial,Animalia,Nematoda,Chromadorea,Rhabditida,Trichostrongylidae,Haemonchus
Filaroides hirthi,Italy,41.87194,12.56738,1,terrestrial,Animalia,Nematoda,Chromadorea,Rhabditida,Filaroididae,Filaroides
Dictyocaulus eckerti,Italy,41.87194,12.56738,1,terrestrial,Animalia,Nematoda,Chromadorea,Rhabditida,Metastrongylidae,Dictyocaulus
Ascaridia compar,Kazakstan,48.019573,66.923684,1,terrestrial,Animalia,Nematoda,Chromadorea,Rhabditida,Ascaridiidae,Ascaridia
Baylisascaris laevis,Uzbekistan,41.377491,64.585262,1,terrestrial,Animalia,Nematoda,Chromadorea,Rhabditida,Ascarididae,Baylisascaris
Trichuris vulpis,Iran,32.427908,53.688046,1,terrestrial,Animalia,Nematoda,Enoplea,Trichinellida,Trichuridae,Trichuris
Porrocaecum ensicaudatum,Belgium + Luxembourg,50.0546886,5.467698299999999,2,terrestrial,Animalia,Nematoda,Chromadorea,Rhabditida,Ascarididae,Porrocaecum
Ascaris lumbricoides,East Germany (!! USE Germany),51.165691,10.451526,1,terrestrial,Animalia,Nematoda,Chromadorea,Rhabditida,Ascarididae,Ascaris
Hassalstrongylus musculi,Mexico,23.634501,-102.552784,1,terrestrial,Animalia,Nematoda,Chromadorea,Rhabditida,Heligmosomidae,Hassalstrongylus
Aelurostrongylus abstrusus,Austria,47.516231,14.550072,3,terrestrial,Animalia,Nematoda,Chromadorea,Rhabditida,Metastrongylidae,Aelurostrongylus
Mastophorus muris,Mongolia,46.862496,103.846656,2,terrestrial,Animalia,Nematoda,Chromadorea,Rhabditida,Spirocercidae,Mastophorus
Ascaris lumbricoides,Uganda,1.373333,32.290275,1,terrestrial,Animalia,Nematoda,Chromadorea,Rhabditida,Ascarididae,Ascaris
Trichuris trichiura,Uganda,1.373333,32.290275,1,terrestrial,Animalia,Nematoda,Enoplea,Trichinellida,Trichuridae,Trichuris
Toxocara canis,Canary Islands,28.2915637,-16.6291304,2,terrestrial,Animalia,Nematoda,Chromadorea,Rhabditida,Ascarididae,Toxocara
Amidostomum acutum,Manitoba,53.7608608,-98.8138762,1,freshwater,Animalia,Nematoda,Chromadorea,Rhabditida,Amidostomidae,Amidostomum
Streptocara crassicauda,Manitoba,53.7608608,-98.8138762,3,freshwater,Animalia,Nematoda,Chromadorea,Rhabditida,Acuariidae,Streptocara
Amidostomum anseris,Azerbaidzan,40.143105,47.576927,1,freshwater,Animalia,Nematoda,Chromadorea,Rhabditida,Amidostomidae,Amidostomum
Amidostomum acutum,Azerbaidzan,40.143105,47.576927,1,freshwater,Animalia,Nematoda,Chromadorea,Rhabditida,Amidostomidae,Amidostomum
Contracaecum microcephalum,Azerbaidzan,40.143105,47.576927,3,freshwater,Animalia,Nematoda,Chromadorea,Rhabditida,Anisakidae,Contracaecum
Streptocara crassicauda,Azerbaidzan,40.143105,47.576927,3,freshwater,Animalia,Nematoda,Chromadorea,Rhabditida,Acuariidae,Streptocara
Echinuria uncinata,Azerbaidzan,40.143105,47.576927,2,freshwater,Animalia,Nematoda,Chromadorea,Rhabditida,Acuariidae,Echinuria
Avioserpens galliardi,Azerbaidzan,40.143105,47.576927,3,freshwater,Animalia,Nematoda,Chromadorea,Rhabditida,Dracunculidae,Avioserpens
Uncinaria stenocephala,"Ukraine, incl. Moldavia",48.379433,31.1655799,1,terrestrial,Animalia,Nematoda,Chromadorea,Rhabditida,Ancylostomatidae,Uncinaria
Cucullanus cirratus,North Sea,56.511018,3.515625,3,marine,Animalia,Nematoda,Chromadorea,Rhabditida,Cucullanidae,Cucullanus
Ascaridia compar,Armenia,40.069099,45.038189,1,terrestrial,Animalia,Nematoda,Chromadorea,Rhabditida,Ascaridiidae,Ascaridia
Amidostomum anseris,Armenia,40.069099,45.038189,1,freshwater,Animalia,Nematoda,Chromadorea,Rhabditida,Amidostomidae,Amidostomum
Hystrichis tricolor,Armenia,40.069099,45.038189,2,freshwater,Animalia,Nematoda,Enoplea,Dioctophymatida,Dioctophymatidae,Hystrichis
Angiostrongylus costaricensis,Costa Rica,9.748916999999999,-83.753428,2,terrestrial,Animalia,Nematoda,Chromadorea,Rhabditida,Metastrongylidae,Angiostrongylus
Teladorsagia circumcincta,South Australia,-30.0002315,136.2091547,1,terrestrial,Animalia,Nematoda,Chromadorea,Rhabditida,Trichostrongylidae,Ostertagia
Toxascaris leonina,Finno-Karelian ASSR,63.15587019999999,32.9905552,2,terrestrial,Animalia,Nematoda,Chromadorea,Rhabditida,Ascarididae,Toxascaris
Trichostrongylus vitrinus,Uzbekistan,41.377491,64.585262,1,terrestrial,Animalia,Nematoda,Chromadorea,Rhabditida,Trichostrongylidae,Trichostrongylus
Cooperia oncophora,Uzbekistan,41.377491,64.585262,1,terrestrial,Animalia,Nematoda,Chromadorea,Rhabditida,Trichostrongylidae,Cooperia
Baylisascaris devosi,District of Columbia/Delaware/New Jersey/Maryland,39.0457549,-76.64127119999999,2,terrestrial,Animalia,Nematoda,Chromadorea,Rhabditida,Ascarididae,Baylisascaris
Soboliphyme baturini,District of Columbia/Delaware/New Jersey/Maryland,39.0457549,-76.64127119999999,3,terrestrial,Animalia,Nematoda,Enoplea,Dioctophymatida,Soboliphymatidae,Soboliphyme
Dictyocaulus viviparus,Alberta,53.9332706,-116.5765035,1,terrestrial,Animalia,Nematoda,Chromadorea,Rhabditida,Metastrongylidae,Dictyocaulus
Ascaridia dissimilis,Arkansas,35.20105,-91.8318334,1,terrestrial,Animalia,Nematoda,Chromadorea,Rhabditida,Ascaridiidae,Ascaridia
Heterakis gallinarum,Arkansas,35.20105,-91.8318334,2,terrestrial,Animalia,Nematoda,Chromadorea,Rhabditida,Heterakidae,Heterakis
Oesophagostomum radiatum,Uzbekistan,41.377491,64.585262,1,terrestrial,Animalia,Nematoda,Chromadorea,Rhabditida,Strongylidae,Oesophagostomum
Gongylonema neoplasticum,Uzbekistan,41.377491,64.585262,2,terrestrial,Animalia,Nematoda,Chromadorea,Rhabditida,Gongylonematidae,Gongylonema
Toxocara canis,Uzbekistan,41.377491,64.585262,2,terrestrial,Animalia,Nematoda,Chromadorea,Rhabditida,Ascarididae,Toxocara
Uncinaria stenocephala,Uzbekistan,41.377491,64.585262,1,terrestrial,Animalia,Nematoda,Chromadorea,Rhabditida,Ancylostomatidae,Uncinaria
Microtetrameres helix,Uzbekistan,41.377491,64.585262,2,terrestrial,Animalia,Nematoda,Chromadorea,Rhabditida,Tetrameridae,Microtetrameres
Dispharynx nasuta,Uzbekistan,41.377491,64.585262,2,terrestrial,Animalia,Nematoda,Chromadorea,Rhabditida,Acuariidae,Dispharynx
Eucoleus annulatus,European USSR (CIS),54.5259614,15.2551187,2,terrestrial,Animalia,Nematoda,Enoplea,Trichinellida,Capillariidae,Capillaria
Eucoleus annulatus,Cuba,21.521757,-77.781167,2,terrestrial,Animalia,Nematoda,Enoplea,Trichinellida,Capillariidae,Capillaria
Toxocara canis,Libya,26.3351,17.228331,2,terrestrial,Animalia,Nematoda,Chromadorea,Rhabditida,Ascarididae,Toxocara
Toxocara canis,Morocco,31.791702,-7.092619999999999,2,terrestrial,Animalia,Nematoda,Chromadorea,Rhabditida,Ascarididae,Toxocara
Toxocara canis,Zaire,-6.2649292,14.2343282,2,terrestrial,Animalia,Nematoda,Chromadorea,Rhabditida,Ascarididae,Toxocara
Toxocara canis,Iran,32.427908,53.688046,2,terrestrial,Animalia,Nematoda,Chromadorea,Rhabditida,Ascarididae,Toxocara
Toxocara canis,Louisiana,30.9842977,-91.96233269999999,2,terrestrial,Animalia,Nematoda,Chromadorea,Rhabditida,Ascarididae,Toxocara
Toxocara canis,District of Columbia/Delaware/New Jersey/Maryland,39.0457549,-76.64127119999999,2,terrestrial,Animalia,Nematoda,Chromadorea,Rhabditida,Ascarididae,Toxocara
Toxocara canis,Italy,41.87194,12.56738,2,terrestrial,Animalia,Nematoda,Chromadorea,Rhabditida,Ascarididae,Toxocara
Toxascaris leonina,Morocco,31.791702,-7.092619999999999,2,terrestrial,Animalia,Nematoda,Chromadorea,Rhabditida,Ascarididae,Toxascaris
Toxascaris leonina,Zaire,-6.2649292,14.2343282,2,terrestrial,Animalia,Nematoda,Chromadorea,Rhabditida,Ascarididae,Toxascaris
Toxascaris leonina,Iran,32.427908,53.688046,2,terrestrial,Animalia,Nematoda,Chromadorea,Rhabditida,Ascarididae,Toxascaris
Toxocara canis,Niger,17.607789,8.081666,2,terrestrial,Animalia,Nematoda,Chromadorea,Rhabditida,Ascarididae,Toxocara
Toxascaris leonina,Niger,17.607789,8.081666,2,terrestrial,Animalia,Nematoda,Chromadorea,Rhabditida,Ascarididae,Toxascaris
Toxascaris leonina,Indiana,40.2671941,-86.1349019,2,terrestrial,Animalia,Nematoda,Chromadorea,Rhabditida,Ascarididae,Toxascaris
Toxascaris leonina,District of Columbia/Delaware/New Jersey/Maryland,39.0457549,-76.64127119999999,2,terrestrial,Animalia,Nematoda,Chromadorea,Rhabditida,Ascarididae,Toxascaris
Toxascaris leonina,Scotland,56.49067119999999,-4.2026458,2,terrestrial,Animalia,Nematoda,Chromadorea,Rhabditida,Ascarididae,Toxascaris
Trichuris vulpis,Zaire,-6.2649292,14.2343282,1,terrestrial,Animalia,Nematoda,Enoplea,Trichinellida,Trichuridae,Trichuris
Trichuris vulpis,Niger,17.607789,8.081666,1,terrestrial,Animalia,Nematoda,Enoplea,Trichinellida,Trichuridae,Trichuris
Trichuris vulpis,Louisiana,30.9842977,-91.96233269999999,1,terrestrial,Animalia,Nematoda,Enoplea,Trichinellida,Trichuridae,Trichuris
Camallanus lacustris,France,46.227638,2.213749,4,freshwater,Animalia,Nematoda,Chromadorea,Rhabditida,Camallanidae,Camallanus
Philometra ovata,France,46.227638,2.213749,2,freshwater,Animalia,Nematoda,Chromadorea,Rhabditida,Philometridae,Philometra
Ascarops strongylina,Armenia,40.069099,45.038189,3,terrestrial,Animalia,Nematoda,Chromadorea,Rhabditida,Spirocercidae,Ascarops
Physocephalus sexalatus,Armenia,40.069099,45.038189,3,terrestrial,Animalia,Nematoda,Chromadorea,Rhabditida,Spirocercidae,Physocephalus
Spirura rytipleurites,Turkmenistan,38.969719,59.556278,2,terrestrial,Animalia,Nematoda,Chromadorea,Rhabditida,Spiruridae,Spirura
Mastophorus muris,Turkmenistan,38.969719,59.556278,2,terrestrial,Animalia,Nematoda,Chromadorea,Rhabditida,Spirocercidae,Mastophorus
Protospirura muricola,Turkmenistan,38.969719,59.556278,2,terrestrial,Animalia,Nematoda,Chromadorea,Rhabditida,Spiruridae,Protospirura
Microtetrameres corax,Turkmenistan,38.969719,59.556278,2,terrestrial,Animalia,Nematoda,Chromadorea,Rhabditida,Tetrameridae,Microtetrameres
Physaloptera hispida,Turkmenistan,38.969719,59.556278,2,terrestrial,Animalia,Nematoda,Chromadorea,Rhabditida,Physalopteridae,Physaloptera
Physaloptera rara,Turkmenistan,38.969719,59.556278,3,terrestrial,Animalia,Nematoda,Chromadorea,Rhabditida,Physalopteridae,Physaloptera
Acuaria hamulosa,Turkmenistan,38.969719,59.556278,2,terrestrial,Animalia,Nematoda,Chromadorea,Rhabditida,Acuariidae,Acuaria
Gongylonema problematicum,Turkmenistan,38.969719,59.556278,2,terrestrial,Animalia,Nematoda,Chromadorea,Rhabditida,Gongylonematidae,Gongylonema
Soboliphyme baturini,Alaska,64.2008413,-149.4936733,3,terrestrial,Animalia,Nematoda,Enoplea,Dioctophymatida,Soboliphymatidae,Soboliphyme
Toxascaris leonina,Alaska,64.2008413,-149.4936733,2,terrestrial,Animalia,Nematoda,Chromadorea,Rhabditida,Ascarididae,Toxascaris
Physaloptera praeputialis,Alaska,64.2008413,-149.4936733,3,terrestrial,Animalia,Nematoda,Chromadorea,Rhabditida,Physalopteridae,Physaloptera
Crenosoma vulpis,Alaska,64.2008413,-149.4936733,2,terrestrial,Animalia,Nematoda,Chromadorea,Rhabditida,Metastrongylidae,Crenosoma
Uncinaria stenocephala,Alaska,64.2008413,-149.4936733,1,terrestrial,Animalia,Nematoda,Chromadorea,Rhabditida,Ancylostomatidae,Uncinaria
Passalurus ambiguus,Arizona,34.0489281,-111.0937311,1,terrestrial,Animalia,Nematoda,Chromadorea,Rhabditida,Oxyuridae,Passalurus
Trichostrongylus colubriformis,Armenia,40.069099,45.038189,1,terrestrial,Animalia,Nematoda,Chromadorea,Rhabditida,Trichostrongylidae,Trichostrongylus
Trichostrongylus skrjabini,Armenia,40.069099,45.038189,1,terrestrial,Animalia,Nematoda,Chromadorea,Rhabditida,Trichostrongylidae,Trichostrongylus
Blatticola blattae,New Zealand,-40.900557,174.885971,1,terrestrial,Animalia,Nematoda,Chromadorea,Rhabditida,Thelastomatidae,Blatticola
Pseudoterranova decipiens,Atlantic Ocean,-14.5994134,-28.6731465,4,marine,Animalia,Nematoda,Chromadorea,Rhabditida,Anisakidae,Pseudoterranova
Elaphostrongylus cervi,European USSR (CIS),54.5259614,15.2551187,2,terrestrial,Animalia,Nematoda,Chromadorea,Rhabditida,Metastrongylidae,Elaphostrongylus
Ascaris suum,Georgia (USSR),42.315407,43.35689199999999,1,terrestrial,Animalia,Nematoda,Chromadorea,Rhabditida,Ascarididae,Ascaris
Aplectana macintoshii,Uganda,1.373333,32.290275,1,terrestrial,Animalia,Nematoda,Chromadorea,Rhabditida,Cosmocercidae,Oxysomatium
Ascaridia galli,California,36.778261,-119.4179324,1,terrestrial,Animalia,Nematoda,Chromadorea,Rhabditida,Ascaridiidae,Ascaridia
Camallanus cotti,"England, Wales + Isle of Man",54.236107,-4.548056,2,freshwater,Animalia,Nematoda,Chromadorea,Rhabditida,Camallanidae,Camallanus
Ascaridia galli,Azerbaidzan,40.143105,47.576927,1,terrestrial,Animalia,Nematoda,Chromadorea,Rhabditida,Ascaridiidae,Ascaridia
Toxocara vitulorum,Sri Lanka,7.873053999999999,80.77179699999999,1,terrestrial,Animalia,Nematoda,Chromadorea,Rhabditida,Ascarididae,Toxocara
Protostrongylus hobmaieri,Azerbaidzan,40.143105,47.576927,2,terrestrial,Animalia,Nematoda,Chromadorea,Rhabditida,Metastrongylidae,Protostrongylus
Protostrongylus davtiani,Azerbaidzan,40.143105,47.576927,2,terrestrial,Animalia,Nematoda,Chromadorea,Rhabditida,Metastrongylidae,Protostrongylus
Cystocaulus ocreatus,Azerbaidzan,40.143105,47.576927,2,terrestrial,Animalia,Nematoda,Chromadorea,Rhabditida,Metastrongylidae,Cystocaulus
Strongylus equinus,European USSR (CIS),54.5259614,15.2551187,1,terrestrial,Animalia,Nematoda,Chromadorea,Rhabditida,Strongylidae,Strongylus
Triodontophorus tenuicollis,European USSR (CIS),54.5259614,15.2551187,1,terrestrial,Animalia,Nematoda,Chromadorea,Rhabditida,Strongylidae,Triodontophorus
Cylicocyclus nassatus,European USSR (CIS),54.5259614,15.2551187,1,terrestrial,Animalia,Nematoda,Chromadorea,Rhabditida,Strongylidae,Cylicocyclus
Trichostrongylus axei,European USSR (CIS),54.5259614,15.2551187,1,terrestrial,Animalia,Nematoda,Chromadorea,Rhabditida,Trichostrongylidae,Trichostrongylus
Dictyocaulus arnfieldi,European USSR (CIS),54.5259614,15.2551187,1,terrestrial,Animalia,Nematoda,Chromadorea,Rhabditida,Metastrongylidae,Dictyocaulus
Parascaris equorum,European USSR (CIS),54.5259614,15.2551187,1,terrestrial,Animalia,Nematoda,Chromadorea,Rhabditida,Ascarididae,Parascaris
Oxyuris equi,European USSR (CIS),54.5259614,15.2551187,1,terrestrial,Animalia,Nematoda,Chromadorea,Rhabditida,Oxyuridae,Oxyuris
Trichuris skrjabini,Mississippi,32.3546679,-89.3985283,1,terrestrial,Animalia,Nematoda,Enoplea,Trichinellida,Trichuridae,Trichuris
Cystocaulus ocreatus,Spain + Andalusia,37.5442706,-4.7277528,2,terrestrial,Animalia,Nematoda,Chromadorea,Rhabditida,Metastrongylidae,Cystocaulus
Baylisascaris transfuga,Italy,41.87194,12.56738,2,terrestrial,Animalia,Nematoda,Chromadorea,Rhabditida,Ascarididae,Baylisascaris
Skrjabingylus nasicola,Eire + N. Ireland,54.7877149,-6.4923145,3,terrestrial,Animalia,Nematoda,Chromadorea,Rhabditida,Metastrongylidae,Skrjabingylus
Cooperia oncophora,Tunisia,33.886917,9.537499,1,terrestrial,Animalia,Nematoda,Chromadorea,Rhabditida,Trichostrongylidae,Cooperia
Cooperia punctata,Tunisia,33.886917,9.537499,1,terrestrial,Animalia,Nematoda,Chromadorea,Rhabditida,Trichostrongylidae,Cooperia
Graphidium strigosum,Tunisia,33.886917,9.537499,1,terrestrial,Animalia,Nematoda,Chromadorea,Rhabditida,Trichostrongylidae,Graphidium
Haemonchus contortus,Tunisia,33.886917,9.537499,1,terrestrial,Animalia,Nematoda,Chromadorea,Rhabditida,Trichostrongylidae,Haemonchus
Nematodirus abnormalis,Tunisia,33.886917,9.537499,1,terrestrial,Animalia,Nematoda,Chromadorea,Rhabditida,Molineidae,Nematodirus
Nematodirus filicollis,Tunisia,33.886917,9.537499,1,terrestrial,Animalia,Nematoda,Chromadorea,Rhabditida,Molineidae,Nematodirus
Nematodirus helvetianus,Tunisia,33.886917,9.537499,1,terrestrial,Animalia,Nematoda,Chromadorea,Rhabditida,Molineidae,Nematodirus
Nematodirus spathiger,Tunisia,33.886917,9.537499,1,terrestrial,Animalia,Nematoda,Chromadorea,Rhabditida,Molineidae,Nematodirus
Nematodiroides zembrae,Tunisia,33.886917,9.537499,1,terrestrial,Animalia,Nematoda,Chromadorea,Rhabditida,Molineidae,Nematodiroides
Oxyuris equi,Tunisia,33.886917,9.537499,1,terrestrial,Animalia,Nematoda,Chromadorea,Rhabditida,Oxyuridae,Oxyuris
Enterobius vermicularis,Tunisia,33.886917,9.537499,1,terrestrial,Animalia,Nematoda,Chromadorea,Rhabditida,Oxyuridae,Enterobius
Passalurus ambiguus,Tunisia,33.886917,9.537499,1,terrestrial,Animalia,Nematoda,Chromadorea,Rhabditida,Oxyuridae,Passalurus
Aspiculuris tetraptera,Tunisia,33.886917,9.537499,1,terrestrial,Animalia,Nematoda,Chromadorea,Rhabditida,Heteroxynematidae,Aspiculuris
Maupasina weissi,Tunisia,33.886917,9.537499,2,terrestrial,Animalia,Nematoda,Chromadorea,Rhabditida,Maupasinidae,Maupasina
Ascaris lumbricoides,Tunisia,33.886917,9.537499,1,terrestrial,Animalia,Nematoda,Chromadorea,Rhabditida,Ascarididae,Ascaris
Ascaris suum,Tunisia,33.886917,9.537499,1,terrestrial,Animalia,Nematoda,Chromadorea,Rhabditida,Ascarididae,Ascaris
Parascaris equorum,Tunisia,33.886917,9.537499,1,terrestrial,Animalia,Nematoda,Chromadorea,Rhabditida,Ascarididae,Parascaris
Toxascaris leonina,Tunisia,33.886917,9.537499,2,terrestrial,Animalia,Nematoda,Chromadorea,Rhabditida,Ascarididae,Toxascaris
Toxocara canis,Tunisia,33.886917,9.537499,2,terrestrial,Animalia,Nematoda,Chromadorea,Rhabditida,Ascarididae,Toxocara
Spirura rytipleurites,Tunisia,33.886917,9.537499,2,terrestrial,Animalia,Nematoda,Chromadorea,Rhabditida,Spiruridae,Spirura
Porrocaecum ensicaudatum,Armenia,40.069099,45.038189,2,terrestrial,Animalia,Nematoda,Chromadorea,Rhabditida,Ascarididae,Porrocaecum
Acuaria anthuris,Armenia,40.069099,45.038189,2,terrestrial,Animalia,Nematoda,Chromadorea,Rhabditida,Acuariidae,Acuaria
Spirocerca lupi,Tunisia,33.886917,9.537499,3,terrestrial,Animalia,Nematoda,Chromadorea,Rhabditida,Spirocercidae,Spirocerca
Protospirura numidica,Tunisia,33.886917,9.537499,2,terrestrial,Animalia,Nematoda,Chromadorea,Rhabditida,Spiruridae,Protospirura
Gongylonema brevispiculum,Tunisia,33.886917,9.537499,2,terrestrial,Animalia,Nematoda,Chromadorea,Rhabditida,Gongylonematidae,Gongylonema
Gongylonema neoplasticum,Tunisia,33.886917,9.537499,2,terrestrial,Animalia,Nematoda,Chromadorea,Rhabditida,Gongylonematidae,Gongylonema
Gongylonema pulchrum,Tunisia,33.886917,9.537499,2,terrestrial,Animalia,Nematoda,Chromadorea,Rhabditida,Gongylonematidae,Gongylonema
Streptopharagus kutassi,Tunisia,33.886917,9.537499,2,terrestrial,Animalia,Nematoda,Chromadorea,Rhabditida,Spirocercidae,Streptopharagus
Physocephalus sexalatus,Tunisia,33.886917,9.537499,3,terrestrial,Animalia,Nematoda,Chromadorea,Rhabditida,Spirocercidae,Physocephalus
Rictularia proni,Tunisia,33.886917,9.537499,2,terrestrial,Animalia,Nematoda,Chromadorea,Rhabditida,Rictulariidae,Rictularia
Seuratum cadarachense,Tunisia,33.886917,9.537499,2,terrestrial,Animalia,Nematoda,Chromadorea,Rhabditida,Seuratidae,Seuratum
Trichuris trichiura,Mexico,23.634501,-102.552784,1,terrestrial,Animalia,Nematoda,Enoplea,Trichinellida,Trichuridae,Trichuris
Ascaris lumbricoides,Mexico,23.634501,-102.552784,1,terrestrial,Animalia,Nematoda,Chromadorea,Rhabditida,Ascarididae,Ascaris
Enterobius vermicularis,Mexico,23.634501,-102.552784,1,terrestrial,Animalia,Nematoda,Chromadorea,Rhabditida,Oxyuridae,Enterobius
Elaphostrongylus cervi,"England, Wales + Isle of Man",54.236107,-4.548056,2,terrestrial,Animalia,Nematoda,Chromadorea,Rhabditida,Metastrongylidae,Elaphostrongylus
Elaphostrongylus alces,Norway,60.47202399999999,8.468945999999999,2,terrestrial,Animalia,Nematoda,Chromadorea,Rhabditida,Metastrongylidae,Varestrongylus
Trichuris trichiura,Jamaica,18.109581,-77.297508,1,terrestrial,Animalia,Nematoda,Enoplea,Trichinellida,Trichuridae,Trichuris
Skrjabinema ovis,Kazakstan,48.019573,66.923684,1,terrestrial,Animalia,Nematoda,Chromadorea,Rhabditida,Oxyuridae,Skrjabinema
Nematodirus abnormalis,Kazakstan,48.019573,66.923684,1,terrestrial,Animalia,Nematoda,Chromadorea,Rhabditida,Molineidae,Nematodirus
Haemonchus contortus,Zaire,-6.2649292,14.2343282,1,terrestrial,Animalia,Nematoda,Chromadorea,Rhabditida,Trichostrongylidae,Haemonchus
Trichostrongylus axei,Zaire,-6.2649292,14.2343282,1,terrestrial,Animalia,Nematoda,Chromadorea,Rhabditida,Trichostrongylidae,Trichostrongylus
Trichostrongylus colubriformis,Zaire,-6.2649292,14.2343282,1,terrestrial,Animalia,Nematoda,Chromadorea,Rhabditida,Trichostrongylidae,Trichostrongylus
Cooperia pectinata,Zaire,-6.2649292,14.2343282,1,terrestrial,Animalia,Nematoda,Chromadorea,Rhabditida,Trichostrongylidae,Cooperia
Cooperia punctata,Zaire,-6.2649292,14.2343282,1,terrestrial,Animalia,Nematoda,Chromadorea,Rhabditida,Trichostrongylidae,Cooperia
Oesophagostomum columbianum,Zaire,-6.2649292,14.2343282,1,terrestrial,Animalia,Nematoda,Chromadorea,Rhabditida,Strongylidae,Oesophagostomum
Ascarops strongylina,Zaire,-6.2649292,14.2343282,3,terrestrial,Animalia,Nematoda,Chromadorea,Rhabditida,Spirocercidae,Ascarops
Physocephalus sexalatus,Zaire,-6.2649292,14.2343282,3,terrestrial,Animalia,Nematoda,Chromadorea,Rhabditida,Spirocercidae,Physocephalus
Hyostrongylus rubidus,Zaire,-6.2649292,14.2343282,1,terrestrial,Animalia,Nematoda,Chromadorea,Rhabditida,Trichostrongylidae,Hyostrongylus
Oesophagostomum dentatum,Zaire,-6.2649292,14.2343282,1,terrestrial,Animalia,Nematoda,Chromadorea,Rhabditida,Strongylidae,Oesophagostomum
Oesophagostomum quadrispinulatum,Zaire,-6.2649292,14.2343282,1,terrestrial,Animalia,Nematoda,Chromadorea,Rhabditida,Strongylidae,Oesophagostomum
Trichuris suis,Zaire,-6.2649292,14.2343282,1,terrestrial,Animalia,Nematoda,Enoplea,Trichinellida,Trichuridae,Trichuris
Ascaris suum,Zaire,-6.2649292,14.2343282,1,terrestrial,Animalia,Nematoda,Chromadorea,Rhabditida,Ascarididae,Ascaris
Metastrongylus salmi,Zaire,-6.2649292,14.2343282,2,terrestrial,Animalia,Nematoda,Chromadorea,Rhabditida,Metastrongylidae,Metastrongylus
Metastrongylus pudendotectus,Zaire,-6.2649292,14.2343282,2,terrestrial,Animalia,Nematoda,Chromadorea,Rhabditida,Metastrongylidae,Metastrongylus
Spirocerca lupi,Zaire,-6.2649292,14.2343282,3,terrestrial,Animalia,Nematoda,Chromadorea,Rhabditida,Spirocercidae,Spirocerca
Anguillicola crassus,Western Europe,46.2021848,1.2643875,3,freshwater,Animalia,Nematoda,Chromadorea,Rhabditida,Anguillicolidae,Anguillicola
Soboliphyme soricis,France,46.227638,2.213749,2,terrestrial,Animalia,Nematoda,Enoplea,Dioctophymatida,Soboliphymatidae,Soboliphyme
Porrocaecum ensicaudatum,France,46.227638,2.213749,2,terrestrial,Animalia,Nematoda,Chromadorea,Rhabditida,Ascarididae,Porrocaecum
Trichostrongylus vitrinus,France,46.227638,2.213749,1,terrestrial,Animalia,Nematoda,Chromadorea,Rhabditida,Trichostrongylidae,Trichostrongylus
Nematodirus filicollis,France,46.227638,2.213749,1,terrestrial,Animalia,Nematoda,Chromadorea,Rhabditida,Molineidae,Nematodirus
Streptocara crassicauda,Tadzhikistan,38.861034,71.276093,3,freshwater,Animalia,Nematoda,Chromadorea,Rhabditida,Acuariidae,Streptocara
Eustrongylides tubifex,Tadzhikistan,38.861034,71.276093,3,freshwater,Animalia,Nematoda,Enoplea,Dioctophymatida,Dioctophymatidae,Eustrongylides
Contracaecum microcephalum,Tadzhikistan,38.861034,71.276093,3,freshwater,Animalia,Nematoda,Chromadorea,Rhabditida,Anisakidae,Contracaecum
Contracaecum micropapillatum,Tadzhikistan,38.861034,71.276093,3,freshwater,Animalia,Nematoda,Chromadorea,Rhabditida,Anisakidae,Contracaecum
Contracaecum rudolphii,Tadzhikistan,38.861034,71.276093,3,freshwater,Animalia,Nematoda,Chromadorea,Rhabditida,Anisakidae,Contracaecum
Desportesius brevicaudatus,Tadzhikistan,38.861034,71.276093,4,freshwater,Animalia,Nematoda,Chromadorea,Rhabditida,Acuariidae,Desportesius
Avioserpens galliardi,Tadzhikistan,38.861034,71.276093,3,freshwater,Animalia,Nematoda,Chromadorea,Rhabditida,Dracunculidae,Avioserpens
Diplotriaena tricuspis,Tadzhikistan,38.861034,71.276093,2,terrestrial,Animalia,Nematoda,Chromadorea,Rhabditida,Diplotriaenidae,Diplotriaena
Amidostomum anseris,Tadzhikistan,38.861034,71.276093,1,freshwater,Animalia,Nematoda,Chromadorea,Rhabditida,Amidostomidae,Amidostomum
Heterakis gallinarum,Tadzhikistan,38.861034,71.276093,2,terrestrial,Animalia,Nematoda,Chromadorea,Rhabditida,Heterakidae,Heterakis
Trichostrongylus tenuis,Tadzhikistan,38.861034,71.276093,1,terrestrial,Animalia,Nematoda,Chromadorea,Rhabditida,Trichostrongylidae,Trichostrongylus
Amidostomum acutum,Tadzhikistan,38.861034,71.276093,1,freshwater,Animalia,Nematoda,Chromadorea,Rhabditida,Amidostomidae,Amidostomum
Epomidiostomum uncinatum,Tadzhikistan,38.861034,71.276093,1,freshwater,Animalia,Nematoda,Chromadorea,Rhabditida,Trichostrongylidae,Epomidiostomum
Eucoleus contortus,Tadzhikistan,38.861034,71.276093,2,terrestrial,Animalia,Nematoda,Enoplea,Trichinellida,Capillariidae,Capillaria
Hystrichis tricolor,Tadzhikistan,38.861034,71.276093,2,freshwater,Animalia,Nematoda,Enoplea,Dioctophymatida,Dioctophymatidae,Hystrichis
Ascaridia galli,Tadzhikistan,38.861034,71.276093,1,terrestrial,Animalia,Nematoda,Chromadorea,Rhabditida,Ascaridiidae,Ascaridia
Echinuria uncinata,Tadzhikistan,38.861034,71.276093,2,freshwater,Animalia,Nematoda,Chromadorea,Rhabditida,Acuariidae,Echinuria
Dictyocaulus viviparus,Germany,51.165691,10.451526,1,terrestrial,Animalia,Nematoda,Chromadorea,Rhabditida,Metastrongylidae,Dictyocaulus
Neostrongylus linearis,France,46.227638,2.213749,2,terrestrial,Animalia,Nematoda,Chromadorea,Rhabditida,Metastrongylidae,Neostrongylus
Porrocaecum crassum,Tadzhikistan,38.861034,71.276093,2,freshwater,Animalia,Nematoda,Chromadorea,Rhabditida,Ascarididae,Porrocaecum
Porrocaecum angusticolle,Tadzhikistan,38.861034,71.276093,3,terrestrial,Animalia,Nematoda,Chromadorea,Rhabditida,Ascarididae,Porrocaecum
Hadjelia truncata,Tadzhikistan,38.861034,71.276093,2,terrestrial,Animalia,Nematoda,Chromadorea,Rhabditida,Habronematidae,Hadjelia
Dispharynx nasuta,Tadzhikistan,38.861034,71.276093,2,terrestrial,Animalia,Nematoda,Chromadorea,Rhabditida,Acuariidae,Dispharynx
Serratospiculum tendo,Tadzhikistan,38.861034,71.276093,2,terrestrial,Animalia,Nematoda,Chromadorea,Rhabditida,Diplotriaenidae,Serratospiculum
Physocephalus sexalatus,Tadzhikistan,38.861034,71.276093,3,terrestrial,Animalia,Nematoda,Chromadorea,Rhabditida,Spirocercidae,Physocephalus
Spirocerca lupi,Tadzhikistan,38.861034,71.276093,3,terrestrial,Animalia,Nematoda,Chromadorea,Rhabditida,Spirocercidae,Spirocerca
Toxocara canis,Belgium + Luxembourg,50.0546886,5.467698299999999,2,terrestrial,Animalia,Nematoda,Chromadorea,Rhabditida,Ascarididae,Toxocara
Toxascaris leonina,Belgium + Luxembourg,50.0546886,5.467698299999999,2,terrestrial,Animalia,Nematoda,Chromadorea,Rhabditida,Ascarididae,Toxascaris
Uncinaria stenocephala,Belgium + Luxembourg,50.0546886,5.467698299999999,1,terrestrial,Animalia,Nematoda,Chromadorea,Rhabditida,Ancylostomatidae,Uncinaria
Trichuris vulpis,Belgium + Luxembourg,50.0546886,5.467698299999999,1,terrestrial,Animalia,Nematoda,Enoplea,Trichinellida,Trichuridae,Trichuris
Toxocara cati,Belgium + Luxembourg,50.0546886,5.467698299999999,2,terrestrial,Animalia,Nematoda,Chromadorea,Rhabditida,Ascarididae,Toxocara
Protostrongylus boughtoni,Alberta,53.9332706,-116.5765035,2,terrestrial,Animalia,Nematoda,Chromadorea,Rhabditida,Metastrongylidae,Protostrongylus
Skrjabinoclava morrisoni,District of Columbia/Delaware/New Jersey/Maryland,39.0457549,-76.64127119999999,2,marine,Animalia,Nematoda,Chromadorea,Rhabditida,Acuariidae,Skrjabinoclava
Skrjabinoclava inornatae,Alberta,53.9332706,-116.5765035,2,marine,Animalia,Nematoda,Chromadorea,Rhabditida,Acuariidae,Skrjabinoclava
Skrjabinoclava inornatae,Manitoba,53.7608608,-98.8138762,2,marine,Animalia,Nematoda,Chromadorea,Rhabditida,Acuariidae,Skrjabinoclava
Skrjabinoclava inornatae,California,36.778261,-119.4179324,2,marine,Animalia,Nematoda,Chromadorea,Rhabditida,Acuariidae,Skrjabinoclava
Skrjabinoclava inornatae,Florida,27.6648274,-81.5157535,2,marine,Animalia,Nematoda,Chromadorea,Rhabditida,Acuariidae,Skrjabinoclava
Skrjabinoclava inornatae,Peru,-9.189967,-75.015152,2,marine,Animalia,Nematoda,Chromadorea,Rhabditida,Acuariidae,Skrjabinoclava
Eucoleus annulatus,Tadzhikistan,38.861034,71.276093,2,terrestrial,Animalia,Nematoda,Enoplea,Trichinellida,Capillariidae,Capillaria
Acuaria hamulosa,Tadzhikistan,38.861034,71.276093,2,terrestrial,Animalia,Nematoda,Chromadorea,Rhabditida,Acuariidae,Acuaria
Cyrnea eurycerca,Tadzhikistan,38.861034,71.276093,2,terrestrial,Animalia,Nematoda,Chromadorea,Rhabditida,Habronematidae,Cyrnea
Acuaria gruveli,Tadzhikistan,38.861034,71.276093,2,terrestrial,Animalia,Nematoda,Chromadorea,Rhabditida,Acuariidae,Acuaria
Microtetrameres inermis,Tadzhikistan,38.861034,71.276093,2,terrestrial,Animalia,Nematoda,Chromadorea,Rhabditida,Tetrameridae,Microtetrameres
Amidostomum fulicae,Tadzhikistan,38.861034,71.276093,1,freshwater,Animalia,Nematoda,Chromadorea,Rhabditida,Amidostomidae,Amidostomum
Porrocaecum ensicaudatum,Tadzhikistan,38.861034,71.276093,2,terrestrial,Animalia,Nematoda,Chromadorea,Rhabditida,Ascarididae,Porrocaecum
Cosmocephalus obvelatus,Tadzhikistan,38.861034,71.276093,3,freshwater,Animalia,Nematoda,Chromadorea,Rhabditida,Acuariidae,Cosmocephalus
Pseudalius inflexus,Black Sea,43.41302899999999,34.299316,2,marine,Animalia,Nematoda,Chromadorea,Rhabditida,Pseudaliidae,Pseudalius
Echinuria uncinata,Iran,32.427908,53.688046,2,freshwater,Animalia,Nematoda,Chromadorea,Rhabditida,Acuariidae,Echinuria
Nematodirus helvetianus,Iran,32.427908,53.688046,1,terrestrial,Animalia,Nematoda,Chromadorea,Rhabditida,Molineidae,Nematodirus
Nematodirus abnormalis,Iran,32.427908,53.688046,1,terrestrial,Animalia,Nematoda,Chromadorea,Rhabditida,Molineidae,Nematodirus
Nematodirus spathiger,Iran,32.427908,53.688046,1,terrestrial,Animalia,Nematoda,Chromadorea,Rhabditida,Molineidae,Nematodirus
Ostertagia ostertagi,Iran,32.427908,53.688046,1,terrestrial,Animalia,Nematoda,Chromadorea,Rhabditida,Trichostrongylidae,Ostertagia
Haemonchus contortus,Iran,32.427908,53.688046,1,terrestrial,Animalia,Nematoda,Chromadorea,Rhabditida,Trichostrongylidae,Haemonchus
Haemonchus placei,Iran,32.427908,53.688046,1,terrestrial,Animalia,Nematoda,Chromadorea,Rhabditida,Trichostrongylidae,Haemonchus
Cooperia oncophora,Iran,32.427908,53.688046,1,terrestrial,Animalia,Nematoda,Chromadorea,Rhabditida,Trichostrongylidae,Cooperia
Oesophagostomum venulosum,Iran,32.427908,53.688046,1,terrestrial,Animalia,Nematoda,Chromadorea,Rhabditida,Strongylidae,Oesophagostomum
Chabertia ovina,Iran,32.427908,53.688046,1,terrestrial,Animalia,Nematoda,Chromadorea,Rhabditida,Strongylidae,Chabertia
Skrjabinema ovis,Iran,32.427908,53.688046,1,terrestrial,Animalia,Nematoda,Chromadorea,Rhabditida,Oxyuridae,Skrjabinema
Trichuris skrjabini,Iran,32.427908,53.688046,1,terrestrial,Animalia,Nematoda,Enoplea,Trichinellida,Trichuridae,Trichuris
Trichuris ovis,Iran,32.427908,53.688046,1,terrestrial,Animalia,Nematoda,Enoplea,Trichinellida,Trichinellidae,Trichocephalus
Gongylonema pulchrum,Iran,32.427908,53.688046,2,terrestrial,Animalia,Nematoda,Chromadorea,Rhabditida,Gongylonematidae,Gongylonema
Gongylonema pulchrum,"Ukraine, incl. Moldavia",48.379433,31.1655799,2,terrestrial,Animalia,Nematoda,Chromadorea,Rhabditida,Gongylonematidae,Gongylonema
Spirocerca lupi,"Ukraine, incl. Moldavia",48.379433,31.1655799,3,terrestrial,Animalia,Nematoda,Chromadorea,Rhabditida,Spirocercidae,Spirocerca
Sicarius dipterum,Tadzhikistan,38.861034,71.276093,2,terrestrial,Animalia,Nematoda,Chromadorea,Rhabditida,Habronematidae,Sicarius
Pseudoterranova decipiens,Japan,36.204824,138.252924,4,marine,Animalia,Nematoda,Chromadorea,Rhabditida,Anisakidae,Pseudoterranova
Goezia ascaroides,Northern Indian Ocean,-33.137551,81.826172,3,freshwater,Animalia,Nematoda,Chromadorea,Rhabditida,Raphidascarididae,Goezia
Trichosomoides crassicauda,Greece,39.074208,21.824312,1,terrestrial,Animalia,Nematoda,Enoplea,Trichinellida,Trichosomoididae,Trichosomoides
Dichelyne minutus,Black Sea,43.41302899999999,34.299316,2,marine,Animalia,Nematoda,Chromadorea,Rhabditida,Cucullanidae,Dichelyne
Acuaria anthuris,Tadzhikistan,38.861034,71.276093,2,terrestrial,Animalia,Nematoda,Chromadorea,Rhabditida,Acuariidae,Acuaria
Heligmosomoides polygyrus,Spain + Andalusia,37.5442706,-4.7277528,1,terrestrial,Animalia,Nematoda,Chromadorea,Rhabditida,Heligmosomidae,Heligmosomoides
Anisakis simplex,Sea of Japan,38.848848,135,4,marine,Animalia,Nematoda,Chromadorea,Rhabditida,Anisakidae,Anisakis
Pseudoterranova decipiens,Sea of Japan,38.848848,135,4,marine,Animalia,Nematoda,Chromadorea,Rhabditida,Anisakidae,Pseudoterranova
Microtetrameres helix,Tadzhikistan,38.861034,71.276093,2,terrestrial,Animalia,Nematoda,Chromadorea,Rhabditida,Tetrameridae,Microtetrameres
Dicheilonema rheae,Tadzhikistan,38.861034,71.276093,3,terrestrial,Animalia,Nematoda,Chromadorea,Rhabditida,Diplotriaenidae,Dicheilonema
Ascaris lumbricoides,Japan,36.204824,138.252924,1,terrestrial,Animalia,Nematoda,Chromadorea,Rhabditida,Ascarididae,Ascaris
Echinocephalus uncinatus,Arabian Sea,12.2501506,64.33717,2,marine,Animalia,Nematoda,Chromadorea,Rhabditida,Gnathostomatidae,Echinocephalus
Proleptus obtusus,Northern Indian Ocean,-33.137551,81.826172,2,marine,Animalia,Nematoda,Chromadorea,Rhabditida,Physalopteridae,Proleptus
Aonchotheca erinacei,Balearic Islands,39.3587759,2.7356328,2,terrestrial,Animalia,Nematoda,Enoplea,Trichinellida,Capillariidae,Aonchotheca
Crenosoma striatum,Balearic Islands,39.3587759,2.7356328,2,terrestrial,Animalia,Nematoda,Chromadorea,Rhabditida,Metastrongylidae,Crenosoma
Gongylonema mucronatum,Balearic Islands,39.3587759,2.7356328,2,terrestrial,Animalia,Nematoda,Chromadorea,Rhabditida,Gongylonematidae,Gongylonema
Pseudoterranova decipiens,Germany,51.165691,10.451526,4,marine,Animalia,Nematoda,Chromadorea,Rhabditida,Anisakidae,Pseudoterranova
Anguillicola crassus,Germany,51.165691,10.451526,3,freshwater,Animalia,Nematoda,Chromadorea,Rhabditida,Anguillicolidae,Anguillicola
Seuratum cadarachense,Balearic Islands,39.3587759,2.7356328,2,terrestrial,Animalia,Nematoda,Chromadorea,Rhabditida,Seuratidae,Seuratum
Spirura rytipleurites,Balearic Islands,39.3587759,2.7356328,2,terrestrial,Animalia,Nematoda,Chromadorea,Rhabditida,Spiruridae,Spirura
Trichuris muris,Spain + Andalusia,37.5442706,-4.7277528,1,terrestrial,Animalia,Nematoda,Enoplea,Trichinellida,Trichuridae,Trichuris
Rictularia proni,Spain + Andalusia,37.5442706,-4.7277528,2,terrestrial,Animalia,Nematoda,Chromadorea,Rhabditida,Rictulariidae,Rictularia
Aspiculuris tetraptera,Spain + Andalusia,37.5442706,-4.7277528,1,terrestrial,Animalia,Nematoda,Chromadorea,Rhabditida,Heteroxynematidae,Aspiculuris
Anisakis simplex,Adriatic Sea,41.85509039999999,17.2902839,4,marine,Animalia,Nematoda,Chromadorea,Rhabditida,Anisakidae,Anisakis
Anisakis physeteris,Adriatic Sea,41.85509039999999,17.2902839,4,marine,Animalia,Nematoda,Chromadorea,Rhabditida,Anisakidae,Skrjabinisakis
Proleptus obtusus,Adriatic Sea,41.85509039999999,17.2902839,2,marine,Animalia,Nematoda,Chromadorea,Rhabditida,Physalopteridae,Proleptus
Anisakis typica,Mediterranean,34.5531284,18.0480105,4,marine,Animalia,Nematoda,Chromadorea,Rhabditida,Anisakidae,Anisakis
Anisakis typica,Northeast Atlantic,39.370134,-77.40677199999999,4,marine,Animalia,Nematoda,Chromadorea,Rhabditida,Anisakidae,Anisakis
Anisakis physeteris,Northeast Atlantic,39.370134,-77.40677199999999,4,marine,Animalia,Nematoda,Chromadorea,Rhabditida,Anisakidae,Skrjabinisakis
Pseudalius inflexus,Northeast Atlantic,39.370134,-77.40677199999999,2,marine,Animalia,Nematoda,Chromadorea,Rhabditida,Pseudaliidae,Pseudalius
Philonema agubernaculum,Canada,56.130366,-106.346771,2,freshwater,Animalia,Nematoda,Chromadorea,Rhabditida,Philonematidae,Philonema
Sterliadochona ephemeridarum,Canada,56.130366,-106.346771,2,freshwater,Animalia,Nematoda,Chromadorea,Rhabditida,Cystidicolidae,Salmonema
Cystidicola farionis,Canada,56.130366,-106.346771,3,freshwater,Animalia,Nematoda,Chromadorea,Rhabditida,Cystidicolidae,Cystidicola
Philometra cylindracea,Canada,56.130366,-106.346771,2,freshwater,Animalia,Nematoda,Chromadorea,Rhabditida,Philometridae,Philometra
Philonema oncorhynchi,Canada,56.130366,-106.346771,2,freshwater,Animalia,Nematoda,Chromadorea,Rhabditida,Philonematidae,Philonema
Raphidascaris acus,Canada,56.130366,-106.346771,3,freshwater,Animalia,Nematoda,Chromadorea,Rhabditida,Raphidascarididae,Raphidascaris
Truttaedacnitis truttae,Canada,56.130366,-106.346771,2,freshwater,Animalia,Nematoda,Chromadorea,Rhabditida,Cucullanidae,Cucullanus
Cheilospirura spinosa,Florida,27.6648274,-81.5157535,2,terrestrial,Animalia,Nematoda,Chromadorea,Rhabditida,Acuariidae,Cheilospirura
Dispharynx nasuta,Florida,27.6648274,-81.5157535,2,terrestrial,Animalia,Nematoda,Chromadorea,Rhabditida,Acuariidae,Dispharynx
Tetrameres pattersoni,Florida,27.6648274,-81.5157535,2,terrestrial,Animalia,Nematoda,Chromadorea,Rhabditida,Tetrameridae,Tetrameres
Trichostrongylus tenuis,Florida,27.6648274,-81.5157535,1,terrestrial,Animalia,Nematoda,Chromadorea,Rhabditida,Trichostrongylidae,Trichostrongylus
Gongylonema ingluvicola,Florida,27.6648274,-81.5157535,2,terrestrial,Animalia,Nematoda,Chromadorea,Rhabditida,Gongylonematidae,Gongylonema
Heterakis gallinarum,Florida,27.6648274,-81.5157535,2,terrestrial,Animalia,Nematoda,Chromadorea,Rhabditida,Heterakidae,Heterakis
Cyrnea colini,Florida,27.6648274,-81.5157535,2,terrestrial,Animalia,Nematoda,Chromadorea,Rhabditida,Habronematidae,Cyrnea
Parelaphostrongylus tenuis,Arkansas,35.20105,-91.8318334,2,terrestrial,Animalia,Nematoda,Chromadorea,Rhabditida,Metastrongylidae,Parelaphostrongylus
Parelaphostrongylus tenuis,Florida,27.6648274,-81.5157535,2,terrestrial,Animalia,Nematoda,Chromadorea,Rhabditida,Metastrongylidae,Parelaphostrongylus
Parelaphostrongylus tenuis,Louisiana,30.9842977,-91.96233269999999,2,terrestrial,Animalia,Nematoda,Chromadorea,Rhabditida,Metastrongylidae,Parelaphostrongylus
Parelaphostrongylus tenuis,District of Columbia/Delaware/New Jersey/Maryland,39.0457549,-76.64127119999999,2,terrestrial,Animalia,Nematoda,Chromadorea,Rhabditida,Metastrongylidae,Parelaphostrongylus
Parelaphostrongylus tenuis,Mississippi,32.3546679,-89.3985283,2,terrestrial,Animalia,Nematoda,Chromadorea,Rhabditida,Metastrongylidae,Parelaphostrongylus
Parelaphostrongylus tenuis,North Carolina,35.7595731,-79.01929969999999,2,terrestrial,Animalia,Nematoda,Chromadorea,Rhabditida,Metastrongylidae,Parelaphostrongylus
Parelaphostrongylus tenuis,Tennessee,35.5174913,-86.5804473,2,terrestrial,Animalia,Nematoda,Chromadorea,Rhabditida,Metastrongylidae,Parelaphostrongylus
Parelaphostrongylus tenuis,West Virginia,38.5976262,-80.4549026,2,terrestrial,Animalia,Nematoda,Chromadorea,Rhabditida,Metastrongylidae,Parelaphostrongylus
Contracaecum rudolphii,Chile,-35.675147,-71.542969,3,freshwater,Animalia,Nematoda,Chromadorea,Rhabditida,Anisakidae,Contracaecum
Parelaphostrongylus tenuis,Oklahoma,35.0077519,-97.092877,2,terrestrial,Animalia,Nematoda,Chromadorea,Rhabditida,Metastrongylidae,Parelaphostrongylus
Angiostrongylus cantonensis,Hawaiian Islands,19.8967662,-155.5827818,3,terrestrial,Animalia,Nematoda,Chromadorea,Rhabditida,Metastrongylidae,Angiostrongylus
Philometra ovata,Estonia + Latvia,56.95962400000001,24.1016552,2,freshwater,Animalia,Nematoda,Chromadorea,Rhabditida,Philometridae,Philometra
Philometra abdominalis,Estonia + Latvia,56.95962400000001,24.1016552,2,freshwater,Animalia,Nematoda,Chromadorea,Rhabditida,Philometridae,Philometra
Anisakis simplex,Australia,-25.274398,133.775136,4,marine,Animalia,Nematoda,Chromadorea,Rhabditida,Anisakidae,Anisakis
Parascaris equorum,Finland,61.92410999999999,25.7481511,1,terrestrial,Animalia,Nematoda,Chromadorea,Rhabditida,Ascarididae,Parascaris
Porrocaecum ensicaudatum,Finland,61.92410999999999,25.7481511,2,terrestrial,Animalia,Nematoda,Chromadorea,Rhabditida,Ascarididae,Porrocaecum
Toxocara canis,Finland,61.92410999999999,25.7481511,2,terrestrial,Animalia,Nematoda,Chromadorea,Rhabditida,Ascarididae,Toxocara
Raphidascaris acus,Baltic Sea,58.48795200000001,19.863281,3,freshwater,Animalia,Nematoda,Chromadorea,Rhabditida,Raphidascarididae,Raphidascaris
Trichosomoides crassicauda,Balearic Islands,39.3587759,2.7356328,1,terrestrial,Animalia,Nematoda,Enoplea,Trichinellida,Trichosomoididae,Trichosomoides
Heligmosomoides polygyrus,Balearic Islands,39.3587759,2.7356328,1,terrestrial,Animalia,Nematoda,Chromadorea,Rhabditida,Heligmosomidae,Heligmosomoides
Streptopharagus kutassi,Balearic Islands,39.3587759,2.7356328,2,terrestrial,Animalia,Nematoda,Chromadorea,Rhabditida,Spirocercidae,Streptopharagus
Mastophorus muris,Balearic Islands,39.3587759,2.7356328,2,terrestrial,Animalia,Nematoda,Chromadorea,Rhabditida,Spirocercidae,Mastophorus
Raphidascaris acus,Greece,39.074208,21.824312,3,freshwater,Animalia,Nematoda,Chromadorea,Rhabditida,Raphidascarididae,Raphidascaris
Camallanus lacustris,Greece,39.074208,21.824312,4,freshwater,Animalia,Nematoda,Chromadorea,Rhabditida,Camallanidae,Camallanus
Oxyuris equi,Kazakstan,48.019573,66.923684,1,terrestrial,Animalia,Nematoda,Chromadorea,Rhabditida,Oxyuridae,Oxyuris
Parascaris equorum,Kazakstan,48.019573,66.923684,1,terrestrial,Animalia,Nematoda,Chromadorea,Rhabditida,Ascarididae,Parascaris
Dictyocaulus arnfieldi,Kazakstan,48.019573,66.923684,1,terrestrial,Animalia,Nematoda,Chromadorea,Rhabditida,Metastrongylidae,Dictyocaulus
Gongylonema pulchrum,Kazakstan,48.019573,66.923684,2,terrestrial,Animalia,Nematoda,Chromadorea,Rhabditida,Gongylonematidae,Gongylonema
Triodontophorus tenuicollis,Kazakstan,48.019573,66.923684,1,terrestrial,Animalia,Nematoda,Chromadorea,Rhabditida,Strongylidae,Triodontophorus
Chabertia ovina,Kazakstan,48.019573,66.923684,1,terrestrial,Animalia,Nematoda,Chromadorea,Rhabditida,Strongylidae,Chabertia
Cooperia oncophora,Kazakstan,48.019573,66.923684,1,terrestrial,Animalia,Nematoda,Chromadorea,Rhabditida,Trichostrongylidae,Cooperia
Dictyocaulus filaria,Kazakstan,48.019573,66.923684,1,terrestrial,Animalia,Nematoda,Chromadorea,Rhabditida,Metastrongylidae,Dictyocaulus
Haemonchus contortus,Kazakstan,48.019573,66.923684,1,terrestrial,Animalia,Nematoda,Chromadorea,Rhabditida,Trichostrongylidae,Haemonchus
Nematodirus spathiger,Kazakstan,48.019573,66.923684,1,terrestrial,Animalia,Nematoda,Chromadorea,Rhabditida,Molineidae,Nematodirus
Physocephalus sexalatus,Kazakstan,48.019573,66.923684,3,terrestrial,Animalia,Nematoda,Chromadorea,Rhabditida,Spirocercidae,Physocephalus
Pseudoterranova decipiens,North Sea,56.511018,3.515625,4,marine,Animalia,Nematoda,Chromadorea,Rhabditida,Anisakidae,Pseudoterranova
Enterobius vermicularis,Japan,36.204824,138.252924,1,terrestrial,Animalia,Nematoda,Chromadorea,Rhabditida,Oxyuridae,Enterobius
Anisakis physeteris,Japan,36.204824,138.252924,4,marine,Animalia,Nematoda,Chromadorea,Rhabditida,Anisakidae,Skrjabinisakis
Cyclodontostomum purvisi,Thailand,15.870032,100.992541,1,terrestrial,Animalia,Nematoda,Chromadorea,Rhabditida,Strongylidae,Cyclodontostomum
Skrjabingylus nasicola,Japan,36.204824,138.252924,3,terrestrial,Animalia,Nematoda,Chromadorea,Rhabditida,Metastrongylidae,Skrjabingylus
Filaroides martis,Japan,36.204824,138.252924,3,terrestrial,Animalia,Nematoda,Chromadorea,Rhabditida,Filaroididae,Filaroides
Anguillicola crassus,Sweden,60.12816100000001,18.643501,3,freshwater,Animalia,Nematoda,Chromadorea,Rhabditida,Anguillicolidae,Anguillicola
Ascaris suum,Estonia + Latvia,56.95962400000001,24.1016552,1,terrestrial,Animalia,Nematoda,Chromadorea,Rhabditida,Ascarididae,Ascaris
Oesophagostomum dentatum,Estonia + Latvia,56.95962400000001,24.1016552,1,terrestrial,Animalia,Nematoda,Chromadorea,Rhabditida,Strongylidae,Oesophagostomum
Metastrongylus pudendotectus,Estonia + Latvia,56.95962400000001,24.1016552,2,terrestrial,Animalia,Nematoda,Chromadorea,Rhabditida,Metastrongylidae,Metastrongylus
Physocephalus sexalatus,Estonia + Latvia,56.95962400000001,24.1016552,3,terrestrial,Animalia,Nematoda,Chromadorea,Rhabditida,Spirocercidae,Physocephalus
Hyostrongylus rubidus,Estonia + Latvia,56.95962400000001,24.1016552,1,terrestrial,Animalia,Nematoda,Chromadorea,Rhabditida,Trichostrongylidae,Hyostrongylus
Metastrongylus salmi,Estonia + Latvia,56.95962400000001,24.1016552,2,terrestrial,Animalia,Nematoda,Chromadorea,Rhabditida,Metastrongylidae,Metastrongylus
Oesophagostomum dentatum,Lithuania,55.169438,23.881275,1,terrestrial,Animalia,Nematoda,Chromadorea,Rhabditida,Strongylidae,Oesophagostomum
Ascaris suum,Lithuania,55.169438,23.881275,1,terrestrial,Animalia,Nematoda,Chromadorea,Rhabditida,Ascarididae,Ascaris
Rhabdochona hellichi,Georgia (USSR),42.315407,43.35689199999999,2,freshwater,Animalia,Nematoda,Chromadorea,Rhabditida,Rhabdochonidae,Rhabdochona
Cystidicoloides tenuissima,Georgia (USSR),42.315407,43.35689199999999,3,freshwater,Animalia,Nematoda,Chromadorea,Rhabditida,Cystidicolidae,Salmonema
Protostrongylus rufescens,France,46.227638,2.213749,2,terrestrial,Animalia,Nematoda,Chromadorea,Rhabditida,Metastrongylidae,Protostrongylus
Enterobius vermicularis,United States,37.09024,-95.712891,1,terrestrial,Animalia,Nematoda,Chromadorea,Rhabditida,Oxyuridae,Enterobius
Rhabdochona denudata,Iraq,33.223191,43.679291,2,freshwater,Animalia,Nematoda,Chromadorea,Rhabditida,Rhabdochonidae,Rhabdochona
Camallanus corderoi,Chile,-35.675147,-71.542969,3,freshwater,Animalia,Nematoda,Chromadorea,Rhabditida,Camallanidae,Camallanus
Capillaria anatis,Japan,36.204824,138.252924,2,terrestrial,Animalia,Nematoda,Enoplea,Trichinellida,Capillariidae,Capillaria
Heterakis gallinarum,Japan,36.204824,138.252924,2,terrestrial,Animalia,Nematoda,Chromadorea,Rhabditida,Heterakidae,Heterakis
Ascaridia columbae,Japan,36.204824,138.252924,1,terrestrial,Animalia,Nematoda,Chromadorea,Rhabditida,Ascaridiidae,Ascaridia
Ascaridia galli,Japan,36.204824,138.252924,1,terrestrial,Animalia,Nematoda,Chromadorea,Rhabditida,Ascaridiidae,Ascaridia
Contracaecum microcephalum,Japan,36.204824,138.252924,3,freshwater,Animalia,Nematoda,Chromadorea,Rhabditida,Anisakidae,Contracaecum
Porrocaecum angusticolle,Japan,36.204824,138.252924,3,terrestrial,Animalia,Nematoda,Chromadorea,Rhabditida,Ascarididae,Porrocaecum
Ornithostrongylus quadriradiatus,Japan,36.204824,138.252924,1,terrestrial,Animalia,Nematoda,Chromadorea,Rhabditida,Heligmosomidae,Ornithostrongylus
Acuaria anthuris,Japan,36.204824,138.252924,2,terrestrial,Animalia,Nematoda,Chromadorea,Rhabditida,Acuariidae,Acuaria
Cosmocephalus obvelatus,Japan,36.204824,138.252924,3,freshwater,Animalia,Nematoda,Chromadorea,Rhabditida,Acuariidae,Cosmocephalus
Echinuria uncinata,Japan,36.204824,138.252924,2,freshwater,Animalia,Nematoda,Chromadorea,Rhabditida,Acuariidae,Echinuria
Diplotriaena bargusinica,Japan,36.204824,138.252924,2,terrestrial,Animalia,Nematoda,Chromadorea,Rhabditida,Diplotriaenidae,Diplotriaena
Serratospiculum tendo,Japan,36.204824,138.252924,2,terrestrial,Animalia,Nematoda,Chromadorea,Rhabditida,Diplotriaenidae,Serratospiculum
Hartertia obesa,Turkmenistan,38.969719,59.556278,2,terrestrial,Animalia,Nematoda,Chromadorea,Rhabditida,Hartertiidae,Hartertia
Baylisascaris procyonis,United States,37.09024,-95.712891,2,terrestrial,Animalia,Nematoda,Chromadorea,Rhabditida,Ascarididae,Baylisascaris
Toxocara pteropodis,New Hebrides,-15.38,166.9,1,terrestrial,Animalia,Nematoda,Chromadorea,Rhabditida,Ascarididae,Toxocara
Aelurostrongylus abstrusus,Yugoslavia,37.09024,-95.712891,3,terrestrial,Animalia,Nematoda,Chromadorea,Rhabditida,Metastrongylidae,Aelurostrongylus
Spirocerca lupi,Italy,41.87194,12.56738,3,terrestrial,Animalia,Nematoda,Chromadorea,Rhabditida,Spirocercidae,Spirocerca
Ascaris lumbricoides,Indonesia & Malaysia,-0.789275,113.921327,1,terrestrial,Animalia,Nematoda,Chromadorea,Rhabditida,Ascarididae,Ascaris
Trichuris trichiura,Indonesia & Malaysia,-0.789275,113.921327,1,terrestrial,Animalia,Nematoda,Enoplea,Trichinellida,Trichuridae,Trichuris
Haemonchus placei,Lesser Antilles,14.4122148,-64.7627955,1,terrestrial,Animalia,Nematoda,Chromadorea,Rhabditida,Trichostrongylidae,Haemonchus
Trichostrongylus axei,Lesser Antilles,14.4122148,-64.7627955,1,terrestrial,Animalia,Nematoda,Chromadorea,Rhabditida,Trichostrongylidae,Trichostrongylus
Toxocara vitulorum,Lesser Antilles,14.4122148,-64.7627955,1,terrestrial,Animalia,Nematoda,Chromadorea,Rhabditida,Ascarididae,Toxocara
Enterobius vermicularis,Italy,41.87194,12.56738,1,terrestrial,Animalia,Nematoda,Chromadorea,Rhabditida,Oxyuridae,Enterobius
Ascaris lumbricoides,Italy,41.87194,12.56738,1,terrestrial,Animalia,Nematoda,Chromadorea,Rhabditida,Ascarididae,Ascaris
Trichuris trichiura,Sri Lanka,7.873053999999999,80.77179699999999,1,terrestrial,Animalia,Nematoda,Enoplea,Trichinellida,Trichuridae,Trichuris
Streptopharagus pigmentatus,Sri Lanka,7.873053999999999,80.77179699999999,2,terrestrial,Animalia,Nematoda,Chromadorea,Rhabditida,Spirocercidae,Streptopharagus
Aspiculuris tetraptera,Victoria,-37.01,144.75,1,terrestrial,Animalia,Nematoda,Chromadorea,Rhabditida,Heteroxynematidae,Aspiculuris
Toxocara canis,Egypt,26.820553,30.802498,2,terrestrial,Animalia,Nematoda,Chromadorea,Rhabditida,Ascarididae,Toxocara
Toxocara vitulorum,Egypt,26.820553,30.802498,1,terrestrial,Animalia,Nematoda,Chromadorea,Rhabditida,Ascarididae,Toxocara
Toxascaris leonina,Egypt,26.820553,30.802498,2,terrestrial,Animalia,Nematoda,Chromadorea,Rhabditida,Ascarididae,Toxascaris
Haemonchus contortus,Ghana,7.946527,-1.023194,1,terrestrial,Animalia,Nematoda,Chromadorea,Rhabditida,Trichostrongylidae,Haemonchus
Trichostrongylus colubriformis,Ghana,7.946527,-1.023194,1,terrestrial,Animalia,Nematoda,Chromadorea,Rhabditida,Trichostrongylidae,Trichostrongylus
Trichostrongylus axei,Ghana,7.946527,-1.023194,1,terrestrial,Animalia,Nematoda,Chromadorea,Rhabditida,Trichostrongylidae,Trichostrongylus
Trichostrongylus vitrinus,Ghana,7.946527,-1.023194,1,terrestrial,Animalia,Nematoda,Chromadorea,Rhabditida,Trichostrongylidae,Trichostrongylus
Oesophagostomum venulosum,Ghana,7.946527,-1.023194,1,terrestrial,Animalia,Nematoda,Chromadorea,Rhabditida,Strongylidae,Oesophagostomum
Trichuris ovis,Ghana,7.946527,-1.023194,1,terrestrial,Animalia,Nematoda,Enoplea,Trichinellida,Trichinellidae,Trichocephalus
Ostertagia ostertagi,France,46.227638,2.213749,1,terrestrial,Animalia,Nematoda,Chromadorea,Rhabditida,Trichostrongylidae,Ostertagia
Cooperia oncophora,France,46.227638,2.213749,1,terrestrial,Animalia,Nematoda,Chromadorea,Rhabditida,Trichostrongylidae,Cooperia
Chabertia ovina,France,46.227638,2.213749,1,terrestrial,Animalia,Nematoda,Chromadorea,Rhabditida,Strongylidae,Chabertia
Ascaris suum,Denmark,56.26392,9.501785,1,terrestrial,Animalia,Nematoda,Chromadorea,Rhabditida,Ascarididae,Ascaris
Trichuris suis,Denmark,56.26392,9.501785,1,terrestrial,Animalia,Nematoda,Enoplea,Trichinellida,Trichuridae,Trichuris
Anguillicola crassus,Europe,54.5259614,15.2551187,3,freshwater,Animalia,Nematoda,Chromadorea,Rhabditida,Anguillicolidae,Anguillicola
Trichuris trichiura,Laos,19.85627,102.495496,1,terrestrial,Animalia,Nematoda,Enoplea,Trichinellida,Trichuridae,Trichuris
Ascaris lumbricoides,Laos,19.85627,102.495496,1,terrestrial,Animalia,Nematoda,Chromadorea,Rhabditida,Ascarididae,Ascaris
Hepatojarakus malayae,Indonesia & Malaysia,-0.789275,113.921327,1,terrestrial,Animalia,Nematoda,Chromadorea,Rhabditida,Molineidae,Hepatojarakus
Angiostrongylus cantonensis,Islands of Western Pacific,-8.783195,-124.508523,3,terrestrial,Animalia,Nematoda,Chromadorea,Rhabditida,Metastrongylidae,Angiostrongylus
Protospirura muricola,Islands of Western Pacific,-8.783195,-124.508523,2,terrestrial,Animalia,Nematoda,Chromadorea,Rhabditida,Spiruridae,Protospirura
Gongylonema neoplasticum,Marshall Islands,7.131474,171.184478,2,terrestrial,Animalia,Nematoda,Chromadorea,Rhabditida,Gongylonematidae,Gongylonema
Mastophorus muris,Marshall Islands,7.131474,171.184478,2,terrestrial,Animalia,Nematoda,Chromadorea,Rhabditida,Spirocercidae,Mastophorus
Protospirura muricola,Marshall Islands,7.131474,171.184478,2,terrestrial,Animalia,Nematoda,Chromadorea,Rhabditida,Spiruridae,Protospirura
Angiostrongylus cantonensis,Fijian Islands,-17.713371,178.065032,3,terrestrial,Animalia,Nematoda,Chromadorea,Rhabditida,Metastrongylidae,Angiostrongylus
Gongylonema neoplasticum,Fijian Islands,-17.713371,178.065032,2,terrestrial,Animalia,Nematoda,Chromadorea,Rhabditida,Gongylonematidae,Gongylonema
Gongylonema neoplasticum,Islands of Pacific Ocean,-8.783195,-124.508523,2,terrestrial,Animalia,Nematoda,Chromadorea,Rhabditida,Gongylonematidae,Gongylonema
Protospirura muricola,Islands of Pacific Ocean,-8.783195,-124.508523,2,terrestrial,Animalia,Nematoda,Chromadorea,Rhabditida,Spiruridae,Protospirura
Angiostrongylus cantonensis,Samoa Islands,-12.798491,-170.477306,3,terrestrial,Animalia,Nematoda,Chromadorea,Rhabditida,Metastrongylidae,Angiostrongylus
Angiostrongylus cantonensis,Cook Islands,-21.236736,-159.777671,3,terrestrial,Animalia,Nematoda,Chromadorea,Rhabditida,Metastrongylidae,Angiostrongylus
Heterakis spumosa,New Zealand,-40.900557,174.885971,2,terrestrial,Animalia,Nematoda,Chromadorea,Rhabditida,Heterakidae,Heterakis
Mastophorus muris,New Zealand,-40.900557,174.885971,2,terrestrial,Animalia,Nematoda,Chromadorea,Rhabditida,Spirocercidae,Mastophorus
Heligmosomoides polygyrus,New Zealand,-40.900557,174.885971,1,terrestrial,Animalia,Nematoda,Chromadorea,Rhabditida,Heligmosomidae,Heligmosomoides
Trichosomoides crassicauda,New Zealand,-40.900557,174.885971,1,terrestrial,Animalia,Nematoda,Enoplea,Trichinellida,Trichosomoididae,Trichosomoides
Trichuris vulpis,Argentina,-38.416097,-63.61667199999999,1,terrestrial,Animalia,Nematoda,Enoplea,Trichinellida,Trichuridae,Trichuris
Spirocerca lupi,Turkmenistan,38.969719,59.556278,3,terrestrial,Animalia,Nematoda,Chromadorea,Rhabditida,Spirocercidae,Spirocerca
Haemonchus contortus,Pennsylvania,41.2033216,-77.1945247,1,terrestrial,Animalia,Nematoda,Chromadorea,Rhabditida,Trichostrongylidae,Haemonchus
Trichuris suis,Japan,36.204824,138.252924,1,terrestrial,Animalia,Nematoda,Enoplea,Trichinellida,Trichuridae,Trichuris
Stephanurus dentatus,Japan,36.204824,138.252924,2,terrestrial,Animalia,Nematoda,Chromadorea,Rhabditida,Strongylidae,Stephanurus
Metastrongylus apri,Japan,36.204824,138.252924,2,terrestrial,Animalia,Nematoda,Chromadorea,Rhabditida,Metastrongylidae,Metastrongylus
Metastrongylus pudendotectus,Japan,36.204824,138.252924,2,terrestrial,Animalia,Nematoda,Chromadorea,Rhabditida,Metastrongylidae,Metastrongylus
Metastrongylus salmi,Japan,36.204824,138.252924,2,terrestrial,Animalia,Nematoda,Chromadorea,Rhabditida,Metastrongylidae,Metastrongylus
Rictularia cristata,Japan,36.204824,138.252924,2,terrestrial,Animalia,Nematoda,Chromadorea,Rhabditida,Rictulariidae,Rictularia
Cosmocephalus obvelatus,Turkmenistan,38.969719,59.556278,3,freshwater,Animalia,Nematoda,Chromadorea,Rhabditida,Acuariidae,Cosmocephalus
Streptocara crassicauda,Turkmenistan,38.969719,59.556278,3,freshwater,Animalia,Nematoda,Chromadorea,Rhabditida,Acuariidae,Streptocara
Physaloptera praeputialis,Turkmenistan,38.969719,59.556278,3,terrestrial,Animalia,Nematoda,Chromadorea,Rhabditida,Physalopteridae,Physaloptera
Skrjabinoclava inornatae,Ontario,51.253775,-85.323214,2,marine,Animalia,Nematoda,Chromadorea,Rhabditida,Acuariidae,Skrjabinoclava
Haemonchus contortus,The Gambia,13.443182,-15.310139,1,terrestrial,Animalia,Nematoda,Chromadorea,Rhabditida,Trichostrongylidae,Haemonchus
Contracaecum rudolphii,Japan,36.204824,138.252924,3,freshwater,Animalia,Nematoda,Chromadorea,Rhabditida,Anisakidae,Contracaecum
Enterobius vermicularis,Peru,-9.189967,-75.015152,1,terrestrial,Animalia,Nematoda,Chromadorea,Rhabditida,Oxyuridae,Enterobius
Cucullanus cirratus,Northeast Atlantic,39.370134,-77.40677199999999,3,marine,Animalia,Nematoda,Chromadorea,Rhabditida,Cucullanidae,Cucullanus
Angiostrongylus vasorum,Italy,41.87194,12.56738,3,terrestrial,Animalia,Nematoda,Chromadorea,Rhabditida,Metastrongylidae,Angiostrongylus
Blatticola blattae,North Africa,23.4162027,25.66283,1,terrestrial,Animalia,Nematoda,Chromadorea,Rhabditida,Thelastomatidae,Blatticola
Blatticola blattae,Europe,54.5259614,15.2551187,1,terrestrial,Animalia,Nematoda,Chromadorea,Rhabditida,Thelastomatidae,Blatticola
Hammerschmidtiella diesingi,Germany,51.165691,10.451526,1,terrestrial,Animalia,Nematoda,Chromadorea,Rhabditida,Thelastomatidae,Hammerschmidtiella
Hammerschmidtiella diesingi,Western Europe,46.2021848,1.2643875,1,terrestrial,Animalia,Nematoda,Chromadorea,Rhabditida,Thelastomatidae,Hammerschmidtiella
Hammerschmidtiella diesingi,Nearctic,53.569001,-113.571487,1,terrestrial,Animalia,Nematoda,Chromadorea,Rhabditida,Thelastomatidae,Hammerschmidtiella
Hammerschmidtiella diesingi,Malagasay,-20,47,1,terrestrial,Animalia,Nematoda,Chromadorea,Rhabditida,Thelastomatidae,Hammerschmidtiella
Leidynema appendiculata,United States,37.09024,-95.712891,1,terrestrial,Animalia,Nematoda,Chromadorea,Rhabditida,Thelastomatidae,Leidynema
Thelastoma bulhoesi,Nearctic,53.569001,-113.571487,1,terrestrial,Animalia,Nematoda,Chromadorea,Rhabditida,Thelastomatidae,Thelastoma
Parelaphostrongylus tenuis,Alberta,53.9332706,-116.5765035,2,terrestrial,Animalia,Nematoda,Chromadorea,Rhabditida,Metastrongylidae,Parelaphostrongylus
Toxocara cati,District of Columbia/Delaware/New Jersey/Maryland,39.0457549,-76.64127119999999,2,terrestrial,Animalia,Nematoda,Chromadorea,Rhabditida,Ascarididae,Toxocara
Ollulanus tricuspis,District of Columbia/Delaware/New Jersey/Maryland,39.0457549,-76.64127119999999,1,terrestrial,Animalia,Nematoda,Chromadorea,Rhabditida,Molineidae,Ollulanus
Heterakis gallinarum,Azerbaidzan,40.143105,47.576927,2,terrestrial,Animalia,Nematoda,Chromadorea,Rhabditida,Heterakidae,Heterakis
Toxocara canis,Jordan,30.585164,36.238414,2,terrestrial,Animalia,Nematoda,Chromadorea,Rhabditida,Ascarididae,Toxocara
Trichuris vulpis,Jordan,30.585164,36.238414,1,terrestrial,Animalia,Nematoda,Enoplea,Trichinellida,Trichuridae,Trichuris
Cyathostoma lari,Newfoundland,53.1355091,-57.6604364,2,terrestrial,Animalia,Nematoda,Chromadorea,Rhabditida,Strongylidae,Cyathostoma
Cyathostoma lari,"England, Wales + Isle of Man",54.236107,-4.548056,2,terrestrial,Animalia,Nematoda,Chromadorea,Rhabditida,Strongylidae,Cyathostoma
Contracaecum micropapillatum,Cuba,21.521757,-77.781167,3,freshwater,Animalia,Nematoda,Chromadorea,Rhabditida,Anisakidae,Contracaecum
Haemonchus placei,Cuba,21.521757,-77.781167,1,terrestrial,Animalia,Nematoda,Chromadorea,Rhabditida,Trichostrongylidae,Haemonchus
Raphidascaris acus,Azerbaidzan,40.143105,47.576927,3,freshwater,Animalia,Nematoda,Chromadorea,Rhabditida,Raphidascarididae,Raphidascaris
Rhabdochona denudata,Azerbaidzan,40.143105,47.576927,2,freshwater,Animalia,Nematoda,Chromadorea,Rhabditida,Rhabdochonidae,Rhabdochona
Rhabdochona ergensi,Azerbaidzan,40.143105,47.576927,2,freshwater,Animalia,Nematoda,Chromadorea,Rhabditida,Rhabdochonidae,Rhabdochona
Philometra rischta,Azerbaidzan,40.143105,47.576927,2,freshwater,Animalia,Nematoda,Chromadorea,Rhabditida,Philometridae,Philometra
Ascarops strongylina,Azerbaidzan,40.143105,47.576927,3,terrestrial,Animalia,Nematoda,Chromadorea,Rhabditida,Spirocercidae,Ascarops
Philometra ovata,Azerbaidzan,40.143105,47.576927,2,freshwater,Animalia,Nematoda,Chromadorea,Rhabditida,Philometridae,Philometra
Toxocara cati,Japan,36.204824,138.252924,2,terrestrial,Animalia,Nematoda,Chromadorea,Rhabditida,Ascarididae,Toxocara
Trichuris trichiura,Ecuador,-1.831239,-78.18340599999999,1,terrestrial,Animalia,Nematoda,Enoplea,Trichinellida,Trichuridae,Trichuris
Ascaris lumbricoides,Ecuador,-1.831239,-78.18340599999999,1,terrestrial,Animalia,Nematoda,Chromadorea,Rhabditida,Ascarididae,Ascaris
Heligmosomoides polygyrus,Denmark,56.26392,9.501785,1,terrestrial,Animalia,Nematoda,Chromadorea,Rhabditida,Heligmosomidae,Heligmosomoides
Heligmosomum mixtum,Denmark,56.26392,9.501785,1,terrestrial,Animalia,Nematoda,Chromadorea,Rhabditida,Heligmosomidae,Heligmosomum
Rhabdochona kidderi,Mexico,23.634501,-102.552784,2,freshwater,Animalia,Nematoda,Chromadorea,Rhabditida,Rhabdochonidae,Rhabdochona
Nematodirus helvetianus,Cape Province,-33.5,20.97,1,terrestrial,Animalia,Nematoda,Chromadorea,Rhabditida,Molineidae,Nematodirus
Molineus barbatus,Arkansas,35.20105,-91.8318334,1,terrestrial,Animalia,Nematoda,Chromadorea,Rhabditida,Molineidae,Molineus
Cooperia pectinata,Cape Province,-33.5,20.97,1,terrestrial,Animalia,Nematoda,Chromadorea,Rhabditida,Trichostrongylidae,Cooperia
Trichostrongylus colubriformis,Cape Province,-33.5,20.97,1,terrestrial,Animalia,Nematoda,Chromadorea,Rhabditida,Trichostrongylidae,Trichostrongylus
Cooperia punctata,Cape Province,-33.5,20.97,1,terrestrial,Animalia,Nematoda,Chromadorea,Rhabditida,Trichostrongylidae,Cooperia
Cystidicola farionis,Norway,60.47202399999999,8.468945999999999,3,freshwater,Animalia,Nematoda,Chromadorea,Rhabditida,Cystidicolidae,Cystidicola
Ascaridia compar,France,46.227638,2.213749,1,terrestrial,Animalia,Nematoda,Chromadorea,Rhabditida,Ascaridiidae,Ascaridia
Heterakis gallinarum,France,46.227638,2.213749,2,terrestrial,Animalia,Nematoda,Chromadorea,Rhabditida,Heterakidae,Heterakis
Acuaria hamulosa,France,46.227638,2.213749,2,terrestrial,Animalia,Nematoda,Chromadorea,Rhabditida,Acuariidae,Acuaria
Ascaris lumbricoides,Bangladesh,23.684994,90.356331,1,terrestrial,Animalia,Nematoda,Chromadorea,Rhabditida,Ascarididae,Ascaris
Pseudoterranova decipiens,Nova Scotia,44.68198659999999,-63.744311,4,marine,Animalia,Nematoda,Chromadorea,Rhabditida,Anisakidae,Pseudoterranova
Cosmocephalus obvelatus,Nova Scotia,44.68198659999999,-63.744311,3,freshwater,Animalia,Nematoda,Chromadorea,Rhabditida,Acuariidae,Cosmocephalus
Ostertagia ostertagi,Denmark,56.26392,9.501785,1,terrestrial,Animalia,Nematoda,Chromadorea,Rhabditida,Trichostrongylidae,Ostertagia
Cooperia oncophora,Denmark,56.26392,9.501785,1,terrestrial,Animalia,Nematoda,Chromadorea,Rhabditida,Trichostrongylidae,Cooperia
Parafilaroides gymnurus,North Sea,56.511018,3.515625,2,marine,Animalia,Nematoda,Chromadorea,Rhabditida,Filaroididae,Parafilaroides
Aelurostrongylus abstrusus,Spain + Andalusia,37.5442706,-4.7277528,3,terrestrial,Animalia,Nematoda,Chromadorea,Rhabditida,Metastrongylidae,Aelurostrongylus
Sterliadochona ephemeridarum,Newfoundland,53.1355091,-57.6604364,2,freshwater,Animalia,Nematoda,Chromadorea,Rhabditida,Cystidicolidae,Salmonema
Philonema agubernaculum,Newfoundland,53.1355091,-57.6604364,2,freshwater,Animalia,Nematoda,Chromadorea,Rhabditida,Philonematidae,Philonema
Pterygodermatites peromysci,Florida,27.6648274,-81.5157535,2,terrestrial,Animalia,Nematoda,Chromadorea,Rhabditida,Rictulariidae,Pterygodermatites
Physaloptera hispida,Florida,27.6648274,-81.5157535,2,terrestrial,Animalia,Nematoda,Chromadorea,Rhabditida,Physalopteridae,Physaloptera
Protospirura numidica,Florida,27.6648274,-81.5157535,2,terrestrial,Animalia,Nematoda,Chromadorea,Rhabditida,Spiruridae,Protospirura
Trichuris muris,Iraq,33.223191,43.679291,1,terrestrial,Animalia,Nematoda,Enoplea,Trichinellida,Trichuridae,Trichuris
Ascaridia columbae,Bangladesh,23.684994,90.356331,1,terrestrial,Animalia,Nematoda,Chromadorea,Rhabditida,Ascaridiidae,Ascaridia
Cystidicoloides tenuissima,Canada,56.130366,-106.346771,3,freshwater,Animalia,Nematoda,Chromadorea,Rhabditida,Cystidicolidae,Salmonema
Parelaphostrongylus andersoni,Maine,45.253783,-69.4454689,2,terrestrial,Animalia,Nematoda,Chromadorea,Rhabditida,Metastrongylidae,Parelaphostrongylus
Thelastoma bulhoesi,British Columbia,53.7266683,-127.6476205,1,terrestrial,Animalia,Nematoda,Chromadorea,Rhabditida,Thelastomatidae,Thelastoma
Ascarops strongylina,Iran,32.427908,53.688046,3,terrestrial,Animalia,Nematoda,Chromadorea,Rhabditida,Spirocercidae,Ascarops
Physocephalus sexalatus,Iran,32.427908,53.688046,3,terrestrial,Animalia,Nematoda,Chromadorea,Rhabditida,Spirocercidae,Physocephalus
Ascaris suum,Iran,32.427908,53.688046,1,terrestrial,Animalia,Nematoda,Chromadorea,Rhabditida,Ascarididae,Ascaris
Oesophagostomum dentatum,Iran,32.427908,53.688046,1,terrestrial,Animalia,Nematoda,Chromadorea,Rhabditida,Strongylidae,Oesophagostomum
Trichuris suis,Iran,32.427908,53.688046,1,terrestrial,Animalia,Nematoda,Enoplea,Trichinellida,Trichuridae,Trichuris
Metastrongylus apri,Iran,32.427908,53.688046,2,terrestrial,Animalia,Nematoda,Chromadorea,Rhabditida,Metastrongylidae,Metastrongylus
Metastrongylus pudendotectus,Iran,32.427908,53.688046,2,terrestrial,Animalia,Nematoda,Chromadorea,Rhabditida,Metastrongylidae,Metastrongylus
Metastrongylus salmi,Iran,32.427908,53.688046,2,terrestrial,Animalia,Nematoda,Chromadorea,Rhabditida,Metastrongylidae,Metastrongylus
Trichosomoides crassicauda,Japan,36.204824,138.252924,1,terrestrial,Animalia,Nematoda,Enoplea,Trichinellida,Trichosomoididae,Trichosomoides
Teladorsagia circumcincta,Spain + Andalusia,37.5442706,-4.7277528,1,terrestrial,Animalia,Nematoda,Chromadorea,Rhabditida,Trichostrongylidae,Ostertagia
Angiostrongylus cantonensis,Australia,-25.274398,133.775136,3,terrestrial,Animalia,Nematoda,Chromadorea,Rhabditida,Metastrongylidae,Angiostrongylus
Nematodirus filicollis,Scotland,56.49067119999999,-4.2026458,1,terrestrial,Animalia,Nematoda,Chromadorea,Rhabditida,Molineidae,Nematodirus
Nematodirus helvetianus,Scotland,56.49067119999999,-4.2026458,1,terrestrial,Animalia,Nematoda,Chromadorea,Rhabditida,Molineidae,Nematodirus
Ostertagia ostertagi,Australia,-25.274398,133.775136,1,terrestrial,Animalia,Nematoda,Chromadorea,Rhabditida,Trichostrongylidae,Ostertagia
Oesophagostomum venulosum,Australia,-25.274398,133.775136,1,terrestrial,Animalia,Nematoda,Chromadorea,Rhabditida,Strongylidae,Oesophagostomum
Dictyocaulus viviparus,Australia,-25.274398,133.775136,1,terrestrial,Animalia,Nematoda,Chromadorea,Rhabditida,Metastrongylidae,Dictyocaulus
Raphidascaris acus,Austria,47.516231,14.550072,3,freshwater,Animalia,Nematoda,Chromadorea,Rhabditida,Raphidascarididae,Raphidascaris
Philometra ovata,Austria,47.516231,14.550072,2,freshwater,Animalia,Nematoda,Chromadorea,Rhabditida,Philometridae,Philometra
Camallanus lacustris,Austria,47.516231,14.550072,4,freshwater,Animalia,Nematoda,Chromadorea,Rhabditida,Camallanidae,Camallanus
Hedruris androphora,Austria,47.516231,14.550072,2,freshwater,Animalia,Nematoda,Chromadorea,Rhabditida,Hedruridae,Hedruris
Haemonchus placei,Rwanda,-1.940278,29.873888,1,terrestrial,Animalia,Nematoda,Chromadorea,Rhabditida,Trichostrongylidae,Haemonchus
Oesophagostomum radiatum,Rwanda,-1.940278,29.873888,1,terrestrial,Animalia,Nematoda,Chromadorea,Rhabditida,Strongylidae,Oesophagostomum
Trichostrongylus axei,Rwanda,-1.940278,29.873888,1,terrestrial,Animalia,Nematoda,Chromadorea,Rhabditida,Trichostrongylidae,Trichostrongylus
Cooperia punctata,Rwanda,-1.940278,29.873888,1,terrestrial,Animalia,Nematoda,Chromadorea,Rhabditida,Trichostrongylidae,Cooperia
Ostertagia ostertagi,Rwanda,-1.940278,29.873888,1,terrestrial,Animalia,Nematoda,Chromadorea,Rhabditida,Trichostrongylidae,Ostertagia
Nematodirus spathiger,Rwanda,-1.940278,29.873888,1,terrestrial,Animalia,Nematoda,Chromadorea,Rhabditida,Molineidae,Nematodirus
Toxocara vitulorum,Rwanda,-1.940278,29.873888,1,terrestrial,Animalia,Nematoda,Chromadorea,Rhabditida,Ascarididae,Toxocara
Crenosoma striatum,Austria,47.516231,14.550072,2,terrestrial,Animalia,Nematoda,Chromadorea,Rhabditida,Metastrongylidae,Crenosoma
Cyathostoma bronchialis,Germany,51.165691,10.451526,2,terrestrial,Animalia,Nematoda,Chromadorea,Rhabditida,Strongylidae,Cyathostoma
Rhabdochona cascadilla,Ontario,51.253775,-85.323214,2,freshwater,Animalia,Nematoda,Chromadorea,Rhabditida,Rhabdochonidae,Rhabdochona
Haemonchus contortus,New South Wales,-31.2532183,146.921099,1,terrestrial,Animalia,Nematoda,Chromadorea,Rhabditida,Trichostrongylidae,Haemonchus
Trichostrongylus colubriformis,New South Wales,-31.2532183,146.921099,1,terrestrial,Animalia,Nematoda,Chromadorea,Rhabditida,Trichostrongylidae,Trichostrongylus
Crenosoma vulpis,Germany,51.165691,10.451526,2,terrestrial,Animalia,Nematoda,Chromadorea,Rhabditida,Metastrongylidae,Crenosoma
Ornithostrongylus quadriradiatus,Bangladesh,23.684994,90.356331,1,terrestrial,Animalia,Nematoda,Chromadorea,Rhabditida,Heligmosomidae,Ornithostrongylus
Trichostrongylus axei,Maine,45.253783,-69.4454689,1,terrestrial,Animalia,Nematoda,Chromadorea,Rhabditida,Trichostrongylidae,Trichostrongylus
Toxascaris leonina,Arkansas,35.20105,-91.8318334,2,terrestrial,Animalia,Nematoda,Chromadorea,Rhabditida,Ascarididae,Toxascaris
Ostertagia ostertagi,District of Columbia/Delaware/New Jersey/Maryland,39.0457549,-76.64127119999999,1,terrestrial,Animalia,Nematoda,Chromadorea,Rhabditida,Trichostrongylidae,Ostertagia
Ostertagia ostertagi,Montana,46.8796822,-110.3625658,1,terrestrial,Animalia,Nematoda,Chromadorea,Rhabditida,Trichostrongylidae,Ostertagia
Teladorsagia circumcincta,Indiana,40.2671941,-86.1349019,1,terrestrial,Animalia,Nematoda,Chromadorea,Rhabditida,Trichostrongylidae,Ostertagia
Teladorsagia circumcincta,District of Columbia/Delaware/New Jersey/Maryland,39.0457549,-76.64127119999999,1,terrestrial,Animalia,Nematoda,Chromadorea,Rhabditida,Trichostrongylidae,Ostertagia
Heligmosomoides kurilensis,Japan,36.204824,138.252924,1,terrestrial,Animalia,Nematoda,Chromadorea,Rhabditida,Heligmosomidae,Heligmosomoides
Trichuris trichiura,"Ukraine, incl. Moldavia",48.379433,31.1655799,1,terrestrial,Animalia,Nematoda,Enoplea,Trichinellida,Trichuridae,Trichuris
Angiostrongylus costaricensis,Nicaragua,12.865416,-85.207229,2,terrestrial,Animalia,Nematoda,Chromadorea,Rhabditida,Metastrongylidae,Angiostrongylus
Angiostrongylus schmidti,Florida,27.6648274,-81.5157535,2,terrestrial,Animalia,Nematoda,Chromadorea,Rhabditida,Metastrongylidae,Angiostrongylus
Angiostrongylus malaysiensis,Malaya,3.17,101.7,2,terrestrial,Animalia,Nematoda,Chromadorea,Rhabditida,Metastrongylidae,Angiostrongylus
Angiostrongylus costaricensis,Central America,12.7690126,-85.60236429999999,2,terrestrial,Animalia,Nematoda,Chromadorea,Rhabditida,Metastrongylidae,Angiostrongylus
Angiostrongylus siamensis,Thailand,15.870032,100.992541,2,terrestrial,Animalia,Nematoda,Chromadorea,Rhabditida,Metastrongylidae,Angiostrongylus
Dictyocaulus viviparus,New Caledonia,-20.904305,165.618042,1,terrestrial,Animalia,Nematoda,Chromadorea,Rhabditida,Metastrongylidae,Dictyocaulus
Passalurus ambiguus,New Caledonia,-20.904305,165.618042,1,terrestrial,Animalia,Nematoda,Chromadorea,Rhabditida,Oxyuridae,Passalurus
Anisakis simplex,South China Sea,15.488092,114.404754,4,marine,Animalia,Nematoda,Chromadorea,Rhabditida,Anisakidae,Anisakis
Ascaris lumbricoides,Jamaica,18.109581,-77.297508,1,terrestrial,Animalia,Nematoda,Chromadorea,Rhabditida,Ascarididae,Ascaris
Pseudoterranova decipiens,Coast of Japan,35.4543846,139.644207,4,marine,Animalia,Nematoda,Chromadorea,Rhabditida,Anisakidae,Pseudoterranova
Anisakis simplex,Coast of Japan,35.4543846,139.644207,4,marine,Animalia,Nematoda,Chromadorea,Rhabditida,Anisakidae,Anisakis
Physocephalus sexalatus,New South Wales,-31.2532183,146.921099,3,terrestrial,Animalia,Nematoda,Chromadorea,Rhabditida,Spirocercidae,Physocephalus
Contracaecum rudolphii,Yugoslavia,37.09024,-95.712891,3,freshwater,Animalia,Nematoda,Chromadorea,Rhabditida,Anisakidae,Contracaecum
Filaroides martis,Germany,51.165691,10.451526,3,terrestrial,Animalia,Nematoda,Chromadorea,Rhabditida,Filaroididae,Filaroides
Spirocerca lupi,Spain + Andalusia,37.5442706,-4.7277528,3,terrestrial,Animalia,Nematoda,Chromadorea,Rhabditida,Spirocercidae,Spirocerca
Lagochilascaris minor,Venezuela,6.42375,-66.58973,2,terrestrial,Animalia,Nematoda,Chromadorea,Rhabditida,Ascarididae,Lagochilascaris
Dictyocaulus arnfieldi,Iraq,33.223191,43.679291,1,terrestrial,Animalia,Nematoda,Chromadorea,Rhabditida,Metastrongylidae,Dictyocaulus
Pseudoterranova decipiens,West Coast of Norway,60.4121981,5.3222701,4,marine,Animalia,Nematoda,Chromadorea,Rhabditida,Anisakidae,Pseudoterranova
Oesophagostomum radiatum,New Caledonia,-20.904305,165.618042,1,terrestrial,Animalia,Nematoda,Chromadorea,Rhabditida,Strongylidae,Oesophagostomum
Toxocara canis,Iraq,33.223191,43.679291,2,terrestrial,Animalia,Nematoda,Chromadorea,Rhabditida,Ascarididae,Toxocara
Toxascaris leonina,Iraq,33.223191,43.679291,2,terrestrial,Animalia,Nematoda,Chromadorea,Rhabditida,Ascarididae,Toxascaris
Ascaridia galli,Iraq,33.223191,43.679291,1,terrestrial,Animalia,Nematoda,Chromadorea,Rhabditida,Ascaridiidae,Ascaridia
Heterakis gallinarum,Iraq,33.223191,43.679291,2,terrestrial,Animalia,Nematoda,Chromadorea,Rhabditida,Heterakidae,Heterakis
Trichosomoides crassicauda,Spain + Andalusia,37.5442706,-4.7277528,1,terrestrial,Animalia,Nematoda,Enoplea,Trichinellida,Trichosomoididae,Trichosomoides
Heterakis spumosa,Spain + Andalusia,37.5442706,-4.7277528,2,terrestrial,Animalia,Nematoda,Chromadorea,Rhabditida,Heterakidae,Heterakis
Cucullanus heterochrous,Baltic Sea,58.48795200000001,19.863281,2,marine,Animalia,Nematoda,Chromadorea,Rhabditida,Cucullanidae,Cucullanus
Dichelyne minutus,Baltic Sea,58.48795200000001,19.863281,2,marine,Animalia,Nematoda,Chromadorea,Rhabditida,Cucullanidae,Dichelyne
Ostertagia ostertagi,Argentina,-38.416097,-63.61667199999999,1,terrestrial,Animalia,Nematoda,Chromadorea,Rhabditida,Trichostrongylidae,Ostertagia
Haemonchus placei,Argentina,-38.416097,-63.61667199999999,1,terrestrial,Animalia,Nematoda,Chromadorea,Rhabditida,Trichostrongylidae,Haemonchus
Trichostrongylus axei,Argentina,-38.416097,-63.61667199999999,1,terrestrial,Animalia,Nematoda,Chromadorea,Rhabditida,Trichostrongylidae,Trichostrongylus
Cooperia oncophora,Argentina,-38.416097,-63.61667199999999,1,terrestrial,Animalia,Nematoda,Chromadorea,Rhabditida,Trichostrongylidae,Cooperia
Cooperia punctata,Argentina,-38.416097,-63.61667199999999,1,terrestrial,Animalia,Nematoda,Chromadorea,Rhabditida,Trichostrongylidae,Cooperia
Haemonchus contortus,Malaya,3.17,101.7,1,terrestrial,Animalia,Nematoda,Chromadorea,Rhabditida,Trichostrongylidae,Haemonchus
Oswaldocruzia filiformis,Greece,39.074208,21.824312,1,terrestrial,Animalia,Nematoda,Chromadorea,Rhabditida,Molineidae,Oswaldocruzia
Toxascaris leonina,Iceland,64.963051,-19.020835,2,terrestrial,Animalia,Nematoda,Chromadorea,Rhabditida,Ascarididae,Toxascaris
Toxocara canis,Iceland,64.963051,-19.020835,2,terrestrial,Animalia,Nematoda,Chromadorea,Rhabditida,Ascarididae,Toxocara
Uncinaria stenocephala,Iceland,64.963051,-19.020835,1,terrestrial,Animalia,Nematoda,Chromadorea,Rhabditida,Ancylostomatidae,Uncinaria
Baylisascaris procyonis,Japan,36.204824,138.252924,2,terrestrial,Animalia,Nematoda,Chromadorea,Rhabditida,Ascarididae,Baylisascaris
Syphacia muris,Taiwan,23.69781,120.960515,1,terrestrial,Animalia,Nematoda,Chromadorea,Rhabditida,Oxyuridae,Syphacia
Heterakis spumosa,Taiwan,23.69781,120.960515,2,terrestrial,Animalia,Nematoda,Chromadorea,Rhabditida,Heterakidae,Heterakis
Mastophorus muris,Taiwan,23.69781,120.960515,2,terrestrial,Animalia,Nematoda,Chromadorea,Rhabditida,Spirocercidae,Mastophorus
Ascarops strongylina,Taiwan,23.69781,120.960515,3,terrestrial,Animalia,Nematoda,Chromadorea,Rhabditida,Spirocercidae,Ascarops
Angiostrongylus malaysiensis,Japan,36.204824,138.252924,2,terrestrial,Animalia,Nematoda,Chromadorea,Rhabditida,Metastrongylidae,Angiostrongylus
Philometra ovata,Finland,61.92410999999999,25.7481511,2,freshwater,Animalia,Nematoda,Chromadorea,Rhabditida,Philometridae,Philometra
Cyathostomum catinatum,Iceland,64.963051,-19.020835,1,terrestrial,Animalia,Nematoda,Chromadorea,Rhabditida,Strongylidae,Cyathostomum
Cylicocyclus nassatus,Iceland,64.963051,-19.020835,1,terrestrial,Animalia,Nematoda,Chromadorea,Rhabditida,Strongylidae,Cylicocyclus
Cylicostephanus longibursatus,Iceland,64.963051,-19.020835,1,terrestrial,Animalia,Nematoda,Chromadorea,Rhabditida,Strongylidae,Cylicostephanus
Strongylus edentatus,Iceland,64.963051,-19.020835,1,terrestrial,Animalia,Nematoda,Chromadorea,Rhabditida,Strongylidae,Strongylus
Strongylus equinus,Iceland,64.963051,-19.020835,1,terrestrial,Animalia,Nematoda,Chromadorea,Rhabditida,Strongylidae,Strongylus
Strongylus vulgaris,Iceland,64.963051,-19.020835,1,terrestrial,Animalia,Nematoda,Chromadorea,Rhabditida,Strongylidae,Strongylus
Triodontophorus tenuicollis,Iceland,64.963051,-19.020835,1,terrestrial,Animalia,Nematoda,Chromadorea,Rhabditida,Strongylidae,Triodontophorus
Trichostrongylus axei,Iceland,64.963051,-19.020835,1,terrestrial,Animalia,Nematoda,Chromadorea,Rhabditida,Trichostrongylidae,Trichostrongylus
Parascaris equorum,Iceland,64.963051,-19.020835,1,terrestrial,Animalia,Nematoda,Chromadorea,Rhabditida,Ascarididae,Parascaris
Oxyuris equi,Iceland,64.963051,-19.020835,1,terrestrial,Animalia,Nematoda,Chromadorea,Rhabditida,Oxyuridae,Oxyuris
Teladorsagia circumcincta,Italy,41.87194,12.56738,1,terrestrial,Animalia,Nematoda,Chromadorea,Rhabditida,Trichostrongylidae,Ostertagia
Hyostrongylus rubidus,Belize,17.189877,-88.49765,1,terrestrial,Animalia,Nematoda,Chromadorea,Rhabditida,Trichostrongylidae,Hyostrongylus
Physocephalus sexalatus,Belize,17.189877,-88.49765,3,terrestrial,Animalia,Nematoda,Chromadorea,Rhabditida,Spirocercidae,Physocephalus
Trichostrongylus colubriformis,Belize,17.189877,-88.49765,1,terrestrial,Animalia,Nematoda,Chromadorea,Rhabditida,Trichostrongylidae,Trichostrongylus
Ascarops strongylina,Belize,17.189877,-88.49765,3,terrestrial,Animalia,Nematoda,Chromadorea,Rhabditida,Spirocercidae,Ascarops
Ascaris suum,Belize,17.189877,-88.49765,1,terrestrial,Animalia,Nematoda,Chromadorea,Rhabditida,Ascarididae,Ascaris
Trichuris suis,Belize,17.189877,-88.49765,1,terrestrial,Animalia,Nematoda,Enoplea,Trichinellida,Trichuridae,Trichuris
Stephanurus dentatus,Belize,17.189877,-88.49765,2,terrestrial,Animalia,Nematoda,Chromadorea,Rhabditida,Strongylidae,Stephanurus
Syphacia muris,Corsica,42.0396042,9.012892599999999,1,terrestrial,Animalia,Nematoda,Chromadorea,Rhabditida,Oxyuridae,Syphacia
Raphidascaris acus,Lake Baikal,53.5587003,108.1649965,3,freshwater,Animalia,Nematoda,Chromadorea,Rhabditida,Raphidascarididae,Raphidascaris
Camallanus lacustris,Lake Baikal,53.5587003,108.1649965,4,freshwater,Animalia,Nematoda,Chromadorea,Rhabditida,Camallanidae,Camallanus
Nematodirus spathiger,France,46.227638,2.213749,1,terrestrial,Animalia,Nematoda,Chromadorea,Rhabditida,Molineidae,Nematodirus
Triodontophorus tenuicollis,"Ukraine, incl. Moldavia",48.379433,31.1655799,1,terrestrial,Animalia,Nematoda,Chromadorea,Rhabditida,Strongylidae,Triodontophorus
Cylicostephanus longibursatus,"Ukraine, incl. Moldavia",48.379433,31.1655799,1,terrestrial,Animalia,Nematoda,Chromadorea,Rhabditida,Strongylidae,Cylicostephanus
Cylicocyclus nassatus,"Ukraine, incl. Moldavia",48.379433,31.1655799,1,terrestrial,Animalia,Nematoda,Chromadorea,Rhabditida,Strongylidae,Cylicocyclus
Oxyuris equi,"Ukraine, incl. Moldavia",48.379433,31.1655799,1,terrestrial,Animalia,Nematoda,Chromadorea,Rhabditida,Oxyuridae,Oxyuris
Parascaris equorum,"Ukraine, incl. Moldavia",48.379433,31.1655799,1,terrestrial,Animalia,Nematoda,Chromadorea,Rhabditida,Ascarididae,Parascaris
Trichostrongylus axei,"Ukraine, incl. Moldavia",48.379433,31.1655799,1,terrestrial,Animalia,Nematoda,Chromadorea,Rhabditida,Trichostrongylidae,Trichostrongylus
Eustrongylides tubifex,New Brunswick,46.5653163,-66.46191639999999,3,freshwater,Animalia,Nematoda,Enoplea,Dioctophymatida,Dioctophymatidae,Eustrongylides
Contracaecum pelagicum,British Columbia,53.7266683,-127.6476205,3,marine,Animalia,Nematoda,Chromadorea,Rhabditida,Anisakidae,Contracaecum
Syncuaria squamata,Ontario,51.253775,-85.323214,3,freshwater,Animalia,Nematoda,Chromadorea,Rhabditida,Acuariidae,Syncuaria
Contracaecum microcephalum,Newfoundland,53.1355091,-57.6604364,3,freshwater,Animalia,Nematoda,Chromadorea,Rhabditida,Anisakidae,Contracaecum
Trichostrongylus tenuis,Ontario,51.253775,-85.323214,1,terrestrial,Animalia,Nematoda,Chromadorea,Rhabditida,Trichostrongylidae,Trichostrongylus
Amidostomum anseris,Ontario,51.253775,-85.323214,1,freshwater,Animalia,Nematoda,Chromadorea,Rhabditida,Amidostomidae,Amidostomum
Amidostomum anseris,British Columbia,53.7266683,-127.6476205,1,freshwater,Animalia,Nematoda,Chromadorea,Rhabditida,Amidostomidae,Amidostomum
Cyathostoma bronchialis,Ontario,51.253775,-85.323214,2,terrestrial,Animalia,Nematoda,Chromadorea,Rhabditida,Strongylidae,Cyathostoma
Trichostrongylus tenuis,Northwest Territories,64.8255441,-124.8457334,1,terrestrial,Animalia,Nematoda,Chromadorea,Rhabditida,Trichostrongylidae,Trichostrongylus
Echinuria uncinata,Manitoba,53.7608608,-98.8138762,2,freshwater,Animalia,Nematoda,Chromadorea,Rhabditida,Acuariidae,Echinuria
Amidostomum anseris,Manitoba,53.7608608,-98.8138762,1,freshwater,Animalia,Nematoda,Chromadorea,Rhabditida,Amidostomidae,Amidostomum
Epomidiostomum uncinatum,Manitoba,53.7608608,-98.8138762,1,freshwater,Animalia,Nematoda,Chromadorea,Rhabditida,Trichostrongylidae,Epomidiostomum
Streptocara crassicauda,British Columbia,53.7266683,-127.6476205,3,freshwater,Animalia,Nematoda,Chromadorea,Rhabditida,Acuariidae,Streptocara
Amidostomum acutum,New Brunswick,46.5653163,-66.46191639999999,1,freshwater,Animalia,Nematoda,Chromadorea,Rhabditida,Amidostomidae,Amidostomum
Amidostomum acutum,Nova Scotia,44.68198659999999,-63.744311,1,freshwater,Animalia,Nematoda,Chromadorea,Rhabditida,Amidostomidae,Amidostomum
Epomidiostomum uncinatum,New Brunswick,46.5653163,-66.46191639999999,1,freshwater,Animalia,Nematoda,Chromadorea,Rhabditida,Trichostrongylidae,Epomidiostomum
Epomidiostomum uncinatum,Nova Scotia,44.68198659999999,-63.744311,1,freshwater,Animalia,Nematoda,Chromadorea,Rhabditida,Trichostrongylidae,Epomidiostomum
Streptocara crassicauda,Newfoundland,53.1355091,-57.6604364,3,freshwater,Animalia,Nematoda,Chromadorea,Rhabditida,Acuariidae,Streptocara
Tetrameres crami,Ontario,51.253775,-85.323214,2,freshwater,Animalia,Nematoda,Chromadorea,Rhabditida,Tetrameridae,Tetrameres
Tetrameres crami,Quebec,52.9399159,-73.5491361,2,freshwater,Animalia,Nematoda,Chromadorea,Rhabditida,Tetrameridae,Tetrameres
Echinuria uncinata,Alberta,53.9332706,-116.5765035,2,freshwater,Animalia,Nematoda,Chromadorea,Rhabditida,Acuariidae,Echinuria
Amidostomum acutum,Newfoundland,53.1355091,-57.6604364,1,freshwater,Animalia,Nematoda,Chromadorea,Rhabditida,Amidostomidae,Amidostomum
Amidostomum acutum,Ontario,51.253775,-85.323214,1,freshwater,Animalia,Nematoda,Chromadorea,Rhabditida,Amidostomidae,Amidostomum
Capillaria anatis,New Brunswick,46.5653163,-66.46191639999999,2,terrestrial,Animalia,Nematoda,Enoplea,Trichinellida,Capillariidae,Capillaria
Capillaria anatis,Newfoundland,53.1355091,-57.6604364,2,terrestrial,Animalia,Nematoda,Enoplea,Trichinellida,Capillariidae,Capillaria
Capillaria anatis,Ontario,51.253775,-85.323214,2,terrestrial,Animalia,Nematoda,Enoplea,Trichinellida,Capillariidae,Capillaria
Capillaria anatis,Quebec,52.9399159,-73.5491361,2,terrestrial,Animalia,Nematoda,Enoplea,Trichinellida,Capillariidae,Capillaria
Epomidiostomum uncinatum,Newfoundland,53.1355091,-57.6604364,1,freshwater,Animalia,Nematoda,Chromadorea,Rhabditida,Trichostrongylidae,Epomidiostomum
Streptocara crassicauda,Ontario,51.253775,-85.323214,3,freshwater,Animalia,Nematoda,Chromadorea,Rhabditida,Acuariidae,Streptocara
Amidostomum acutum,British Columbia,53.7266683,-127.6476205,1,freshwater,Animalia,Nematoda,Chromadorea,Rhabditida,Amidostomidae,Amidostomum
Streptocara crassicauda,New Brunswick,46.5653163,-66.46191639999999,3,freshwater,Animalia,Nematoda,Chromadorea,Rhabditida,Acuariidae,Streptocara
Capillaria anatis,British Columbia,53.7266683,-127.6476205,2,terrestrial,Animalia,Nematoda,Enoplea,Trichinellida,Capillariidae,Capillaria
Echinuria uncinata,Newfoundland,53.1355091,-57.6604364,2,freshwater,Animalia,Nematoda,Chromadorea,Rhabditida,Acuariidae,Echinuria
Ascaridia galli,Ontario,51.253775,-85.323214,1,terrestrial,Animalia,Nematoda,Chromadorea,Rhabditida,Ascaridiidae,Ascaridia
Cheilospirura spinosa,Ontario,51.253775,-85.323214,2,terrestrial,Animalia,Nematoda,Chromadorea,Rhabditida,Acuariidae,Cheilospirura
Ascaridia galli,Manitoba,53.7608608,-98.8138762,1,terrestrial,Animalia,Nematoda,Chromadorea,Rhabditida,Ascaridiidae,Ascaridia
Heterakis gallinarum,Manitoba,53.7608608,-98.8138762,2,terrestrial,Animalia,Nematoda,Chromadorea,Rhabditida,Heterakidae,Heterakis
Heterakis gallinarum,Saskatchewan,52.9399159,-106.4508639,2,terrestrial,Animalia,Nematoda,Chromadorea,Rhabditida,Heterakidae,Heterakis
Ascaridia compar,Newfoundland,53.1355091,-57.6604364,1,terrestrial,Animalia,Nematoda,Chromadorea,Rhabditida,Ascaridiidae,Ascaridia
Cheilospirura spinosa,British Columbia,53.7266683,-127.6476205,2,terrestrial,Animalia,Nematoda,Chromadorea,Rhabditida,Acuariidae,Cheilospirura
Geopetitia aspiculata,Manitoba,53.7608608,-98.8138762,2,terrestrial,Animalia,Nematoda,Chromadorea,Rhabditida,Tetrameridae,Geopetitia
Dispharynx nasuta,Alberta,53.9332706,-116.5765035,2,terrestrial,Animalia,Nematoda,Chromadorea,Rhabditida,Acuariidae,Dispharynx
Physocephalus sexalatus,Alberta,53.9332706,-116.5765035,3,terrestrial,Animalia,Nematoda,Chromadorea,Rhabditida,Spirocercidae,Physocephalus
Physocephalus sexalatus,Manitoba,53.7608608,-98.8138762,3,terrestrial,Animalia,Nematoda,Chromadorea,Rhabditida,Spirocercidae,Physocephalus
Echinuria uncinata,New Brunswick,46.5653163,-66.46191639999999,2,freshwater,Animalia,Nematoda,Chromadorea,Rhabditida,Acuariidae,Echinuria
Echinuria uncinata,Saskatchewan,52.9399159,-106.4508639,2,freshwater,Animalia,Nematoda,Chromadorea,Rhabditida,Acuariidae,Echinuria
Cosmocephalus obvelatus,Alberta,53.9332706,-116.5765035,3,freshwater,Animalia,Nematoda,Chromadorea,Rhabditida,Acuariidae,Cosmocephalus
Cosmocephalus obvelatus,Newfoundland,53.1355091,-57.6604364,3,freshwater,Animalia,Nematoda,Chromadorea,Rhabditida,Acuariidae,Cosmocephalus
Cosmocephalus obvelatus,Quebec,52.9399159,-73.5491361,3,freshwater,Animalia,Nematoda,Chromadorea,Rhabditida,Acuariidae,Cosmocephalus
Cosmocephalus obvelatus,Ontario,51.253775,-85.323214,3,freshwater,Animalia,Nematoda,Chromadorea,Rhabditida,Acuariidae,Cosmocephalus
Ornithostrongylus quadriradiatus,Ontario,51.253775,-85.323214,1,terrestrial,Animalia,Nematoda,Chromadorea,Rhabditida,Heligmosomidae,Ornithostrongylus
Ornithostrongylus quadriradiatus,Canada,56.130366,-106.346771,1,terrestrial,Animalia,Nematoda,Chromadorea,Rhabditida,Heligmosomidae,Ornithostrongylus
Acuaria anthuris,Ontario,51.253775,-85.323214,2,terrestrial,Animalia,Nematoda,Chromadorea,Rhabditida,Acuariidae,Acuaria
Acuaria anthuris,Quebec,52.9399159,-73.5491361,2,terrestrial,Animalia,Nematoda,Chromadorea,Rhabditida,Acuariidae,Acuaria
Diplotriaena tricuspis,Ontario,51.253775,-85.323214,2,terrestrial,Animalia,Nematoda,Chromadorea,Rhabditida,Diplotriaenidae,Diplotriaena
Microtetrameres helix,Manitoba,53.7608608,-98.8138762,2,terrestrial,Animalia,Nematoda,Chromadorea,Rhabditida,Tetrameridae,Microtetrameres
Microtetrameres helix,Quebec,52.9399159,-73.5491361,2,terrestrial,Animalia,Nematoda,Chromadorea,Rhabditida,Tetrameridae,Microtetrameres
Porrocaecum ensicaudatum,Quebec,52.9399159,-73.5491361,2,terrestrial,Animalia,Nematoda,Chromadorea,Rhabditida,Ascarididae,Porrocaecum
Diplotriaena bargusinica,Ontario,51.253775,-85.323214,2,terrestrial,Animalia,Nematoda,Chromadorea,Rhabditida,Diplotriaenidae,Diplotriaena
Porrocaecum ensicaudatum,Ontario,51.253775,-85.323214,2,terrestrial,Animalia,Nematoda,Chromadorea,Rhabditida,Ascarididae,Porrocaecum
Diplotriaena agelaius,Ontario,51.253775,-85.323214,2,terrestrial,Animalia,Nematoda,Chromadorea,Rhabditida,Diplotriaenidae,Diplotriaena
Diplotriaena bargusinica,Manitoba,53.7608608,-98.8138762,2,terrestrial,Animalia,Nematoda,Chromadorea,Rhabditida,Diplotriaenidae,Diplotriaena
Dispharynx nasuta,Manitoba,53.7608608,-98.8138762,2,terrestrial,Animalia,Nematoda,Chromadorea,Rhabditida,Acuariidae,Dispharynx
Dispharynx nasuta,Quebec,52.9399159,-73.5491361,2,terrestrial,Animalia,Nematoda,Chromadorea,Rhabditida,Acuariidae,Dispharynx
Porrocaecum ensicaudatum,Manitoba,53.7608608,-98.8138762,2,terrestrial,Animalia,Nematoda,Chromadorea,Rhabditida,Ascarididae,Porrocaecum
Oswaldocruzia filiformis,Canary Islands,28.2915637,-16.6291304,1,terrestrial,Animalia,Nematoda,Chromadorea,Rhabditida,Molineidae,Oswaldocruzia
Megalobatrachonema terdentatum,Spain + Andalusia,37.5442706,-4.7277528,2,freshwater,Animalia,Nematoda,Chromadorea,Rhabditida,Cosmocercidae,Megalobatrachonema
Ascaris lumbricoides,Ontario,51.253775,-85.323214,1,terrestrial,Animalia,Nematoda,Chromadorea,Rhabditida,Ascarididae,Ascaris
Ascaris suum,Ontario,51.253775,-85.323214,1,terrestrial,Animalia,Nematoda,Chromadorea,Rhabditida,Ascarididae,Ascaris
Cooperia oncophora,New Brunswick,46.5653163,-66.46191639999999,1,terrestrial,Animalia,Nematoda,Chromadorea,Rhabditida,Trichostrongylidae,Cooperia
Cooperia oncophora,Newfoundland,53.1355091,-57.6604364,1,terrestrial,Animalia,Nematoda,Chromadorea,Rhabditida,Trichostrongylidae,Cooperia
Dictyocaulus viviparus,Newfoundland,53.1355091,-57.6604364,1,terrestrial,Animalia,Nematoda,Chromadorea,Rhabditida,Metastrongylidae,Dictyocaulus
Dictyocaulus viviparus,Quebec,52.9399159,-73.5491361,1,terrestrial,Animalia,Nematoda,Chromadorea,Rhabditida,Metastrongylidae,Dictyocaulus
Haemonchus contortus,Quebec,52.9399159,-73.5491361,1,terrestrial,Animalia,Nematoda,Chromadorea,Rhabditida,Trichostrongylidae,Haemonchus
Nematodirus helvetianus,New Brunswick,46.5653163,-66.46191639999999,1,terrestrial,Animalia,Nematoda,Chromadorea,Rhabditida,Molineidae,Nematodirus
Oesophagostomum radiatum,New Brunswick,46.5653163,-66.46191639999999,1,terrestrial,Animalia,Nematoda,Chromadorea,Rhabditida,Strongylidae,Oesophagostomum
Oesophagostomum radiatum,Newfoundland,53.1355091,-57.6604364,1,terrestrial,Animalia,Nematoda,Chromadorea,Rhabditida,Strongylidae,Oesophagostomum
Oesophagostomum radiatum,Ontario,51.253775,-85.323214,1,terrestrial,Animalia,Nematoda,Chromadorea,Rhabditida,Strongylidae,Oesophagostomum
Oesophagostomum radiatum,Quebec,52.9399159,-73.5491361,1,terrestrial,Animalia,Nematoda,Chromadorea,Rhabditida,Strongylidae,Oesophagostomum
Ostertagia ostertagi,New Brunswick,46.5653163,-66.46191639999999,1,terrestrial,Animalia,Nematoda,Chromadorea,Rhabditida,Trichostrongylidae,Ostertagia
Ostertagia ostertagi,Quebec,52.9399159,-73.5491361,1,terrestrial,Animalia,Nematoda,Chromadorea,Rhabditida,Trichostrongylidae,Ostertagia
Trichostrongylus axei,New Brunswick,46.5653163,-66.46191639999999,1,terrestrial,Animalia,Nematoda,Chromadorea,Rhabditida,Trichostrongylidae,Trichostrongylus
Trichostrongylus axei,Quebec,52.9399159,-73.5491361,1,terrestrial,Animalia,Nematoda,Chromadorea,Rhabditida,Trichostrongylidae,Trichostrongylus
Trichuris discolor,New Brunswick,46.5653163,-66.46191639999999,1,terrestrial,Animalia,Nematoda,Enoplea,Trichinellida,Trichuridae,Trichuris
Trichuris discolor,Quebec,52.9399159,-73.5491361,1,terrestrial,Animalia,Nematoda,Enoplea,Trichinellida,Trichuridae,Trichuris
Trichuris ovis,New Brunswick,46.5653163,-66.46191639999999,1,terrestrial,Animalia,Nematoda,Enoplea,Trichinellida,Trichinellidae,Trichocephalus
Trichuris ovis,Quebec,52.9399159,-73.5491361,1,terrestrial,Animalia,Nematoda,Enoplea,Trichinellida,Trichinellidae,Trichocephalus
Muellerius capillaris,Ontario,51.253775,-85.323214,2,terrestrial,Animalia,Nematoda,Chromadorea,Rhabditida,Metastrongylidae,Muellerius
Ascaris suum,Quebec,52.9399159,-73.5491361,1,terrestrial,Animalia,Nematoda,Chromadorea,Rhabditida,Ascarididae,Ascaris
Chabertia ovina,Canada,56.130366,-106.346771,1,terrestrial,Animalia,Nematoda,Chromadorea,Rhabditida,Strongylidae,Chabertia
Chabertia ovina,Nova Scotia,44.68198659999999,-63.744311,1,terrestrial,Animalia,Nematoda,Chromadorea,Rhabditida,Strongylidae,Chabertia
Chabertia ovina,Ontario,51.253775,-85.323214,1,terrestrial,Animalia,Nematoda,Chromadorea,Rhabditida,Strongylidae,Chabertia
Chabertia ovina,Quebec,52.9399159,-73.5491361,1,terrestrial,Animalia,Nematoda,Chromadorea,Rhabditida,Strongylidae,Chabertia
Cooperia curticei,Canada,56.130366,-106.346771,1,terrestrial,Animalia,Nematoda,Chromadorea,Rhabditida,Trichostrongylidae,Cooperia
Cooperia curticei,Nova Scotia,44.68198659999999,-63.744311,1,terrestrial,Animalia,Nematoda,Chromadorea,Rhabditida,Trichostrongylidae,Cooperia
Cooperia curticei,Ontario,51.253775,-85.323214,1,terrestrial,Animalia,Nematoda,Chromadorea,Rhabditida,Trichostrongylidae,Cooperia
Cooperia curticei,Quebec,52.9399159,-73.5491361,1,terrestrial,Animalia,Nematoda,Chromadorea,Rhabditida,Trichostrongylidae,Cooperia
Cooperia oncophora,Nova Scotia,44.68198659999999,-63.744311,1,terrestrial,Animalia,Nematoda,Chromadorea,Rhabditida,Trichostrongylidae,Cooperia
Cooperia oncophora,Quebec,52.9399159,-73.5491361,1,terrestrial,Animalia,Nematoda,Chromadorea,Rhabditida,Trichostrongylidae,Cooperia
Dictyocaulus filaria,Alberta,53.9332706,-116.5765035,1,terrestrial,Animalia,Nematoda,Chromadorea,Rhabditida,Metastrongylidae,Dictyocaulus
Dictyocaulus filaria,Newfoundland,53.1355091,-57.6604364,1,terrestrial,Animalia,Nematoda,Chromadorea,Rhabditida,Metastrongylidae,Dictyocaulus
Dictyocaulus filaria,Ontario,51.253775,-85.323214,1,terrestrial,Animalia,Nematoda,Chromadorea,Rhabditida,Metastrongylidae,Dictyocaulus
Dictyocaulus filaria,Quebec,52.9399159,-73.5491361,1,terrestrial,Animalia,Nematoda,Chromadorea,Rhabditida,Metastrongylidae,Dictyocaulus
Gongylonema pulchrum,Canada,56.130366,-106.346771,2,terrestrial,Animalia,Nematoda,Chromadorea,Rhabditida,Gongylonematidae,Gongylonema
Gongylonema pulchrum,Ontario,51.253775,-85.323214,2,terrestrial,Animalia,Nematoda,Chromadorea,Rhabditida,Gongylonematidae,Gongylonema
Haemonchus contortus,Nova Scotia,44.68198659999999,-63.744311,1,terrestrial,Animalia,Nematoda,Chromadorea,Rhabditida,Trichostrongylidae,Haemonchus
Muellerius capillaris,Canada,56.130366,-106.346771,2,terrestrial,Animalia,Nematoda,Chromadorea,Rhabditida,Metastrongylidae,Muellerius
Nematodirus abnormalis,Newfoundland,53.1355091,-57.6604364,1,terrestrial,Animalia,Nematoda,Chromadorea,Rhabditida,Molineidae,Nematodirus
Nematodirus battus,Nova Scotia,44.68198659999999,-63.744311,1,terrestrial,Animalia,Nematoda,Chromadorea,Rhabditida,Molineidae,Nematodirus
Nematodirus filicollis,Nova Scotia,44.68198659999999,-63.744311,1,terrestrial,Animalia,Nematoda,Chromadorea,Rhabditida,Molineidae,Nematodirus
Nematodirus filicollis,Ontario,51.253775,-85.323214,1,terrestrial,Animalia,Nematoda,Chromadorea,Rhabditida,Molineidae,Nematodirus
Nematodirus filicollis,Quebec,52.9399159,-73.5491361,1,terrestrial,Animalia,Nematoda,Chromadorea,Rhabditida,Molineidae,Nematodirus
Nematodirus spathiger,Canada,56.130366,-106.346771,1,terrestrial,Animalia,Nematoda,Chromadorea,Rhabditida,Molineidae,Nematodirus
Nematodirus spathiger,Newfoundland,53.1355091,-57.6604364,1,terrestrial,Animalia,Nematoda,Chromadorea,Rhabditida,Molineidae,Nematodirus
Nematodirus spathiger,Nova Scotia,44.68198659999999,-63.744311,1,terrestrial,Animalia,Nematoda,Chromadorea,Rhabditida,Molineidae,Nematodirus
Nematodirus spathiger,Ontario,51.253775,-85.323214,1,terrestrial,Animalia,Nematoda,Chromadorea,Rhabditida,Molineidae,Nematodirus
Nematodirus spathiger,Quebec,52.9399159,-73.5491361,1,terrestrial,Animalia,Nematoda,Chromadorea,Rhabditida,Molineidae,Nematodirus
Oesophagostomum columbianum,Canada,56.130366,-106.346771,1,terrestrial,Animalia,Nematoda,Chromadorea,Rhabditida,Strongylidae,Oesophagostomum
Oesophagostomum columbianum,Nova Scotia,44.68198659999999,-63.744311,1,terrestrial,Animalia,Nematoda,Chromadorea,Rhabditida,Strongylidae,Oesophagostomum
Oesophagostomum columbianum,Ontario,51.253775,-85.323214,1,terrestrial,Animalia,Nematoda,Chromadorea,Rhabditida,Strongylidae,Oesophagostomum
Oesophagostomum columbianum,Quebec,52.9399159,-73.5491361,1,terrestrial,Animalia,Nematoda,Chromadorea,Rhabditida,Strongylidae,Oesophagostomum
Oesophagostomum venulosum,Newfoundland,53.1355091,-57.6604364,1,terrestrial,Animalia,Nematoda,Chromadorea,Rhabditida,Strongylidae,Oesophagostomum
Oesophagostomum venulosum,Nova Scotia,44.68198659999999,-63.744311,1,terrestrial,Animalia,Nematoda,Chromadorea,Rhabditida,Strongylidae,Oesophagostomum
Oesophagostomum venulosum,Quebec,52.9399159,-73.5491361,1,terrestrial,Animalia,Nematoda,Chromadorea,Rhabditida,Strongylidae,Oesophagostomum
Blatticola blattae,France,46.227638,2.213749,1,terrestrial,Animalia,Nematoda,Chromadorea,Rhabditida,Thelastomatidae,Blatticola
Ascaris lumbricoides,British Columbia,53.7266683,-127.6476205,1,terrestrial,Animalia,Nematoda,Chromadorea,Rhabditida,Ascarididae,Ascaris
Ascaris lumbricoides,Alberta,53.9332706,-116.5765035,1,terrestrial,Animalia,Nematoda,Chromadorea,Rhabditida,Ascarididae,Ascaris
Ascaris lumbricoides,Saskatchewan,52.9399159,-106.4508639,1,terrestrial,Animalia,Nematoda,Chromadorea,Rhabditida,Ascarididae,Ascaris
Ascaris lumbricoides,Manitoba,53.7608608,-98.8138762,1,terrestrial,Animalia,Nematoda,Chromadorea,Rhabditida,Ascarididae,Ascaris
Ascaris lumbricoides,Quebec,52.9399159,-73.5491361,1,terrestrial,Animalia,Nematoda,Chromadorea,Rhabditida,Ascarididae,Ascaris
Ascaris lumbricoides,Labrador,48.66,-56.22,1,terrestrial,Animalia,Nematoda,Chromadorea,Rhabditida,Ascarididae,Ascaris
Ascaris lumbricoides,Newfoundland,53.1355091,-57.6604364,1,terrestrial,Animalia,Nematoda,Chromadorea,Rhabditida,Ascarididae,Ascaris
Ascaris lumbricoides,New Brunswick,46.5653163,-66.46191639999999,1,terrestrial,Animalia,Nematoda,Chromadorea,Rhabditida,Ascarididae,Ascaris
Ascaris lumbricoides,Nova Scotia,44.68198659999999,-63.744311,1,terrestrial,Animalia,Nematoda,Chromadorea,Rhabditida,Ascarididae,Ascaris
Ascaris suum,Newfoundland,53.1355091,-57.6604364,1,terrestrial,Animalia,Nematoda,Chromadorea,Rhabditida,Ascarididae,Ascaris
Ascaris suum,Saskatchewan,52.9399159,-106.4508639,1,terrestrial,Animalia,Nematoda,Chromadorea,Rhabditida,Ascarididae,Ascaris
Hyostrongylus rubidus,Ontario,51.253775,-85.323214,1,terrestrial,Animalia,Nematoda,Chromadorea,Rhabditida,Trichostrongylidae,Hyostrongylus
Hyostrongylus rubidus,Quebec,52.9399159,-73.5491361,1,terrestrial,Animalia,Nematoda,Chromadorea,Rhabditida,Trichostrongylidae,Hyostrongylus
Metastrongylus apri,New Brunswick,46.5653163,-66.46191639999999,2,terrestrial,Animalia,Nematoda,Chromadorea,Rhabditida,Metastrongylidae,Metastrongylus
Metastrongylus pudendotectus,Ontario,51.253775,-85.323214,2,terrestrial,Animalia,Nematoda,Chromadorea,Rhabditida,Metastrongylidae,Metastrongylus
Metastrongylus salmi,Nova Scotia,44.68198659999999,-63.744311,2,terrestrial,Animalia,Nematoda,Chromadorea,Rhabditida,Metastrongylidae,Metastrongylus
Metastrongylus salmi,Ontario,51.253775,-85.323214,2,terrestrial,Animalia,Nematoda,Chromadorea,Rhabditida,Metastrongylidae,Metastrongylus
Metastrongylus salmi,Quebec,52.9399159,-73.5491361,2,terrestrial,Animalia,Nematoda,Chromadorea,Rhabditida,Metastrongylidae,Metastrongylus
Oesophagostomum dentatum,New Brunswick,46.5653163,-66.46191639999999,1,terrestrial,Animalia,Nematoda,Chromadorea,Rhabditida,Strongylidae,Oesophagostomum
Oesophagostomum dentatum,Ontario,51.253775,-85.323214,1,terrestrial,Animalia,Nematoda,Chromadorea,Rhabditida,Strongylidae,Oesophagostomum
Oesophagostomum dentatum,Quebec,52.9399159,-73.5491361,1,terrestrial,Animalia,Nematoda,Chromadorea,Rhabditida,Strongylidae,Oesophagostomum
Oesophagostomum quadrispinulatum,New Brunswick,46.5653163,-66.46191639999999,1,terrestrial,Animalia,Nematoda,Chromadorea,Rhabditida,Strongylidae,Oesophagostomum
Ollulanus tricuspis,Ontario,51.253775,-85.323214,1,terrestrial,Animalia,Nematoda,Chromadorea,Rhabditida,Molineidae,Ollulanus
Stephanurus dentatus,Manitoba,53.7608608,-98.8138762,2,terrestrial,Animalia,Nematoda,Chromadorea,Rhabditida,Strongylidae,Stephanurus
Stephanurus dentatus,Nova Scotia,44.68198659999999,-63.744311,2,terrestrial,Animalia,Nematoda,Chromadorea,Rhabditida,Strongylidae,Stephanurus
Parelaphostrongylus tenuis,Ontario,51.253775,-85.323214,2,terrestrial,Animalia,Nematoda,Chromadorea,Rhabditida,Metastrongylidae,Parelaphostrongylus
Trichostrongylus axei,Nova Scotia,44.68198659999999,-63.744311,1,terrestrial,Animalia,Nematoda,Chromadorea,Rhabditida,Trichostrongylidae,Trichostrongylus
Trichostrongylus colubriformis,Canada,56.130366,-106.346771,1,terrestrial,Animalia,Nematoda,Chromadorea,Rhabditida,Trichostrongylidae,Trichostrongylus
Trichostrongylus colubriformis,Nova Scotia,44.68198659999999,-63.744311,1,terrestrial,Animalia,Nematoda,Chromadorea,Rhabditida,Trichostrongylidae,Trichostrongylus
Trichostrongylus colubriformis,Ontario,51.253775,-85.323214,1,terrestrial,Animalia,Nematoda,Chromadorea,Rhabditida,Trichostrongylidae,Trichostrongylus
Trichostrongylus colubriformis,Quebec,52.9399159,-73.5491361,1,terrestrial,Animalia,Nematoda,Chromadorea,Rhabditida,Trichostrongylidae,Trichostrongylus
Trichostrongylus vitrinus,Canada,56.130366,-106.346771,1,terrestrial,Animalia,Nematoda,Chromadorea,Rhabditida,Trichostrongylidae,Trichostrongylus
Trichostrongylus vitrinus,Nova Scotia,44.68198659999999,-63.744311,1,terrestrial,Animalia,Nematoda,Chromadorea,Rhabditida,Trichostrongylidae,Trichostrongylus
Trichostrongylus vitrinus,Quebec,52.9399159,-73.5491361,1,terrestrial,Animalia,Nematoda,Chromadorea,Rhabditida,Trichostrongylidae,Trichostrongylus
Trichuris ovis,Newfoundland,53.1355091,-57.6604364,1,terrestrial,Animalia,Nematoda,Enoplea,Trichinellida,Trichinellidae,Trichocephalus
Trichuris ovis,Nova Scotia,44.68198659999999,-63.744311,1,terrestrial,Animalia,Nematoda,Enoplea,Trichinellida,Trichinellidae,Trichocephalus
Syphacia muris,Java,-7.29,109.9,1,terrestrial,Animalia,Nematoda,Chromadorea,Rhabditida,Oxyuridae,Syphacia
Trichuris suis,New Brunswick,46.5653163,-66.46191639999999,1,terrestrial,Animalia,Nematoda,Enoplea,Trichinellida,Trichuridae,Trichuris
Trichuris suis,Ontario,51.253775,-85.323214,1,terrestrial,Animalia,Nematoda,Enoplea,Trichinellida,Trichuridae,Trichuris
Trichuris suis,Quebec,52.9399159,-73.5491361,1,terrestrial,Animalia,Nematoda,Enoplea,Trichinellida,Trichuridae,Trichuris
Crenosoma vulpis,Newfoundland,53.1355091,-57.6604364,2,terrestrial,Animalia,Nematoda,Chromadorea,Rhabditida,Metastrongylidae,Crenosoma
Oslerus osleri,Quebec,52.9399159,-73.5491361,1,terrestrial,Animalia,Nematoda,Chromadorea,Rhabditida,Filaroididae,Filaroides
Physaloptera rara,Quebec,52.9399159,-73.5491361,3,terrestrial,Animalia,Nematoda,Chromadorea,Rhabditida,Physalopteridae,Physaloptera
Toxascaris leonina,New Brunswick,46.5653163,-66.46191639999999,2,terrestrial,Animalia,Nematoda,Chromadorea,Rhabditida,Ascarididae,Toxascaris
Toxascaris leonina,Newfoundland,53.1355091,-57.6604364,2,terrestrial,Animalia,Nematoda,Chromadorea,Rhabditida,Ascarididae,Toxascaris
Toxascaris leonina,Nova Scotia,44.68198659999999,-63.744311,2,terrestrial,Animalia,Nematoda,Chromadorea,Rhabditida,Ascarididae,Toxascaris
Toxascaris leonina,Northwest Territories,64.8255441,-124.8457334,2,terrestrial,Animalia,Nematoda,Chromadorea,Rhabditida,Ascarididae,Toxascaris
Toxascaris leonina,Ontario,51.253775,-85.323214,2,terrestrial,Animalia,Nematoda,Chromadorea,Rhabditida,Ascarididae,Toxascaris
Toxascaris leonina,Quebec,52.9399159,-73.5491361,2,terrestrial,Animalia,Nematoda,Chromadorea,Rhabditida,Ascarididae,Toxascaris
Toxascaris leonina,Saskatchewan,52.9399159,-106.4508639,2,terrestrial,Animalia,Nematoda,Chromadorea,Rhabditida,Ascarididae,Toxascaris
Toxocara canis,Manitoba,53.7608608,-98.8138762,2,terrestrial,Animalia,Nematoda,Chromadorea,Rhabditida,Ascarididae,Toxocara
Toxocara canis,New Brunswick,46.5653163,-66.46191639999999,2,terrestrial,Animalia,Nematoda,Chromadorea,Rhabditida,Ascarididae,Toxocara
Toxocara canis,Newfoundland,53.1355091,-57.6604364,2,terrestrial,Animalia,Nematoda,Chromadorea,Rhabditida,Ascarididae,Toxocara
Toxocara canis,Nova Scotia,44.68198659999999,-63.744311,2,terrestrial,Animalia,Nematoda,Chromadorea,Rhabditida,Ascarididae,Toxocara
Toxocara canis,Northwest Territories,64.8255441,-124.8457334,2,terrestrial,Animalia,Nematoda,Chromadorea,Rhabditida,Ascarididae,Toxocara
Toxocara canis,Ontario,51.253775,-85.323214,2,terrestrial,Animalia,Nematoda,Chromadorea,Rhabditida,Ascarididae,Toxocara
Toxocara canis,Quebec,52.9399159,-73.5491361,2,terrestrial,Animalia,Nematoda,Chromadorea,Rhabditida,Ascarididae,Toxocara
Toxocara canis,Saskatchewan,52.9399159,-106.4508639,2,terrestrial,Animalia,Nematoda,Chromadorea,Rhabditida,Ascarididae,Toxocara
Trichuris vulpis,Newfoundland,53.1355091,-57.6604364,1,terrestrial,Animalia,Nematoda,Enoplea,Trichinellida,Trichuridae,Trichuris
Trichuris vulpis,Ontario,51.253775,-85.323214,1,terrestrial,Animalia,Nematoda,Enoplea,Trichinellida,Trichuridae,Trichuris
Trichuris vulpis,Quebec,52.9399159,-73.5491361,1,terrestrial,Animalia,Nematoda,Enoplea,Trichinellida,Trichuridae,Trichuris
Uncinaria stenocephala,British Columbia,53.7266683,-127.6476205,1,terrestrial,Animalia,Nematoda,Chromadorea,Rhabditida,Ancylostomatidae,Uncinaria
Uncinaria stenocephala,Newfoundland,53.1355091,-57.6604364,1,terrestrial,Animalia,Nematoda,Chromadorea,Rhabditida,Ancylostomatidae,Uncinaria
Uncinaria stenocephala,Northwest Territories,64.8255441,-124.8457334,1,terrestrial,Animalia,Nematoda,Chromadorea,Rhabditida,Ancylostomatidae,Uncinaria
Uncinaria stenocephala,Ontario,51.253775,-85.323214,1,terrestrial,Animalia,Nematoda,Chromadorea,Rhabditida,Ancylostomatidae,Uncinaria
Uncinaria stenocephala,Quebec,52.9399159,-73.5491361,1,terrestrial,Animalia,Nematoda,Chromadorea,Rhabditida,Ancylostomatidae,Uncinaria
Cyathostomum catinatum,Alberta,53.9332706,-116.5765035,1,terrestrial,Animalia,Nematoda,Chromadorea,Rhabditida,Strongylidae,Cyathostomum
Cyathostomum catinatum,Newfoundland,53.1355091,-57.6604364,1,terrestrial,Animalia,Nematoda,Chromadorea,Rhabditida,Strongylidae,Cyathostomum
Cyathostomum catinatum,Saskatchewan,52.9399159,-106.4508639,1,terrestrial,Animalia,Nematoda,Chromadorea,Rhabditida,Strongylidae,Cyathostomum
Cylicocyclus nassatus,Alberta,53.9332706,-116.5765035,1,terrestrial,Animalia,Nematoda,Chromadorea,Rhabditida,Strongylidae,Cylicocyclus
Cylicocyclus nassatus,Newfoundland,53.1355091,-57.6604364,1,terrestrial,Animalia,Nematoda,Chromadorea,Rhabditida,Strongylidae,Cylicocyclus
Cylicocyclus nassatus,Saskatchewan,52.9399159,-106.4508639,1,terrestrial,Animalia,Nematoda,Chromadorea,Rhabditida,Strongylidae,Cylicocyclus
Dictyocaulus arnfieldi,Ontario,51.253775,-85.323214,1,terrestrial,Animalia,Nematoda,Chromadorea,Rhabditida,Metastrongylidae,Dictyocaulus
Oxyuris equi,New Brunswick,46.5653163,-66.46191639999999,1,terrestrial,Animalia,Nematoda,Chromadorea,Rhabditida,Oxyuridae,Oxyuris
Oxyuris equi,Newfoundland,53.1355091,-57.6604364,1,terrestrial,Animalia,Nematoda,Chromadorea,Rhabditida,Oxyuridae,Oxyuris
Oxyuris equi,Ontario,51.253775,-85.323214,1,terrestrial,Animalia,Nematoda,Chromadorea,Rhabditida,Oxyuridae,Oxyuris
Oxyuris equi,Quebec,52.9399159,-73.5491361,1,terrestrial,Animalia,Nematoda,Chromadorea,Rhabditida,Oxyuridae,Oxyuris
Parascaris equorum,New Brunswick,46.5653163,-66.46191639999999,1,terrestrial,Animalia,Nematoda,Chromadorea,Rhabditida,Ascarididae,Parascaris
Parascaris equorum,Newfoundland,53.1355091,-57.6604364,1,terrestrial,Animalia,Nematoda,Chromadorea,Rhabditida,Ascarididae,Parascaris
Parascaris equorum,Ontario,51.253775,-85.323214,1,terrestrial,Animalia,Nematoda,Chromadorea,Rhabditida,Ascarididae,Parascaris
Parascaris equorum,Quebec,52.9399159,-73.5491361,1,terrestrial,Animalia,Nematoda,Chromadorea,Rhabditida,Ascarididae,Parascaris
Strongylus edentatus,Alberta,53.9332706,-116.5765035,1,terrestrial,Animalia,Nematoda,Chromadorea,Rhabditida,Strongylidae,Strongylus
Strongylus edentatus,New Brunswick,46.5653163,-66.46191639999999,1,terrestrial,Animalia,Nematoda,Chromadorea,Rhabditida,Strongylidae,Strongylus
Strongylus edentatus,Newfoundland,53.1355091,-57.6604364,1,terrestrial,Animalia,Nematoda,Chromadorea,Rhabditida,Strongylidae,Strongylus
Strongylus edentatus,Ontario,51.253775,-85.323214,1,terrestrial,Animalia,Nematoda,Chromadorea,Rhabditida,Strongylidae,Strongylus
Strongylus edentatus,Quebec,52.9399159,-73.5491361,1,terrestrial,Animalia,Nematoda,Chromadorea,Rhabditida,Strongylidae,Strongylus
Strongylus edentatus,Saskatchewan,52.9399159,-106.4508639,1,terrestrial,Animalia,Nematoda,Chromadorea,Rhabditida,Strongylidae,Strongylus
Strongylus equinus,Alberta,53.9332706,-116.5765035,1,terrestrial,Animalia,Nematoda,Chromadorea,Rhabditida,Strongylidae,Strongylus
Strongylus equinus,New Brunswick,46.5653163,-66.46191639999999,1,terrestrial,Animalia,Nematoda,Chromadorea,Rhabditida,Strongylidae,Strongylus
Strongylus equinus,Ontario,51.253775,-85.323214,1,terrestrial,Animalia,Nematoda,Chromadorea,Rhabditida,Strongylidae,Strongylus
Strongylus equinus,Quebec,52.9399159,-73.5491361,1,terrestrial,Animalia,Nematoda,Chromadorea,Rhabditida,Strongylidae,Strongylus
Strongylus equinus,Saskatchewan,52.9399159,-106.4508639,1,terrestrial,Animalia,Nematoda,Chromadorea,Rhabditida,Strongylidae,Strongylus
Strongylus vulgaris,Alberta,53.9332706,-116.5765035,1,terrestrial,Animalia,Nematoda,Chromadorea,Rhabditida,Strongylidae,Strongylus
Strongylus vulgaris,New Brunswick,46.5653163,-66.46191639999999,1,terrestrial,Animalia,Nematoda,Chromadorea,Rhabditida,Strongylidae,Strongylus
Strongylus vulgaris,Newfoundland,53.1355091,-57.6604364,1,terrestrial,Animalia,Nematoda,Chromadorea,Rhabditida,Strongylidae,Strongylus
Strongylus vulgaris,Ontario,51.253775,-85.323214,1,terrestrial,Animalia,Nematoda,Chromadorea,Rhabditida,Strongylidae,Strongylus
Strongylus vulgaris,Quebec,52.9399159,-73.5491361,1,terrestrial,Animalia,Nematoda,Chromadorea,Rhabditida,Strongylidae,Strongylus
Strongylus vulgaris,Saskatchewan,52.9399159,-106.4508639,1,terrestrial,Animalia,Nematoda,Chromadorea,Rhabditida,Strongylidae,Strongylus
Triodontophorus tenuicollis,Alberta,53.9332706,-116.5765035,1,terrestrial,Animalia,Nematoda,Chromadorea,Rhabditida,Strongylidae,Triodontophorus
Triodontophorus tenuicollis,Saskatchewan,52.9399159,-106.4508639,1,terrestrial,Animalia,Nematoda,Chromadorea,Rhabditida,Strongylidae,Triodontophorus
Toxocara canis,Trinidad & Tobago,10.3757217,-61.23355919999999,2,terrestrial,Animalia,Nematoda,Chromadorea,Rhabditida,Ascarididae,Toxocara
Ascaris lumbricoides,Trinidad & Tobago,10.3757217,-61.23355919999999,1,terrestrial,Animalia,Nematoda,Chromadorea,Rhabditida,Ascarididae,Ascaris
Trichuris trichiura,Trinidad & Tobago,10.3757217,-61.23355919999999,1,terrestrial,Animalia,Nematoda,Enoplea,Trichinellida,Trichuridae,Trichuris
Ascaris suum,Pakistan,30.375321,69.34511599999999,1,terrestrial,Animalia,Nematoda,Chromadorea,Rhabditida,Ascarididae,Ascaris
Metastrongylus apri,Pakistan,30.375321,69.34511599999999,2,terrestrial,Animalia,Nematoda,Chromadorea,Rhabditida,Metastrongylidae,Metastrongylus
Ascarops strongylina,Pakistan,30.375321,69.34511599999999,3,terrestrial,Animalia,Nematoda,Chromadorea,Rhabditida,Spirocercidae,Ascarops
Procamallanus laeviconchus,Egypt,26.820553,30.802498,3,freshwater,Animalia,Nematoda,Chromadorea,Rhabditida,Camallanidae,Procamallanus
Crenosoma vulpis,"England, Wales + Isle of Man",54.236107,-4.548056,2,terrestrial,Animalia,Nematoda,Chromadorea,Rhabditida,Metastrongylidae,Crenosoma
Dictyocaulus eckerti,Finland,61.92410999999999,25.7481511,1,terrestrial,Animalia,Nematoda,Chromadorea,Rhabditida,Metastrongylidae,Dictyocaulus
Ascaridia galli,Indonesia & Malaysia,-0.789275,113.921327,1,terrestrial,Animalia,Nematoda,Chromadorea,Rhabditida,Ascaridiidae,Ascaridia
Heterakis gallinarum,Indonesia & Malaysia,-0.789275,113.921327,2,terrestrial,Animalia,Nematoda,Chromadorea,Rhabditida,Heterakidae,Heterakis
Ascarophis morrhuae,Western coast of British Isles,56.41323389999999,-5.472362899999999,2,marine,Animalia,Nematoda,Chromadorea,Rhabditida,Cystidicolidae,Ascarophis
Baylisascaris procyonis,Indiana,40.2671941,-86.1349019,2,terrestrial,Animalia,Nematoda,Chromadorea,Rhabditida,Ascarididae,Baylisascaris
Toxocara vitulorum,Japan,36.204824,138.252924,1,terrestrial,Animalia,Nematoda,Chromadorea,Rhabditida,Ascarididae,Toxocara
Ornithostrongylus quadriradiatus,District of Columbia/Delaware/New Jersey/Maryland,39.0457549,-76.64127119999999,1,terrestrial,Animalia,Nematoda,Chromadorea,Rhabditida,Heligmosomidae,Ornithostrongylus
Oesophagostomum dentatum,Italy,41.87194,12.56738,1,terrestrial,Animalia,Nematoda,Chromadorea,Rhabditida,Strongylidae,Oesophagostomum
Ascarops strongylina,Italy,41.87194,12.56738,3,terrestrial,Animalia,Nematoda,Chromadorea,Rhabditida,Spirocercidae,Ascarops
Gongylonema pulchrum,Italy,41.87194,12.56738,2,terrestrial,Animalia,Nematoda,Chromadorea,Rhabditida,Gongylonematidae,Gongylonema
Hyostrongylus rubidus,Italy,41.87194,12.56738,1,terrestrial,Animalia,Nematoda,Chromadorea,Rhabditida,Trichostrongylidae,Hyostrongylus
Anguillicola novaezelandiae,Victoria,-37.01,144.75,3,freshwater,Animalia,Nematoda,Chromadorea,Rhabditida,Anguillicolidae,Anguillicola
Enterobius vermicularis,District of Columbia/Delaware/New Jersey/Maryland,39.0457549,-76.64127119999999,1,terrestrial,Animalia,Nematoda,Chromadorea,Rhabditida,Oxyuridae,Enterobius
Trichuris trichiura,District of Columbia/Delaware/New Jersey/Maryland,39.0457549,-76.64127119999999,1,terrestrial,Animalia,Nematoda,Enoplea,Trichinellida,Trichuridae,Trichuris
Syphacia muris,Japan,36.204824,138.252924,1,terrestrial,Animalia,Nematoda,Chromadorea,Rhabditida,Oxyuridae,Syphacia
Teladorsagia circumcincta,Syria,34.80207499999999,38.996815,1,terrestrial,Animalia,Nematoda,Chromadorea,Rhabditida,Trichostrongylidae,Ostertagia
Trichostrongylus vitrinus,Syria,34.80207499999999,38.996815,1,terrestrial,Animalia,Nematoda,Chromadorea,Rhabditida,Trichostrongylidae,Trichostrongylus
Gongylonema pulchrum,Japan,36.204824,138.252924,2,terrestrial,Animalia,Nematoda,Chromadorea,Rhabditida,Gongylonematidae,Gongylonema
Philometroides cyprini,Japan,36.204824,138.252924,2,freshwater,Animalia,Nematoda,Chromadorea,Rhabditida,Philometridae,Philometroides
Anguillicola crassus,Japan,36.204824,138.252924,3,freshwater,Animalia,Nematoda,Chromadorea,Rhabditida,Anguillicolidae,Anguillicola
Trichospirura leptostoma,Switzerland + Lichtenstein,47.3682887,8.5374552,2,terrestrial,Animalia,Nematoda,Chromadorea,Rhabditida,Rhabdochonidae,Trichospirura
Parelaphostrongylus tenuis,Iowa,41.8780025,-93.097702,2,terrestrial,Animalia,Nematoda,Chromadorea,Rhabditida,Metastrongylidae,Parelaphostrongylus
Hadjelia truncata,Cyprus,35.126413,33.429859,2,terrestrial,Animalia,Nematoda,Chromadorea,Rhabditida,Habronematidae,Hadjelia
Crenosoma striatum,Western Europe,46.2021848,1.2643875,2,terrestrial,Animalia,Nematoda,Chromadorea,Rhabditida,Metastrongylidae,Crenosoma
Uncinaria stenocephala,Iran,32.427908,53.688046,1,terrestrial,Animalia,Nematoda,Chromadorea,Rhabditida,Ancylostomatidae,Uncinaria
Toxocara cati,Iran,32.427908,53.688046,2,terrestrial,Animalia,Nematoda,Chromadorea,Rhabditida,Ascarididae,Toxocara
Physaloptera praeputialis,Iran,32.427908,53.688046,3,terrestrial,Animalia,Nematoda,Chromadorea,Rhabditida,Physalopteridae,Physaloptera
Ascaris lumbricoides,Sudan,12.862807,30.217636,1,terrestrial,Animalia,Nematoda,Chromadorea,Rhabditida,Ascarididae,Ascaris
Trichuris trichiura,Sudan,12.862807,30.217636,1,terrestrial,Animalia,Nematoda,Enoplea,Trichinellida,Trichuridae,Trichuris
Trichuris trichiura,United States,37.09024,-95.712891,1,terrestrial,Animalia,Nematoda,Enoplea,Trichinellida,Trichuridae,Trichuris
Ascaris lumbricoides,United States,37.09024,-95.712891,1,terrestrial,Animalia,Nematoda,Chromadorea,Rhabditida,Ascarididae,Ascaris
Trichuris trichiura,Kenya,-0.023559,37.906193,1,terrestrial,Animalia,Nematoda,Enoplea,Trichinellida,Trichuridae,Trichuris
Ascaris lumbricoides,Kenya,-0.023559,37.906193,1,terrestrial,Animalia,Nematoda,Chromadorea,Rhabditida,Ascarididae,Ascaris
Otostrongylus circumlitus,Lake Baikal,53.5587003,108.1649965,2,marine,Animalia,Nematoda,Chromadorea,Rhabditida,Crenosomatidae,Otostrongylus
Camallanus xenentodoni,Bangladesh,23.684994,90.356331,2,freshwater,Animalia,Nematoda,Chromadorea,Rhabditida,Camallanidae,Camallanus
Metastrongylus apri,Germany,51.165691,10.451526,2,terrestrial,Animalia,Nematoda,Chromadorea,Rhabditida,Metastrongylidae,Metastrongylus
Metastrongylus salmi,Germany,51.165691,10.451526,2,terrestrial,Animalia,Nematoda,Chromadorea,Rhabditida,Metastrongylidae,Metastrongylus
Metastrongylus pudendotectus,Germany,51.165691,10.451526,2,terrestrial,Animalia,Nematoda,Chromadorea,Rhabditida,Metastrongylidae,Metastrongylus
Physocephalus sexalatus,Germany,51.165691,10.451526,3,terrestrial,Animalia,Nematoda,Chromadorea,Rhabditida,Spirocercidae,Physocephalus
Hyostrongylus rubidus,Germany,51.165691,10.451526,1,terrestrial,Animalia,Nematoda,Chromadorea,Rhabditida,Trichostrongylidae,Hyostrongylus
Ascaris suum,Germany,51.165691,10.451526,1,terrestrial,Animalia,Nematoda,Chromadorea,Rhabditida,Ascarididae,Ascaris
Trichuris suis,Germany,51.165691,10.451526,1,terrestrial,Animalia,Nematoda,Enoplea,Trichinellida,Trichuridae,Trichuris
Oesophagostomum dentatum,Germany,51.165691,10.451526,1,terrestrial,Animalia,Nematoda,Chromadorea,Rhabditida,Strongylidae,Oesophagostomum
Oesophagostomum quadrispinulatum,Germany,51.165691,10.451526,1,terrestrial,Animalia,Nematoda,Chromadorea,Rhabditida,Strongylidae,Oesophagostomum
Cosmocephalus obvelatus,Yugoslavia,37.09024,-95.712891,3,freshwater,Animalia,Nematoda,Chromadorea,Rhabditida,Acuariidae,Cosmocephalus
Parelaphostrongylus tenuis,Maine,45.253783,-69.4454689,2,terrestrial,Animalia,Nematoda,Chromadorea,Rhabditida,Metastrongylidae,Parelaphostrongylus
Thubunaea baylisi,European USSR (CIS),54.5259614,15.2551187,2,terrestrial,Animalia,Nematoda,Chromadorea,Rhabditida,Physalopteridae,Thubunaea
Hysterothylacium analarum,Ontario,51.253775,-85.323214,3,freshwater,Animalia,Nematoda,Chromadorea,Rhabditida,Raphidascarididae,Hysterothylacium
Anisakis simplex,New Brunswick,46.5653163,-66.46191639999999,4,marine,Animalia,Nematoda,Chromadorea,Rhabditida,Anisakidae,Anisakis
Pseudoterranova decipiens,New Brunswick,46.5653163,-66.46191639999999,4,marine,Animalia,Nematoda,Chromadorea,Rhabditida,Anisakidae,Pseudoterranova
Cylicostephanus longibursatus,Scotland,56.49067119999999,-4.2026458,1,terrestrial,Animalia,Nematoda,Chromadorea,Rhabditida,Strongylidae,Cylicostephanus
Cylicocyclus nassatus,Scotland,56.49067119999999,-4.2026458,1,terrestrial,Animalia,Nematoda,Chromadorea,Rhabditida,Strongylidae,Cylicocyclus
Cyathostomum catinatum,Scotland,56.49067119999999,-4.2026458,1,terrestrial,Animalia,Nematoda,Chromadorea,Rhabditida,Strongylidae,Cyathostomum
Ostertagia ostertagi,California,36.778261,-119.4179324,1,terrestrial,Animalia,Nematoda,Chromadorea,Rhabditida,Trichostrongylidae,Ostertagia
Oesophagostomum venulosum,Mali,17.570692,-3.996166,1,terrestrial,Animalia,Nematoda,Chromadorea,Rhabditida,Strongylidae,Oesophagostomum
Cooperia pectinata,Mali,17.570692,-3.996166,1,terrestrial,Animalia,Nematoda,Chromadorea,Rhabditida,Trichostrongylidae,Cooperia
Ascaris lumbricoides,Gabon,-0.803689,11.609444,1,terrestrial,Animalia,Nematoda,Chromadorea,Rhabditida,Ascarididae,Ascaris
Trichostrongylus colubriformis,Yugoslavia,37.09024,-95.712891,1,terrestrial,Animalia,Nematoda,Chromadorea,Rhabditida,Trichostrongylidae,Trichostrongylus
Trichostrongylus vitrinus,Yugoslavia,37.09024,-95.712891,1,terrestrial,Animalia,Nematoda,Chromadorea,Rhabditida,Trichostrongylidae,Trichostrongylus
Trichostrongylus axei,Yugoslavia,37.09024,-95.712891,1,terrestrial,Animalia,Nematoda,Chromadorea,Rhabditida,Trichostrongylidae,Trichostrongylus
Ostertagia ostertagi,Yugoslavia,37.09024,-95.712891,1,terrestrial,Animalia,Nematoda,Chromadorea,Rhabditida,Trichostrongylidae,Ostertagia
Haemonchus contortus,Yugoslavia,37.09024,-95.712891,1,terrestrial,Animalia,Nematoda,Chromadorea,Rhabditida,Trichostrongylidae,Haemonchus
Nematodirus filicollis,Yugoslavia,37.09024,-95.712891,1,terrestrial,Animalia,Nematoda,Chromadorea,Rhabditida,Molineidae,Nematodirus
Nematodirus spathiger,Yugoslavia,37.09024,-95.712891,1,terrestrial,Animalia,Nematoda,Chromadorea,Rhabditida,Molineidae,Nematodirus
Nematodirus abnormalis,Yugoslavia,37.09024,-95.712891,1,terrestrial,Animalia,Nematoda,Chromadorea,Rhabditida,Molineidae,Nematodirus
Oesophagostomum venulosum,Yugoslavia,37.09024,-95.712891,1,terrestrial,Animalia,Nematoda,Chromadorea,Rhabditida,Strongylidae,Oesophagostomum
Chabertia ovina,Yugoslavia,37.09024,-95.712891,1,terrestrial,Animalia,Nematoda,Chromadorea,Rhabditida,Strongylidae,Chabertia
Ostertagia ostertagi,South Australia,-30.0002315,136.2091547,1,terrestrial,Animalia,Nematoda,Chromadorea,Rhabditida,Trichostrongylidae,Ostertagia
Pseudoterranova decipiens,Spain + Andalusia,37.5442706,-4.7277528,4,marine,Animalia,Nematoda,Chromadorea,Rhabditida,Anisakidae,Pseudoterranova
Toxocara vitulorum,Java,-7.29,109.9,1,terrestrial,Animalia,Nematoda,Chromadorea,Rhabditida,Ascarididae,Toxocara
Ostertagia ostertagi,Tennessee,35.5174913,-86.5804473,1,terrestrial,Animalia,Nematoda,Chromadorea,Rhabditida,Trichostrongylidae,Ostertagia
Haemonchus contortus,Greece,39.074208,21.824312,1,terrestrial,Animalia,Nematoda,Chromadorea,Rhabditida,Trichostrongylidae,Haemonchus
Trichostrongylus axei,Greece,39.074208,21.824312,1,terrestrial,Animalia,Nematoda,Chromadorea,Rhabditida,Trichostrongylidae,Trichostrongylus
Trichostrongylus colubriformis,Greece,39.074208,21.824312,1,terrestrial,Animalia,Nematoda,Chromadorea,Rhabditida,Trichostrongylidae,Trichostrongylus
Nematodirus filicollis,Greece,39.074208,21.824312,1,terrestrial,Animalia,Nematoda,Chromadorea,Rhabditida,Molineidae,Nematodirus
Cooperia oncophora,Greece,39.074208,21.824312,1,terrestrial,Animalia,Nematoda,Chromadorea,Rhabditida,Trichostrongylidae,Cooperia
Aonchotheca putorii,Spain + Andalusia,37.5442706,-4.7277528,2,terrestrial,Animalia,Nematoda,Enoplea,Trichinellida,Capillariidae,Aonchotheca
Pearsonema plica,Spain + Andalusia,37.5442706,-4.7277528,2,terrestrial,Animalia,Nematoda,Enoplea,Trichinellida,Trichuridae,Pearsonema
Trichuris trichiura,Chile,-35.675147,-71.542969,1,terrestrial,Animalia,Nematoda,Enoplea,Trichinellida,Trichuridae,Trichuris
Ascaris lumbricoides,Chile,-35.675147,-71.542969,1,terrestrial,Animalia,Nematoda,Chromadorea,Rhabditida,Ascarididae,Ascaris
Oesophagostomum radiatum,Venezuela,6.42375,-66.58973,1,terrestrial,Animalia,Nematoda,Chromadorea,Rhabditida,Strongylidae,Oesophagostomum
Toxocara canis,Yugoslavia,37.09024,-95.712891,2,terrestrial,Animalia,Nematoda,Chromadorea,Rhabditida,Ascarididae,Toxocara
Toxascaris leonina,Yugoslavia,37.09024,-95.712891,2,terrestrial,Animalia,Nematoda,Chromadorea,Rhabditida,Ascarididae,Toxascaris
Trichuris vulpis,Yugoslavia,37.09024,-95.712891,1,terrestrial,Animalia,Nematoda,Enoplea,Trichinellida,Trichuridae,Trichuris
Uncinaria stenocephala,Yugoslavia,37.09024,-95.712891,1,terrestrial,Animalia,Nematoda,Chromadorea,Rhabditida,Ancylostomatidae,Uncinaria
Angiostrongylus cantonensis,Egypt,26.820553,30.802498,3,terrestrial,Animalia,Nematoda,Chromadorea,Rhabditida,Metastrongylidae,Angiostrongylus
Enterobius vermicularis,Iran,32.427908,53.688046,1,terrestrial,Animalia,Nematoda,Chromadorea,Rhabditida,Oxyuridae,Enterobius
Syphacia muris,"England, Wales + Isle of Man",54.236107,-4.548056,1,terrestrial,Animalia,Nematoda,Chromadorea,Rhabditida,Oxyuridae,Syphacia
Paracamallanus cyathopharynx,Egypt,26.820553,30.802498,2,freshwater,Animalia,Nematoda,Chromadorea,Rhabditida,Camallanidae,Paracamallanus
Ascaris suum,South Australia,-30.0002315,136.2091547,1,terrestrial,Animalia,Nematoda,Chromadorea,Rhabditida,Ascarididae,Ascaris
Ascarops strongylina,South Australia,-30.0002315,136.2091547,3,terrestrial,Animalia,Nematoda,Chromadorea,Rhabditida,Spirocercidae,Ascarops
Hyostrongylus rubidus,South Australia,-30.0002315,136.2091547,1,terrestrial,Animalia,Nematoda,Chromadorea,Rhabditida,Trichostrongylidae,Hyostrongylus
Oesophagostomum dentatum,South Australia,-30.0002315,136.2091547,1,terrestrial,Animalia,Nematoda,Chromadorea,Rhabditida,Strongylidae,Oesophagostomum
Oswaldocruzia filiformis,France,46.227638,2.213749,1,terrestrial,Animalia,Nematoda,Chromadorea,Rhabditida,Molineidae,Oswaldocruzia
Oswaldocruzia filiformis,Corsica,42.0396042,9.012892599999999,1,terrestrial,Animalia,Nematoda,Chromadorea,Rhabditida,Molineidae,Oswaldocruzia
Oswaldocruzia filiformis,Switzerland + Lichtenstein,47.3682887,8.5374552,1,terrestrial,Animalia,Nematoda,Chromadorea,Rhabditida,Molineidae,Oswaldocruzia
Trichuris trichiura,Guinea,9.945587,-9.696645,1,terrestrial,Animalia,Nematoda,Enoplea,Trichinellida,Trichuridae,Trichuris
Ascaris lumbricoides,Guinea,9.945587,-9.696645,1,terrestrial,Animalia,Nematoda,Chromadorea,Rhabditida,Ascarididae,Ascaris
Trichuris trichiura,Andaman Islands,11.7400867,92.6586401,1,terrestrial,Animalia,Nematoda,Enoplea,Trichinellida,Trichuridae,Trichuris
Trichuris vulpis,Andaman Islands,11.7400867,92.6586401,1,terrestrial,Animalia,Nematoda,Enoplea,Trichinellida,Trichuridae,Trichuris
Camallanus truncatus,Baltic Sea,58.48795200000001,19.863281,2,freshwater,Animalia,Nematoda,Chromadorea,Rhabditida,Camallanidae,Camallanus
Anisakis simplex,Norwegian Sea,68.8773537,3.13966,4,marine,Animalia,Nematoda,Chromadorea,Rhabditida,Anisakidae,Anisakis
Anisakis simplex,Western Iberian coast,40.4830106,-4.087557299999999,4,marine,Animalia,Nematoda,Chromadorea,Rhabditida,Anisakidae,Anisakis
Trichuris discolor,Japan,36.204824,138.252924,1,terrestrial,Animalia,Nematoda,Enoplea,Trichinellida,Trichuridae,Trichuris
Cosmocephalus obvelatus,Aral Sea,45.3963063,59.6134113,3,freshwater,Animalia,Nematoda,Chromadorea,Rhabditida,Acuariidae,Cosmocephalus
Mastophorus muris,Japan,36.204824,138.252924,2,terrestrial,Animalia,Nematoda,Chromadorea,Rhabditida,Spirocercidae,Mastophorus
Haemonchus contortus,"England, Wales + Isle of Man",54.236107,-4.548056,1,terrestrial,Animalia,Nematoda,Chromadorea,Rhabditida,Trichostrongylidae,Haemonchus
Trichostrongylus axei,"England, Wales + Isle of Man",54.236107,-4.548056,1,terrestrial,Animalia,Nematoda,Chromadorea,Rhabditida,Trichostrongylidae,Trichostrongylus
Nematodirus battus,"England, Wales + Isle of Man",54.236107,-4.548056,1,terrestrial,Animalia,Nematoda,Chromadorea,Rhabditida,Molineidae,Nematodirus
Nematodirus filicollis,"England, Wales + Isle of Man",54.236107,-4.548056,1,terrestrial,Animalia,Nematoda,Chromadorea,Rhabditida,Molineidae,Nematodirus
Cooperia oncophora,Orange Free State,-28.4541105,26.7967849,1,terrestrial,Animalia,Nematoda,Chromadorea,Rhabditida,Trichostrongylidae,Cooperia
Haemonchus contortus,Armenia,40.069099,45.038189,1,terrestrial,Animalia,Nematoda,Chromadorea,Rhabditida,Trichostrongylidae,Haemonchus
Nematodirus abnormalis,Armenia,40.069099,45.038189,1,terrestrial,Animalia,Nematoda,Chromadorea,Rhabditida,Molineidae,Nematodirus
Nematodirus filicollis,Armenia,40.069099,45.038189,1,terrestrial,Animalia,Nematoda,Chromadorea,Rhabditida,Molineidae,Nematodirus
Nematodirus spathiger,Armenia,40.069099,45.038189,1,terrestrial,Animalia,Nematoda,Chromadorea,Rhabditida,Molineidae,Nematodirus
Enterobius vermicularis,Guinea-Bissau,11.803749,-15.180413,1,terrestrial,Animalia,Nematoda,Chromadorea,Rhabditida,Oxyuridae,Enterobius
Oesophagostomum bifurcum,Guinea-Bissau,11.803749,-15.180413,1,terrestrial,Animalia,Nematoda,Chromadorea,Rhabditida,Strongylidae,Oesophagostomum
Ascaris lumbricoides,Mozambique,-18.665695,35.529562,1,terrestrial,Animalia,Nematoda,Chromadorea,Rhabditida,Ascarididae,Ascaris
Trichuris trichiura,Mozambique,-18.665695,35.529562,1,terrestrial,Animalia,Nematoda,Enoplea,Trichinellida,Trichuridae,Trichuris
Oxyuris equi,Iraq,33.223191,43.679291,1,terrestrial,Animalia,Nematoda,Chromadorea,Rhabditida,Oxyuridae,Oxyuris
Trichostrongylus axei,Iraq,33.223191,43.679291,1,terrestrial,Animalia,Nematoda,Chromadorea,Rhabditida,Trichostrongylidae,Trichostrongylus
Parascaris equorum,Iraq,33.223191,43.679291,1,terrestrial,Animalia,Nematoda,Chromadorea,Rhabditida,Ascarididae,Parascaris
Ascaridia galli,Mozambique,-18.665695,35.529562,1,terrestrial,Animalia,Nematoda,Chromadorea,Rhabditida,Ascaridiidae,Ascaridia
Ascaris suum,Mozambique,-18.665695,35.529562,1,terrestrial,Animalia,Nematoda,Chromadorea,Rhabditida,Ascarididae,Ascaris
Spirocerca lupi,Mozambique,-18.665695,35.529562,3,terrestrial,Animalia,Nematoda,Chromadorea,Rhabditida,Spirocercidae,Spirocerca
Toxocara canis,Mozambique,-18.665695,35.529562,2,terrestrial,Animalia,Nematoda,Chromadorea,Rhabditida,Ascarididae,Toxocara
Toxocara cati,Mozambique,-18.665695,35.529562,2,terrestrial,Animalia,Nematoda,Chromadorea,Rhabditida,Ascarididae,Toxocara
Toxocara vitulorum,Mozambique,-18.665695,35.529562,1,terrestrial,Animalia,Nematoda,Chromadorea,Rhabditida,Ascarididae,Toxocara
Trichuris suis,Mozambique,-18.665695,35.529562,1,terrestrial,Animalia,Nematoda,Enoplea,Trichinellida,Trichuridae,Trichuris
Trichuris vulpis,Mozambique,-18.665695,35.529562,1,terrestrial,Animalia,Nematoda,Enoplea,Trichinellida,Trichuridae,Trichuris
Proleptus obtusus,Western coast of British Isles,56.41323389999999,-5.472362899999999,2,marine,Animalia,Nematoda,Chromadorea,Rhabditida,Physalopteridae,Proleptus
Strongylus vulgaris,Ethiopia (incl. Dhibouti),11.59516,43.146473,1,terrestrial,Animalia,Nematoda,Chromadorea,Rhabditida,Strongylidae,Strongylus
Strongylus edentatus,Ethiopia (incl. Dhibouti),11.59516,43.146473,1,terrestrial,Animalia,Nematoda,Chromadorea,Rhabditida,Strongylidae,Strongylus
Strongylus equinus,Ethiopia (incl. Dhibouti),11.59516,43.146473,1,terrestrial,Animalia,Nematoda,Chromadorea,Rhabditida,Strongylidae,Strongylus
Trichostrongylus axei,Ethiopia (incl. Dhibouti),11.59516,43.146473,1,terrestrial,Animalia,Nematoda,Chromadorea,Rhabditida,Trichostrongylidae,Trichostrongylus
Oxyuris equi,Ethiopia (incl. Dhibouti),11.59516,43.146473,1,terrestrial,Animalia,Nematoda,Chromadorea,Rhabditida,Oxyuridae,Oxyuris
Parascaris equorum,Ethiopia (incl. Dhibouti),11.59516,43.146473,1,terrestrial,Animalia,Nematoda,Chromadorea,Rhabditida,Ascarididae,Parascaris
Nematodirus helvetianus,Saskatchewan,52.9399159,-106.4508639,1,terrestrial,Animalia,Nematoda,Chromadorea,Rhabditida,Molineidae,Nematodirus
Dictyocaulus filaria,Morocco,31.791702,-7.092619999999999,1,terrestrial,Animalia,Nematoda,Chromadorea,Rhabditida,Metastrongylidae,Dictyocaulus
Parascaris equorum,Japan,36.204824,138.252924,1,terrestrial,Animalia,Nematoda,Chromadorea,Rhabditida,Ascarididae,Parascaris
Toxocara canis,Germany,51.165691,10.451526,2,terrestrial,Animalia,Nematoda,Chromadorea,Rhabditida,Ascarididae,Toxocara
Parascaris equorum,Transvaal,-23.59,29.13,1,terrestrial,Animalia,Nematoda,Chromadorea,Rhabditida,Ascarididae,Parascaris
Trichostrongylus colubriformis,Argentina,-38.416097,-63.61667199999999,1,terrestrial,Animalia,Nematoda,Chromadorea,Rhabditida,Trichostrongylidae,Trichostrongylus
Trichostrongylus axei,Morocco,31.791702,-7.092619999999999,1,terrestrial,Animalia,Nematoda,Chromadorea,Rhabditida,Trichostrongylidae,Trichostrongylus
Parascaris equorum,Morocco,31.791702,-7.092619999999999,1,terrestrial,Animalia,Nematoda,Chromadorea,Rhabditida,Ascarididae,Parascaris
Strongylus vulgaris,Morocco,31.791702,-7.092619999999999,1,terrestrial,Animalia,Nematoda,Chromadorea,Rhabditida,Strongylidae,Strongylus
Strongylus edentatus,Morocco,31.791702,-7.092619999999999,1,terrestrial,Animalia,Nematoda,Chromadorea,Rhabditida,Strongylidae,Strongylus
Oxyuris equi,Morocco,31.791702,-7.092619999999999,1,terrestrial,Animalia,Nematoda,Chromadorea,Rhabditida,Oxyuridae,Oxyuris
Strongylus equinus,Morocco,31.791702,-7.092619999999999,1,terrestrial,Animalia,Nematoda,Chromadorea,Rhabditida,Strongylidae,Strongylus
Dictyocaulus arnfieldi,Morocco,31.791702,-7.092619999999999,1,terrestrial,Animalia,Nematoda,Chromadorea,Rhabditida,Metastrongylidae,Dictyocaulus
Cosmocephalus obvelatus,Iceland,64.963051,-19.020835,3,freshwater,Animalia,Nematoda,Chromadorea,Rhabditida,Acuariidae,Cosmocephalus
Oesophagostomum columbianum,Yugoslavia,37.09024,-95.712891,1,terrestrial,Animalia,Nematoda,Chromadorea,Rhabditida,Strongylidae,Oesophagostomum
Trichuris skrjabini,Turkmenistan,38.969719,59.556278,1,terrestrial,Animalia,Nematoda,Enoplea,Trichinellida,Trichuridae,Trichuris
Angiostrongylus vasorum,"England, Wales + Isle of Man",54.236107,-4.548056,3,terrestrial,Animalia,Nematoda,Chromadorea,Rhabditida,Metastrongylidae,Angiostrongylus
Baylisascaris procyonis,Ontario,51.253775,-85.323214,2,terrestrial,Animalia,Nematoda,Chromadorea,Rhabditida,Ascarididae,Baylisascaris
Angiostrongylus cantonensis,Dominican Republic,18.735693,-70.162651,3,terrestrial,Animalia,Nematoda,Chromadorea,Rhabditida,Metastrongylidae,Angiostrongylus
Trichostrongylus vitrinus,Italy,41.87194,12.56738,1,terrestrial,Animalia,Nematoda,Chromadorea,Rhabditida,Trichostrongylidae,Trichostrongylus
Trichostrongylus colubriformis,Italy,41.87194,12.56738,1,terrestrial,Animalia,Nematoda,Chromadorea,Rhabditida,Trichostrongylidae,Trichostrongylus
Chabertia ovina,Italy,41.87194,12.56738,1,terrestrial,Animalia,Nematoda,Chromadorea,Rhabditida,Strongylidae,Chabertia
Trichuris skrjabini,Italy,41.87194,12.56738,1,terrestrial,Animalia,Nematoda,Enoplea,Trichinellida,Trichuridae,Trichuris
Protostrongylus rufescens,Italy,41.87194,12.56738,2,terrestrial,Animalia,Nematoda,Chromadorea,Rhabditida,Metastrongylidae,Protostrongylus
Protostrongylus hobmaieri,Italy,41.87194,12.56738,2,terrestrial,Animalia,Nematoda,Chromadorea,Rhabditida,Metastrongylidae,Protostrongylus
Dictyocaulus filaria,Italy,41.87194,12.56738,1,terrestrial,Animalia,Nematoda,Chromadorea,Rhabditida,Metastrongylidae,Dictyocaulus
Cooperia curticei,Italy,41.87194,12.56738,1,terrestrial,Animalia,Nematoda,Chromadorea,Rhabditida,Trichostrongylidae,Cooperia
Nematodirus abnormalis,Italy,41.87194,12.56738,1,terrestrial,Animalia,Nematoda,Chromadorea,Rhabditida,Molineidae,Nematodirus
Nematodirus helvetianus,Italy,41.87194,12.56738,1,terrestrial,Animalia,Nematoda,Chromadorea,Rhabditida,Molineidae,Nematodirus
Nematodirus spathiger,Italy,41.87194,12.56738,1,terrestrial,Animalia,Nematoda,Chromadorea,Rhabditida,Molineidae,Nematodirus
Skrjabinema ovis,Italy,41.87194,12.56738,1,terrestrial,Animalia,Nematoda,Chromadorea,Rhabditida,Oxyuridae,Skrjabinema
Varestrongylus sagittatus,Italy,41.87194,12.56738,2,terrestrial,Animalia,Nematoda,Chromadorea,Rhabditida,Metastrongylidae,Varestrongylus
Cooperia oncophora,Italy,41.87194,12.56738,1,terrestrial,Animalia,Nematoda,Chromadorea,Rhabditida,Trichostrongylidae,Cooperia
Cooperia pectinata,Italy,41.87194,12.56738,1,terrestrial,Animalia,Nematoda,Chromadorea,Rhabditida,Trichostrongylidae,Cooperia
Cooperia punctata,Italy,41.87194,12.56738,1,terrestrial,Animalia,Nematoda,Chromadorea,Rhabditida,Trichostrongylidae,Cooperia
Echinuria uncinata,Iraq,33.223191,43.679291,2,freshwater,Animalia,Nematoda,Chromadorea,Rhabditida,Acuariidae,Echinuria
Hedruris spinigera,New Zealand,-40.900557,174.885971,2,freshwater,Animalia,Nematoda,Chromadorea,Rhabditida,Hedruridae,Hedruris
Cooperia punctata,United States,37.09024,-95.712891,1,terrestrial,Animalia,Nematoda,Chromadorea,Rhabditida,Trichostrongylidae,Cooperia
Cooperia pectinata,United States,37.09024,-95.712891,1,terrestrial,Animalia,Nematoda,Chromadorea,Rhabditida,Trichostrongylidae,Cooperia
Thelastoma bulhoesi,Colorado,39.5500507,-105.7820674,1,terrestrial,Animalia,Nematoda,Chromadorea,Rhabditida,Thelastomatidae,Thelastoma
Hyostrongylus rubidus,District of Columbia/Delaware/New Jersey/Maryland,39.0457549,-76.64127119999999,1,terrestrial,Animalia,Nematoda,Chromadorea,Rhabditida,Trichostrongylidae,Hyostrongylus
Hyostrongylus rubidus,Iowa,41.8780025,-93.097702,1,terrestrial,Animalia,Nematoda,Chromadorea,Rhabditida,Trichostrongylidae,Hyostrongylus
Hyostrongylus rubidus,Louisiana,30.9842977,-91.96233269999999,1,terrestrial,Animalia,Nematoda,Chromadorea,Rhabditida,Trichostrongylidae,Hyostrongylus
Hyostrongylus rubidus,Puerto Rico,18.220833,-66.590149,1,terrestrial,Animalia,Nematoda,Chromadorea,Rhabditida,Trichostrongylidae,Hyostrongylus
Hyostrongylus rubidus,Florida,27.6648274,-81.5157535,1,terrestrial,Animalia,Nematoda,Chromadorea,Rhabditida,Trichostrongylidae,Hyostrongylus
Skrjabinoptera phrynosoma,Mexico,23.634501,-102.552784,2,terrestrial,Animalia,Nematoda,Chromadorea,Rhabditida,Physalopteridae,Skrjabinoptera
Angiostrongylus vasorum,Denmark,56.26392,9.501785,3,terrestrial,Animalia,Nematoda,Chromadorea,Rhabditida,Metastrongylidae,Angiostrongylus
Ascaridia galli,British Columbia,53.7266683,-127.6476205,1,terrestrial,Animalia,Nematoda,Chromadorea,Rhabditida,Ascaridiidae,Ascaridia
Porrocaecum ensicaudatum,British Columbia,53.7266683,-127.6476205,2,terrestrial,Animalia,Nematoda,Chromadorea,Rhabditida,Ascarididae,Porrocaecum
Aplectana macintoshii,Japan,36.204824,138.252924,1,terrestrial,Animalia,Nematoda,Chromadorea,Rhabditida,Cosmocercidae,Oxysomatium
Parafilaroides decorus,Pacific coast of USA,62.4113634,-149.0729714,2,marine,Animalia,Nematoda,Chromadorea,Rhabditida,Filaroididae,Parafilaroides
Otostrongylus circumlitus,Pacific coast of USA,62.4113634,-149.0729714,2,marine,Animalia,Nematoda,Chromadorea,Rhabditida,Crenosomatidae,Otostrongylus
Oslerus osleri,Germany,51.165691,10.451526,1,terrestrial,Animalia,Nematoda,Chromadorea,Rhabditida,Filaroididae,Filaroides
Ascaris lumbricoides,Taiwan,23.69781,120.960515,1,terrestrial,Animalia,Nematoda,Chromadorea,Rhabditida,Ascarididae,Ascaris
Heterakis spumosa,Germany,51.165691,10.451526,2,terrestrial,Animalia,Nematoda,Chromadorea,Rhabditida,Heterakidae,Heterakis
Eustrongylides excisus,Georgia (USSR),42.315407,43.35689199999999,3,freshwater,Animalia,Nematoda,Enoplea,Dioctophymatida,Dioctophymatidae,Eustrongylides
Raphidascaris acus,Georgia (USSR),42.315407,43.35689199999999,3,freshwater,Animalia,Nematoda,Chromadorea,Rhabditida,Raphidascarididae,Raphidascaris
Camallanus truncatus,Georgia (USSR),42.315407,43.35689199999999,2,freshwater,Animalia,Nematoda,Chromadorea,Rhabditida,Camallanidae,Camallanus
Philometra rischta,Georgia (USSR),42.315407,43.35689199999999,2,freshwater,Animalia,Nematoda,Chromadorea,Rhabditida,Philometridae,Philometra
Philometra ovata,Georgia (USSR),42.315407,43.35689199999999,2,freshwater,Animalia,Nematoda,Chromadorea,Rhabditida,Philometridae,Philometra
Filaroides hirthi,France,46.227638,2.213749,1,terrestrial,Animalia,Nematoda,Chromadorea,Rhabditida,Filaroididae,Filaroides
Hyostrongylus rubidus,Denmark,56.26392,9.501785,1,terrestrial,Animalia,Nematoda,Chromadorea,Rhabditida,Trichostrongylidae,Hyostrongylus
Oesophagostomum dentatum,Denmark,56.26392,9.501785,1,terrestrial,Animalia,Nematoda,Chromadorea,Rhabditida,Strongylidae,Oesophagostomum
Rhabdochona denudata,Georgia (USSR),42.315407,43.35689199999999,2,freshwater,Animalia,Nematoda,Chromadorea,Rhabditida,Rhabdochonidae,Rhabdochona
Libyostrongylus douglassii,Victoria,-37.01,144.75,1,terrestrial,Animalia,Nematoda,Chromadorea,Rhabditida,Trichostrongylidae,Libyostrongylus
Enterobius vermicularis,Egypt,26.820553,30.802498,1,terrestrial,Animalia,Nematoda,Chromadorea,Rhabditida,Oxyuridae,Enterobius
Syphacia muris,Egypt,26.820553,30.802498,1,terrestrial,Animalia,Nematoda,Chromadorea,Rhabditida,Oxyuridae,Syphacia
Strongylus equinus,Italy,41.87194,12.56738,1,terrestrial,Animalia,Nematoda,Chromadorea,Rhabditida,Strongylidae,Strongylus
Strongylus edentatus,Italy,41.87194,12.56738,1,terrestrial,Animalia,Nematoda,Chromadorea,Rhabditida,Strongylidae,Strongylus
Strongylus vulgaris,Italy,41.87194,12.56738,1,terrestrial,Animalia,Nematoda,Chromadorea,Rhabditida,Strongylidae,Strongylus
Parascaris equorum,Italy,41.87194,12.56738,1,terrestrial,Animalia,Nematoda,Chromadorea,Rhabditida,Ascarididae,Parascaris
Philometroides nodulosa,Lake Superior,47.723087,-86.940716,2,freshwater,Animalia,Nematoda,Chromadorea,Rhabditida,Philometridae,Philometroides
Paraquimperia tenerrima,Nova Scotia,44.68198659999999,-63.744311,2,freshwater,Animalia,Nematoda,Chromadorea,Rhabditida,Quimperiidae,Paraquimperia
Ascarophis morrhuae,Florida,27.6648274,-81.5157535,2,marine,Animalia,Nematoda,Chromadorea,Rhabditida,Cystidicolidae,Ascarophis
Anguillicola crassus,Italy,41.87194,12.56738,3,freshwater,Animalia,Nematoda,Chromadorea,Rhabditida,Anguillicolidae,Anguillicola
Camallanus lacustris,Georgia (USSR),42.315407,43.35689199999999,4,freshwater,Animalia,Nematoda,Chromadorea,Rhabditida,Camallanidae,Camallanus
Trichostrongylus axei,Scotland,56.49067119999999,-4.2026458,1,terrestrial,Animalia,Nematoda,Chromadorea,Rhabditida,Trichostrongylidae,Trichostrongylus
Trichuris ovis,Scotland,56.49067119999999,-4.2026458,1,terrestrial,Animalia,Nematoda,Enoplea,Trichinellida,Trichinellidae,Trichocephalus
Chabertia ovina,Scotland,56.49067119999999,-4.2026458,1,terrestrial,Animalia,Nematoda,Chromadorea,Rhabditida,Strongylidae,Chabertia
Protostrongylus rufescens,District of Columbia/Delaware/New Jersey/Maryland,39.0457549,-76.64127119999999,2,terrestrial,Animalia,Nematoda,Chromadorea,Rhabditida,Metastrongylidae,Protostrongylus
Parelaphostrongylus odocoilei,British Columbia,53.7266683,-127.6476205,2,terrestrial,Animalia,Nematoda,Chromadorea,Rhabditida,Metastrongylidae,Parelaphostrongylus
Parelaphostrongylus andersoni,British Columbia,53.7266683,-127.6476205,2,terrestrial,Animalia,Nematoda,Chromadorea,Rhabditida,Metastrongylidae,Parelaphostrongylus
Parelaphostrongylus andersoni,Northwest Territories,64.8255441,-124.8457334,2,terrestrial,Animalia,Nematoda,Chromadorea,Rhabditida,Metastrongylidae,Parelaphostrongylus
Parelaphostrongylus andersoni,Alberta,53.9332706,-116.5765035,2,terrestrial,Animalia,Nematoda,Chromadorea,Rhabditida,Metastrongylidae,Parelaphostrongylus
Elaphostrongylus rangiferi,Newfoundland,53.1355091,-57.6604364,2,terrestrial,Animalia,Nematoda,Chromadorea,Rhabditida,Metastrongylidae,Elaphostrongylus
Oesophagostomum columbianum,The Gambia,13.443182,-15.310139,1,terrestrial,Animalia,Nematoda,Chromadorea,Rhabditida,Strongylidae,Oesophagostomum
Cooperia curticei,The Gambia,13.443182,-15.310139,1,terrestrial,Animalia,Nematoda,Chromadorea,Rhabditida,Trichostrongylidae,Cooperia
Cooperia punctata,The Gambia,13.443182,-15.310139,1,terrestrial,Animalia,Nematoda,Chromadorea,Rhabditida,Trichostrongylidae,Cooperia
Cooperia pectinata,The Gambia,13.443182,-15.310139,1,terrestrial,Animalia,Nematoda,Chromadorea,Rhabditida,Trichostrongylidae,Cooperia
Trichuris ovis,The Gambia,13.443182,-15.310139,1,terrestrial,Animalia,Nematoda,Enoplea,Trichinellida,Trichinellidae,Trichocephalus
Ostertagia ostertagi,Nearctic,53.569001,-113.571487,1,terrestrial,Animalia,Nematoda,Chromadorea,Rhabditida,Trichostrongylidae,Ostertagia
Teladorsagia circumcincta,Nearctic,53.569001,-113.571487,1,terrestrial,Animalia,Nematoda,Chromadorea,Rhabditida,Trichostrongylidae,Ostertagia
Anisakis simplex,Chilean coast,-32.98,-71.00999999999999,4,marine,Animalia,Nematoda,Chromadorea,Rhabditida,Anisakidae,Anisakis
Anisakis physeteris,Chilean coast,-32.98,-71.00999999999999,4,marine,Animalia,Nematoda,Chromadorea,Rhabditida,Anisakidae,Skrjabinisakis
Pseudoterranova decipiens,Chilean coast,-32.98,-71.00999999999999,4,marine,Animalia,Nematoda,Chromadorea,Rhabditida,Anisakidae,Pseudoterranova
Trichuris muris,Oklahoma,35.0077519,-97.092877,1,terrestrial,Animalia,Nematoda,Enoplea,Trichinellida,Trichuridae,Trichuris
Gyrinicola batrachiensis,Nearctic,53.569001,-113.571487,1,freshwater,Animalia,Nematoda,Chromadorea,Rhabditida,Pharyngodonidae,Gyrinicola
Spinitectus gracilis,Nearctic,53.569001,-113.571487,3,freshwater,Animalia,Nematoda,Chromadorea,Rhabditida,Cystidicolidae,Spinitectus
Cystidicola farionis,Wisconsin,43.7844397,-88.7878678,3,freshwater,Animalia,Nematoda,Chromadorea,Rhabditida,Cystidicolidae,Cystidicola
Skrjabinoptera phrynosoma,California,36.778261,-119.4179324,2,terrestrial,Animalia,Nematoda,Chromadorea,Rhabditida,Physalopteridae,Skrjabinoptera
Metastrongylus apri,"England, Wales + Isle of Man",54.236107,-4.548056,2,terrestrial,Animalia,Nematoda,Chromadorea,Rhabditida,Metastrongylidae,Metastrongylus
Ascaris suum,"England, Wales + Isle of Man",54.236107,-4.548056,1,terrestrial,Animalia,Nematoda,Chromadorea,Rhabditida,Ascarididae,Ascaris
Trichuris suis,"England, Wales + Isle of Man",54.236107,-4.548056,1,terrestrial,Animalia,Nematoda,Enoplea,Trichinellida,Trichuridae,Trichuris
Oesophagostomum dentatum,"England, Wales + Isle of Man",54.236107,-4.548056,1,terrestrial,Animalia,Nematoda,Chromadorea,Rhabditida,Strongylidae,Oesophagostomum
Simondsia paradoxa,"England, Wales + Isle of Man",54.236107,-4.548056,3,terrestrial,Animalia,Nematoda,Chromadorea,Rhabditida,Spirocercidae,Simondsia
Cystidicola farionis,"England, Wales + Isle of Man",54.236107,-4.548056,3,freshwater,Animalia,Nematoda,Chromadorea,Rhabditida,Cystidicolidae,Cystidicola
Ornithostrongylus quadriradiatus,"England, Wales + Isle of Man",54.236107,-4.548056,1,terrestrial,Animalia,Nematoda,Chromadorea,Rhabditida,Heligmosomidae,Ornithostrongylus
Oesophagostomum columbianum,United States,37.09024,-95.712891,1,terrestrial,Animalia,Nematoda,Chromadorea,Rhabditida,Strongylidae,Oesophagostomum
Trichuris ovis,United States,37.09024,-95.712891,1,terrestrial,Animalia,Nematoda,Enoplea,Trichinellida,Trichinellidae,Trichocephalus
Dictyocaulus filaria,United States,37.09024,-95.712891,1,terrestrial,Animalia,Nematoda,Chromadorea,Rhabditida,Metastrongylidae,Dictyocaulus
Muellerius capillaris,United States,37.09024,-95.712891,2,terrestrial,Animalia,Nematoda,Chromadorea,Rhabditida,Metastrongylidae,Muellerius
Cooperia oncophora,"England, Wales + Isle of Man",54.236107,-4.548056,1,terrestrial,Animalia,Nematoda,Chromadorea,Rhabditida,Trichostrongylidae,Cooperia
Nematodirus helvetianus,"England, Wales + Isle of Man",54.236107,-4.548056,1,terrestrial,Animalia,Nematoda,Chromadorea,Rhabditida,Molineidae,Nematodirus
Trichostrongylus retortaeformis,"England, Wales + Isle of Man",54.236107,-4.548056,1,terrestrial,Animalia,Nematoda,Chromadorea,Rhabditida,Trichostrongylidae,Trichostrongylus
Anisakis simplex,New Zealand coast,-42.6919232,171.3399414,4,marine,Animalia,Nematoda,Chromadorea,Rhabditida,Anisakidae,Anisakis
Obeliscoides cuniculi,United States,37.09024,-95.712891,1,terrestrial,Animalia,Nematoda,Chromadorea,Rhabditida,Trichostrongylidae,Obeliscoides
Passalurus ambiguus,United States,37.09024,-95.712891,1,terrestrial,Animalia,Nematoda,Chromadorea,Rhabditida,Oxyuridae,Passalurus
Ollulanus tricuspis,Egypt,26.820553,30.802498,1,terrestrial,Animalia,Nematoda,Chromadorea,Rhabditida,Molineidae,Ollulanus
Ascaris suum,Spain + Andalusia,37.5442706,-4.7277528,1,terrestrial,Animalia,Nematoda,Chromadorea,Rhabditida,Ascarididae,Ascaris
Pseudoterranova decipiens,New Zealand coast,-42.6919232,171.3399414,4,marine,Animalia,Nematoda,Chromadorea,Rhabditida,Anisakidae,Pseudoterranova
Ascaridia galli,Byelorussia,53.709807,27.953389,1,terrestrial,Animalia,Nematoda,Chromadorea,Rhabditida,Ascaridiidae,Ascaridia
Porrocaecum crassum,Byelorussia,53.709807,27.953389,2,freshwater,Animalia,Nematoda,Chromadorea,Rhabditida,Ascarididae,Porrocaecum
Porrocaecum ensicaudatum,Byelorussia,53.709807,27.953389,2,terrestrial,Animalia,Nematoda,Chromadorea,Rhabditida,Ascarididae,Porrocaecum
Anisakis simplex,Western coast of British Isles,56.41323389999999,-5.472362899999999,4,marine,Animalia,Nematoda,Chromadorea,Rhabditida,Anisakidae,Anisakis
Heterakis gallinarum,Byelorussia,53.709807,27.953389,2,terrestrial,Animalia,Nematoda,Chromadorea,Rhabditida,Heterakidae,Heterakis
Uncinaria stenocephala,Germany,51.165691,10.451526,1,terrestrial,Animalia,Nematoda,Chromadorea,Rhabditida,Ancylostomatidae,Uncinaria
Toxascaris leonina,Germany,51.165691,10.451526,2,terrestrial,Animalia,Nematoda,Chromadorea,Rhabditida,Ascarididae,Toxascaris
Ollulanus tricuspis,Germany,51.165691,10.451526,1,terrestrial,Animalia,Nematoda,Chromadorea,Rhabditida,Molineidae,Ollulanus
Trichuris vulpis,Germany,51.165691,10.451526,1,terrestrial,Animalia,Nematoda,Enoplea,Trichinellida,Trichuridae,Trichuris
Ascarophis arctica,North Sea,56.511018,3.515625,2,marine,Animalia,Nematoda,Chromadorea,Rhabditida,Cystidicolidae,Ascarophis
Ascaris lumbricoides,"England, Wales + Isle of Man",54.236107,-4.548056,1,terrestrial,Animalia,Nematoda,Chromadorea,Rhabditida,Ascarididae,Ascaris
Haemonchus contortus,New Zealand,-40.900557,174.885971,1,terrestrial,Animalia,Nematoda,Chromadorea,Rhabditida,Trichostrongylidae,Haemonchus
Trichostrongylus axei,New Zealand,-40.900557,174.885971,1,terrestrial,Animalia,Nematoda,Chromadorea,Rhabditida,Trichostrongylidae,Trichostrongylus
Cooperia curticei,New Zealand,-40.900557,174.885971,1,terrestrial,Animalia,Nematoda,Chromadorea,Rhabditida,Trichostrongylidae,Cooperia
Toxocara cati,"England, Wales + Isle of Man",54.236107,-4.548056,2,terrestrial,Animalia,Nematoda,Chromadorea,Rhabditida,Ascarididae,Toxocara
Haemonchus placei,District of Columbia/Delaware/New Jersey/Maryland,39.0457549,-76.64127119999999,1,terrestrial,Animalia,Nematoda,Chromadorea,Rhabditida,Trichostrongylidae,Haemonchus
Cooperia oncophora,District of Columbia/Delaware/New Jersey/Maryland,39.0457549,-76.64127119999999,1,terrestrial,Animalia,Nematoda,Chromadorea,Rhabditida,Trichostrongylidae,Cooperia
Oesophagostomum radiatum,District of Columbia/Delaware/New Jersey/Maryland,39.0457549,-76.64127119999999,1,terrestrial,Animalia,Nematoda,Chromadorea,Rhabditida,Strongylidae,Oesophagostomum
Ascaris lumbricoides,Egypt,26.820553,30.802498,1,terrestrial,Animalia,Nematoda,Chromadorea,Rhabditida,Ascarididae,Ascaris
Ascaris lumbricoides,Venezuela,6.42375,-66.58973,1,terrestrial,Animalia,Nematoda,Chromadorea,Rhabditida,Ascarididae,Ascaris
Trichuris trichiura,Venezuela,6.42375,-66.58973,1,terrestrial,Animalia,Nematoda,Enoplea,Trichinellida,Trichuridae,Trichuris
Toxocara cati,France,46.227638,2.213749,2,terrestrial,Animalia,Nematoda,Chromadorea,Rhabditida,Ascarididae,Toxocara
Anisakis simplex,Scotland,56.49067119999999,-4.2026458,4,marine,Animalia,Nematoda,Chromadorea,Rhabditida,Anisakidae,Anisakis
Passalurus ambiguus,"England, Wales + Isle of Man",54.236107,-4.548056,1,terrestrial,Animalia,Nematoda,Chromadorea,Rhabditida,Oxyuridae,Passalurus
Graphidium strigosum,"England, Wales + Isle of Man",54.236107,-4.548056,1,terrestrial,Animalia,Nematoda,Chromadorea,Rhabditida,Trichostrongylidae,Graphidium
Trichuris trichiura,Bahamas,25.03428,-77.39627999999999,1,terrestrial,Animalia,Nematoda,Enoplea,Trichinellida,Trichuridae,Trichuris
Ascaris lumbricoides,Peru,-9.189967,-75.015152,1,terrestrial,Animalia,Nematoda,Chromadorea,Rhabditida,Ascarididae,Ascaris
Trichuris trichiura,Peru,-9.189967,-75.015152,1,terrestrial,Animalia,Nematoda,Enoplea,Trichinellida,Trichuridae,Trichuris
Protospirura muricola,Costa Rica,9.748916999999999,-83.753428,2,terrestrial,Animalia,Nematoda,Chromadorea,Rhabditida,Spiruridae,Protospirura
Gongylonema neoplasticum,Taiwan,23.69781,120.960515,2,terrestrial,Animalia,Nematoda,Chromadorea,Rhabditida,Gongylonematidae,Gongylonema
Protospirura muricola,Taiwan,23.69781,120.960515,2,terrestrial,Animalia,Nematoda,Chromadorea,Rhabditida,Spiruridae,Protospirura
Ascaris suum,Utah,39.3209801,-111.0937311,1,terrestrial,Animalia,Nematoda,Chromadorea,Rhabditida,Ascarididae,Ascaris
Ascaridia compar,Finland,61.92410999999999,25.7481511,1,terrestrial,Animalia,Nematoda,Chromadorea,Rhabditida,Ascaridiidae,Ascaridia
Graphidium strigosum,New South Wales,-31.2532183,146.921099,1,terrestrial,Animalia,Nematoda,Chromadorea,Rhabditida,Trichostrongylidae,Graphidium
Gongylonema neoplasticum,Japan,36.204824,138.252924,2,terrestrial,Animalia,Nematoda,Chromadorea,Rhabditida,Gongylonematidae,Gongylonema
Heligmosomoides polygyrus,District of Columbia/Delaware/New Jersey/Maryland,39.0457549,-76.64127119999999,1,terrestrial,Animalia,Nematoda,Chromadorea,Rhabditida,Heligmosomidae,Heligmosomoides
Heligmosomoides laevis,Lithuania,55.169438,23.881275,1,terrestrial,Animalia,Nematoda,Chromadorea,Rhabditida,Heligmosomidae,Heligmosomoides
Heligmosomoides polygyrus,Lithuania,55.169438,23.881275,1,terrestrial,Animalia,Nematoda,Chromadorea,Rhabditida,Heligmosomidae,Heligmosomoides
Heligmosomum mixtum,Lithuania,55.169438,23.881275,1,terrestrial,Animalia,Nematoda,Chromadorea,Rhabditida,Heligmosomidae,Heligmosomum
Mastophorus muris,Lithuania,55.169438,23.881275,2,terrestrial,Animalia,Nematoda,Chromadorea,Rhabditida,Spirocercidae,Mastophorus
Haemonchus contortus,Florida,27.6648274,-81.5157535,1,terrestrial,Animalia,Nematoda,Chromadorea,Rhabditida,Trichostrongylidae,Haemonchus
Haemonchus contortus,Maine,45.253783,-69.4454689,1,terrestrial,Animalia,Nematoda,Chromadorea,Rhabditida,Trichostrongylidae,Haemonchus
Haemonchus contortus,Nebraska,41.4925374,-99.9018131,1,terrestrial,Animalia,Nematoda,Chromadorea,Rhabditida,Trichostrongylidae,Haemonchus
Haemonchus contortus,North Carolina,35.7595731,-79.01929969999999,1,terrestrial,Animalia,Nematoda,Chromadorea,Rhabditida,Trichostrongylidae,Haemonchus
Haemonchus contortus,New Hampshire/Vermont/Massachusetts/Connecticut/Rhode Is.,43.2509279,-71.9273024,1,terrestrial,Animalia,Nematoda,Chromadorea,Rhabditida,Trichostrongylidae,Haemonchus
Haemonchus contortus,West Virginia,38.5976262,-80.4549026,1,terrestrial,Animalia,Nematoda,Chromadorea,Rhabditida,Trichostrongylidae,Haemonchus
Haemonchus contortus,Oklahoma,35.0077519,-97.092877,1,terrestrial,Animalia,Nematoda,Chromadorea,Rhabditida,Trichostrongylidae,Haemonchus
Haemonchus contortus,Uganda,1.373333,32.290275,1,terrestrial,Animalia,Nematoda,Chromadorea,Rhabditida,Trichostrongylidae,Haemonchus
Haemonchus placei,Florida,27.6648274,-81.5157535,1,terrestrial,Animalia,Nematoda,Chromadorea,Rhabditida,Trichostrongylidae,Haemonchus
Haemonchus placei,Hawaiian Islands,19.8967662,-155.5827818,1,terrestrial,Animalia,Nematoda,Chromadorea,Rhabditida,Trichostrongylidae,Haemonchus
Haemonchus placei,Louisiana,30.9842977,-91.96233269999999,1,terrestrial,Animalia,Nematoda,Chromadorea,Rhabditida,Trichostrongylidae,Haemonchus
Haemonchus placei,Mississippi,32.3546679,-89.3985283,1,terrestrial,Animalia,Nematoda,Chromadorea,Rhabditida,Trichostrongylidae,Haemonchus
Haemonchus placei,Australia,-25.274398,133.775136,1,terrestrial,Animalia,Nematoda,Chromadorea,Rhabditida,Trichostrongylidae,Haemonchus
Amidostomum anseris,Norway,60.47202399999999,8.468945999999999,1,freshwater,Animalia,Nematoda,Chromadorea,Rhabditida,Amidostomidae,Amidostomum
Trichostrongylus tenuis,Norway,60.47202399999999,8.468945999999999,1,terrestrial,Animalia,Nematoda,Chromadorea,Rhabditida,Trichostrongylidae,Trichostrongylus
Ascaridia compar,Norway,60.47202399999999,8.468945999999999,1,terrestrial,Animalia,Nematoda,Chromadorea,Rhabditida,Ascaridiidae,Ascaridia
Rhabdochona denudata,Yugoslavia,37.09024,-95.712891,2,freshwater,Animalia,Nematoda,Chromadorea,Rhabditida,Rhabdochonidae,Rhabdochona
Anisakis physeteris,Spain + Andalusia,37.5442706,-4.7277528,4,marine,Animalia,Nematoda,Chromadorea,Rhabditida,Anisakidae,Skrjabinisakis
Dictyocaulus viviparus,Montana,46.8796822,-110.3625658,1,terrestrial,Animalia,Nematoda,Chromadorea,Rhabditida,Metastrongylidae,Dictyocaulus
Ascaris lumbricoides,Paraguay,-23.442503,-58.443832,1,terrestrial,Animalia,Nematoda,Chromadorea,Rhabditida,Ascarididae,Ascaris
Trichuris trichiura,Paraguay,-23.442503,-58.443832,1,terrestrial,Animalia,Nematoda,Enoplea,Trichinellida,Trichuridae,Trichuris
Enterobius vermicularis,Pakistan,30.375321,69.34511599999999,1,terrestrial,Animalia,Nematoda,Chromadorea,Rhabditida,Oxyuridae,Enterobius
Trichuris trichiura,Pakistan,30.375321,69.34511599999999,1,terrestrial,Animalia,Nematoda,Enoplea,Trichinellida,Trichuridae,Trichuris
Ascaris lumbricoides,Pakistan,30.375321,69.34511599999999,1,terrestrial,Animalia,Nematoda,Chromadorea,Rhabditida,Ascarididae,Ascaris
Cucullanus heterochrous,Germany,51.165691,10.451526,2,marine,Animalia,Nematoda,Chromadorea,Rhabditida,Cucullanidae,Cucullanus
Goezia ascaroides,Germany,51.165691,10.451526,3,freshwater,Animalia,Nematoda,Chromadorea,Rhabditida,Raphidascarididae,Goezia
Graphidium strigosum,Spain + Andalusia,37.5442706,-4.7277528,1,terrestrial,Animalia,Nematoda,Chromadorea,Rhabditida,Trichostrongylidae,Graphidium
Enterobius vermicularis,Papua New Guinea,-6.314992999999999,143.95555,1,terrestrial,Animalia,Nematoda,Chromadorea,Rhabditida,Oxyuridae,Enterobius
Spirura infundibuliformis,Alberta,53.9332706,-116.5765035,2,terrestrial,Animalia,Nematoda,Chromadorea,Rhabditida,Spiruridae,Spirura
Anisakis physeteris,Coast of Japan,35.4543846,139.644207,4,marine,Animalia,Nematoda,Chromadorea,Rhabditida,Anisakidae,Skrjabinisakis
Anisakis physeteris,Sea of Japan,38.848848,135,4,marine,Animalia,Nematoda,Chromadorea,Rhabditida,Anisakidae,Skrjabinisakis
Rhabdochona canadensis,Ontario,51.253775,-85.323214,2,freshwater,Animalia,Nematoda,Chromadorea,Rhabditida,Rhabdochonidae,Rhabdochona
Camallanus oxycephalus,Ontario,51.253775,-85.323214,3,freshwater,Animalia,Nematoda,Chromadorea,Rhabditida,Camallanidae,Camallanus
Spinitectus gracilis,Ontario,51.253775,-85.323214,3,freshwater,Animalia,Nematoda,Chromadorea,Rhabditida,Cystidicolidae,Spinitectus
Cooperia punctata,France,46.227638,2.213749,1,terrestrial,Animalia,Nematoda,Chromadorea,Rhabditida,Trichostrongylidae,Cooperia
Skrjabinema ovis,France,46.227638,2.213749,1,terrestrial,Animalia,Nematoda,Chromadorea,Rhabditida,Oxyuridae,Skrjabinema
Trichuris ovis,France,46.227638,2.213749,1,terrestrial,Animalia,Nematoda,Enoplea,Trichinellida,Trichinellidae,Trichocephalus
Trichuris skrjabini,France,46.227638,2.213749,1,terrestrial,Animalia,Nematoda,Enoplea,Trichinellida,Trichuridae,Trichuris
Nematodirus helvetianus,France,46.227638,2.213749,1,terrestrial,Animalia,Nematoda,Chromadorea,Rhabditida,Molineidae,Nematodirus
Oesophagostomum venulosum,France,46.227638,2.213749,1,terrestrial,Animalia,Nematoda,Chromadorea,Rhabditida,Strongylidae,Oesophagostomum
Ascarophis arctica,Norway,60.47202399999999,8.468945999999999,2,marine,Animalia,Nematoda,Chromadorea,Rhabditida,Cystidicolidae,Ascarophis
Uncinaria stenocephala,Italy,41.87194,12.56738,1,terrestrial,Animalia,Nematoda,Chromadorea,Rhabditida,Ancylostomatidae,Uncinaria
Trichuris vulpis,Italy,41.87194,12.56738,1,terrestrial,Animalia,Nematoda,Enoplea,Trichinellida,Trichuridae,Trichuris
Toxascaris leonina,Italy,41.87194,12.56738,2,terrestrial,Animalia,Nematoda,Chromadorea,Rhabditida,Ascarididae,Toxascaris
Heligmosomoides polygyrus,Eire + N. Ireland,54.7877149,-6.4923145,1,terrestrial,Animalia,Nematoda,Chromadorea,Rhabditida,Heligmosomidae,Heligmosomoides
Heligmosomoides polygyrus,Yugoslavia,37.09024,-95.712891,1,terrestrial,Animalia,Nematoda,Chromadorea,Rhabditida,Heligmosomidae,Heligmosomoides
Heligmosomoides polygyrus,United States,37.09024,-95.712891,1,terrestrial,Animalia,Nematoda,Chromadorea,Rhabditida,Heligmosomidae,Heligmosomoides
Heterakis spumosa,Tunisia,33.886917,9.537499,2,terrestrial,Animalia,Nematoda,Chromadorea,Rhabditida,Heterakidae,Heterakis
Heterakis spumosa,Australia,-25.274398,133.775136,2,terrestrial,Animalia,Nematoda,Chromadorea,Rhabditida,Heterakidae,Heterakis
Aspiculuris tetraptera,"England, Wales + Isle of Man",54.236107,-4.548056,1,terrestrial,Animalia,Nematoda,Chromadorea,Rhabditida,Heteroxynematidae,Aspiculuris
Aspiculuris tetraptera,Yugoslavia,37.09024,-95.712891,1,terrestrial,Animalia,Nematoda,Chromadorea,Rhabditida,Heteroxynematidae,Aspiculuris
Aspiculuris tetraptera,Italy,41.87194,12.56738,1,terrestrial,Animalia,Nematoda,Chromadorea,Rhabditida,Heteroxynematidae,Aspiculuris
Aspiculuris tetraptera,Egypt,26.820553,30.802498,1,terrestrial,Animalia,Nematoda,Chromadorea,Rhabditida,Heteroxynematidae,Aspiculuris
Aspiculuris tetraptera,Iraq,33.223191,43.679291,1,terrestrial,Animalia,Nematoda,Chromadorea,Rhabditida,Heteroxynematidae,Aspiculuris
Aspiculuris tetraptera,Iran,32.427908,53.688046,1,terrestrial,Animalia,Nematoda,Chromadorea,Rhabditida,Heteroxynematidae,Aspiculuris
Aspiculuris tetraptera,Antilles,18.53,-72.33,1,terrestrial,Animalia,Nematoda,Chromadorea,Rhabditida,Heteroxynematidae,Aspiculuris
Aspiculuris tetraptera,Australia,-25.274398,133.775136,1,terrestrial,Animalia,Nematoda,Chromadorea,Rhabditida,Heteroxynematidae,Aspiculuris
Gongylonema neoplasticum,Denmark,56.26392,9.501785,2,terrestrial,Animalia,Nematoda,Chromadorea,Rhabditida,Gongylonematidae,Gongylonema
Gongylonema neoplasticum,Antilles,18.53,-72.33,2,terrestrial,Animalia,Nematoda,Chromadorea,Rhabditida,Gongylonematidae,Gongylonema
Trichuris muris,Belgium + Luxembourg,50.0546886,5.467698299999999,1,terrestrial,Animalia,Nematoda,Enoplea,Trichinellida,Trichuridae,Trichuris
Trichuris muris,Yugoslavia,37.09024,-95.712891,1,terrestrial,Animalia,Nematoda,Enoplea,Trichinellida,Trichuridae,Trichuris
Trichuris muris,Australia,-25.274398,133.775136,1,terrestrial,Animalia,Nematoda,Enoplea,Trichinellida,Trichuridae,Trichuris
Trichosomoides crassicauda,Australia,-25.274398,133.775136,1,terrestrial,Animalia,Nematoda,Enoplea,Trichinellida,Trichosomoididae,Trichosomoides
Trichosomoides crassicauda,Egypt,26.820553,30.802498,1,terrestrial,Animalia,Nematoda,Enoplea,Trichinellida,Trichosomoididae,Trichosomoides
Anisakis physeteris,Western Mediterranean,34.5531284,18.0480105,4,marine,Animalia,Nematoda,Chromadorea,Rhabditida,Anisakidae,Skrjabinisakis
Baylisascaris transfuga,New Brunswick,46.5653163,-66.46191639999999,2,terrestrial,Animalia,Nematoda,Chromadorea,Rhabditida,Ascarididae,Baylisascaris
Crenosoma vulpis,Japan,36.204824,138.252924,2,terrestrial,Animalia,Nematoda,Chromadorea,Rhabditida,Metastrongylidae,Crenosoma
Haemonchus placei,New South Wales,-31.2532183,146.921099,1,terrestrial,Animalia,Nematoda,Chromadorea,Rhabditida,Trichostrongylidae,Haemonchus
Anguillicola crassus,Morocco,31.791702,-7.092619999999999,3,freshwater,Animalia,Nematoda,Chromadorea,Rhabditida,Anguillicolidae,Anguillicola
Anguillicola crassus,United States,37.09024,-95.712891,3,freshwater,Animalia,Nematoda,Chromadorea,Rhabditida,Anguillicolidae,Anguillicola
Anguillicola crassus,Denmark,56.26392,9.501785,3,freshwater,Animalia,Nematoda,Chromadorea,Rhabditida,Anguillicolidae,Anguillicola
Anguillicola crassus,Baltic Sea,58.48795200000001,19.863281,3,freshwater,Animalia,Nematoda,Chromadorea,Rhabditida,Anguillicolidae,Anguillicola
Anguillicola crassus,Austria,47.516231,14.550072,3,freshwater,Animalia,Nematoda,Chromadorea,Rhabditida,Anguillicolidae,Anguillicola
Anguillicola crassus,Taiwan,23.69781,120.960515,3,freshwater,Animalia,Nematoda,Chromadorea,Rhabditida,Anguillicolidae,Anguillicola
Anguillicola globiceps,Japan,36.204824,138.252924,3,freshwater,Animalia,Nematoda,Chromadorea,Rhabditida,Anguillicolidae,Anguillicola
Anguillicola globiceps,Taiwan,23.69781,120.960515,3,freshwater,Animalia,Nematoda,Chromadorea,Rhabditida,Anguillicolidae,Anguillicola
Cosmocephalus obvelatus,Florida,27.6648274,-81.5157535,3,freshwater,Animalia,Nematoda,Chromadorea,Rhabditida,Acuariidae,Cosmocephalus
Toxocara cati,Scotland,56.49067119999999,-4.2026458,2,terrestrial,Animalia,Nematoda,Chromadorea,Rhabditida,Ascarididae,Toxocara
Trichostrongylus retortaeformis,Eire + N. Ireland,54.7877149,-6.4923145,1,terrestrial,Animalia,Nematoda,Chromadorea,Rhabditida,Trichostrongylidae,Trichostrongylus
Passalurus ambiguus,Eire + N. Ireland,54.7877149,-6.4923145,1,terrestrial,Animalia,Nematoda,Chromadorea,Rhabditida,Oxyuridae,Passalurus
Graphidium strigosum,Eire + N. Ireland,54.7877149,-6.4923145,1,terrestrial,Animalia,Nematoda,Chromadorea,Rhabditida,Trichostrongylidae,Graphidium
Aelurostrongylus abstrusus,Italy,41.87194,12.56738,3,terrestrial,Animalia,Nematoda,Chromadorea,Rhabditida,Metastrongylidae,Aelurostrongylus
Syphacia obvelata,Lithuania,55.169438,23.881275,1,terrestrial,Animalia,Nematoda,Chromadorea,Rhabditida,Oxyuridae,Syphacia
Hammerschmidtiella diesingi,Cuba,21.521757,-77.781167,1,terrestrial,Animalia,Nematoda,Chromadorea,Rhabditida,Thelastomatidae,Hammerschmidtiella
Megalobatrachonema terdentatum,Greece,39.074208,21.824312,2,freshwater,Animalia,Nematoda,Chromadorea,Rhabditida,Cosmocercidae,Megalobatrachonema
Brevimulticaecum tenuicolle,Louisiana,30.9842977,-91.96233269999999,2,freshwater,Animalia,Nematoda,Chromadorea,Rhabditida,Heterocheilidae,Brevimulticaecum
Trichosomoides crassicauda,Lithuania,55.169438,23.881275,1,terrestrial,Animalia,Nematoda,Enoplea,Trichinellida,Trichosomoididae,Trichosomoides
Trichostrongylus colubriformis,Lithuania,55.169438,23.881275,1,terrestrial,Animalia,Nematoda,Chromadorea,Rhabditida,Trichostrongylidae,Trichostrongylus
Trichostrongylus retortaeformis,Lithuania,55.169438,23.881275,1,terrestrial,Animalia,Nematoda,Chromadorea,Rhabditida,Trichostrongylidae,Trichostrongylus
Aspiculuris tetraptera,Lithuania,55.169438,23.881275,1,terrestrial,Animalia,Nematoda,Chromadorea,Rhabditida,Heteroxynematidae,Aspiculuris
Oswaldocruzia filiformis,Lithuania,55.169438,23.881275,1,terrestrial,Animalia,Nematoda,Chromadorea,Rhabditida,Molineidae,Oswaldocruzia
Capillaria phasianina,Estonia + Latvia,56.95962400000001,24.1016552,2,terrestrial,Animalia,Nematoda,Enoplea,Trichinellida,Capillariidae,Capillaria
Baruscapillaria obsignata,Estonia + Latvia,56.95962400000001,24.1016552,1,terrestrial,Animalia,Nematoda,Enoplea,Trichinellida,Capillariidae,Baruscapillaria
Aonchotheca caudinflata,Estonia + Latvia,56.95962400000001,24.1016552,2,terrestrial,Animalia,Nematoda,Enoplea,Trichinellida,Capillariidae,Aonchotheca
Aonchotheca bursata,Estonia + Latvia,56.95962400000001,24.1016552,2,terrestrial,Animalia,Nematoda,Enoplea,Trichinellida,Capillariidae,Aonchotheca
Aonchotheca erinacei,Estonia + Latvia,56.95962400000001,24.1016552,2,terrestrial,Animalia,Nematoda,Enoplea,Trichinellida,Capillariidae,Aonchotheca
Dictyocaulus viviparus,Estonia + Latvia,56.95962400000001,24.1016552,1,terrestrial,Animalia,Nematoda,Chromadorea,Rhabditida,Metastrongylidae,Dictyocaulus
Nematodirus filicollis,Estonia + Latvia,56.95962400000001,24.1016552,1,terrestrial,Animalia,Nematoda,Chromadorea,Rhabditida,Molineidae,Nematodirus
Chabertia ovina,Estonia + Latvia,56.95962400000001,24.1016552,1,terrestrial,Animalia,Nematoda,Chromadorea,Rhabditida,Strongylidae,Chabertia
Cooperia curticei,Estonia + Latvia,56.95962400000001,24.1016552,1,terrestrial,Animalia,Nematoda,Chromadorea,Rhabditida,Trichostrongylidae,Cooperia
Oesophagostomum venulosum,Estonia + Latvia,56.95962400000001,24.1016552,1,terrestrial,Animalia,Nematoda,Chromadorea,Rhabditida,Strongylidae,Oesophagostomum
Muellerius capillaris,Estonia + Latvia,56.95962400000001,24.1016552,2,terrestrial,Animalia,Nematoda,Chromadorea,Rhabditida,Metastrongylidae,Muellerius
Dictyocaulus filaria,Estonia + Latvia,56.95962400000001,24.1016552,1,terrestrial,Animalia,Nematoda,Chromadorea,Rhabditida,Metastrongylidae,Dictyocaulus
Leidynema appendiculata,Japan,36.204824,138.252924,1,terrestrial,Animalia,Nematoda,Chromadorea,Rhabditida,Thelastomatidae,Leidynema
Hammerschmidtiella diesingi,Japan,36.204824,138.252924,1,terrestrial,Animalia,Nematoda,Chromadorea,Rhabditida,Thelastomatidae,Hammerschmidtiella
Blatticola blattae,Japan,36.204824,138.252924,1,terrestrial,Animalia,Nematoda,Chromadorea,Rhabditida,Thelastomatidae,Blatticola
Oesophagostomum radiatum,Estonia + Latvia,56.95962400000001,24.1016552,1,terrestrial,Animalia,Nematoda,Chromadorea,Rhabditida,Strongylidae,Oesophagostomum
Trichostrongylus colubriformis,Estonia + Latvia,56.95962400000001,24.1016552,1,terrestrial,Animalia,Nematoda,Chromadorea,Rhabditida,Trichostrongylidae,Trichostrongylus
Haemonchus contortus,Estonia + Latvia,56.95962400000001,24.1016552,1,terrestrial,Animalia,Nematoda,Chromadorea,Rhabditida,Trichostrongylidae,Haemonchus
Dictyocaulus eckerti,Estonia + Latvia,56.95962400000001,24.1016552,1,terrestrial,Animalia,Nematoda,Chromadorea,Rhabditida,Metastrongylidae,Dictyocaulus
Varestrongylus capreoli,Estonia + Latvia,56.95962400000001,24.1016552,2,terrestrial,Animalia,Nematoda,Chromadorea,Rhabditida,Metastrongylidae,Varestrongylus
Baruscapillaria obsignata,Lithuania,55.169438,23.881275,1,terrestrial,Animalia,Nematoda,Enoplea,Trichinellida,Capillariidae,Baruscapillaria
Aonchotheca caudinflata,Lithuania,55.169438,23.881275,2,terrestrial,Animalia,Nematoda,Enoplea,Trichinellida,Capillariidae,Aonchotheca
Cooperia pectinata,Transvaal,-23.59,29.13,1,terrestrial,Animalia,Nematoda,Chromadorea,Rhabditida,Trichostrongylidae,Cooperia
Paracamallanus cyathopharynx,Transvaal,-23.59,29.13,2,freshwater,Animalia,Nematoda,Chromadorea,Rhabditida,Camallanidae,Paracamallanus
Chabertia ovina,Iraq,33.223191,43.679291,1,terrestrial,Animalia,Nematoda,Chromadorea,Rhabditida,Strongylidae,Chabertia
Muellerius capillaris,Iraq,33.223191,43.679291,2,terrestrial,Animalia,Nematoda,Chromadorea,Rhabditida,Metastrongylidae,Muellerius
Trichuris trichiura,Hong Kong,22.396428,114.109497,1,terrestrial,Animalia,Nematoda,Enoplea,Trichinellida,Trichuridae,Trichuris
Ascaris lumbricoides,Hong Kong,22.396428,114.109497,1,terrestrial,Animalia,Nematoda,Chromadorea,Rhabditida,Ascarididae,Ascaris
Enterobius vermicularis,Hong Kong,22.396428,114.109497,1,terrestrial,Animalia,Nematoda,Chromadorea,Rhabditida,Oxyuridae,Enterobius
Trichuris trichiura,Bangladesh,23.684994,90.356331,1,terrestrial,Animalia,Nematoda,Enoplea,Trichinellida,Trichuridae,Trichuris
Enterobius vermicularis,Bangladesh,23.684994,90.356331,1,terrestrial,Animalia,Nematoda,Chromadorea,Rhabditida,Oxyuridae,Enterobius
Enterobius vermicularis,Thailand,15.870032,100.992541,1,terrestrial,Animalia,Nematoda,Chromadorea,Rhabditida,Oxyuridae,Enterobius
Cyathostomum catinatum,Cape Province,-33.5,20.97,1,terrestrial,Animalia,Nematoda,Chromadorea,Rhabditida,Strongylidae,Cyathostomum
Cylicocyclus nassatus,Cape Province,-33.5,20.97,1,terrestrial,Animalia,Nematoda,Chromadorea,Rhabditida,Strongylidae,Cylicocyclus
Goezia ascaroides,Pakistan,30.375321,69.34511599999999,3,freshwater,Animalia,Nematoda,Chromadorea,Rhabditida,Raphidascarididae,Goezia
Crenosoma petrowi,Ontario,51.253775,-85.323214,3,terrestrial,Animalia,Nematoda,Chromadorea,Rhabditida,Metastrongylidae,Crenosoma
Hysterothylacium haze,Coast of Japan,35.4543846,139.644207,2,marine,Animalia,Nematoda,Chromadorea,Rhabditida,Raphidascarididae,Hysterothylacium
Enterobius vermicularis,European USSR (CIS),54.5259614,15.2551187,1,terrestrial,Animalia,Nematoda,Chromadorea,Rhabditida,Oxyuridae,Enterobius
Trichostrongylus retortaeformis,Italy,41.87194,12.56738,1,terrestrial,Animalia,Nematoda,Chromadorea,Rhabditida,Trichostrongylidae,Trichostrongylus
Passalurus ambiguus,Italy,41.87194,12.56738,1,terrestrial,Animalia,Nematoda,Chromadorea,Rhabditida,Oxyuridae,Passalurus
Parascaris equorum,Germany,51.165691,10.451526,1,terrestrial,Animalia,Nematoda,Chromadorea,Rhabditida,Ascarididae,Parascaris
Oxyuris equi,Germany,51.165691,10.451526,1,terrestrial,Animalia,Nematoda,Chromadorea,Rhabditida,Oxyuridae,Oxyuris
Dictyocaulus arnfieldi,Germany,51.165691,10.451526,1,terrestrial,Animalia,Nematoda,Chromadorea,Rhabditida,Metastrongylidae,Dictyocaulus
Aelurostrongylus abstrusus,Germany,51.165691,10.451526,3,terrestrial,Animalia,Nematoda,Chromadorea,Rhabditida,Metastrongylidae,Aelurostrongylus
Crenosoma striatum,Germany,51.165691,10.451526,2,terrestrial,Animalia,Nematoda,Chromadorea,Rhabditida,Metastrongylidae,Crenosoma
Elaphostrongylus cervi,Scotland,56.49067119999999,-4.2026458,2,terrestrial,Animalia,Nematoda,Chromadorea,Rhabditida,Metastrongylidae,Elaphostrongylus
Crenosoma striatum,"Ukraine, incl. Moldavia",48.379433,31.1655799,2,terrestrial,Animalia,Nematoda,Chromadorea,Rhabditida,Metastrongylidae,Crenosoma
Gongylonema mucronatum,"Ukraine, incl. Moldavia",48.379433,31.1655799,2,terrestrial,Animalia,Nematoda,Chromadorea,Rhabditida,Gongylonematidae,Gongylonema
Angiostrongylus costaricensis,Neotropical,28.9337826,-95.30845339999999,2,terrestrial,Animalia,Nematoda,Chromadorea,Rhabditida,Metastrongylidae,Angiostrongylus
Angiostrongylus cantonensis,Nearctic,53.569001,-113.571487,3,terrestrial,Animalia,Nematoda,Chromadorea,Rhabditida,Metastrongylidae,Angiostrongylus
Parelaphostrongylus tenuis,Nearctic,53.569001,-113.571487,2,terrestrial,Animalia,Nematoda,Chromadorea,Rhabditida,Metastrongylidae,Parelaphostrongylus
Trichuris trichiura,Cuba,21.521757,-77.781167,1,terrestrial,Animalia,Nematoda,Enoplea,Trichinellida,Trichuridae,Trichuris
Trichostrongylus axei,Iran,32.427908,53.688046,1,terrestrial,Animalia,Nematoda,Chromadorea,Rhabditida,Trichostrongylidae,Trichostrongylus
Ascaris lumbricoides,Guinea + Sierra Leone + Liberia,6.9294578,-11.5006548,1,terrestrial,Animalia,Nematoda,Chromadorea,Rhabditida,Ascarididae,Ascaris
Trichuris trichiura,Guinea + Sierra Leone + Liberia,6.9294578,-11.5006548,1,terrestrial,Animalia,Nematoda,Enoplea,Trichinellida,Trichuridae,Trichuris
Baylisascaris transfuga,Spain + Andalusia,37.5442706,-4.7277528,2,terrestrial,Animalia,Nematoda,Chromadorea,Rhabditida,Ascarididae,Baylisascaris
Oswaldocruzia filiformis,Kuwait,29.31166,47.481766,1,terrestrial,Animalia,Nematoda,Chromadorea,Rhabditida,Molineidae,Oswaldocruzia
Haemonchus placei,Mauritania,21.00789,-10.940835,1,terrestrial,Animalia,Nematoda,Chromadorea,Rhabditida,Trichostrongylidae,Haemonchus
Toxocara canis,Mexico,23.634501,-102.552784,2,terrestrial,Animalia,Nematoda,Chromadorea,Rhabditida,Ascarididae,Toxocara
Uncinaria stenocephala,Morocco,31.791702,-7.092619999999999,1,terrestrial,Animalia,Nematoda,Chromadorea,Rhabditida,Ancylostomatidae,Uncinaria
Spirocerca lupi,Morocco,31.791702,-7.092619999999999,3,terrestrial,Animalia,Nematoda,Chromadorea,Rhabditida,Spirocercidae,Spirocerca
Trichuris vulpis,Morocco,31.791702,-7.092619999999999,1,terrestrial,Animalia,Nematoda,Enoplea,Trichinellida,Trichuridae,Trichuris
Heligmosomoides polygyrus,Uzbekistan,41.377491,64.585262,1,terrestrial,Animalia,Nematoda,Chromadorea,Rhabditida,Heligmosomidae,Heligmosomoides
Contracaecum ogmorhini,Chilean coast,-32.98,-71.00999999999999,3,marine,Animalia,Nematoda,Chromadorea,Rhabditida,Anisakidae,Contracaecum
Syphacia obvelata,Iran,32.427908,53.688046,1,terrestrial,Animalia,Nematoda,Chromadorea,Rhabditida,Oxyuridae,Syphacia
Pseudalius inflexus,"England, Wales + Isle of Man",54.236107,-4.548056,2,marine,Animalia,Nematoda,Chromadorea,Rhabditida,Pseudaliidae,Pseudalius
Oesophagostomum radiatum,Denmark,56.26392,9.501785,1,terrestrial,Animalia,Nematoda,Chromadorea,Rhabditida,Strongylidae,Oesophagostomum
Pseudalius inflexus,West Coast of Norway,60.4121981,5.3222701,2,marine,Animalia,Nematoda,Chromadorea,Rhabditida,Pseudaliidae,Pseudalius
Protostrongylus rufescens,Morocco,31.791702,-7.092619999999999,2,terrestrial,Animalia,Nematoda,Chromadorea,Rhabditida,Metastrongylidae,Protostrongylus
Cystocaulus ocreatus,Morocco,31.791702,-7.092619999999999,2,terrestrial,Animalia,Nematoda,Chromadorea,Rhabditida,Metastrongylidae,Cystocaulus
Pseudoterranova decipiens,Alaska,64.2008413,-149.4936733,4,marine,Animalia,Nematoda,Chromadorea,Rhabditida,Anisakidae,Pseudoterranova
Cystidicoloides tenuissima,Yugoslavia,37.09024,-95.712891,3,freshwater,Animalia,Nematoda,Chromadorea,Rhabditida,Cystidicolidae,Salmonema
Heligmosomoides laevis,Finland,61.92410999999999,25.7481511,1,terrestrial,Animalia,Nematoda,Chromadorea,Rhabditida,Heligmosomidae,Heligmosomoides
Ascaridia galli,Pakistan,30.375321,69.34511599999999,1,terrestrial,Animalia,Nematoda,Chromadorea,Rhabditida,Ascaridiidae,Ascaridia
Anguillicola novaezelandiae,Italy,41.87194,12.56738,3,freshwater,Animalia,Nematoda,Chromadorea,Rhabditida,Anguillicolidae,Anguillicola
Cucullanus heterochrous,Western coast of British Isles,56.41323389999999,-5.472362899999999,2,marine,Animalia,Nematoda,Chromadorea,Rhabditida,Cucullanidae,Cucullanus
Cucullanus heterochrous,Norwegian Sea,68.8773537,3.13966,2,marine,Animalia,Nematoda,Chromadorea,Rhabditida,Cucullanidae,Cucullanus
Cooperia oncophora,Victoria,-37.01,144.75,1,terrestrial,Animalia,Nematoda,Chromadorea,Rhabditida,Trichostrongylidae,Cooperia
Nematodirus spathiger,Victoria,-37.01,144.75,1,terrestrial,Animalia,Nematoda,Chromadorea,Rhabditida,Molineidae,Nematodirus
Camallanus cotti,Hawaiian Islands,19.8967662,-155.5827818,2,freshwater,Animalia,Nematoda,Chromadorea,Rhabditida,Camallanidae,Camallanus
Anisakis simplex,Argentina,-38.416097,-63.61667199999999,4,marine,Animalia,Nematoda,Chromadorea,Rhabditida,Anisakidae,Anisakis
Cyclodontostomum purvisi,Borneo,0.9618833999999999,114.5548495,1,terrestrial,Animalia,Nematoda,Chromadorea,Rhabditida,Strongylidae,Cyclodontostomum
Cyclodontostomum purvisi,Sulawesi,-1.8479,120.5279,1,terrestrial,Animalia,Nematoda,Chromadorea,Rhabditida,Strongylidae,Cyclodontostomum
Trichostrongylus tenuis,Manitoba,53.7608608,-98.8138762,1,terrestrial,Animalia,Nematoda,Chromadorea,Rhabditida,Trichostrongylidae,Trichostrongylus
Trichuris trichiura,Lesser Antilles,14.4122148,-64.7627955,1,terrestrial,Animalia,Nematoda,Enoplea,Trichinellida,Trichuridae,Trichuris
Oslerus osleri,France,46.227638,2.213749,1,terrestrial,Animalia,Nematoda,Chromadorea,Rhabditida,Filaroididae,Filaroides
Anisakis simplex,West Coast of Norway,60.4121981,5.3222701,4,marine,Animalia,Nematoda,Chromadorea,Rhabditida,Anisakidae,Anisakis
Pseudoterranova decipiens,Iceland,64.963051,-19.020835,4,marine,Animalia,Nematoda,Chromadorea,Rhabditida,Anisakidae,Pseudoterranova
Anisakis simplex,Iceland,64.963051,-19.020835,4,marine,Animalia,Nematoda,Chromadorea,Rhabditida,Anisakidae,Anisakis
Trichostrongylus colubriformis,Victoria,-37.01,144.75,1,terrestrial,Animalia,Nematoda,Chromadorea,Rhabditida,Trichostrongylidae,Trichostrongylus
Trichostrongylus vitrinus,Victoria,-37.01,144.75,1,terrestrial,Animalia,Nematoda,Chromadorea,Rhabditida,Trichostrongylidae,Trichostrongylus
Trichostrongylus axei,Victoria,-37.01,144.75,1,terrestrial,Animalia,Nematoda,Chromadorea,Rhabditida,Trichostrongylidae,Trichostrongylus
Trichostrongylus retortaeformis,Victoria,-37.01,144.75,1,terrestrial,Animalia,Nematoda,Chromadorea,Rhabditida,Trichostrongylidae,Trichostrongylus
Strongylus vulgaris,Louisiana,30.9842977,-91.96233269999999,1,terrestrial,Animalia,Nematoda,Chromadorea,Rhabditida,Strongylidae,Strongylus
Rhabdochona canadensis,Nebraska,41.4925374,-99.9018131,2,freshwater,Animalia,Nematoda,Chromadorea,Rhabditida,Rhabdochonidae,Rhabdochona
Toxocara canis,Eire + N. Ireland,54.7877149,-6.4923145,2,terrestrial,Animalia,Nematoda,Chromadorea,Rhabditida,Ascarididae,Toxocara
Toxascaris leonina,Eire + N. Ireland,54.7877149,-6.4923145,2,terrestrial,Animalia,Nematoda,Chromadorea,Rhabditida,Ascarididae,Toxascaris
Toxocara cati,Eire + N. Ireland,54.7877149,-6.4923145,2,terrestrial,Animalia,Nematoda,Chromadorea,Rhabditida,Ascarididae,Toxocara
Angiostrongylus costaricensis,Lesser Antilles,14.4122148,-64.7627955,2,terrestrial,Animalia,Nematoda,Chromadorea,Rhabditida,Metastrongylidae,Angiostrongylus
Ascaris lumbricoides,Iraq,33.223191,43.679291,1,terrestrial,Animalia,Nematoda,Chromadorea,Rhabditida,Ascarididae,Ascaris
Trichostrongylus colubriformis,Iraq,33.223191,43.679291,1,terrestrial,Animalia,Nematoda,Chromadorea,Rhabditida,Trichostrongylidae,Trichostrongylus
Ascaris lumbricoides,Sulawesi,-1.8479,120.5279,1,terrestrial,Animalia,Nematoda,Chromadorea,Rhabditida,Ascarididae,Ascaris
Trichuris trichiura,Sulawesi,-1.8479,120.5279,1,terrestrial,Animalia,Nematoda,Enoplea,Trichinellida,Trichuridae,Trichuris
Enterobius vermicularis,Sulawesi,-1.8479,120.5279,1,terrestrial,Animalia,Nematoda,Chromadorea,Rhabditida,Oxyuridae,Enterobius
Enterobius vermicularis,Malaya,3.17,101.7,1,terrestrial,Animalia,Nematoda,Chromadorea,Rhabditida,Oxyuridae,Enterobius
Protostrongylus rufescens,Spain + Andalusia,37.5442706,-4.7277528,2,terrestrial,Animalia,Nematoda,Chromadorea,Rhabditida,Metastrongylidae,Protostrongylus
Toxocara canis,Austria,47.516231,14.550072,2,terrestrial,Animalia,Nematoda,Chromadorea,Rhabditida,Ascarididae,Toxocara
Toxocara cati,Austria,47.516231,14.550072,2,terrestrial,Animalia,Nematoda,Chromadorea,Rhabditida,Ascarididae,Toxocara
Contracaecum microcephalum,Iraq,33.223191,43.679291,3,freshwater,Animalia,Nematoda,Chromadorea,Rhabditida,Anisakidae,Contracaecum
Eustrongylides tubifex,Iraq,33.223191,43.679291,3,freshwater,Animalia,Nematoda,Enoplea,Dioctophymatida,Dioctophymatidae,Eustrongylides
Anisakis simplex,Spain + Andalusia,37.5442706,-4.7277528,4,marine,Animalia,Nematoda,Chromadorea,Rhabditida,Anisakidae,Anisakis
Pseudoterranova decipiens,Canada,56.130366,-106.346771,4,marine,Animalia,Nematoda,Chromadorea,Rhabditida,Anisakidae,Pseudoterranova
Syphacia muris,Indonesia & Malaysia,-0.789275,113.921327,1,terrestrial,Animalia,Nematoda,Chromadorea,Rhabditida,Oxyuridae,Syphacia
Gongylonema neoplasticum,Indonesia & Malaysia,-0.789275,113.921327,2,terrestrial,Animalia,Nematoda,Chromadorea,Rhabditida,Gongylonematidae,Gongylonema
Mastophorus muris,Indonesia & Malaysia,-0.789275,113.921327,2,terrestrial,Animalia,Nematoda,Chromadorea,Rhabditida,Spirocercidae,Mastophorus
Raphidascaris acus,Europe,54.5259614,15.2551187,3,freshwater,Animalia,Nematoda,Chromadorea,Rhabditida,Raphidascarididae,Raphidascaris
Hexametra boddaertii,California,36.778261,-119.4179324,2,terrestrial,Animalia,Nematoda,Chromadorea,Rhabditida,Ascarididae,Hexametra
Hysterothylacium bidentatum,Europe,54.5259614,15.2551187,2,freshwater,Animalia,Nematoda,Chromadorea,Rhabditida,Raphidascarididae,Hysterothylacium
Goezia ascaroides,Europe,54.5259614,15.2551187,3,freshwater,Animalia,Nematoda,Chromadorea,Rhabditida,Raphidascarididae,Goezia
Paraquimperia tenerrima,Europe,54.5259614,15.2551187,2,freshwater,Animalia,Nematoda,Chromadorea,Rhabditida,Quimperiidae,Paraquimperia
Strongylus equinus,Australia,-25.274398,133.775136,1,terrestrial,Animalia,Nematoda,Chromadorea,Rhabditida,Strongylidae,Strongylus
Strongylus vulgaris,Victoria,-37.01,144.75,1,terrestrial,Animalia,Nematoda,Chromadorea,Rhabditida,Strongylidae,Strongylus
Strongylus edentatus,Victoria,-37.01,144.75,1,terrestrial,Animalia,Nematoda,Chromadorea,Rhabditida,Strongylidae,Strongylus
Camallanus lacustris,Europe,54.5259614,15.2551187,4,freshwater,Animalia,Nematoda,Chromadorea,Rhabditida,Camallanidae,Camallanus
Philometra abdominalis,Europe,54.5259614,15.2551187,2,freshwater,Animalia,Nematoda,Chromadorea,Rhabditida,Philometridae,Philometra
Philometra kotlani,Europe,54.5259614,15.2551187,2,freshwater,Animalia,Nematoda,Chromadorea,Rhabditida,Philometridae,Philometra
Philometra obturans,Europe,54.5259614,15.2551187,3,freshwater,Animalia,Nematoda,Chromadorea,Rhabditida,Philometridae,Philometra
Philometra ovata,Europe,54.5259614,15.2551187,2,freshwater,Animalia,Nematoda,Chromadorea,Rhabditida,Philometridae,Philometra
Philometra rischta,Europe,54.5259614,15.2551187,2,freshwater,Animalia,Nematoda,Chromadorea,Rhabditida,Philometridae,Philometra
Philometroides cyprini,Europe,54.5259614,15.2551187,2,freshwater,Animalia,Nematoda,Chromadorea,Rhabditida,Philometridae,Philometroides
Philometroides sanguinea,Europe,54.5259614,15.2551187,2,freshwater,Animalia,Nematoda,Chromadorea,Rhabditida,Philometridae,Philometroides
Philonema oncorhynchi,Europe,54.5259614,15.2551187,2,freshwater,Animalia,Nematoda,Chromadorea,Rhabditida,Philonematidae,Philonema
Philonema sibirica,Europe,54.5259614,15.2551187,2,freshwater,Animalia,Nematoda,Chromadorea,Rhabditida,Philonematidae,Philonema
Rhabdochona gnedini,Europe,54.5259614,15.2551187,2,freshwater,Animalia,Nematoda,Chromadorea,Rhabditida,Rhabdochonidae,Rhabdochona
Rhabdochona denudata,Europe,54.5259614,15.2551187,2,freshwater,Animalia,Nematoda,Chromadorea,Rhabditida,Rhabdochonidae,Rhabdochona
Rhabdochona ergensi,Europe,54.5259614,15.2551187,2,freshwater,Animalia,Nematoda,Chromadorea,Rhabditida,Rhabdochonidae,Rhabdochona
Rhabdochona hellichi,Europe,54.5259614,15.2551187,2,freshwater,Animalia,Nematoda,Chromadorea,Rhabditida,Rhabdochonidae,Rhabdochona
Rhabdochona oncorhynchi,Europe,54.5259614,15.2551187,2,freshwater,Animalia,Nematoda,Chromadorea,Rhabditida,Rhabdochonidae,Rhabdochona
Rhabdochona phoxini,Europe,54.5259614,15.2551187,2,freshwater,Animalia,Nematoda,Chromadorea,Rhabditida,Rhabdochonidae,Rhabdochona
Comephoronema oschmarini,Europe,54.5259614,15.2551187,2,freshwater,Animalia,Nematoda,Chromadorea,Rhabditida,Cystidicolidae,Comephoronema
Cystidicola farionis,Europe,54.5259614,15.2551187,3,freshwater,Animalia,Nematoda,Chromadorea,Rhabditida,Cystidicolidae,Cystidicola
Spinitectus inermis,Europe,54.5259614,15.2551187,2,freshwater,Animalia,Nematoda,Chromadorea,Rhabditida,Cystidicolidae,Spinitectus
Hystrichis tricolor,Europe,54.5259614,15.2551187,2,freshwater,Animalia,Nematoda,Enoplea,Dioctophymatida,Dioctophymatidae,Hystrichis
Contracaecum microcephalum,Europe,54.5259614,15.2551187,3,freshwater,Animalia,Nematoda,Chromadorea,Rhabditida,Anisakidae,Contracaecum
Contracaecum micropapillatum,Europe,54.5259614,15.2551187,3,freshwater,Animalia,Nematoda,Chromadorea,Rhabditida,Anisakidae,Contracaecum
Contracaecum rudolphii,Europe,54.5259614,15.2551187,3,freshwater,Animalia,Nematoda,Chromadorea,Rhabditida,Anisakidae,Contracaecum
Anisakis simplex,Europe,54.5259614,15.2551187,4,marine,Animalia,Nematoda,Chromadorea,Rhabditida,Anisakidae,Anisakis
Pseudoterranova decipiens,Europe,54.5259614,15.2551187,4,marine,Animalia,Nematoda,Chromadorea,Rhabditida,Anisakidae,Pseudoterranova
Muellerius capillaris,Italy,41.87194,12.56738,2,terrestrial,Animalia,Nematoda,Chromadorea,Rhabditida,Metastrongylidae,Muellerius
Avioserpens mosgovoyi,Europe,54.5259614,15.2551187,3,freshwater,Animalia,Nematoda,Chromadorea,Rhabditida,Dracunculidae,Avioserpens
Ascarops strongylina,Sardinia,40.1208752,9.012892599999999,3,terrestrial,Animalia,Nematoda,Chromadorea,Rhabditida,Spirocercidae,Ascarops
Physocephalus sexalatus,Sardinia,40.1208752,9.012892599999999,3,terrestrial,Animalia,Nematoda,Chromadorea,Rhabditida,Spirocercidae,Physocephalus
Simondsia paradoxa,Sardinia,40.1208752,9.012892599999999,3,terrestrial,Animalia,Nematoda,Chromadorea,Rhabditida,Spirocercidae,Simondsia
Ascaris suum,Sardinia,40.1208752,9.012892599999999,1,terrestrial,Animalia,Nematoda,Chromadorea,Rhabditida,Ascarididae,Ascaris
Trichuris suis,Sardinia,40.1208752,9.012892599999999,1,terrestrial,Animalia,Nematoda,Enoplea,Trichinellida,Trichuridae,Trichuris
Oesophagostomum dentatum,Sardinia,40.1208752,9.012892599999999,1,terrestrial,Animalia,Nematoda,Chromadorea,Rhabditida,Strongylidae,Oesophagostomum
Metastrongylus pudendotectus,Sardinia,40.1208752,9.012892599999999,2,terrestrial,Animalia,Nematoda,Chromadorea,Rhabditida,Metastrongylidae,Metastrongylus
Gongylonema pulchrum,Sardinia,40.1208752,9.012892599999999,2,terrestrial,Animalia,Nematoda,Chromadorea,Rhabditida,Gongylonematidae,Gongylonema
Desportesius brevicaudatus,Europe,54.5259614,15.2551187,4,freshwater,Animalia,Nematoda,Chromadorea,Rhabditida,Acuariidae,Desportesius
Syncuaria squamata,Europe,54.5259614,15.2551187,3,freshwater,Animalia,Nematoda,Chromadorea,Rhabditida,Acuariidae,Syncuaria
Cosmocephalus obvelatus,Europe,54.5259614,15.2551187,3,freshwater,Animalia,Nematoda,Chromadorea,Rhabditida,Acuariidae,Cosmocephalus
Streptocara crassicauda,Europe,54.5259614,15.2551187,3,freshwater,Animalia,Nematoda,Chromadorea,Rhabditida,Acuariidae,Streptocara
Anisakis pegreffii,Mediterranean,34.5531284,18.0480105,4,marine,Animalia,Nematoda,Chromadorea,Rhabditida,Anisakidae,Anisakis
Teladorsagia circumcincta,Sardinia,40.1208752,9.012892599999999,1,terrestrial,Animalia,Nematoda,Chromadorea,Rhabditida,Trichostrongylidae,Ostertagia
Trichostrongylus axei,Sardinia,40.1208752,9.012892599999999,1,terrestrial,Animalia,Nematoda,Chromadorea,Rhabditida,Trichostrongylidae,Trichostrongylus
Haemonchus contortus,Sardinia,40.1208752,9.012892599999999,1,terrestrial,Animalia,Nematoda,Chromadorea,Rhabditida,Trichostrongylidae,Haemonchus
Ostertagia ostertagi,Sardinia,40.1208752,9.012892599999999,1,terrestrial,Animalia,Nematoda,Chromadorea,Rhabditida,Trichostrongylidae,Ostertagia
Haemonchus contortus,Victoria,-37.01,144.75,1,terrestrial,Animalia,Nematoda,Chromadorea,Rhabditida,Trichostrongylidae,Haemonchus
Haemonchus contortus,Switzerland + Lichtenstein,47.3682887,8.5374552,1,terrestrial,Animalia,Nematoda,Chromadorea,Rhabditida,Trichostrongylidae,Haemonchus
Libyostrongylus douglassii,Southern Africa,-24.3570767,19.5687103,1,terrestrial,Animalia,Nematoda,Chromadorea,Rhabditida,Trichostrongylidae,Libyostrongylus
Libyostrongylus douglassii,North Carolina,35.7595731,-79.01929969999999,1,terrestrial,Animalia,Nematoda,Chromadorea,Rhabditida,Trichostrongylidae,Libyostrongylus
Nematodirus spathiger,Argentina,-38.416097,-63.61667199999999,1,terrestrial,Animalia,Nematoda,Chromadorea,Rhabditida,Molineidae,Nematodirus
Haemonchus contortus,Argentina,-38.416097,-63.61667199999999,1,terrestrial,Animalia,Nematoda,Chromadorea,Rhabditida,Trichostrongylidae,Haemonchus
Nematodirus abnormalis,Argentina,-38.416097,-63.61667199999999,1,terrestrial,Animalia,Nematoda,Chromadorea,Rhabditida,Molineidae,Nematodirus
Trichostrongylus vitrinus,Argentina,-38.416097,-63.61667199999999,1,terrestrial,Animalia,Nematoda,Chromadorea,Rhabditida,Trichostrongylidae,Trichostrongylus
Teladorsagia circumcincta,Argentina,-38.416097,-63.61667199999999,1,terrestrial,Animalia,Nematoda,Chromadorea,Rhabditida,Trichostrongylidae,Ostertagia
Trichuris ovis,Argentina,-38.416097,-63.61667199999999,1,terrestrial,Animalia,Nematoda,Enoplea,Trichinellida,Trichinellidae,Trichocephalus
Oesophagostomum venulosum,Argentina,-38.416097,-63.61667199999999,1,terrestrial,Animalia,Nematoda,Chromadorea,Rhabditida,Strongylidae,Oesophagostomum
Oesophagostomum columbianum,Argentina,-38.416097,-63.61667199999999,1,terrestrial,Animalia,Nematoda,Chromadorea,Rhabditida,Strongylidae,Oesophagostomum
Chabertia ovina,Argentina,-38.416097,-63.61667199999999,1,terrestrial,Animalia,Nematoda,Chromadorea,Rhabditida,Strongylidae,Chabertia
Ascaris lumbricoides,Malagasay,-20,47,1,terrestrial,Animalia,Nematoda,Chromadorea,Rhabditida,Ascarididae,Ascaris
Trichuris trichiura,Malagasay,-20,47,1,terrestrial,Animalia,Nematoda,Enoplea,Trichinellida,Trichuridae,Trichuris
Teladorsagia circumcincta,Scotland,56.49067119999999,-4.2026458,1,terrestrial,Animalia,Nematoda,Chromadorea,Rhabditida,Trichostrongylidae,Ostertagia
Trichuris ovis,Mauritania,21.00789,-10.940835,1,terrestrial,Animalia,Nematoda,Enoplea,Trichinellida,Trichinellidae,Trichocephalus
Enterobius vermicularis,Venezuela,6.42375,-66.58973,1,terrestrial,Animalia,Nematoda,Chromadorea,Rhabditida,Oxyuridae,Enterobius
Ascaris lumbricoides,Ethiopian Region,9.145000000000001,40.489673,1,terrestrial,Animalia,Nematoda,Chromadorea,Rhabditida,Ascarididae,Ascaris
Trichuris trichiura,Europe,54.5259614,15.2551187,1,terrestrial,Animalia,Nematoda,Enoplea,Trichinellida,Trichuridae,Trichuris
Trichuris trichiura,Ethiopian Region,9.145000000000001,40.489673,1,terrestrial,Animalia,Nematoda,Enoplea,Trichinellida,Trichuridae,Trichuris
Trichuris trichiura,Neotropical,28.9337826,-95.30845339999999,1,terrestrial,Animalia,Nematoda,Enoplea,Trichinellida,Trichuridae,Trichuris
Echinocephalus uncinatus,Adriatic Sea,41.85509039999999,17.2902839,2,marine,Animalia,Nematoda,Chromadorea,Rhabditida,Gnathostomatidae,Echinocephalus
Parascaris equorum,Victoria,-37.01,144.75,1,terrestrial,Animalia,Nematoda,Chromadorea,Rhabditida,Ascarididae,Parascaris
Oxyuris equi,Victoria,-37.01,144.75,1,terrestrial,Animalia,Nematoda,Chromadorea,Rhabditida,Oxyuridae,Oxyuris
Strongylus equinus,Victoria,-37.01,144.75,1,terrestrial,Animalia,Nematoda,Chromadorea,Rhabditida,Strongylidae,Strongylus
Triodontophorus tenuicollis,Victoria,-37.01,144.75,1,terrestrial,Animalia,Nematoda,Chromadorea,Rhabditida,Strongylidae,Triodontophorus
Cylicostephanus longibursatus,Victoria,-37.01,144.75,1,terrestrial,Animalia,Nematoda,Chromadorea,Rhabditida,Strongylidae,Cylicostephanus
Cyathostomum catinatum,Victoria,-37.01,144.75,1,terrestrial,Animalia,Nematoda,Chromadorea,Rhabditida,Strongylidae,Cyathostomum
Cylicocyclus nassatus,Victoria,-37.01,144.75,1,terrestrial,Animalia,Nematoda,Chromadorea,Rhabditida,Strongylidae,Cylicocyclus
Proleptus niedmanni,Chilean coast,-32.98,-71.00999999999999,2,marine,Animalia,Nematoda,Chromadorea,Rhabditida,Physalopteridae,Proleptus
Anguillicola crassus,Western Mediterranean,34.5531284,18.0480105,3,freshwater,Animalia,Nematoda,Chromadorea,Rhabditida,Anguillicolidae,Anguillicola
Cyathostoma bronchialis,Nearctic,53.569001,-113.571487,2,terrestrial,Animalia,Nematoda,Chromadorea,Rhabditida,Strongylidae,Cyathostoma
Truttaedacnitis pybusae,Ontario,51.253775,-85.323214,1,freshwater,Animalia,Nematoda,Chromadorea,Rhabditida,Cucullanidae,Cucullanus
Oxyuris equi,New Caledonia,-20.904305,165.618042,1,terrestrial,Animalia,Nematoda,Chromadorea,Rhabditida,Oxyuridae,Oxyuris
Parascaris equorum,Estonia + Latvia,56.95962400000001,24.1016552,1,terrestrial,Animalia,Nematoda,Chromadorea,Rhabditida,Ascarididae,Parascaris
Oxyuris equi,Estonia + Latvia,56.95962400000001,24.1016552,1,terrestrial,Animalia,Nematoda,Chromadorea,Rhabditida,Oxyuridae,Oxyuris
Trichostrongylus axei,Estonia + Latvia,56.95962400000001,24.1016552,1,terrestrial,Animalia,Nematoda,Chromadorea,Rhabditida,Trichostrongylidae,Trichostrongylus
Dictyocaulus viviparus,Denmark,56.26392,9.501785,1,terrestrial,Animalia,Nematoda,Chromadorea,Rhabditida,Metastrongylidae,Dictyocaulus
Aspiculuris tetraptera,Denmark,56.26392,9.501785,1,terrestrial,Animalia,Nematoda,Chromadorea,Rhabditida,Heteroxynematidae,Aspiculuris
Syphacia obvelata,Denmark,56.26392,9.501785,1,terrestrial,Animalia,Nematoda,Chromadorea,Rhabditida,Oxyuridae,Syphacia
Acuaria anthuris,Spain + Andalusia,37.5442706,-4.7277528,2,terrestrial,Animalia,Nematoda,Chromadorea,Rhabditida,Acuariidae,Acuaria
Subulura bolivari,Spain + Andalusia,37.5442706,-4.7277528,2,terrestrial,Animalia,Nematoda,Chromadorea,Rhabditida,Subuluridae,Subulura
Porrocaecum angusticolle,Spain + Andalusia,37.5442706,-4.7277528,3,terrestrial,Animalia,Nematoda,Chromadorea,Rhabditida,Ascarididae,Porrocaecum
Pterygodermatites affinis,Spain + Andalusia,37.5442706,-4.7277528,3,terrestrial,Animalia,Nematoda,Chromadorea,Rhabditida,Rictulariidae,Pterygodermatites
Haemonchus contortus,Indian Region,22,79,1,terrestrial,Animalia,Nematoda,Chromadorea,Rhabditida,Trichostrongylidae,Haemonchus
Oesophagostomum columbianum,Indian Region,22,79,1,terrestrial,Animalia,Nematoda,Chromadorea,Rhabditida,Strongylidae,Oesophagostomum
Trichuris ovis,Indian Region,22,79,1,terrestrial,Animalia,Nematoda,Enoplea,Trichinellida,Trichinellidae,Trichocephalus
Nematodirus filicollis,Indian Region,22,79,1,terrestrial,Animalia,Nematoda,Chromadorea,Rhabditida,Molineidae,Nematodirus
Trichostrongylus colubriformis,Indian Region,22,79,1,terrestrial,Animalia,Nematoda,Chromadorea,Rhabditida,Trichostrongylidae,Trichostrongylus
Trichostrongylus axei,Indian Region,22,79,1,terrestrial,Animalia,Nematoda,Chromadorea,Rhabditida,Trichostrongylidae,Trichostrongylus
Chabertia ovina,Indian Region,22,79,1,terrestrial,Animalia,Nematoda,Chromadorea,Rhabditida,Strongylidae,Chabertia
Heligmosomoides polygyrus,France,46.227638,2.213749,1,terrestrial,Animalia,Nematoda,Chromadorea,Rhabditida,Heligmosomidae,Heligmosomoides
Dictyocaulus filaria,New Zealand,-40.900557,174.885971,1,terrestrial,Animalia,Nematoda,Chromadorea,Rhabditida,Metastrongylidae,Dictyocaulus
Muellerius capillaris,New Zealand,-40.900557,174.885971,2,terrestrial,Animalia,Nematoda,Chromadorea,Rhabditida,Metastrongylidae,Muellerius
Protostrongylus rufescens,New Zealand,-40.900557,174.885971,2,terrestrial,Animalia,Nematoda,Chromadorea,Rhabditida,Metastrongylidae,Protostrongylus
Ostertagia ostertagi,New Zealand,-40.900557,174.885971,1,terrestrial,Animalia,Nematoda,Chromadorea,Rhabditida,Trichostrongylidae,Ostertagia
Cooperia oncophora,New Zealand,-40.900557,174.885971,1,terrestrial,Animalia,Nematoda,Chromadorea,Rhabditida,Trichostrongylidae,Cooperia
Cooperia punctata,New Zealand,-40.900557,174.885971,1,terrestrial,Animalia,Nematoda,Chromadorea,Rhabditida,Trichostrongylidae,Cooperia
Nematodirus abnormalis,New Zealand,-40.900557,174.885971,1,terrestrial,Animalia,Nematoda,Chromadorea,Rhabditida,Molineidae,Nematodirus
Nematodirus filicollis,New Zealand,-40.900557,174.885971,1,terrestrial,Animalia,Nematoda,Chromadorea,Rhabditida,Molineidae,Nematodirus
Nematodirus helvetianus,New Zealand,-40.900557,174.885971,1,terrestrial,Animalia,Nematoda,Chromadorea,Rhabditida,Molineidae,Nematodirus
Nematodirus spathiger,New Zealand,-40.900557,174.885971,1,terrestrial,Animalia,Nematoda,Chromadorea,Rhabditida,Molineidae,Nematodirus
Trichostrongylus vitrinus,New Zealand,-40.900557,174.885971,1,terrestrial,Animalia,Nematoda,Chromadorea,Rhabditida,Trichostrongylidae,Trichostrongylus
Chabertia ovina,New Zealand,-40.900557,174.885971,1,terrestrial,Animalia,Nematoda,Chromadorea,Rhabditida,Strongylidae,Chabertia
Trichuris ovis,New Zealand,-40.900557,174.885971,1,terrestrial,Animalia,Nematoda,Enoplea,Trichinellida,Trichinellidae,Trichocephalus
Oesophagostomum columbianum,New Zealand,-40.900557,174.885971,1,terrestrial,Animalia,Nematoda,Chromadorea,Rhabditida,Strongylidae,Oesophagostomum
Oesophagostomum venulosum,New Zealand,-40.900557,174.885971,1,terrestrial,Animalia,Nematoda,Chromadorea,Rhabditida,Strongylidae,Oesophagostomum
Oesophagostomum quadrispinulatum,Denmark,56.26392,9.501785,1,terrestrial,Animalia,Nematoda,Chromadorea,Rhabditida,Strongylidae,Oesophagostomum
Cucullanus cirratus,Baltic Sea,58.48795200000001,19.863281,3,marine,Animalia,Nematoda,Chromadorea,Rhabditida,Cucullanidae,Cucullanus
Capillaria gracilis,Baltic Sea,58.48795200000001,19.863281,3,marine,Animalia,Nematoda,Enoplea,Trichinellida,Capillariidae,Capillaria
Anisakis simplex,Greenland,71.706936,-42.604303,4,marine,Animalia,Nematoda,Chromadorea,Rhabditida,Anisakidae,Anisakis
Pseudoterranova decipiens,Greenland,71.706936,-42.604303,4,marine,Animalia,Nematoda,Chromadorea,Rhabditida,Anisakidae,Pseudoterranova
Philonema agubernaculum,Greenland,71.706936,-42.604303,2,freshwater,Animalia,Nematoda,Chromadorea,Rhabditida,Philonematidae,Philonema
Ascaridia galli,Indian Region,22,79,1,terrestrial,Animalia,Nematoda,Chromadorea,Rhabditida,Ascaridiidae,Ascaridia
Dictyocaulus viviparus,New Zealand,-40.900557,174.885971,1,terrestrial,Animalia,Nematoda,Chromadorea,Rhabditida,Metastrongylidae,Dictyocaulus
Oesophagostomum radiatum,New Zealand,-40.900557,174.885971,1,terrestrial,Animalia,Nematoda,Chromadorea,Rhabditida,Strongylidae,Oesophagostomum
Teladorsagia circumcincta,New Zealand,-40.900557,174.885971,1,terrestrial,Animalia,Nematoda,Chromadorea,Rhabditida,Trichostrongylidae,Ostertagia
Trichuris discolor,New Zealand,-40.900557,174.885971,1,terrestrial,Animalia,Nematoda,Enoplea,Trichinellida,Trichuridae,Trichuris
Elaphostrongylus cervi,New Zealand,-40.900557,174.885971,2,terrestrial,Animalia,Nematoda,Chromadorea,Rhabditida,Metastrongylidae,Elaphostrongylus
Varestrongylus sagittatus,New Zealand,-40.900557,174.885971,2,terrestrial,Animalia,Nematoda,Chromadorea,Rhabditida,Metastrongylidae,Varestrongylus
Cooperia pectinata,New Zealand,-40.900557,174.885971,1,terrestrial,Animalia,Nematoda,Chromadorea,Rhabditida,Trichostrongylidae,Cooperia
Batrachocamallanus slomei,Cape Province,-33.5,20.97,2,freshwater,Animalia,Nematoda,Chromadorea,Rhabditida,Camallanidae,Procamallanus
Batrachocamallanus slomei,Southern Africa,-24.3570767,19.5687103,2,freshwater,Animalia,Nematoda,Chromadorea,Rhabditida,Camallanidae,Procamallanus
Batrachocamallanus slomei,Kenya,-0.023559,37.906193,2,freshwater,Animalia,Nematoda,Chromadorea,Rhabditida,Camallanidae,Procamallanus
Batrachocamallanus slomei,Zaire,-6.2649292,14.2343282,2,freshwater,Animalia,Nematoda,Chromadorea,Rhabditida,Camallanidae,Procamallanus
Dictyocaulus filaria,Indian Region,22,79,1,terrestrial,Animalia,Nematoda,Chromadorea,Rhabditida,Metastrongylidae,Dictyocaulus
Dictyocaulus viviparus,Indian Region,22,79,1,terrestrial,Animalia,Nematoda,Chromadorea,Rhabditida,Metastrongylidae,Dictyocaulus
Metastrongylus salmi,Indian Region,22,79,2,terrestrial,Animalia,Nematoda,Chromadorea,Rhabditida,Metastrongylidae,Metastrongylus
Metastrongylus apri,Indian Region,22,79,2,terrestrial,Animalia,Nematoda,Chromadorea,Rhabditida,Metastrongylidae,Metastrongylus
Protostrongylus rufescens,Indian Region,22,79,2,terrestrial,Animalia,Nematoda,Chromadorea,Rhabditida,Metastrongylidae,Protostrongylus
Trichuris discolor,Indian Region,22,79,1,terrestrial,Animalia,Nematoda,Enoplea,Trichinellida,Trichuridae,Trichuris
Dispharynx nasuta,Indian Region,22,79,2,terrestrial,Animalia,Nematoda,Chromadorea,Rhabditida,Acuariidae,Dispharynx
Skrjabinema ovis,Indian Region,22,79,1,terrestrial,Animalia,Nematoda,Chromadorea,Rhabditida,Oxyuridae,Skrjabinema
Oesophagostomum radiatum,Indian Region,22,79,1,terrestrial,Animalia,Nematoda,Chromadorea,Rhabditida,Strongylidae,Oesophagostomum
Oesophagostomum asperum,Indian Region,22,79,1,terrestrial,Animalia,Nematoda,Chromadorea,Rhabditida,Strongylidae,Oesophagostomum
Oesophagostomum venulosum,Indian Region,22,79,1,terrestrial,Animalia,Nematoda,Chromadorea,Rhabditida,Strongylidae,Oesophagostomum
Haemonchus placei,Indian Region,22,79,1,terrestrial,Animalia,Nematoda,Chromadorea,Rhabditida,Trichostrongylidae,Haemonchus
Dictyocaulus arnfieldi,Indian Region,22,79,1,terrestrial,Animalia,Nematoda,Chromadorea,Rhabditida,Metastrongylidae,Dictyocaulus
Varestrongylus pneumonicus,Indian Region,22,79,2,terrestrial,Animalia,Nematoda,Chromadorea,Rhabditida,Metastrongylidae,Varestrongylus
Raphidascaris acus,Scotland,56.49067119999999,-4.2026458,3,freshwater,Animalia,Nematoda,Chromadorea,Rhabditida,Raphidascarididae,Raphidascaris
Cystidicola farionis,Scotland,56.49067119999999,-4.2026458,3,freshwater,Animalia,Nematoda,Chromadorea,Rhabditida,Cystidicolidae,Cystidicola
Raphidascaris acus,British Columbia,53.7266683,-127.6476205,3,freshwater,Animalia,Nematoda,Chromadorea,Rhabditida,Raphidascarididae,Raphidascaris
Raphidascaris acus,Ontario,51.253775,-85.323214,3,freshwater,Animalia,Nematoda,Chromadorea,Rhabditida,Raphidascarididae,Raphidascaris
Raphidascaris acus,Alberta,53.9332706,-116.5765035,3,freshwater,Animalia,Nematoda,Chromadorea,Rhabditida,Raphidascarididae,Raphidascaris
Raphidascaris acus,Labrador + Newfoundland,53.1355091,-57.6604364,3,freshwater,Animalia,Nematoda,Chromadorea,Rhabditida,Raphidascarididae,Raphidascaris
Truttaedacnitis truttae,British Columbia,53.7266683,-127.6476205,2,freshwater,Animalia,Nematoda,Chromadorea,Rhabditida,Cucullanidae,Cucullanus
Truttaedacnitis truttae,New Brunswick,46.5653163,-66.46191639999999,2,freshwater,Animalia,Nematoda,Chromadorea,Rhabditida,Cucullanidae,Cucullanus
Philometra cylindracea,Ontario,51.253775,-85.323214,2,freshwater,Animalia,Nematoda,Chromadorea,Rhabditida,Philometridae,Philometra
Philometroides huronensis,Ontario,51.253775,-85.323214,2,freshwater,Animalia,Nematoda,Chromadorea,Rhabditida,Philometridae,Philometroides
Philometroides huronensis,British Columbia,53.7266683,-127.6476205,2,freshwater,Animalia,Nematoda,Chromadorea,Rhabditida,Philometridae,Philometroides
Philometroides nodulosa,Ontario,51.253775,-85.323214,2,freshwater,Animalia,Nematoda,Chromadorea,Rhabditida,Philometridae,Philometroides
Philonema agubernaculum,Alberta,53.9332706,-116.5765035,2,freshwater,Animalia,Nematoda,Chromadorea,Rhabditida,Philonematidae,Philonema
Philonema agubernaculum,Labrador + Newfoundland,53.1355091,-57.6604364,2,freshwater,Animalia,Nematoda,Chromadorea,Rhabditida,Philonematidae,Philonema
Philonema agubernaculum,Northwest Territories,64.8255441,-124.8457334,2,freshwater,Animalia,Nematoda,Chromadorea,Rhabditida,Philonematidae,Philonema
Cystidicola farionis,Ontario,51.253775,-85.323214,3,freshwater,Animalia,Nematoda,Chromadorea,Rhabditida,Cystidicolidae,Cystidicola
Cystidicola farionis,British Columbia,53.7266683,-127.6476205,3,freshwater,Animalia,Nematoda,Chromadorea,Rhabditida,Cystidicolidae,Cystidicola
Cystidicola farionis,Yukon + Northwest Territories,60.71795149999999,-135.0498961,3,freshwater,Animalia,Nematoda,Chromadorea,Rhabditida,Cystidicolidae,Cystidicola
Salvelinema walkeri,British Columbia,53.7266683,-127.6476205,2,freshwater,Animalia,Nematoda,Chromadorea,Rhabditida,Cystidicolidae,Salvelinema
Spinitectus gracilis,Manitoba,53.7608608,-98.8138762,3,freshwater,Animalia,Nematoda,Chromadorea,Rhabditida,Cystidicolidae,Spinitectus
Spinitectus gracilis,Canada,56.130366,-106.346771,3,freshwater,Animalia,Nematoda,Chromadorea,Rhabditida,Cystidicolidae,Spinitectus
Spinitectus carolini,Ontario,51.253775,-85.323214,3,freshwater,Animalia,Nematoda,Chromadorea,Rhabditida,Cystidicolidae,Spinitectus
Sterliadochona ephemeridarum,Ontario,51.253775,-85.323214,2,freshwater,Animalia,Nematoda,Chromadorea,Rhabditida,Cystidicolidae,Salmonema
Sterliadochona ephemeridarum,Northwest Territories,64.8255441,-124.8457334,2,freshwater,Animalia,Nematoda,Chromadorea,Rhabditida,Cystidicolidae,Salmonema
Sterliadochona ephemeridarum,British Columbia,53.7266683,-127.6476205,2,freshwater,Animalia,Nematoda,Chromadorea,Rhabditida,Cystidicolidae,Salmonema
Sterliadochona ephemeridarum,Manitoba,53.7608608,-98.8138762,2,freshwater,Animalia,Nematoda,Chromadorea,Rhabditida,Cystidicolidae,Salmonema
Rhabdochona canadensis,Alberta,53.9332706,-116.5765035,2,freshwater,Animalia,Nematoda,Chromadorea,Rhabditida,Rhabdochonidae,Rhabdochona
Rhabdochona canadensis,British Columbia,53.7266683,-127.6476205,2,freshwater,Animalia,Nematoda,Chromadorea,Rhabditida,Rhabdochonidae,Rhabdochona
Rhabdochona cascadilla,Manitoba,53.7608608,-98.8138762,2,freshwater,Animalia,Nematoda,Chromadorea,Rhabditida,Rhabdochonidae,Rhabdochona
Rhabdochona cascadilla,Alberta,53.9332706,-116.5765035,2,freshwater,Animalia,Nematoda,Chromadorea,Rhabditida,Rhabdochonidae,Rhabdochona
Rhabdochona cascadilla,British Columbia,53.7266683,-127.6476205,2,freshwater,Animalia,Nematoda,Chromadorea,Rhabditida,Rhabdochonidae,Rhabdochona
Cooperia oncophora,Belgium + Luxembourg,50.0546886,5.467698299999999,1,terrestrial,Animalia,Nematoda,Chromadorea,Rhabditida,Trichostrongylidae,Cooperia
Ascaris suum,Indian Region,22,79,1,terrestrial,Animalia,Nematoda,Chromadorea,Rhabditida,Ascarididae,Ascaris
Ascaris lumbricoides,Indian Region,22,79,1,terrestrial,Animalia,Nematoda,Chromadorea,Rhabditida,Ascarididae,Ascaris
Parascaris equorum,Indian Region,22,79,1,terrestrial,Animalia,Nematoda,Chromadorea,Rhabditida,Ascarididae,Parascaris
Toxocara canis,Indian Region,22,79,2,terrestrial,Animalia,Nematoda,Chromadorea,Rhabditida,Ascarididae,Toxocara
Heterakis gallinarum,Indian Region,22,79,2,terrestrial,Animalia,Nematoda,Chromadorea,Rhabditida,Heterakidae,Heterakis
Strongylus vulgaris,Indian Region,22,79,1,terrestrial,Animalia,Nematoda,Chromadorea,Rhabditida,Strongylidae,Strongylus
Strongylus equinus,Indian Region,22,79,1,terrestrial,Animalia,Nematoda,Chromadorea,Rhabditida,Strongylidae,Strongylus
Stephanurus dentatus,Indian Region,22,79,2,terrestrial,Animalia,Nematoda,Chromadorea,Rhabditida,Strongylidae,Stephanurus
Uncinaria stenocephala,Indian Region,22,79,1,terrestrial,Animalia,Nematoda,Chromadorea,Rhabditida,Ancylostomatidae,Uncinaria
Angiostrongylus cantonensis,Indian Region,22,79,3,terrestrial,Animalia,Nematoda,Chromadorea,Rhabditida,Metastrongylidae,Angiostrongylus
Spirocerca lupi,Indian Region,22,79,3,terrestrial,Animalia,Nematoda,Chromadorea,Rhabditida,Spirocercidae,Spirocerca
Ascarops strongylina,Indian Region,22,79,3,terrestrial,Animalia,Nematoda,Chromadorea,Rhabditida,Spirocercidae,Ascarops
Physocephalus sexalatus,Indian Region,22,79,3,terrestrial,Animalia,Nematoda,Chromadorea,Rhabditida,Spirocercidae,Physocephalus
Simondsia paradoxa,Indian Region,22,79,3,terrestrial,Animalia,Nematoda,Chromadorea,Rhabditida,Spirocercidae,Simondsia
Tetrameres mohtedai,Indian Region,22,79,2,terrestrial,Animalia,Nematoda,Chromadorea,Rhabditida,Tetrameridae,Tetrameres
Physaloptera praeputialis,Indian Region,22,79,3,terrestrial,Animalia,Nematoda,Chromadorea,Rhabditida,Physalopteridae,Physaloptera
Rhabdochona hellichi,Spain + Andalusia,37.5442706,-4.7277528,2,freshwater,Animalia,Nematoda,Chromadorea,Rhabditida,Rhabdochonidae,Rhabdochona
Toxascaris leonina,Japan,36.204824,138.252924,2,terrestrial,Animalia,Nematoda,Chromadorea,Rhabditida,Ascarididae,Toxascaris
Philonema oncorhynchi,Alaska,64.2008413,-149.4936733,2,freshwater,Animalia,Nematoda,Chromadorea,Rhabditida,Philonematidae,Philonema
Oswaldocruzia filiformis,Europe,54.5259614,15.2551187,1,terrestrial,Animalia,Nematoda,Chromadorea,Rhabditida,Molineidae,Oswaldocruzia
Enterobius vermicularis,Chile,-35.675147,-71.542969,1,terrestrial,Animalia,Nematoda,Chromadorea,Rhabditida,Oxyuridae,Enterobius
Cystidicola farionis,Eire + N. Ireland,54.7877149,-6.4923145,3,freshwater,Animalia,Nematoda,Chromadorea,Rhabditida,Cystidicolidae,Cystidicola
Dictyocaulus arnfieldi,Chile,-35.675147,-71.542969,1,terrestrial,Animalia,Nematoda,Chromadorea,Rhabditida,Metastrongylidae,Dictyocaulus
Toxocara canis,Chile,-35.675147,-71.542969,2,terrestrial,Animalia,Nematoda,Chromadorea,Rhabditida,Ascarididae,Toxocara
Heligmosomoides polygyrus,Germany,51.165691,10.451526,1,terrestrial,Animalia,Nematoda,Chromadorea,Rhabditida,Heligmosomidae,Heligmosomoides
Physocephalus sexalatus,Mexico,23.634501,-102.552784,3,terrestrial,Animalia,Nematoda,Chromadorea,Rhabditida,Spirocercidae,Physocephalus
Toxocara canis,Argentina,-38.416097,-63.61667199999999,2,terrestrial,Animalia,Nematoda,Chromadorea,Rhabditida,Ascarididae,Toxocara
Ascaris lumbricoides,Zaire,-6.2649292,14.2343282,1,terrestrial,Animalia,Nematoda,Chromadorea,Rhabditida,Ascarididae,Ascaris
Filaroides martis,Ontario,51.253775,-85.323214,3,terrestrial,Animalia,Nematoda,Chromadorea,Rhabditida,Filaroididae,Filaroides
Pearsonema plica,Ontario,51.253775,-85.323214,2,terrestrial,Animalia,Nematoda,Enoplea,Trichinellida,Trichuridae,Pearsonema
Eucoleus aerophilus,Ontario,51.253775,-85.323214,2,terrestrial,Animalia,Nematoda,Enoplea,Trichinellida,Capillariidae,Eucoleus
Haemonchus contortus,Kenya,-0.023559,37.906193,1,terrestrial,Animalia,Nematoda,Chromadorea,Rhabditida,Trichostrongylidae,Haemonchus
Cooperia oncophora,Lithuania,55.169438,23.881275,1,terrestrial,Animalia,Nematoda,Chromadorea,Rhabditida,Trichostrongylidae,Cooperia
Oesophagostomum venulosum,Lithuania,55.169438,23.881275,1,terrestrial,Animalia,Nematoda,Chromadorea,Rhabditida,Strongylidae,Oesophagostomum
Crenosoma vulpis,Denmark,56.26392,9.501785,2,terrestrial,Animalia,Nematoda,Chromadorea,Rhabditida,Metastrongylidae,Crenosoma
Cystidicoloides tenuissima,Finland,61.92410999999999,25.7481511,3,freshwater,Animalia,Nematoda,Chromadorea,Rhabditida,Cystidicolidae,Salmonema
Philonema sibirica,Finland,61.92410999999999,25.7481511,2,freshwater,Animalia,Nematoda,Chromadorea,Rhabditida,Philonematidae,Philonema
Trichostrongylus colubriformis,"England, Wales + Isle of Man",54.236107,-4.548056,1,terrestrial,Animalia,Nematoda,Chromadorea,Rhabditida,Trichostrongylidae,Trichostrongylus
Toxocara cati,Spain + Andalusia,37.5442706,-4.7277528,2,terrestrial,Animalia,Nematoda,Chromadorea,Rhabditida,Ascarididae,Toxocara
Strongylus vulgaris,Sweden,60.12816100000001,18.643501,1,terrestrial,Animalia,Nematoda,Chromadorea,Rhabditida,Strongylidae,Strongylus
Toxocara canis,Estonia + Latvia,56.95962400000001,24.1016552,2,terrestrial,Animalia,Nematoda,Chromadorea,Rhabditida,Ascarididae,Toxocara
Uncinaria stenocephala,Estonia + Latvia,56.95962400000001,24.1016552,1,terrestrial,Animalia,Nematoda,Chromadorea,Rhabditida,Ancylostomatidae,Uncinaria
Toxascaris leonina,Estonia + Latvia,56.95962400000001,24.1016552,2,terrestrial,Animalia,Nematoda,Chromadorea,Rhabditida,Ascarididae,Toxascaris
Syphacia obvelata,Arizona,34.0489281,-111.0937311,1,terrestrial,Animalia,Nematoda,Chromadorea,Rhabditida,Oxyuridae,Syphacia
Protostrongylus boughtoni,Wisconsin,43.7844397,-88.7878678,2,terrestrial,Animalia,Nematoda,Chromadorea,Rhabditida,Metastrongylidae,Protostrongylus
Obeliscoides cuniculi,Wisconsin,43.7844397,-88.7878678,1,terrestrial,Animalia,Nematoda,Chromadorea,Rhabditida,Trichostrongylidae,Obeliscoides
Cucullanus cirratus,West Coast of Norway,60.4121981,5.3222701,3,marine,Animalia,Nematoda,Chromadorea,Rhabditida,Cucullanidae,Cucullanus
Cosmocephalus obvelatus,West Coast of Norway,60.4121981,5.3222701,3,freshwater,Animalia,Nematoda,Chromadorea,Rhabditida,Acuariidae,Cosmocephalus
Anisakis typica,Gulf of Mexico,25.304304,-90.065918,4,marine,Animalia,Nematoda,Chromadorea,Rhabditida,Anisakidae,Anisakis
Rhabdochona hellichi,Austria,47.516231,14.550072,2,freshwater,Animalia,Nematoda,Chromadorea,Rhabditida,Rhabdochonidae,Rhabdochona
Philometroides sanguinea,Norway,60.47202399999999,8.468945999999999,2,freshwater,Animalia,Nematoda,Chromadorea,Rhabditida,Philometridae,Philometroides
Ascaris lumbricoides,Sri Lanka,7.873053999999999,80.77179699999999,1,terrestrial,Animalia,Nematoda,Chromadorea,Rhabditida,Ascarididae,Ascaris
Pseudoterranova decipiens,Norwegian Sea,68.8773537,3.13966,4,marine,Animalia,Nematoda,Chromadorea,Rhabditida,Anisakidae,Pseudoterranova
Skrjabinoclava inornatae,Nova Scotia,44.68198659999999,-63.744311,2,marine,Animalia,Nematoda,Chromadorea,Rhabditida,Acuariidae,Skrjabinoclava
Skrjabinoclava inornatae,Canada,56.130366,-106.346771,2,marine,Animalia,Nematoda,Chromadorea,Rhabditida,Acuariidae,Skrjabinoclava
Anisakis simplex,Ligurian Sea,43.7542275,8.8362755,4,marine,Animalia,Nematoda,Chromadorea,Rhabditida,Anisakidae,Anisakis
Camallanus oxycephalus,Louisiana,30.9842977,-91.96233269999999,3,freshwater,Animalia,Nematoda,Chromadorea,Rhabditida,Camallanidae,Camallanus
Spinitectus carolini,Louisiana,30.9842977,-91.96233269999999,3,freshwater,Animalia,Nematoda,Chromadorea,Rhabditida,Cystidicolidae,Spinitectus
Trichuris muris,France,46.227638,2.213749,1,terrestrial,Animalia,Nematoda,Enoplea,Trichinellida,Trichuridae,Trichuris
Anisakis simplex,France,46.227638,2.213749,4,marine,Animalia,Nematoda,Chromadorea,Rhabditida,Anisakidae,Anisakis
Capillaria anatis,Black Sea,43.41302899999999,34.299316,2,terrestrial,Animalia,Nematoda,Enoplea,Trichinellida,Capillariidae,Capillaria
Amidostomum acutum,Black Sea,43.41302899999999,34.299316,1,freshwater,Animalia,Nematoda,Chromadorea,Rhabditida,Amidostomidae,Amidostomum
Cosmocephalus obvelatus,Black Sea,43.41302899999999,34.299316,3,freshwater,Animalia,Nematoda,Chromadorea,Rhabditida,Acuariidae,Cosmocephalus
Streptocara crassicauda,Black Sea,43.41302899999999,34.299316,3,freshwater,Animalia,Nematoda,Chromadorea,Rhabditida,Acuariidae,Streptocara
Trichosomoides crassicauda,United States,37.09024,-95.712891,1,terrestrial,Animalia,Nematoda,Enoplea,Trichinellida,Trichosomoididae,Trichosomoides
Camallanus corderoi,Argentina,-38.416097,-63.61667199999999,3,freshwater,Animalia,Nematoda,Chromadorea,Rhabditida,Camallanidae,Camallanus
Camallanus lacustris,Mexico,23.634501,-102.552784,4,freshwater,Animalia,Nematoda,Chromadorea,Rhabditida,Camallanidae,Camallanus
Trichuris discolor,Italy,41.87194,12.56738,1,terrestrial,Animalia,Nematoda,Enoplea,Trichinellida,Trichuridae,Trichuris
Trichuris muris,Italy,41.87194,12.56738,1,terrestrial,Animalia,Nematoda,Enoplea,Trichinellida,Trichuridae,Trichuris
Capillaria gracilis,Mediterranean,34.5531284,18.0480105,3,marine,Animalia,Nematoda,Enoplea,Trichinellida,Capillariidae,Capillaria
Pseudocapillaria tomentosa,Mediterranean,34.5531284,18.0480105,2,freshwater,Animalia,Nematoda,Enoplea,Trichinellida,Capillariidae,Pseudocapillaria
Trichosomoides crassicauda,Italy,41.87194,12.56738,1,terrestrial,Animalia,Nematoda,Enoplea,Trichinellida,Trichosomoididae,Trichosomoides
Oxyuris equi,Italy,41.87194,12.56738,1,terrestrial,Animalia,Nematoda,Chromadorea,Rhabditida,Oxyuridae,Oxyuris
Syphacia muris,Italy,41.87194,12.56738,1,terrestrial,Animalia,Nematoda,Chromadorea,Rhabditida,Oxyuridae,Syphacia
Syphacia obvelata,Italy,41.87194,12.56738,1,terrestrial,Animalia,Nematoda,Chromadorea,Rhabditida,Oxyuridae,Syphacia
Blatticola blattae,Italy,41.87194,12.56738,1,terrestrial,Animalia,Nematoda,Chromadorea,Rhabditida,Thelastomatidae,Blatticola
Hammerschmidtiella diesingi,Italy,41.87194,12.56738,1,terrestrial,Animalia,Nematoda,Chromadorea,Rhabditida,Thelastomatidae,Hammerschmidtiella
Heterakis gallinarum,Italy,41.87194,12.56738,2,terrestrial,Animalia,Nematoda,Chromadorea,Rhabditida,Heterakidae,Heterakis
Heterakis spumosa,Italy,41.87194,12.56738,2,terrestrial,Animalia,Nematoda,Chromadorea,Rhabditida,Heterakidae,Heterakis
Ascaridia columbae,Italy,41.87194,12.56738,1,terrestrial,Animalia,Nematoda,Chromadorea,Rhabditida,Ascaridiidae,Ascaridia
Ascaridia compar,Italy,41.87194,12.56738,1,terrestrial,Animalia,Nematoda,Chromadorea,Rhabditida,Ascaridiidae,Ascaridia
Ascaridia dissimilis,Italy,41.87194,12.56738,1,terrestrial,Animalia,Nematoda,Chromadorea,Rhabditida,Ascaridiidae,Ascaridia
Ascaridia galli,Italy,41.87194,12.56738,1,terrestrial,Animalia,Nematoda,Chromadorea,Rhabditida,Ascaridiidae,Ascaridia
Ascaridia numidae,Italy,41.87194,12.56738,1,terrestrial,Animalia,Nematoda,Chromadorea,Rhabditida,Ascaridiidae,Ascaridia
Spirura rytipleurites,Egypt,26.820553,30.802498,2,terrestrial,Animalia,Nematoda,Chromadorea,Rhabditida,Spiruridae,Spirura
Oesophagostomum bifurcum,Italy,41.87194,12.56738,1,terrestrial,Animalia,Nematoda,Chromadorea,Rhabditida,Strongylidae,Oesophagostomum
Oesophagostomum columbianum,Italy,41.87194,12.56738,1,terrestrial,Animalia,Nematoda,Chromadorea,Rhabditida,Strongylidae,Oesophagostomum
Oesophagostomum quadrispinulatum,Italy,41.87194,12.56738,1,terrestrial,Animalia,Nematoda,Chromadorea,Rhabditida,Strongylidae,Oesophagostomum
Cyathostoma lari,Italy,41.87194,12.56738,2,terrestrial,Animalia,Nematoda,Chromadorea,Rhabditida,Strongylidae,Cyathostoma
Graphidium strigosum,Italy,41.87194,12.56738,1,terrestrial,Animalia,Nematoda,Chromadorea,Rhabditida,Trichostrongylidae,Graphidium
Trichostrongylus skrjabini,Italy,41.87194,12.56738,1,terrestrial,Animalia,Nematoda,Chromadorea,Rhabditida,Trichostrongylidae,Trichostrongylus
Trichostrongylus tenuis,Italy,41.87194,12.56738,1,terrestrial,Animalia,Nematoda,Chromadorea,Rhabditida,Trichostrongylidae,Trichostrongylus
Haemonchus placei,Italy,41.87194,12.56738,1,terrestrial,Animalia,Nematoda,Chromadorea,Rhabditida,Trichostrongylidae,Haemonchus
Dictyocaulus arnfieldi,Italy,41.87194,12.56738,1,terrestrial,Animalia,Nematoda,Chromadorea,Rhabditida,Metastrongylidae,Dictyocaulus
Dictyocaulus viviparus,Italy,41.87194,12.56738,1,terrestrial,Animalia,Nematoda,Chromadorea,Rhabditida,Metastrongylidae,Dictyocaulus
Ollulanus tricuspis,Italy,41.87194,12.56738,1,terrestrial,Animalia,Nematoda,Chromadorea,Rhabditida,Molineidae,Ollulanus
Oswaldocruzia filiformis,Italy,41.87194,12.56738,1,terrestrial,Animalia,Nematoda,Chromadorea,Rhabditida,Molineidae,Oswaldocruzia
Nematodirus battus,Italy,41.87194,12.56738,1,terrestrial,Animalia,Nematoda,Chromadorea,Rhabditida,Molineidae,Nematodirus
Heligmosomoides polygyrus,Italy,41.87194,12.56738,1,terrestrial,Animalia,Nematoda,Chromadorea,Rhabditida,Heligmosomidae,Heligmosomoides
Neostrongylus linearis,Italy,41.87194,12.56738,2,terrestrial,Animalia,Nematoda,Chromadorea,Rhabditida,Metastrongylidae,Neostrongylus
Varestrongylus capreoli,Italy,41.87194,12.56738,2,terrestrial,Animalia,Nematoda,Chromadorea,Rhabditida,Metastrongylidae,Varestrongylus
Cystocaulus ocreatus,Italy,41.87194,12.56738,2,terrestrial,Animalia,Nematoda,Chromadorea,Rhabditida,Metastrongylidae,Cystocaulus
Protostrongylus cuniculorum,Italy,41.87194,12.56738,2,terrestrial,Animalia,Nematoda,Chromadorea,Rhabditida,Metastrongylidae,Protostrongylus
Crenosoma striatum,Italy,41.87194,12.56738,2,terrestrial,Animalia,Nematoda,Chromadorea,Rhabditida,Metastrongylidae,Crenosoma
Crenosoma vulpis,Italy,41.87194,12.56738,2,terrestrial,Animalia,Nematoda,Chromadorea,Rhabditida,Metastrongylidae,Crenosoma
Troglostrongylus brevior,Italy,41.87194,12.56738,3,terrestrial,Animalia,Nematoda,Chromadorea,Rhabditida,Metastrongylidae,Troglostrongylus
Filaroides martis,Italy,41.87194,12.56738,3,terrestrial,Animalia,Nematoda,Chromadorea,Rhabditida,Filaroididae,Filaroides
Skrjabingylus nasicola,Italy,41.87194,12.56738,3,terrestrial,Animalia,Nematoda,Chromadorea,Rhabditida,Metastrongylidae,Skrjabingylus
Pseudoterranova decipiens,Italy,41.87194,12.56738,4,marine,Animalia,Nematoda,Chromadorea,Rhabditida,Anisakidae,Pseudoterranova
Truttaedacnitis truttae,Italy,41.87194,12.56738,2,freshwater,Animalia,Nematoda,Chromadorea,Rhabditida,Cucullanidae,Cucullanus
Cucullanus cirratus,Mediterranean,34.5531284,18.0480105,3,marine,Animalia,Nematoda,Chromadorea,Rhabditida,Cucullanidae,Cucullanus
Cucullanus heterochrous,Mediterranean,34.5531284,18.0480105,2,marine,Animalia,Nematoda,Chromadorea,Rhabditida,Cucullanidae,Cucullanus
Dichelyne minutus,Mediterranean,34.5531284,18.0480105,2,marine,Animalia,Nematoda,Chromadorea,Rhabditida,Cucullanidae,Dichelyne
Goezia ascaroides,Adriatic Sea,41.85509039999999,17.2902839,3,freshwater,Animalia,Nematoda,Chromadorea,Rhabditida,Raphidascarididae,Goezia
Contracaecum microcephalum,Italy,41.87194,12.56738,3,freshwater,Animalia,Nematoda,Chromadorea,Rhabditida,Anisakidae,Contracaecum
Raphidascaris acus,Mediterranean,34.5531284,18.0480105,3,freshwater,Animalia,Nematoda,Chromadorea,Rhabditida,Raphidascarididae,Raphidascaris
Baylisascaris laevis,Italy,41.87194,12.56738,1,terrestrial,Animalia,Nematoda,Chromadorea,Rhabditida,Ascarididae,Baylisascaris
Toxocara cati,Italy,41.87194,12.56738,2,terrestrial,Animalia,Nematoda,Chromadorea,Rhabditida,Ascarididae,Toxocara
Toxocara vitulorum,Italy,41.87194,12.56738,1,terrestrial,Animalia,Nematoda,Chromadorea,Rhabditida,Ascarididae,Toxocara
Porrocaecum angusticolle,Italy,41.87194,12.56738,3,terrestrial,Animalia,Nematoda,Chromadorea,Rhabditida,Ascarididae,Porrocaecum
Porrocaecum ensicaudatum,Italy,41.87194,12.56738,2,terrestrial,Animalia,Nematoda,Chromadorea,Rhabditida,Ascarididae,Porrocaecum
Camallanus lacustris,Italy,41.87194,12.56738,4,freshwater,Animalia,Nematoda,Chromadorea,Rhabditida,Camallanidae,Camallanus
Trichostrongylus retortaeformis,Japan,36.204824,138.252924,1,terrestrial,Animalia,Nematoda,Chromadorea,Rhabditida,Trichostrongylidae,Trichostrongylus
Hystrichis tricolor,Italy,41.87194,12.56738,2,freshwater,Animalia,Nematoda,Enoplea,Dioctophymatida,Dioctophymatidae,Hystrichis
Eustrongylides tubifex,Italy,41.87194,12.56738,3,freshwater,Animalia,Nematoda,Enoplea,Dioctophymatida,Dioctophymatidae,Eustrongylides
Philometra rischta,Italy,41.87194,12.56738,2,freshwater,Animalia,Nematoda,Chromadorea,Rhabditida,Philometridae,Philometra
Echinocephalus uncinatus,Italy,41.87194,12.56738,2,marine,Animalia,Nematoda,Chromadorea,Rhabditida,Gnathostomatidae,Echinocephalus
Proleptus obtusus,Italy,41.87194,12.56738,2,marine,Animalia,Nematoda,Chromadorea,Rhabditida,Physalopteridae,Proleptus
Pterygodermatites affinis,Italy,41.87194,12.56738,3,terrestrial,Animalia,Nematoda,Chromadorea,Rhabditida,Rictulariidae,Pterygodermatites
Spirura rytipleurites,Italy,41.87194,12.56738,2,terrestrial,Animalia,Nematoda,Chromadorea,Rhabditida,Spiruridae,Spirura
Spirura talpae,Italy,41.87194,12.56738,2,terrestrial,Animalia,Nematoda,Chromadorea,Rhabditida,Spiruridae,Spirura
Simondsia paradoxa,Italy,41.87194,12.56738,3,terrestrial,Animalia,Nematoda,Chromadorea,Rhabditida,Spirocercidae,Simondsia
Mastophorus muris,Italy,41.87194,12.56738,2,terrestrial,Animalia,Nematoda,Chromadorea,Rhabditida,Spirocercidae,Mastophorus
Cyrnea eurycerca,Italy,41.87194,12.56738,2,terrestrial,Animalia,Nematoda,Chromadorea,Rhabditida,Habronematidae,Cyrnea
Cyrnea mansioni,Italy,41.87194,12.56738,3,terrestrial,Animalia,Nematoda,Chromadorea,Rhabditida,Habronematidae,Cyrnea
Hedruris androphora,Italy,41.87194,12.56738,2,freshwater,Animalia,Nematoda,Chromadorea,Rhabditida,Hedruridae,Hedruris
Acuaria anthuris,Italy,41.87194,12.56738,2,terrestrial,Animalia,Nematoda,Chromadorea,Rhabditida,Acuariidae,Acuaria
Acuaria hamulosa,Italy,41.87194,12.56738,2,terrestrial,Animalia,Nematoda,Chromadorea,Rhabditida,Acuariidae,Acuaria
Cosmocephalus obvelatus,Italy,41.87194,12.56738,3,freshwater,Animalia,Nematoda,Chromadorea,Rhabditida,Acuariidae,Cosmocephalus
Dispharynx nasuta,Italy,41.87194,12.56738,2,terrestrial,Animalia,Nematoda,Chromadorea,Rhabditida,Acuariidae,Dispharynx
Diplotriaena tricuspis,Italy,41.87194,12.56738,2,terrestrial,Animalia,Nematoda,Chromadorea,Rhabditida,Diplotriaenidae,Diplotriaena
Serratospiculum tendo,Italy,41.87194,12.56738,2,terrestrial,Animalia,Nematoda,Chromadorea,Rhabditida,Diplotriaenidae,Serratospiculum
Strongylus vulgaris,Denmark,56.26392,9.501785,1,terrestrial,Animalia,Nematoda,Chromadorea,Rhabditida,Strongylidae,Strongylus
Strongylus edentatus,Denmark,56.26392,9.501785,1,terrestrial,Animalia,Nematoda,Chromadorea,Rhabditida,Strongylidae,Strongylus
Camallanus truncatus,European USSR (CIS),54.5259614,15.2551187,2,freshwater,Animalia,Nematoda,Chromadorea,Rhabditida,Camallanidae,Camallanus
Enterobius vermicularis,Cuba,21.521757,-77.781167,1,terrestrial,Animalia,Nematoda,Chromadorea,Rhabditida,Oxyuridae,Enterobius
Toxocara canis,Uruguay,-32.522779,-55.765835,2,terrestrial,Animalia,Nematoda,Chromadorea,Rhabditida,Ascarididae,Toxocara
Haemonchus placei,Denmark,56.26392,9.501785,1,terrestrial,Animalia,Nematoda,Chromadorea,Rhabditida,Trichostrongylidae,Haemonchus
Trichostrongylus axei,Denmark,56.26392,9.501785,1,terrestrial,Animalia,Nematoda,Chromadorea,Rhabditida,Trichostrongylidae,Trichostrongylus
Neocamallanus ophiocephali,Pakistan,30.375321,69.34511599999999,2,freshwater,Animalia,Nematoda,Chromadorea,Rhabditida,Camallanidae,Camallanus
Toxascaris leonina,Greenland,71.706936,-42.604303,2,terrestrial,Animalia,Nematoda,Chromadorea,Rhabditida,Ascarididae,Toxascaris
Uncinaria stenocephala,Greenland,71.706936,-42.604303,1,terrestrial,Animalia,Nematoda,Chromadorea,Rhabditida,Ancylostomatidae,Uncinaria
Spinitectus carolini,North Carolina,35.7595731,-79.01929969999999,3,freshwater,Animalia,Nematoda,Chromadorea,Rhabditida,Cystidicolidae,Spinitectus
Porrocaecum crassum,Japan,36.204824,138.252924,2,freshwater,Animalia,Nematoda,Chromadorea,Rhabditida,Ascarididae,Porrocaecum
Camallanus oxycephalus,Great Lakes,45.0522366,-82.4846115,3,freshwater,Animalia,Nematoda,Chromadorea,Rhabditida,Camallanidae,Camallanus
Cystidicola farionis,Great Lakes,45.0522366,-82.4846115,3,freshwater,Animalia,Nematoda,Chromadorea,Rhabditida,Cystidicolidae,Cystidicola
Cystidicoloides tenuissima,Great Lakes,45.0522366,-82.4846115,3,freshwater,Animalia,Nematoda,Chromadorea,Rhabditida,Cystidicolidae,Salmonema
Philonema oncorhynchi,Great Lakes,45.0522366,-82.4846115,2,freshwater,Animalia,Nematoda,Chromadorea,Rhabditida,Philonematidae,Philonema
Rhabdochona canadensis,Great Lakes,45.0522366,-82.4846115,2,freshwater,Animalia,Nematoda,Chromadorea,Rhabditida,Rhabdochonidae,Rhabdochona
Rhabdochona cascadilla,Great Lakes,45.0522366,-82.4846115,2,freshwater,Animalia,Nematoda,Chromadorea,Rhabditida,Rhabdochonidae,Rhabdochona
Spinitectus gracilis,Great Lakes,45.0522366,-82.4846115,3,freshwater,Animalia,Nematoda,Chromadorea,Rhabditida,Cystidicolidae,Spinitectus
Ascarophis morrhuae,Northeast Atlantic,39.370134,-77.40677199999999,2,marine,Animalia,Nematoda,Chromadorea,Rhabditida,Cystidicolidae,Ascarophis
Pseudoterranova decipiens,Western coast of British Isles,56.41323389999999,-5.472362899999999,4,marine,Animalia,Nematoda,Chromadorea,Rhabditida,Anisakidae,Pseudoterranova
Ascaris suum,Japan,36.204824,138.252924,1,terrestrial,Animalia,Nematoda,Chromadorea,Rhabditida,Ascarididae,Ascaris
Camallanus lacustris,Norway,60.47202399999999,8.468945999999999,4,freshwater,Animalia,Nematoda,Chromadorea,Rhabditida,Camallanidae,Camallanus
Philometra ovata,Norway,60.47202399999999,8.468945999999999,2,freshwater,Animalia,Nematoda,Chromadorea,Rhabditida,Philometridae,Philometra
Ascaris lumbricoides,Germany,51.165691,10.451526,1,terrestrial,Animalia,Nematoda,Chromadorea,Rhabditida,Ascarididae,Ascaris
Trichostrongylus axei,California,36.778261,-119.4179324,1,terrestrial,Animalia,Nematoda,Chromadorea,Rhabditida,Trichostrongylidae,Trichostrongylus
Pterygodermatites coloradensis,Idaho,44.0682019,-114.7420408,2,terrestrial,Animalia,Nematoda,Chromadorea,Rhabditida,Rictulariidae,Pterygodermatites
Spirura infundibuliformis,Idaho,44.0682019,-114.7420408,2,terrestrial,Animalia,Nematoda,Chromadorea,Rhabditida,Spiruridae,Spirura
Trichuris discolor,Vietnam,14.058324,108.277199,1,terrestrial,Animalia,Nematoda,Enoplea,Trichinellida,Trichuridae,Trichuris
Amidostomum fulicae,Vietnam,14.058324,108.277199,1,freshwater,Animalia,Nematoda,Chromadorea,Rhabditida,Amidostomidae,Amidostomum
Cyclodontostomum purvisi,Vietnam,14.058324,108.277199,1,terrestrial,Animalia,Nematoda,Chromadorea,Rhabditida,Strongylidae,Cyclodontostomum
Stephanurus dentatus,Vietnam,14.058324,108.277199,2,terrestrial,Animalia,Nematoda,Chromadorea,Rhabditida,Strongylidae,Stephanurus
Oesophagostomum dentatum,Vietnam,14.058324,108.277199,1,terrestrial,Animalia,Nematoda,Chromadorea,Rhabditida,Strongylidae,Oesophagostomum
Oesophagostomum radiatum,Vietnam,14.058324,108.277199,1,terrestrial,Animalia,Nematoda,Chromadorea,Rhabditida,Strongylidae,Oesophagostomum
Oesophagostomum bifurcum,Vietnam,14.058324,108.277199,1,terrestrial,Animalia,Nematoda,Chromadorea,Rhabditida,Strongylidae,Oesophagostomum
Oesophagostomum venulosum,Vietnam,14.058324,108.277199,1,terrestrial,Animalia,Nematoda,Chromadorea,Rhabditida,Strongylidae,Oesophagostomum
Oesophagostomum asperum,Vietnam,14.058324,108.277199,1,terrestrial,Animalia,Nematoda,Chromadorea,Rhabditida,Strongylidae,Oesophagostomum
Metastrongylus pudendotectus,Vietnam,14.058324,108.277199,2,terrestrial,Animalia,Nematoda,Chromadorea,Rhabditida,Metastrongylidae,Metastrongylus
Metastrongylus salmi,Vietnam,14.058324,108.277199,2,terrestrial,Animalia,Nematoda,Chromadorea,Rhabditida,Metastrongylidae,Metastrongylus
Cooperia punctata,Vietnam,14.058324,108.277199,1,terrestrial,Animalia,Nematoda,Chromadorea,Rhabditida,Trichostrongylidae,Cooperia
Haemonchus contortus,Vietnam,14.058324,108.277199,1,terrestrial,Animalia,Nematoda,Chromadorea,Rhabditida,Trichostrongylidae,Haemonchus
Dictyocaulus viviparus,Vietnam,14.058324,108.277199,1,terrestrial,Animalia,Nematoda,Chromadorea,Rhabditida,Metastrongylidae,Dictyocaulus
Dictyocaulus eckerti,Vietnam,14.058324,108.277199,1,terrestrial,Animalia,Nematoda,Chromadorea,Rhabditida,Metastrongylidae,Dictyocaulus
Ascaris suum,Vietnam,14.058324,108.277199,1,terrestrial,Animalia,Nematoda,Chromadorea,Rhabditida,Ascarididae,Ascaris
Ascaridia columbae,Vietnam,14.058324,108.277199,1,terrestrial,Animalia,Nematoda,Chromadorea,Rhabditida,Ascaridiidae,Ascaridia
Toxocara canis,Vietnam,14.058324,108.277199,2,terrestrial,Animalia,Nematoda,Chromadorea,Rhabditida,Ascarididae,Toxocara
Syphacia obvelata,Vietnam,14.058324,108.277199,1,terrestrial,Animalia,Nematoda,Chromadorea,Rhabditida,Oxyuridae,Syphacia
Heterakis gallinarum,Vietnam,14.058324,108.277199,2,terrestrial,Animalia,Nematoda,Chromadorea,Rhabditida,Heterakidae,Heterakis
Ascarops strongylina,Vietnam,14.058324,108.277199,3,terrestrial,Animalia,Nematoda,Chromadorea,Rhabditida,Spirocercidae,Ascarops
Physocephalus sexalatus,Vietnam,14.058324,108.277199,3,terrestrial,Animalia,Nematoda,Chromadorea,Rhabditida,Spirocercidae,Physocephalus
Simondsia paradoxa,Vietnam,14.058324,108.277199,3,terrestrial,Animalia,Nematoda,Chromadorea,Rhabditida,Spirocercidae,Simondsia
Hadjelia truncata,Vietnam,14.058324,108.277199,2,terrestrial,Animalia,Nematoda,Chromadorea,Rhabditida,Habronematidae,Hadjelia
Tetrameres mohtedai,Vietnam,14.058324,108.277199,2,terrestrial,Animalia,Nematoda,Chromadorea,Rhabditida,Tetrameridae,Tetrameres
Acuaria hamulosa,Vietnam,14.058324,108.277199,2,terrestrial,Animalia,Nematoda,Chromadorea,Rhabditida,Acuariidae,Acuaria
Dispharynx nasuta,Vietnam,14.058324,108.277199,2,terrestrial,Animalia,Nematoda,Chromadorea,Rhabditida,Acuariidae,Dispharynx
Physaloptera praeputialis,Vietnam,14.058324,108.277199,3,terrestrial,Animalia,Nematoda,Chromadorea,Rhabditida,Physalopteridae,Physaloptera
Oxyspirura mansoni,Vietnam,14.058324,108.277199,2,terrestrial,Animalia,Nematoda,Chromadorea,Rhabditida,Thelaziidae,Oxyspirura
Rictularia proni,Vietnam,14.058324,108.277199,2,terrestrial,Animalia,Nematoda,Chromadorea,Rhabditida,Rictulariidae,Rictularia
Protostrongylus rufescens,Lesser Antilles,14.4122148,-64.7627955,2,terrestrial,Animalia,Nematoda,Chromadorea,Rhabditida,Metastrongylidae,Protostrongylus
Oesophagostomum venulosum,Lesser Antilles,14.4122148,-64.7627955,1,terrestrial,Animalia,Nematoda,Chromadorea,Rhabditida,Strongylidae,Oesophagostomum
Pearsonema plica,Balearic Islands,39.3587759,2.7356328,2,terrestrial,Animalia,Nematoda,Enoplea,Trichinellida,Trichuridae,Pearsonema
Eucoleus aerophilus,Spain + Andalusia,37.5442706,-4.7277528,2,terrestrial,Animalia,Nematoda,Enoplea,Trichinellida,Capillariidae,Eucoleus
Eucoleus aerophilus,Balearic Islands,39.3587759,2.7356328,2,terrestrial,Animalia,Nematoda,Enoplea,Trichinellida,Capillariidae,Eucoleus
Aonchotheca putorii,Balearic Islands,39.3587759,2.7356328,2,terrestrial,Animalia,Nematoda,Enoplea,Trichinellida,Capillariidae,Aonchotheca
Crenosoma petrowi,Spain + Andalusia,37.5442706,-4.7277528,3,terrestrial,Animalia,Nematoda,Chromadorea,Rhabditida,Metastrongylidae,Crenosoma
Crenosoma petrowi,Balearic Islands,39.3587759,2.7356328,3,terrestrial,Animalia,Nematoda,Chromadorea,Rhabditida,Metastrongylidae,Crenosoma
Uncinaria stenocephala,Denmark,56.26392,9.501785,1,terrestrial,Animalia,Nematoda,Chromadorea,Rhabditida,Ancylostomatidae,Uncinaria
Toxocara canis,Denmark,56.26392,9.501785,2,terrestrial,Animalia,Nematoda,Chromadorea,Rhabditida,Ascarididae,Toxocara
Camallanus xenentodoni,Pakistan,30.375321,69.34511599999999,2,freshwater,Animalia,Nematoda,Chromadorea,Rhabditida,Camallanidae,Camallanus
Umingmakstrongylus pallikuukensis,Northwest Territories,64.8255441,-124.8457334,2,terrestrial,Animalia,Nematoda,Chromadorea,Rhabditida,Metastrongylidae,Umingmakstrongylus
Umingmakstrongylus pallikuukensis,Saskatchewan,52.9399159,-106.4508639,2,terrestrial,Animalia,Nematoda,Chromadorea,Rhabditida,Metastrongylidae,Umingmakstrongylus
Heligmosomoides polygyrus,Japan,36.204824,138.252924,1,terrestrial,Animalia,Nematoda,Chromadorea,Rhabditida,Heligmosomidae,Heligmosomoides
Hystrichis tricolor,Florida,27.6648274,-81.5157535,2,freshwater,Animalia,Nematoda,Enoplea,Dioctophymatida,Dioctophymatidae,Hystrichis
Amidostomum acutum,Florida,27.6648274,-81.5157535,1,freshwater,Animalia,Nematoda,Chromadorea,Rhabditida,Amidostomidae,Amidostomum
Capillaria anatis,Florida,27.6648274,-81.5157535,2,terrestrial,Animalia,Nematoda,Enoplea,Trichinellida,Capillariidae,Capillaria
Echinuria uncinata,Florida,27.6648274,-81.5157535,2,freshwater,Animalia,Nematoda,Chromadorea,Rhabditida,Acuariidae,Echinuria
Epomidiostomum uncinatum,Florida,27.6648274,-81.5157535,1,freshwater,Animalia,Nematoda,Chromadorea,Rhabditida,Trichostrongylidae,Epomidiostomum
Porrocaecum crassum,Florida,27.6648274,-81.5157535,2,freshwater,Animalia,Nematoda,Chromadorea,Rhabditida,Ascarididae,Porrocaecum
Streptocara crassicauda,Florida,27.6648274,-81.5157535,3,freshwater,Animalia,Nematoda,Chromadorea,Rhabditida,Acuariidae,Streptocara
Philometroides huronensis,Quebec,52.9399159,-73.5491361,2,freshwater,Animalia,Nematoda,Chromadorea,Rhabditida,Philometridae,Philometroides
Philometroides nodulosa,Quebec,52.9399159,-73.5491361,2,freshwater,Animalia,Nematoda,Chromadorea,Rhabditida,Philometridae,Philometroides
Raphidascaris acus,Quebec,52.9399159,-73.5491361,3,freshwater,Animalia,Nematoda,Chromadorea,Rhabditida,Raphidascarididae,Raphidascaris
Sterliadochona ephemeridarum,Quebec,52.9399159,-73.5491361,2,freshwater,Animalia,Nematoda,Chromadorea,Rhabditida,Cystidicolidae,Salmonema
Gongylonema pulchrum,Florida,27.6648274,-81.5157535,2,terrestrial,Animalia,Nematoda,Chromadorea,Rhabditida,Gongylonematidae,Gongylonema
Haemonchus contortus,Pakistan,30.375321,69.34511599999999,1,terrestrial,Animalia,Nematoda,Chromadorea,Rhabditida,Trichostrongylidae,Haemonchus
Trichostrongylus axei,Pakistan,30.375321,69.34511599999999,1,terrestrial,Animalia,Nematoda,Chromadorea,Rhabditida,Trichostrongylidae,Trichostrongylus
Trichostrongylus vitrinus,Pakistan,30.375321,69.34511599999999,1,terrestrial,Animalia,Nematoda,Chromadorea,Rhabditida,Trichostrongylidae,Trichostrongylus
Trichostrongylus colubriformis,Pakistan,30.375321,69.34511599999999,1,terrestrial,Animalia,Nematoda,Chromadorea,Rhabditida,Trichostrongylidae,Trichostrongylus
Oesophagostomum venulosum,Pakistan,30.375321,69.34511599999999,1,terrestrial,Animalia,Nematoda,Chromadorea,Rhabditida,Strongylidae,Oesophagostomum
Nematodirus spathiger,Pakistan,30.375321,69.34511599999999,1,terrestrial,Animalia,Nematoda,Chromadorea,Rhabditida,Molineidae,Nematodirus
Dictyocaulus filaria,Pakistan,30.375321,69.34511599999999,1,terrestrial,Animalia,Nematoda,Chromadorea,Rhabditida,Metastrongylidae,Dictyocaulus
Trichuris skrjabini,Pakistan,30.375321,69.34511599999999,1,terrestrial,Animalia,Nematoda,Enoplea,Trichinellida,Trichuridae,Trichuris
Oesophagostomum asperum,Pakistan,30.375321,69.34511599999999,1,terrestrial,Animalia,Nematoda,Chromadorea,Rhabditida,Strongylidae,Oesophagostomum
Chabertia ovina,Pakistan,30.375321,69.34511599999999,1,terrestrial,Animalia,Nematoda,Chromadorea,Rhabditida,Strongylidae,Chabertia
Varestrongylus pneumonicus,Pakistan,30.375321,69.34511599999999,2,terrestrial,Animalia,Nematoda,Chromadorea,Rhabditida,Metastrongylidae,Varestrongylus
Oesophagostomum columbianum,Pakistan,30.375321,69.34511599999999,1,terrestrial,Animalia,Nematoda,Chromadorea,Rhabditida,Strongylidae,Oesophagostomum
Cooperia pectinata,Pakistan,30.375321,69.34511599999999,1,terrestrial,Animalia,Nematoda,Chromadorea,Rhabditida,Trichostrongylidae,Cooperia
Cooperia punctata,Pakistan,30.375321,69.34511599999999,1,terrestrial,Animalia,Nematoda,Chromadorea,Rhabditida,Trichostrongylidae,Cooperia
Trichuris discolor,Pakistan,30.375321,69.34511599999999,1,terrestrial,Animalia,Nematoda,Enoplea,Trichinellida,Trichuridae,Trichuris
Oesophagostomum radiatum,Pakistan,30.375321,69.34511599999999,1,terrestrial,Animalia,Nematoda,Chromadorea,Rhabditida,Strongylidae,Oesophagostomum
Skrjabinema ovis,Pakistan,30.375321,69.34511599999999,1,terrestrial,Animalia,Nematoda,Chromadorea,Rhabditida,Oxyuridae,Skrjabinema
Trichostrongylus axei,The Gambia,13.443182,-15.310139,1,terrestrial,Animalia,Nematoda,Chromadorea,Rhabditida,Trichostrongylidae,Trichostrongylus
Trichostrongylus colubriformis,The Gambia,13.443182,-15.310139,1,terrestrial,Animalia,Nematoda,Chromadorea,Rhabditida,Trichostrongylidae,Trichostrongylus
Oesophagostomum radiatum,The Gambia,13.443182,-15.310139,1,terrestrial,Animalia,Nematoda,Chromadorea,Rhabditida,Strongylidae,Oesophagostomum
Uncinaria stenocephala,"England, Wales + Isle of Man",54.236107,-4.548056,1,terrestrial,Animalia,Nematoda,Chromadorea,Rhabditida,Ancylostomatidae,Uncinaria
Trichuris vulpis,"England, Wales + Isle of Man",54.236107,-4.548056,1,terrestrial,Animalia,Nematoda,Enoplea,Trichinellida,Trichuridae,Trichuris
Haemonchus contortus,Sumatra,-0.589724,101.3431058,1,terrestrial,Animalia,Nematoda,Chromadorea,Rhabditida,Trichostrongylidae,Haemonchus
Trichostrongylus axei,Sumatra,-0.589724,101.3431058,1,terrestrial,Animalia,Nematoda,Chromadorea,Rhabditida,Trichostrongylidae,Trichostrongylus
Trichostrongylus colubriformis,Sumatra,-0.589724,101.3431058,1,terrestrial,Animalia,Nematoda,Chromadorea,Rhabditida,Trichostrongylidae,Trichostrongylus
Cooperia curticei,Sumatra,-0.589724,101.3431058,1,terrestrial,Animalia,Nematoda,Chromadorea,Rhabditida,Trichostrongylidae,Cooperia
Heterakis spumosa,Victoria,-37.01,144.75,2,terrestrial,Animalia,Nematoda,Chromadorea,Rhabditida,Heterakidae,Heterakis
Raphidascaris acus,Eire + N. Ireland,54.7877149,-6.4923145,3,freshwater,Animalia,Nematoda,Chromadorea,Rhabditida,Raphidascarididae,Raphidascaris
Dicheilonema rheae,"Ukraine, incl. Moldavia",48.379433,31.1655799,3,terrestrial,Animalia,Nematoda,Chromadorea,Rhabditida,Diplotriaenidae,Dicheilonema
Elaphostrongylus cervi,Nearctic,53.569001,-113.571487,2,terrestrial,Animalia,Nematoda,Chromadorea,Rhabditida,Metastrongylidae,Elaphostrongylus
Pseudalius inflexus,Italy,41.87194,12.56738,2,marine,Animalia,Nematoda,Chromadorea,Rhabditida,Pseudaliidae,Pseudalius
Skrjabinoptera phrynosoma,Florida,27.6648274,-81.5157535,2,terrestrial,Animalia,Nematoda,Chromadorea,Rhabditida,Physalopteridae,Skrjabinoptera
Skrjabinoptera phrynosoma,Idaho,44.0682019,-114.7420408,2,terrestrial,Animalia,Nematoda,Chromadorea,Rhabditida,Physalopteridae,Skrjabinoptera
Skrjabinoptera phrynosoma,Oklahoma,35.0077519,-97.092877,2,terrestrial,Animalia,Nematoda,Chromadorea,Rhabditida,Physalopteridae,Skrjabinoptera
Skrjabinoptera phrynosoma,Utah,39.3209801,-111.0937311,2,terrestrial,Animalia,Nematoda,Chromadorea,Rhabditida,Physalopteridae,Skrjabinoptera
Skrjabinoptera phrynosoma,Nevada,38.8026097,-116.419389,2,terrestrial,Animalia,Nematoda,Chromadorea,Rhabditida,Physalopteridae,Skrjabinoptera
Teladorsagia circumcincta,Australia,-25.274398,133.775136,1,terrestrial,Animalia,Nematoda,Chromadorea,Rhabditida,Trichostrongylidae,Ostertagia
Teladorsagia circumcincta,Germany,51.165691,10.451526,1,terrestrial,Animalia,Nematoda,Chromadorea,Rhabditida,Trichostrongylidae,Ostertagia
Anisakis simplex,East China Sea/ Yellow Sea,35.4942771,123.7964613,4,marine,Animalia,Nematoda,Chromadorea,Rhabditida,Anisakidae,Anisakis
Echinocephalus uncinatus,Coast of Pakistan,24.8684886,67.0251991,2,marine,Animalia,Nematoda,Chromadorea,Rhabditida,Gnathostomatidae,Echinocephalus
Dictyocaulus filaria,Japan,36.204824,138.252924,1,terrestrial,Animalia,Nematoda,Chromadorea,Rhabditida,Metastrongylidae,Dictyocaulus
Haemonchus contortus,Japan,36.204824,138.252924,1,terrestrial,Animalia,Nematoda,Chromadorea,Rhabditida,Trichostrongylidae,Haemonchus
Oesophagostomum dentatum,Japan,36.204824,138.252924,1,terrestrial,Animalia,Nematoda,Chromadorea,Rhabditida,Strongylidae,Oesophagostomum
Skrjabinoclava inornatae,Nearctic,53.569001,-113.571487,2,marine,Animalia,Nematoda,Chromadorea,Rhabditida,Acuariidae,Skrjabinoclava
Skrjabinoclava morrisoni,Nearctic,53.569001,-113.571487,2,marine,Animalia,Nematoda,Chromadorea,Rhabditida,Acuariidae,Skrjabinoclava
Graphidium strigosum,Southwest Europe,41.2745004,-1.2121322,1,terrestrial,Animalia,Nematoda,Chromadorea,Rhabditida,Trichostrongylidae,Graphidium
Trichostrongylus retortaeformis,Southwest Europe,41.2745004,-1.2121322,1,terrestrial,Animalia,Nematoda,Chromadorea,Rhabditida,Trichostrongylidae,Trichostrongylus
Nematodiroides zembrae,Southwest Europe,41.2745004,-1.2121322,1,terrestrial,Animalia,Nematoda,Chromadorea,Rhabditida,Molineidae,Nematodiroides
Protostrongylus cuniculorum,Southwest Europe,41.2745004,-1.2121322,2,terrestrial,Animalia,Nematoda,Chromadorea,Rhabditida,Metastrongylidae,Protostrongylus
Passalurus ambiguus,Southwest Europe,41.2745004,-1.2121322,1,terrestrial,Animalia,Nematoda,Chromadorea,Rhabditida,Oxyuridae,Passalurus
Contracaecum rudolphii,Nova Scotia,44.68198659999999,-63.744311,3,freshwater,Animalia,Nematoda,Chromadorea,Rhabditida,Anisakidae,Contracaecum
Anisakis simplex,Persian Gulf,26.7505337,51.6834275,4,marine,Animalia,Nematoda,Chromadorea,Rhabditida,Anisakidae,Anisakis
Truttaedacnitis truttae,Utah,39.3209801,-111.0937311,2,freshwater,Animalia,Nematoda,Chromadorea,Rhabditida,Cucullanidae,Cucullanus
Truttaedacnitis truttae,"England, Wales + Isle of Man",54.236107,-4.548056,2,freshwater,Animalia,Nematoda,Chromadorea,Rhabditida,Cucullanidae,Cucullanus
Dichelyne cotylophora,Manitoba,53.7608608,-98.8138762,2,freshwater,Animalia,Nematoda,Chromadorea,Rhabditida,Cucullanidae,Dichelyne
Philometra kotlani,Norway,60.47202399999999,8.468945999999999,2,freshwater,Animalia,Nematoda,Chromadorea,Rhabditida,Philometridae,Philometra
Camallanus truncatus,Norway,60.47202399999999,8.468945999999999,2,freshwater,Animalia,Nematoda,Chromadorea,Rhabditida,Camallanidae,Camallanus
Raphidascaris acus,Norway,60.47202399999999,8.468945999999999,3,freshwater,Animalia,Nematoda,Chromadorea,Rhabditida,Raphidascarididae,Raphidascaris
Amidostomum anseris,Iceland,64.963051,-19.020835,1,freshwater,Animalia,Nematoda,Chromadorea,Rhabditida,Amidostomidae,Amidostomum
Echinuria uncinata,Iceland,64.963051,-19.020835,2,freshwater,Animalia,Nematoda,Chromadorea,Rhabditida,Acuariidae,Echinuria
Streptocara crassicauda,Iceland,64.963051,-19.020835,3,freshwater,Animalia,Nematoda,Chromadorea,Rhabditida,Acuariidae,Streptocara
Anisakis typica,Atlantic Ocean,-14.5994134,-28.6731465,4,marine,Animalia,Nematoda,Chromadorea,Rhabditida,Anisakidae,Anisakis
Pseudalius inflexus,Atlantic Ocean,-14.5994134,-28.6731465,2,marine,Animalia,Nematoda,Chromadorea,Rhabditida,Pseudaliidae,Pseudalius
Anisakis physeteris,Atlantic Ocean,-14.5994134,-28.6731465,4,marine,Animalia,Nematoda,Chromadorea,Rhabditida,Anisakidae,Skrjabinisakis
Anisakis physeteris,Northern Indian Ocean,-33.137551,81.826172,4,marine,Animalia,Nematoda,Chromadorea,Rhabditida,Anisakidae,Skrjabinisakis
Dichelyne cotylophora,Lake Huron,45.0521793,-82.48509399999999,2,freshwater,Animalia,Nematoda,Chromadorea,Rhabditida,Cucullanidae,Dichelyne
Vigisospirura potekhina,Spain + Andalusia,37.5442706,-4.7277528,2,terrestrial,Animalia,Nematoda,Chromadorea,Rhabditida,Spirocercidae,Vigisospirura
Soboliphyme baturini,Lake Baikal,53.5587003,108.1649965,3,terrestrial,Animalia,Nematoda,Enoplea,Dioctophymatida,Soboliphymatidae,Soboliphyme
Baylisascaris transfuga,Japan,36.204824,138.252924,2,terrestrial,Animalia,Nematoda,Chromadorea,Rhabditida,Ascarididae,Baylisascaris
Trichosomoides crassicauda,Lake Baikal,53.5587003,108.1649965,1,terrestrial,Animalia,Nematoda,Enoplea,Trichinellida,Trichosomoididae,Trichosomoides
Mastophorus muris,Lake Baikal,53.5587003,108.1649965,2,terrestrial,Animalia,Nematoda,Chromadorea,Rhabditida,Spirocercidae,Mastophorus
Streptopharagus kutassi,Lake Baikal,53.5587003,108.1649965,2,terrestrial,Animalia,Nematoda,Chromadorea,Rhabditida,Spirocercidae,Streptopharagus
Physaloptera praeputialis,Lake Baikal,53.5587003,108.1649965,3,terrestrial,Animalia,Nematoda,Chromadorea,Rhabditida,Physalopteridae,Physaloptera
Gongylonema neoplasticum,Lake Baikal,53.5587003,108.1649965,2,terrestrial,Animalia,Nematoda,Chromadorea,Rhabditida,Gongylonematidae,Gongylonema
Ascarops strongylina,Mongolia,46.862496,103.846656,3,terrestrial,Animalia,Nematoda,Chromadorea,Rhabditida,Spirocercidae,Ascarops
Rictularia cristata,Lake Baikal,53.5587003,108.1649965,2,terrestrial,Animalia,Nematoda,Chromadorea,Rhabditida,Rictulariidae,Rictularia
Ascaris suum,Lake Baikal,53.5587003,108.1649965,1,terrestrial,Animalia,Nematoda,Chromadorea,Rhabditida,Ascarididae,Ascaris
Baylisascaris devosi,Lake Baikal,53.5587003,108.1649965,2,terrestrial,Animalia,Nematoda,Chromadorea,Rhabditida,Ascarididae,Baylisascaris
Toxascaris leonina,Lake Baikal,53.5587003,108.1649965,2,terrestrial,Animalia,Nematoda,Chromadorea,Rhabditida,Ascarididae,Toxascaris
Parascaris equorum,Lake Baikal,53.5587003,108.1649965,1,terrestrial,Animalia,Nematoda,Chromadorea,Rhabditida,Ascarididae,Parascaris
Baylisascaris laevis,Lake Baikal,53.5587003,108.1649965,1,terrestrial,Animalia,Nematoda,Chromadorea,Rhabditida,Ascarididae,Baylisascaris
Toxocara canis,Lake Baikal,53.5587003,108.1649965,2,terrestrial,Animalia,Nematoda,Chromadorea,Rhabditida,Ascarididae,Toxocara
Aspiculuris tetraptera,Lake Baikal,53.5587003,108.1649965,1,terrestrial,Animalia,Nematoda,Chromadorea,Rhabditida,Heteroxynematidae,Aspiculuris
Triodontophorus tenuicollis,Scotland,56.49067119999999,-4.2026458,1,terrestrial,Animalia,Nematoda,Chromadorea,Rhabditida,Strongylidae,Triodontophorus
Obeliscoides cuniculi,Manitoba,53.7608608,-98.8138762,1,terrestrial,Animalia,Nematoda,Chromadorea,Rhabditida,Trichostrongylidae,Obeliscoides
Protostrongylus boughtoni,Manitoba,53.7608608,-98.8138762,2,terrestrial,Animalia,Nematoda,Chromadorea,Rhabditida,Metastrongylidae,Protostrongylus
Passalurus ambiguus,Lake Baikal,53.5587003,108.1649965,1,terrestrial,Animalia,Nematoda,Chromadorea,Rhabditida,Oxyuridae,Passalurus
Oxyuris equi,Lake Baikal,53.5587003,108.1649965,1,terrestrial,Animalia,Nematoda,Chromadorea,Rhabditida,Oxyuridae,Oxyuris
Filaroides martis,Lake Baikal,53.5587003,108.1649965,3,terrestrial,Animalia,Nematoda,Chromadorea,Rhabditida,Filaroididae,Filaroides
Syphacia obvelata,Lake Baikal,53.5587003,108.1649965,1,terrestrial,Animalia,Nematoda,Chromadorea,Rhabditida,Oxyuridae,Syphacia
Skrjabinema ovis,Lake Baikal,53.5587003,108.1649965,1,terrestrial,Animalia,Nematoda,Chromadorea,Rhabditida,Oxyuridae,Skrjabinema
Strongylus equinus,Lake Baikal,53.5587003,108.1649965,1,terrestrial,Animalia,Nematoda,Chromadorea,Rhabditida,Strongylidae,Strongylus
Triodontophorus tenuicollis,Lake Baikal,53.5587003,108.1649965,1,terrestrial,Animalia,Nematoda,Chromadorea,Rhabditida,Strongylidae,Triodontophorus
Chabertia ovina,Lake Baikal,53.5587003,108.1649965,1,terrestrial,Animalia,Nematoda,Chromadorea,Rhabditida,Strongylidae,Chabertia
Uncinaria stenocephala,Lake Baikal,53.5587003,108.1649965,1,terrestrial,Animalia,Nematoda,Chromadorea,Rhabditida,Ancylostomatidae,Uncinaria
Cylicocyclus nassatus,Lake Baikal,53.5587003,108.1649965,1,terrestrial,Animalia,Nematoda,Chromadorea,Rhabditida,Strongylidae,Cylicocyclus
Oesophagostomum dentatum,Lake Baikal,53.5587003,108.1649965,1,terrestrial,Animalia,Nematoda,Chromadorea,Rhabditida,Strongylidae,Oesophagostomum
Oesophagostomum radiatum,Lake Baikal,53.5587003,108.1649965,1,terrestrial,Animalia,Nematoda,Chromadorea,Rhabditida,Strongylidae,Oesophagostomum
Oesophagostomum venulosum,Lake Baikal,53.5587003,108.1649965,1,terrestrial,Animalia,Nematoda,Chromadorea,Rhabditida,Strongylidae,Oesophagostomum
Oesophagostomum columbianum,Lake Baikal,53.5587003,108.1649965,1,terrestrial,Animalia,Nematoda,Chromadorea,Rhabditida,Strongylidae,Oesophagostomum
Metastrongylus pudendotectus,Lake Baikal,53.5587003,108.1649965,2,terrestrial,Animalia,Nematoda,Chromadorea,Rhabditida,Metastrongylidae,Metastrongylus
Crenosoma petrowi,Lake Baikal,53.5587003,108.1649965,3,terrestrial,Animalia,Nematoda,Chromadorea,Rhabditida,Metastrongylidae,Crenosoma
Crenosoma vulpis,Lake Baikal,53.5587003,108.1649965,2,terrestrial,Animalia,Nematoda,Chromadorea,Rhabditida,Metastrongylidae,Crenosoma
Protostrongylus hobmaieri,Lake Baikal,53.5587003,108.1649965,2,terrestrial,Animalia,Nematoda,Chromadorea,Rhabditida,Metastrongylidae,Protostrongylus
Trichostrongylus colubriformis,Lake Baikal,53.5587003,108.1649965,1,terrestrial,Animalia,Nematoda,Chromadorea,Rhabditida,Trichostrongylidae,Trichostrongylus
Trichostrongylus skrjabini,Lake Baikal,53.5587003,108.1649965,1,terrestrial,Animalia,Nematoda,Chromadorea,Rhabditida,Trichostrongylidae,Trichostrongylus
Trichostrongylus axei,Lake Baikal,53.5587003,108.1649965,1,terrestrial,Animalia,Nematoda,Chromadorea,Rhabditida,Trichostrongylidae,Trichostrongylus
Trichostrongylus vitrinus,Lake Baikal,53.5587003,108.1649965,1,terrestrial,Animalia,Nematoda,Chromadorea,Rhabditida,Trichostrongylidae,Trichostrongylus
Ostertagia ostertagi,Lake Baikal,53.5587003,108.1649965,1,terrestrial,Animalia,Nematoda,Chromadorea,Rhabditida,Trichostrongylidae,Ostertagia
Cooperia punctata,Lake Baikal,53.5587003,108.1649965,1,terrestrial,Animalia,Nematoda,Chromadorea,Rhabditida,Trichostrongylidae,Cooperia
Cooperia oncophora,Lake Baikal,53.5587003,108.1649965,1,terrestrial,Animalia,Nematoda,Chromadorea,Rhabditida,Trichostrongylidae,Cooperia
Cooperia pectinata,Lake Baikal,53.5587003,108.1649965,1,terrestrial,Animalia,Nematoda,Chromadorea,Rhabditida,Trichostrongylidae,Cooperia
Haemonchus contortus,Lake Baikal,53.5587003,108.1649965,1,terrestrial,Animalia,Nematoda,Chromadorea,Rhabditida,Trichostrongylidae,Haemonchus
Nematodirus spathiger,Lake Baikal,53.5587003,108.1649965,1,terrestrial,Animalia,Nematoda,Chromadorea,Rhabditida,Molineidae,Nematodirus
Nematodirus filicollis,Lake Baikal,53.5587003,108.1649965,1,terrestrial,Animalia,Nematoda,Chromadorea,Rhabditida,Molineidae,Nematodirus
Nematodirus helvetianus,Lake Baikal,53.5587003,108.1649965,1,terrestrial,Animalia,Nematoda,Chromadorea,Rhabditida,Molineidae,Nematodirus
Dictyocaulus filaria,Lake Baikal,53.5587003,108.1649965,1,terrestrial,Animalia,Nematoda,Chromadorea,Rhabditida,Metastrongylidae,Dictyocaulus
Dictyocaulus viviparus,Lake Baikal,53.5587003,108.1649965,1,terrestrial,Animalia,Nematoda,Chromadorea,Rhabditida,Metastrongylidae,Dictyocaulus
Dictyocaulus arnfieldi,Lake Baikal,53.5587003,108.1649965,1,terrestrial,Animalia,Nematoda,Chromadorea,Rhabditida,Metastrongylidae,Dictyocaulus
Heligmosomum mixtum,Lake Baikal,53.5587003,108.1649965,1,terrestrial,Animalia,Nematoda,Chromadorea,Rhabditida,Heligmosomidae,Heligmosomum
Nematodirus filicollis,Iran,32.427908,53.688046,1,terrestrial,Animalia,Nematoda,Chromadorea,Rhabditida,Molineidae,Nematodirus
Nematodirus battus,Iran,32.427908,53.688046,1,terrestrial,Animalia,Nematoda,Chromadorea,Rhabditida,Molineidae,Nematodirus
Trichostrongylus colubriformis,Iran,32.427908,53.688046,1,terrestrial,Animalia,Nematoda,Chromadorea,Rhabditida,Trichostrongylidae,Trichostrongylus
Trichostrongylus vitrinus,Iran,32.427908,53.688046,1,terrestrial,Animalia,Nematoda,Chromadorea,Rhabditida,Trichostrongylidae,Trichostrongylus
Trichuris discolor,Iran,32.427908,53.688046,1,terrestrial,Animalia,Nematoda,Enoplea,Trichinellida,Trichuridae,Trichuris
Anisakis simplex,Black Sea,43.41302899999999,34.299316,4,marine,Animalia,Nematoda,Chromadorea,Rhabditida,Anisakidae,Anisakis
Spirocerca lupi,Iran,32.427908,53.688046,3,terrestrial,Animalia,Nematoda,Chromadorea,Rhabditida,Spirocercidae,Spirocerca
Toxocara cati,Iceland,64.963051,-19.020835,2,terrestrial,Animalia,Nematoda,Chromadorea,Rhabditida,Ascarididae,Toxocara
Heligmosomoides laevis,France,46.227638,2.213749,1,terrestrial,Animalia,Nematoda,Chromadorea,Rhabditida,Heligmosomidae,Heligmosomoides
Heligmosomum mixtum,France,46.227638,2.213749,1,terrestrial,Animalia,Nematoda,Chromadorea,Rhabditida,Heligmosomidae,Heligmosomum
Camallanus lacustris,Belgium + Luxembourg,50.0546886,5.467698299999999,4,freshwater,Animalia,Nematoda,Chromadorea,Rhabditida,Camallanidae,Camallanus
Trichuris skrjabini,Spain + Andalusia,37.5442706,-4.7277528,1,terrestrial,Animalia,Nematoda,Enoplea,Trichinellida,Trichuridae,Trichuris
Trichostrongylus colubriformis,Java,-7.29,109.9,1,terrestrial,Animalia,Nematoda,Chromadorea,Rhabditida,Trichostrongylidae,Trichostrongylus
Trichostrongylus axei,Java,-7.29,109.9,1,terrestrial,Animalia,Nematoda,Chromadorea,Rhabditida,Trichostrongylidae,Trichostrongylus
Haemonchus contortus,Java,-7.29,109.9,1,terrestrial,Animalia,Nematoda,Chromadorea,Rhabditida,Trichostrongylidae,Haemonchus
Oesophagostomum columbianum,Java,-7.29,109.9,1,terrestrial,Animalia,Nematoda,Chromadorea,Rhabditida,Strongylidae,Oesophagostomum
Cooperia curticei,Java,-7.29,109.9,1,terrestrial,Animalia,Nematoda,Chromadorea,Rhabditida,Trichostrongylidae,Cooperia
Trichuris ovis,Java,-7.29,109.9,1,terrestrial,Animalia,Nematoda,Enoplea,Trichinellida,Trichinellidae,Trichocephalus
Oesophagostomum asperum,Java,-7.29,109.9,1,terrestrial,Animalia,Nematoda,Chromadorea,Rhabditida,Strongylidae,Oesophagostomum
Oesophagostomum radiatum,Indonesia & Malaysia,-0.789275,113.921327,1,terrestrial,Animalia,Nematoda,Chromadorea,Rhabditida,Strongylidae,Oesophagostomum
Haemonchus contortus,Indonesia & Malaysia,-0.789275,113.921327,1,terrestrial,Animalia,Nematoda,Chromadorea,Rhabditida,Trichostrongylidae,Haemonchus
Ostertagia ostertagi,Indonesia & Malaysia,-0.789275,113.921327,1,terrestrial,Animalia,Nematoda,Chromadorea,Rhabditida,Trichostrongylidae,Ostertagia
Cooperia punctata,Indonesia & Malaysia,-0.789275,113.921327,1,terrestrial,Animalia,Nematoda,Chromadorea,Rhabditida,Trichostrongylidae,Cooperia
Dictyocaulus eckerti,Germany,51.165691,10.451526,1,terrestrial,Animalia,Nematoda,Chromadorea,Rhabditida,Metastrongylidae,Dictyocaulus
Strongylus vulgaris,Germany,51.165691,10.451526,1,terrestrial,Animalia,Nematoda,Chromadorea,Rhabditida,Strongylidae,Strongylus
Strongylus edentatus,Germany,51.165691,10.451526,1,terrestrial,Animalia,Nematoda,Chromadorea,Rhabditida,Strongylidae,Strongylus
Triodontophorus tenuicollis,Germany,51.165691,10.451526,1,terrestrial,Animalia,Nematoda,Chromadorea,Rhabditida,Strongylidae,Triodontophorus
Cyathostomum catinatum,Germany,51.165691,10.451526,1,terrestrial,Animalia,Nematoda,Chromadorea,Rhabditida,Strongylidae,Cyathostomum
Cylicocyclus nassatus,Germany,51.165691,10.451526,1,terrestrial,Animalia,Nematoda,Chromadorea,Rhabditida,Strongylidae,Cylicocyclus
Cylicostephanus longibursatus,Germany,51.165691,10.451526,1,terrestrial,Animalia,Nematoda,Chromadorea,Rhabditida,Strongylidae,Cylicostephanus
Uncinaria stenocephala,Victoria,-37.01,144.75,1,terrestrial,Animalia,Nematoda,Chromadorea,Rhabditida,Ancylostomatidae,Uncinaria
Pseudalius inflexus,Baltic Sea,58.48795200000001,19.863281,2,marine,Animalia,Nematoda,Chromadorea,Rhabditida,Pseudaliidae,Pseudalius
Rhabdochona denudata,Greece,39.074208,21.824312,2,freshwater,Animalia,Nematoda,Chromadorea,Rhabditida,Rhabdochonidae,Rhabdochona
Crenosoma vulpis,Spain + Andalusia,37.5442706,-4.7277528,2,terrestrial,Animalia,Nematoda,Chromadorea,Rhabditida,Metastrongylidae,Crenosoma
Aelurostrongylus pridhami,Spain + Andalusia,37.5442706,-4.7277528,3,terrestrial,Animalia,Nematoda,Chromadorea,Rhabditida,Metastrongylidae,Aelurostrongylus
Angiostrongylus vasorum,Spain + Andalusia,37.5442706,-4.7277528,3,terrestrial,Animalia,Nematoda,Chromadorea,Rhabditida,Metastrongylidae,Angiostrongylus
Filaroides martis,Spain + Andalusia,37.5442706,-4.7277528,3,terrestrial,Animalia,Nematoda,Chromadorea,Rhabditida,Filaroididae,Filaroides
Skrjabingylus nasicola,Spain + Andalusia,37.5442706,-4.7277528,3,terrestrial,Animalia,Nematoda,Chromadorea,Rhabditida,Metastrongylidae,Skrjabingylus
Baylisascaris columnaris,Spain + Andalusia,37.5442706,-4.7277528,2,terrestrial,Animalia,Nematoda,Chromadorea,Rhabditida,Ascarididae,Baylisascaris
Physaloptera praeputialis,Spain + Andalusia,37.5442706,-4.7277528,3,terrestrial,Animalia,Nematoda,Chromadorea,Rhabditida,Physalopteridae,Physaloptera
Skrjabingylus nasicola,Byelorussia,53.709807,27.953389,3,terrestrial,Animalia,Nematoda,Chromadorea,Rhabditida,Metastrongylidae,Skrjabingylus
Filaroides martis,Byelorussia,53.709807,27.953389,3,terrestrial,Animalia,Nematoda,Chromadorea,Rhabditida,Filaroididae,Filaroides
Heligmosomoides polygyrus,Quebec,52.9399159,-73.5491361,1,terrestrial,Animalia,Nematoda,Chromadorea,Rhabditida,Heligmosomidae,Heligmosomoides
Ascarophis filiformis,Sea of Japan,38.848848,135,2,marine,Animalia,Nematoda,Chromadorea,Rhabditida,Cystidicolidae,Ascarophis
Anisakis physeteris,Sea of Okhotsk,52.87362299999999,149.3658173,4,marine,Animalia,Nematoda,Chromadorea,Rhabditida,Anisakidae,Skrjabinisakis
Syphacia obvelata,"England, Wales + Isle of Man",54.236107,-4.548056,1,terrestrial,Animalia,Nematoda,Chromadorea,Rhabditida,Oxyuridae,Syphacia
Skrjabingylus nasicola,"England, Wales + Isle of Man",54.236107,-4.548056,3,terrestrial,Animalia,Nematoda,Chromadorea,Rhabditida,Metastrongylidae,Skrjabingylus
Filaroides martis,"England, Wales + Isle of Man",54.236107,-4.548056,3,terrestrial,Animalia,Nematoda,Chromadorea,Rhabditida,Filaroididae,Filaroides
Aelurostrongylus falciformis,"England, Wales + Isle of Man",54.236107,-4.548056,2,terrestrial,Animalia,Nematoda,Chromadorea,Rhabditida,Metastrongylidae,Aelurostrongylus
Parafilaroides gymnurus,"England, Wales + Isle of Man",54.236107,-4.548056,2,marine,Animalia,Nematoda,Chromadorea,Rhabditida,Filaroididae,Parafilaroides
Otostrongylus circumlitus,"England, Wales + Isle of Man",54.236107,-4.548056,2,marine,Animalia,Nematoda,Chromadorea,Rhabditida,Crenosomatidae,Otostrongylus
Pseudoterranova decipiens,"England, Wales + Isle of Man",54.236107,-4.548056,4,marine,Animalia,Nematoda,Chromadorea,Rhabditida,Anisakidae,Pseudoterranova
Anisakis simplex,"England, Wales + Isle of Man",54.236107,-4.548056,4,marine,Animalia,Nematoda,Chromadorea,Rhabditida,Anisakidae,Anisakis
Oxyuris equi,"England, Wales + Isle of Man",54.236107,-4.548056,1,terrestrial,Animalia,Nematoda,Chromadorea,Rhabditida,Oxyuridae,Oxyuris
Strongylus equinus,"England, Wales + Isle of Man",54.236107,-4.548056,1,terrestrial,Animalia,Nematoda,Chromadorea,Rhabditida,Strongylidae,Strongylus
Strongylus vulgaris,"England, Wales + Isle of Man",54.236107,-4.548056,1,terrestrial,Animalia,Nematoda,Chromadorea,Rhabditida,Strongylidae,Strongylus
Strongylus edentatus,"England, Wales + Isle of Man",54.236107,-4.548056,1,terrestrial,Animalia,Nematoda,Chromadorea,Rhabditida,Strongylidae,Strongylus
Trichostrongylus vitrinus,"England, Wales + Isle of Man",54.236107,-4.548056,1,terrestrial,Animalia,Nematoda,Chromadorea,Rhabditida,Trichostrongylidae,Trichostrongylus
Oesophagostomum venulosum,"England, Wales + Isle of Man",54.236107,-4.548056,1,terrestrial,Animalia,Nematoda,Chromadorea,Rhabditida,Strongylidae,Oesophagostomum
Chabertia ovina,"England, Wales + Isle of Man",54.236107,-4.548056,1,terrestrial,Animalia,Nematoda,Chromadorea,Rhabditida,Strongylidae,Chabertia
Skrjabinema ovis,"England, Wales + Isle of Man",54.236107,-4.548056,1,terrestrial,Animalia,Nematoda,Chromadorea,Rhabditida,Oxyuridae,Skrjabinema
Trichuris ovis,"England, Wales + Isle of Man",54.236107,-4.548056,1,terrestrial,Animalia,Nematoda,Enoplea,Trichinellida,Trichinellidae,Trichocephalus
Muellerius capillaris,"England, Wales + Isle of Man",54.236107,-4.548056,2,terrestrial,Animalia,Nematoda,Chromadorea,Rhabditida,Metastrongylidae,Muellerius
Parelaphostrongylus tenuis,United States,37.09024,-95.712891,2,terrestrial,Animalia,Nematoda,Chromadorea,Rhabditida,Metastrongylidae,Parelaphostrongylus
Oesophagostomum bifurcum,Ghana,7.946527,-1.023194,1,terrestrial,Animalia,Nematoda,Chromadorea,Rhabditida,Strongylidae,Oesophagostomum
Pseudoterranova decipiens,Norway,60.47202399999999,8.468945999999999,4,marine,Animalia,Nematoda,Chromadorea,Rhabditida,Anisakidae,Pseudoterranova
Aspiculuris tetraptera,France,46.227638,2.213749,1,terrestrial,Animalia,Nematoda,Chromadorea,Rhabditida,Heteroxynematidae,Aspiculuris
Spirocerca lupi,Byelorussia,53.709807,27.953389,3,terrestrial,Animalia,Nematoda,Chromadorea,Rhabditida,Spirocercidae,Spirocerca
Ascaris lumbricoides,Nicaragua,12.865416,-85.207229,1,terrestrial,Animalia,Nematoda,Chromadorea,Rhabditida,Ascarididae,Ascaris
Trichuris trichiura,Nicaragua,12.865416,-85.207229,1,terrestrial,Animalia,Nematoda,Enoplea,Trichinellida,Trichuridae,Trichuris
Parelaphostrongylus tenuis,Quebec,52.9399159,-73.5491361,2,terrestrial,Animalia,Nematoda,Chromadorea,Rhabditida,Metastrongylidae,Parelaphostrongylus
Camallanus lacustris,Eire + N. Ireland,54.7877149,-6.4923145,4,freshwater,Animalia,Nematoda,Chromadorea,Rhabditida,Camallanidae,Camallanus
Aspiculuris tetraptera,Eire + N. Ireland,54.7877149,-6.4923145,1,terrestrial,Animalia,Nematoda,Chromadorea,Rhabditida,Heteroxynematidae,Aspiculuris
Anisakis simplex,Irish Sea,53.8276917,-4.465836599999999,4,marine,Animalia,Nematoda,Chromadorea,Rhabditida,Anisakidae,Anisakis
Syncuaria squamata,Gulf of Mexico,25.304304,-90.065918,3,freshwater,Animalia,Nematoda,Chromadorea,Rhabditida,Acuariidae,Syncuaria
Anisakis pegreffii,Western Iberian coast,40.4830106,-4.087557299999999,4,marine,Animalia,Nematoda,Chromadorea,Rhabditida,Anisakidae,Anisakis
Anisakis pegreffii,New Zealand coast,-42.6919232,171.3399414,4,marine,Animalia,Nematoda,Chromadorea,Rhabditida,Anisakidae,Anisakis
Anisakis pegreffii,Southwest Atlantic,-14.5994134,-28.6731465,4,marine,Animalia,Nematoda,Chromadorea,Rhabditida,Anisakidae,Anisakis
Cheilospirura spinosa,Tennessee,35.5174913,-86.5804473,2,terrestrial,Animalia,Nematoda,Chromadorea,Rhabditida,Acuariidae,Cheilospirura
Nematodirus abnormalis,Spain + Andalusia,37.5442706,-4.7277528,1,terrestrial,Animalia,Nematoda,Chromadorea,Rhabditida,Molineidae,Nematodirus
Oesophagostomum venulosum,Denmark,56.26392,9.501785,1,terrestrial,Animalia,Nematoda,Chromadorea,Rhabditida,Strongylidae,Oesophagostomum
Ascaridia galli,Denmark,56.26392,9.501785,1,terrestrial,Animalia,Nematoda,Chromadorea,Rhabditida,Ascaridiidae,Ascaridia
Trichostrongylus colubriformis,Ethiopia (incl. Dhibouti),11.59516,43.146473,1,terrestrial,Animalia,Nematoda,Chromadorea,Rhabditida,Trichostrongylidae,Trichostrongylus
Haemonchus contortus,Ethiopia (incl. Dhibouti),11.59516,43.146473,1,terrestrial,Animalia,Nematoda,Chromadorea,Rhabditida,Trichostrongylidae,Haemonchus
Cooperia curticei,Ghana,7.946527,-1.023194,1,terrestrial,Animalia,Nematoda,Chromadorea,Rhabditida,Trichostrongylidae,Cooperia
Trichostrongylus axei,Belgium + Luxembourg,50.0546886,5.467698299999999,1,terrestrial,Animalia,Nematoda,Chromadorea,Rhabditida,Trichostrongylidae,Trichostrongylus
Camallanus lacustris,Finland,61.92410999999999,25.7481511,4,freshwater,Animalia,Nematoda,Chromadorea,Rhabditida,Camallanidae,Camallanus
Parelaphostrongylus tenuis,New Brunswick,46.5653163,-66.46191639999999,2,terrestrial,Animalia,Nematoda,Chromadorea,Rhabditida,Metastrongylidae,Parelaphostrongylus
Spirura talpae,Spain + Andalusia,37.5442706,-4.7277528,2,terrestrial,Animalia,Nematoda,Chromadorea,Rhabditida,Spiruridae,Spirura
Pterygodermatites hispanica,Spain + Andalusia,37.5442706,-4.7277528,2,terrestrial,Animalia,Nematoda,Chromadorea,Rhabditida,Rictulariidae,Pterygodermatites
Syphacia obvelata,Spain + Andalusia,37.5442706,-4.7277528,1,terrestrial,Animalia,Nematoda,Chromadorea,Rhabditida,Oxyuridae,Syphacia
Syphacia muris,Spain + Andalusia,37.5442706,-4.7277528,1,terrestrial,Animalia,Nematoda,Chromadorea,Rhabditida,Oxyuridae,Syphacia
Toxocara cati,Greece,39.074208,21.824312,2,terrestrial,Animalia,Nematoda,Chromadorea,Rhabditida,Ascarididae,Toxocara
Trichuris trichiura,Zaire,-6.2649292,14.2343282,1,terrestrial,Animalia,Nematoda,Enoplea,Trichinellida,Trichuridae,Trichuris
Trichuris trichiura,Egypt,26.820553,30.802498,1,terrestrial,Animalia,Nematoda,Enoplea,Trichinellida,Trichuridae,Trichuris
Otostrongylus circumlitus,Quebec,52.9399159,-73.5491361,2,marine,Animalia,Nematoda,Chromadorea,Rhabditida,Crenosomatidae,Otostrongylus
Cylicocyclus nassatus,France,46.227638,2.213749,1,terrestrial,Animalia,Nematoda,Chromadorea,Rhabditida,Strongylidae,Cylicocyclus
Cylicostephanus longibursatus,France,46.227638,2.213749,1,terrestrial,Animalia,Nematoda,Chromadorea,Rhabditida,Strongylidae,Cylicostephanus
Cooperia punctata,Venezuela,6.42375,-66.58973,1,terrestrial,Animalia,Nematoda,Chromadorea,Rhabditida,Trichostrongylidae,Cooperia
Trichostrongylus axei,Venezuela,6.42375,-66.58973,1,terrestrial,Animalia,Nematoda,Chromadorea,Rhabditida,Trichostrongylidae,Trichostrongylus
Ostertagia ostertagi,Venezuela,6.42375,-66.58973,1,terrestrial,Animalia,Nematoda,Chromadorea,Rhabditida,Trichostrongylidae,Ostertagia
Trichostrongylus axei,Germany,51.165691,10.451526,1,terrestrial,Animalia,Nematoda,Chromadorea,Rhabditida,Trichostrongylidae,Trichostrongylus
Ascaridia galli,Yugoslavia,37.09024,-95.712891,1,terrestrial,Animalia,Nematoda,Chromadorea,Rhabditida,Ascaridiidae,Ascaridia
Ascaridia columbae,Yugoslavia,37.09024,-95.712891,1,terrestrial,Animalia,Nematoda,Chromadorea,Rhabditida,Ascaridiidae,Ascaridia
Heterakis gallinarum,Yugoslavia,37.09024,-95.712891,2,terrestrial,Animalia,Nematoda,Chromadorea,Rhabditida,Heterakidae,Heterakis
Capillaria phasianina,Yugoslavia,37.09024,-95.712891,2,terrestrial,Animalia,Nematoda,Enoplea,Trichinellida,Capillariidae,Capillaria
Acuaria hamulosa,Yugoslavia,37.09024,-95.712891,2,terrestrial,Animalia,Nematoda,Chromadorea,Rhabditida,Acuariidae,Acuaria
Ornithostrongylus quadriradiatus,Yugoslavia,37.09024,-95.712891,1,terrestrial,Animalia,Nematoda,Chromadorea,Rhabditida,Heligmosomidae,Ornithostrongylus
Mastophorus muris,France,46.227638,2.213749,2,terrestrial,Animalia,Nematoda,Chromadorea,Rhabditida,Spirocercidae,Mastophorus
Syphacia muris,France,46.227638,2.213749,1,terrestrial,Animalia,Nematoda,Chromadorea,Rhabditida,Oxyuridae,Syphacia
Syphacia obvelata,France,46.227638,2.213749,1,terrestrial,Animalia,Nematoda,Chromadorea,Rhabditida,Oxyuridae,Syphacia
Philometra abdominalis,Lake Baikal,53.5587003,108.1649965,2,freshwater,Animalia,Nematoda,Chromadorea,Rhabditida,Philometridae,Philometra
Philometra rischta,Lake Baikal,53.5587003,108.1649965,2,freshwater,Animalia,Nematoda,Chromadorea,Rhabditida,Philometridae,Philometra
Teladorsagia circumcincta,Belgium + Luxembourg,50.0546886,5.467698299999999,1,terrestrial,Animalia,Nematoda,Chromadorea,Rhabditida,Trichostrongylidae,Ostertagia
Trichostrongylus axei,France,46.227638,2.213749,1,terrestrial,Animalia,Nematoda,Chromadorea,Rhabditida,Trichostrongylidae,Trichostrongylus
Cooperia curticei,Scotland,56.49067119999999,-4.2026458,1,terrestrial,Animalia,Nematoda,Chromadorea,Rhabditida,Trichostrongylidae,Cooperia
Cooperia curticei,"England, Wales + Isle of Man",54.236107,-4.548056,1,terrestrial,Animalia,Nematoda,Chromadorea,Rhabditida,Trichostrongylidae,Cooperia
Haemonchus contortus,Scotland,56.49067119999999,-4.2026458,1,terrestrial,Animalia,Nematoda,Chromadorea,Rhabditida,Trichostrongylidae,Haemonchus
Nematodirus spathiger,"England, Wales + Isle of Man",54.236107,-4.548056,1,terrestrial,Animalia,Nematoda,Chromadorea,Rhabditida,Molineidae,Nematodirus
Oesophagostomum venulosum,Scotland,56.49067119999999,-4.2026458,1,terrestrial,Animalia,Nematoda,Chromadorea,Rhabditida,Strongylidae,Oesophagostomum
Trichostrongylus colubriformis,Scotland,56.49067119999999,-4.2026458,1,terrestrial,Animalia,Nematoda,Chromadorea,Rhabditida,Trichostrongylidae,Trichostrongylus
Dictyocaulus filaria,France,46.227638,2.213749,1,terrestrial,Animalia,Nematoda,Chromadorea,Rhabditida,Metastrongylidae,Dictyocaulus
Cystocaulus ocreatus,France,46.227638,2.213749,2,terrestrial,Animalia,Nematoda,Chromadorea,Rhabditida,Metastrongylidae,Cystocaulus
Nematodirus abnormalis,France,46.227638,2.213749,1,terrestrial,Animalia,Nematoda,Chromadorea,Rhabditida,Molineidae,Nematodirus
Nematodirus battus,France,46.227638,2.213749,1,terrestrial,Animalia,Nematoda,Chromadorea,Rhabditida,Molineidae,Nematodirus
Oesophagostomum radiatum,France,46.227638,2.213749,1,terrestrial,Animalia,Nematoda,Chromadorea,Rhabditida,Strongylidae,Oesophagostomum
Trichuris discolor,France,46.227638,2.213749,1,terrestrial,Animalia,Nematoda,Enoplea,Trichinellida,Trichuridae,Trichuris
Heterakis gallinarum,Scotland,56.49067119999999,-4.2026458,2,terrestrial,Animalia,Nematoda,Chromadorea,Rhabditida,Heterakidae,Heterakis
Gongylonema pulchrum,Germany,51.165691,10.451526,2,terrestrial,Animalia,Nematoda,Chromadorea,Rhabditida,Gongylonematidae,Gongylonema
Rhabdochona denudata,Norway,60.47202399999999,8.468945999999999,2,freshwater,Animalia,Nematoda,Chromadorea,Rhabditida,Rhabdochonidae,Rhabdochona
Eustrongylides tubifex,Bangladesh,23.684994,90.356331,3,freshwater,Animalia,Nematoda,Enoplea,Dioctophymatida,Dioctophymatidae,Eustrongylides
Spirocamallanus mysti,Bangladesh,23.684994,90.356331,2,freshwater,Animalia,Nematoda,Chromadorea,Rhabditida,Camallanidae,Spirocamallanus
Strongylus vulgaris,Iraq,33.223191,43.679291,1,terrestrial,Animalia,Nematoda,Chromadorea,Rhabditida,Strongylidae,Strongylus
Pseudoterranova decipiens,Gulf of Mexico,25.304304,-90.065918,4,marine,Animalia,Nematoda,Chromadorea,Rhabditida,Anisakidae,Pseudoterranova
Filaroides hirthi,Eire + N. Ireland,54.7877149,-6.4923145,1,terrestrial,Animalia,Nematoda,Chromadorea,Rhabditida,Filaroididae,Filaroides
Haemonchus contortus,Bangladesh,23.684994,90.356331,1,terrestrial,Animalia,Nematoda,Chromadorea,Rhabditida,Trichostrongylidae,Haemonchus
Physaloptera maxillaris,Argentina,-38.416097,-63.61667199999999,2,terrestrial,Animalia,Nematoda,Chromadorea,Rhabditida,Physalopteridae,Physaloptera
Toxascaris leonina,Argentina,-38.416097,-63.61667199999999,2,terrestrial,Animalia,Nematoda,Chromadorea,Rhabditida,Ascarididae,Toxascaris
Anisakis simplex,Western Mediterranean,34.5531284,18.0480105,4,marine,Animalia,Nematoda,Chromadorea,Rhabditida,Anisakidae,Anisakis
Nematodirus battus,Canada,56.130366,-106.346771,1,terrestrial,Animalia,Nematoda,Chromadorea,Rhabditida,Molineidae,Nematodirus
Ascaris lumbricoides,France,46.227638,2.213749,1,terrestrial,Animalia,Nematoda,Chromadorea,Rhabditida,Ascarididae,Ascaris
Philometra abdominalis,Norway,60.47202399999999,8.468945999999999,2,freshwater,Animalia,Nematoda,Chromadorea,Rhabditida,Philometridae,Philometra
Philometra rischta,Norway,60.47202399999999,8.468945999999999,2,freshwater,Animalia,Nematoda,Chromadorea,Rhabditida,Philometridae,Philometra
Philonema oncorhynchi,Norway,60.47202399999999,8.468945999999999,2,freshwater,Animalia,Nematoda,Chromadorea,Rhabditida,Philonematidae,Philonema
Pseudocapillaria tomentosa,Norway,60.47202399999999,8.468945999999999,2,freshwater,Animalia,Nematoda,Enoplea,Trichinellida,Capillariidae,Pseudocapillaria
Hadjelia truncata,Egypt,26.820553,30.802498,2,terrestrial,Animalia,Nematoda,Chromadorea,Rhabditida,Habronematidae,Hadjelia
Ascaridia columbae,Egypt,26.820553,30.802498,1,terrestrial,Animalia,Nematoda,Chromadorea,Rhabditida,Ascaridiidae,Ascaridia
Philonema agubernaculum,Quebec,52.9399159,-73.5491361,2,freshwater,Animalia,Nematoda,Chromadorea,Rhabditida,Philonematidae,Philonema
Pearsonema plica,Southwest Europe,41.2745004,-1.2121322,2,terrestrial,Animalia,Nematoda,Enoplea,Trichinellida,Trichuridae,Pearsonema
Eucoleus aerophilus,Southwest Europe,41.2745004,-1.2121322,2,terrestrial,Animalia,Nematoda,Enoplea,Trichinellida,Capillariidae,Eucoleus
Aonchotheca putorii,Southwest Europe,41.2745004,-1.2121322,2,terrestrial,Animalia,Nematoda,Enoplea,Trichinellida,Capillariidae,Aonchotheca
Trichuris vulpis,Southwest Europe,41.2745004,-1.2121322,1,terrestrial,Animalia,Nematoda,Enoplea,Trichinellida,Trichuridae,Trichuris
Uncinaria stenocephala,Southwest Europe,41.2745004,-1.2121322,1,terrestrial,Animalia,Nematoda,Chromadorea,Rhabditida,Ancylostomatidae,Uncinaria
Crenosoma vulpis,Southwest Europe,41.2745004,-1.2121322,2,terrestrial,Animalia,Nematoda,Chromadorea,Rhabditida,Metastrongylidae,Crenosoma
Crenosoma petrowi,Southwest Europe,41.2745004,-1.2121322,3,terrestrial,Animalia,Nematoda,Chromadorea,Rhabditida,Metastrongylidae,Crenosoma
Aelurostrongylus pridhami,Southwest Europe,41.2745004,-1.2121322,3,terrestrial,Animalia,Nematoda,Chromadorea,Rhabditida,Metastrongylidae,Aelurostrongylus
Angiostrongylus vasorum,Southwest Europe,41.2745004,-1.2121322,3,terrestrial,Animalia,Nematoda,Chromadorea,Rhabditida,Metastrongylidae,Angiostrongylus
Filaroides martis,Southwest Europe,41.2745004,-1.2121322,3,terrestrial,Animalia,Nematoda,Chromadorea,Rhabditida,Filaroididae,Filaroides
Skrjabingylus nasicola,Southwest Europe,41.2745004,-1.2121322,3,terrestrial,Animalia,Nematoda,Chromadorea,Rhabditida,Metastrongylidae,Skrjabingylus
Toxocara canis,Southwest Europe,41.2745004,-1.2121322,2,terrestrial,Animalia,Nematoda,Chromadorea,Rhabditida,Ascarididae,Toxocara
Toxocara cati,Southwest Europe,41.2745004,-1.2121322,2,terrestrial,Animalia,Nematoda,Chromadorea,Rhabditida,Ascarididae,Toxocara
Baylisascaris columnaris,Southwest Europe,41.2745004,-1.2121322,2,terrestrial,Animalia,Nematoda,Chromadorea,Rhabditida,Ascarididae,Baylisascaris
Toxascaris leonina,Southwest Europe,41.2745004,-1.2121322,2,terrestrial,Animalia,Nematoda,Chromadorea,Rhabditida,Ascarididae,Toxascaris
Spirocerca lupi,Southwest Europe,41.2745004,-1.2121322,3,terrestrial,Animalia,Nematoda,Chromadorea,Rhabditida,Spirocercidae,Spirocerca
Mastophorus muris,Southwest Europe,41.2745004,-1.2121322,2,terrestrial,Animalia,Nematoda,Chromadorea,Rhabditida,Spirocercidae,Mastophorus
Physaloptera praeputialis,Southwest Europe,41.2745004,-1.2121322,3,terrestrial,Animalia,Nematoda,Chromadorea,Rhabditida,Physalopteridae,Physaloptera
Pterygodermatites affinis,Southwest Europe,41.2745004,-1.2121322,3,terrestrial,Animalia,Nematoda,Chromadorea,Rhabditida,Rictulariidae,Pterygodermatites
Chabertia ovina,Victoria,-37.01,144.75,1,terrestrial,Animalia,Nematoda,Chromadorea,Rhabditida,Strongylidae,Chabertia
Oesophagostomum venulosum,Victoria,-37.01,144.75,1,terrestrial,Animalia,Nematoda,Chromadorea,Rhabditida,Strongylidae,Oesophagostomum
Toxocara canis,Taiwan,23.69781,120.960515,2,terrestrial,Animalia,Nematoda,Chromadorea,Rhabditida,Ascarididae,Toxocara
Toxascaris leonina,Taiwan,23.69781,120.960515,2,terrestrial,Animalia,Nematoda,Chromadorea,Rhabditida,Ascarididae,Toxascaris
Toxocara cati,Taiwan,23.69781,120.960515,2,terrestrial,Animalia,Nematoda,Chromadorea,Rhabditida,Ascarididae,Toxocara
Parascaris equorum,Sweden,60.12816100000001,18.643501,1,terrestrial,Animalia,Nematoda,Chromadorea,Rhabditida,Ascarididae,Parascaris
Trichostrongylus axei,Sweden,60.12816100000001,18.643501,1,terrestrial,Animalia,Nematoda,Chromadorea,Rhabditida,Trichostrongylidae,Trichostrongylus
Strongylus edentatus,Sweden,60.12816100000001,18.643501,1,terrestrial,Animalia,Nematoda,Chromadorea,Rhabditida,Strongylidae,Strongylus
Toxocara vitulorum,Vietnam,14.058324,108.277199,1,terrestrial,Animalia,Nematoda,Chromadorea,Rhabditida,Ascarididae,Toxocara
Teladorsagia circumcincta,Canary Islands,28.2915637,-16.6291304,1,terrestrial,Animalia,Nematoda,Chromadorea,Rhabditida,Trichostrongylidae,Ostertagia
Trichostrongylus axei,Canary Islands,28.2915637,-16.6291304,1,terrestrial,Animalia,Nematoda,Chromadorea,Rhabditida,Trichostrongylidae,Trichostrongylus
Haemonchus contortus,Canary Islands,28.2915637,-16.6291304,1,terrestrial,Animalia,Nematoda,Chromadorea,Rhabditida,Trichostrongylidae,Haemonchus
Toxocara canis,Malaya,3.17,101.7,2,terrestrial,Animalia,Nematoda,Chromadorea,Rhabditida,Ascarididae,Toxocara
Oesophagostomum quadrispinulatum,Europe,54.5259614,15.2551187,1,terrestrial,Animalia,Nematoda,Chromadorea,Rhabditida,Strongylidae,Oesophagostomum
Oesophagostomum dentatum,Europe,54.5259614,15.2551187,1,terrestrial,Animalia,Nematoda,Chromadorea,Rhabditida,Strongylidae,Oesophagostomum
Amidostomum acutum,Egypt,26.820553,30.802498,1,freshwater,Animalia,Nematoda,Chromadorea,Rhabditida,Amidostomidae,Amidostomum
Amidostomum anseris,Egypt,26.820553,30.802498,1,freshwater,Animalia,Nematoda,Chromadorea,Rhabditida,Amidostomidae,Amidostomum
Amidostomum anseris,Sudan,12.862807,30.217636,1,freshwater,Animalia,Nematoda,Chromadorea,Rhabditida,Amidostomidae,Amidostomum
Epomidiostomum uncinatum,Senegal,14.497401,-14.452362,1,freshwater,Animalia,Nematoda,Chromadorea,Rhabditida,Trichostrongylidae,Epomidiostomum
Porrocaecum crassum,Kenya,-0.023559,37.906193,2,freshwater,Animalia,Nematoda,Chromadorea,Rhabditida,Ascarididae,Porrocaecum
Contracaecum microcephalum,Zaire,-6.2649292,14.2343282,3,freshwater,Animalia,Nematoda,Chromadorea,Rhabditida,Anisakidae,Contracaecum
Gongylonema congolense,Zaire,-6.2649292,14.2343282,2,terrestrial,Animalia,Nematoda,Chromadorea,Rhabditida,Gongylonematidae,Gongylonema
Capillaria anatis,Senegal,14.497401,-14.452362,2,terrestrial,Animalia,Nematoda,Enoplea,Trichinellida,Capillariidae,Capillaria
Pseudocapillaria tomentosa,Europe,54.5259614,15.2551187,2,freshwater,Animalia,Nematoda,Enoplea,Trichinellida,Capillariidae,Pseudocapillaria
Cooperia oncophora,Scotland,56.49067119999999,-4.2026458,1,terrestrial,Animalia,Nematoda,Chromadorea,Rhabditida,Trichostrongylidae,Cooperia
Cooperia punctata,Arkansas,35.20105,-91.8318334,1,terrestrial,Animalia,Nematoda,Chromadorea,Rhabditida,Trichostrongylidae,Cooperia
Cooperia punctata,Victoria,-37.01,144.75,1,terrestrial,Animalia,Nematoda,Chromadorea,Rhabditida,Trichostrongylidae,Cooperia
Cooperia curticei,France,46.227638,2.213749,1,terrestrial,Animalia,Nematoda,Chromadorea,Rhabditida,Trichostrongylidae,Cooperia
Nematodirus spathiger,New South Wales,-31.2532183,146.921099,1,terrestrial,Animalia,Nematoda,Chromadorea,Rhabditida,Molineidae,Nematodirus
Nematodirus filicollis,Victoria,-37.01,144.75,1,terrestrial,Animalia,Nematoda,Chromadorea,Rhabditida,Molineidae,Nematodirus
Nematodirus filicollis,Germany,51.165691,10.451526,1,terrestrial,Animalia,Nematoda,Chromadorea,Rhabditida,Molineidae,Nematodirus
Nematodirus helvetianus,Arkansas,35.20105,-91.8318334,1,terrestrial,Animalia,Nematoda,Chromadorea,Rhabditida,Molineidae,Nematodirus
Cystidicoloides tenuissima,Norway,60.47202399999999,8.468945999999999,3,freshwater,Animalia,Nematoda,Chromadorea,Rhabditida,Cystidicolidae,Salmonema
Trichostrongylus retortaeformis,Germany,51.165691,10.451526,1,terrestrial,Animalia,Nematoda,Chromadorea,Rhabditida,Trichostrongylidae,Trichostrongylus
Toxocara cati,Germany,51.165691,10.451526,2,terrestrial,Animalia,Nematoda,Chromadorea,Rhabditida,Ascarididae,Toxocara
Toxascaris leonina,Austria,47.516231,14.550072,2,terrestrial,Animalia,Nematoda,Chromadorea,Rhabditida,Ascarididae,Toxascaris
Uncinaria stenocephala,Austria,47.516231,14.550072,1,terrestrial,Animalia,Nematoda,Chromadorea,Rhabditida,Ancylostomatidae,Uncinaria
Rhabdochona denudata,Austria,47.516231,14.550072,2,freshwater,Animalia,Nematoda,Chromadorea,Rhabditida,Rhabdochonidae,Rhabdochona
Haemonchus contortus,Burkina Faso,12.238333,-1.561593,1,terrestrial,Animalia,Nematoda,Chromadorea,Rhabditida,Trichostrongylidae,Haemonchus
Haemonchus contortus,Senegal,14.497401,-14.452362,1,terrestrial,Animalia,Nematoda,Chromadorea,Rhabditida,Trichostrongylidae,Haemonchus
Trichostrongylus axei,Senegal,14.497401,-14.452362,1,terrestrial,Animalia,Nematoda,Chromadorea,Rhabditida,Trichostrongylidae,Trichostrongylus
Trichostrongylus colubriformis,Burkina Faso,12.238333,-1.561593,1,terrestrial,Animalia,Nematoda,Chromadorea,Rhabditida,Trichostrongylidae,Trichostrongylus
Trichostrongylus colubriformis,Senegal,14.497401,-14.452362,1,terrestrial,Animalia,Nematoda,Chromadorea,Rhabditida,Trichostrongylidae,Trichostrongylus
Cooperia curticei,Burkina Faso,12.238333,-1.561593,1,terrestrial,Animalia,Nematoda,Chromadorea,Rhabditida,Trichostrongylidae,Cooperia
Cooperia curticei,Senegal,14.497401,-14.452362,1,terrestrial,Animalia,Nematoda,Chromadorea,Rhabditida,Trichostrongylidae,Cooperia
Cooperia punctata,Burkina Faso,12.238333,-1.561593,1,terrestrial,Animalia,Nematoda,Chromadorea,Rhabditida,Trichostrongylidae,Cooperia
Trichuris ovis,Burkina Faso,12.238333,-1.561593,1,terrestrial,Animalia,Nematoda,Enoplea,Trichinellida,Trichinellidae,Trichocephalus
Trichuris ovis,Senegal,14.497401,-14.452362,1,terrestrial,Animalia,Nematoda,Enoplea,Trichinellida,Trichinellidae,Trichocephalus
Oesophagostomum columbianum,Burkina Faso,12.238333,-1.561593,1,terrestrial,Animalia,Nematoda,Chromadorea,Rhabditida,Strongylidae,Oesophagostomum
Oesophagostomum columbianum,Senegal,14.497401,-14.452362,1,terrestrial,Animalia,Nematoda,Chromadorea,Rhabditida,Strongylidae,Oesophagostomum
Angiostrongylus mackerrasae,Australia,-25.274398,133.775136,2,terrestrial,Animalia,Nematoda,Chromadorea,Rhabditida,Metastrongylidae,Angiostrongylus
Cyclodontostomum purvisi,Australia,-25.274398,133.775136,1,terrestrial,Animalia,Nematoda,Chromadorea,Rhabditida,Strongylidae,Cyclodontostomum
Syphacia muris,Australia,-25.274398,133.775136,1,terrestrial,Animalia,Nematoda,Chromadorea,Rhabditida,Oxyuridae,Syphacia
Mastophorus muris,Australia,-25.274398,133.775136,2,terrestrial,Animalia,Nematoda,Chromadorea,Rhabditida,Spirocercidae,Mastophorus
Cucullanus heterochrous,Black Sea,43.41302899999999,34.299316,2,marine,Animalia,Nematoda,Chromadorea,Rhabditida,Cucullanidae,Cucullanus
Camallanus cotti,Puerto Rico,18.220833,-66.590149,2,freshwater,Animalia,Nematoda,Chromadorea,Rhabditida,Camallanidae,Camallanus
Eustrongylides ignotus,Puerto Rico,18.220833,-66.590149,3,freshwater,Animalia,Nematoda,Enoplea,Dioctophymatida,Dioctophymatidae,Eustrongylides
Spinitectus carolini,Puerto Rico,18.220833,-66.590149,3,freshwater,Animalia,Nematoda,Chromadorea,Rhabditida,Cystidicolidae,Spinitectus
Uncinaria stenocephala,Peru,-9.189967,-75.015152,1,terrestrial,Animalia,Nematoda,Chromadorea,Rhabditida,Ancylostomatidae,Uncinaria
Ascaris suum,Victoria,-37.01,144.75,1,terrestrial,Animalia,Nematoda,Chromadorea,Rhabditida,Ascarididae,Ascaris
Ascaris suum,Scotland,56.49067119999999,-4.2026458,1,terrestrial,Animalia,Nematoda,Chromadorea,Rhabditida,Ascarididae,Ascaris
Trichostrongylus axei,Louisiana,30.9842977,-91.96233269999999,1,terrestrial,Animalia,Nematoda,Chromadorea,Rhabditida,Trichostrongylidae,Trichostrongylus
Trichostrongylus colubriformis,Louisiana,30.9842977,-91.96233269999999,1,terrestrial,Animalia,Nematoda,Chromadorea,Rhabditida,Trichostrongylidae,Trichostrongylus
Ascaris lumbricoides,Victoria,-37.01,144.75,1,terrestrial,Animalia,Nematoda,Chromadorea,Rhabditida,Ascarididae,Ascaris
Toxascaris leonina,Victoria,-37.01,144.75,2,terrestrial,Animalia,Nematoda,Chromadorea,Rhabditida,Ascarididae,Toxascaris
Toxocara canis,Victoria,-37.01,144.75,2,terrestrial,Animalia,Nematoda,Chromadorea,Rhabditida,Ascarididae,Toxocara
Toxocara cati,Victoria,-37.01,144.75,2,terrestrial,Animalia,Nematoda,Chromadorea,Rhabditida,Ascarididae,Toxocara
Baylisascaris procyonis,Germany,51.165691,10.451526,2,terrestrial,Animalia,Nematoda,Chromadorea,Rhabditida,Ascarididae,Baylisascaris
Ascaridia galli,Victoria,-37.01,144.75,1,terrestrial,Animalia,Nematoda,Chromadorea,Rhabditida,Ascaridiidae,Ascaridia
Ascaridia columbae,Victoria,-37.01,144.75,1,terrestrial,Animalia,Nematoda,Chromadorea,Rhabditida,Ascaridiidae,Ascaridia
Heterakis gallinarum,Victoria,-37.01,144.75,2,terrestrial,Animalia,Nematoda,Chromadorea,Rhabditida,Heterakidae,Heterakis
Rhabdochona denudata,European USSR (CIS),54.5259614,15.2551187,2,freshwater,Animalia,Nematoda,Chromadorea,Rhabditida,Rhabdochonidae,Rhabdochona
Philometra ovata,European USSR (CIS),54.5259614,15.2551187,2,freshwater,Animalia,Nematoda,Chromadorea,Rhabditida,Philometridae,Philometra
Trichostrongylus retortaeformis,European USSR (CIS),54.5259614,15.2551187,1,terrestrial,Animalia,Nematoda,Chromadorea,Rhabditida,Trichostrongylidae,Trichostrongylus
Syphacia obvelata,European USSR (CIS),54.5259614,15.2551187,1,terrestrial,Animalia,Nematoda,Chromadorea,Rhabditida,Oxyuridae,Syphacia
Anisakis physeteris,Western Iberian coast,40.4830106,-4.087557299999999,4,marine,Animalia,Nematoda,Chromadorea,Rhabditida,Anisakidae,Skrjabinisakis
Dispharynx nasuta,Pennsylvania,41.2033216,-77.1945247,2,terrestrial,Animalia,Nematoda,Chromadorea,Rhabditida,Acuariidae,Dispharynx
Crenosoma vulpis,European USSR (CIS),54.5259614,15.2551187,2,terrestrial,Animalia,Nematoda,Chromadorea,Rhabditida,Metastrongylidae,Crenosoma
Uncinaria stenocephala,European USSR (CIS),54.5259614,15.2551187,1,terrestrial,Animalia,Nematoda,Chromadorea,Rhabditida,Ancylostomatidae,Uncinaria
Toxascaris leonina,European USSR (CIS),54.5259614,15.2551187,2,terrestrial,Animalia,Nematoda,Chromadorea,Rhabditida,Ascarididae,Toxascaris
Toxocara canis,European USSR (CIS),54.5259614,15.2551187,2,terrestrial,Animalia,Nematoda,Chromadorea,Rhabditida,Ascarididae,Toxocara
Crenosoma petrowi,European USSR (CIS),54.5259614,15.2551187,3,terrestrial,Animalia,Nematoda,Chromadorea,Rhabditida,Metastrongylidae,Crenosoma
Filaroides martis,European USSR (CIS),54.5259614,15.2551187,3,terrestrial,Animalia,Nematoda,Chromadorea,Rhabditida,Filaroididae,Filaroides
Skrjabingylus nasicola,European USSR (CIS),54.5259614,15.2551187,3,terrestrial,Animalia,Nematoda,Chromadorea,Rhabditida,Metastrongylidae,Skrjabingylus
Passalurus ambiguus,France,46.227638,2.213749,1,terrestrial,Animalia,Nematoda,Chromadorea,Rhabditida,Oxyuridae,Passalurus
Hammerschmidtiella diesingi,France,46.227638,2.213749,1,terrestrial,Animalia,Nematoda,Chromadorea,Rhabditida,Thelastomatidae,Hammerschmidtiella
Thelastoma bulhoesi,France,46.227638,2.213749,1,terrestrial,Animalia,Nematoda,Chromadorea,Rhabditida,Thelastomatidae,Thelastoma
Gongylonema soricis,Spain + Andalusia,37.5442706,-4.7277528,2,terrestrial,Animalia,Nematoda,Chromadorea,Rhabditida,Gongylonematidae,Gongylonema
Pseudalius inflexus,Western coast of British Isles,56.41323389999999,-5.472362899999999,2,marine,Animalia,Nematoda,Chromadorea,Rhabditida,Pseudaliidae,Pseudalius
Dictyocaulus viviparus,Spain + Andalusia,37.5442706,-4.7277528,1,terrestrial,Animalia,Nematoda,Chromadorea,Rhabditida,Metastrongylidae,Dictyocaulus
Anisakis simplex,Tyrrhenian Sea,40.0769862,11.3431058,4,marine,Animalia,Nematoda,Chromadorea,Rhabditida,Anisakidae,Anisakis
Haemonchus contortus,Germany,51.165691,10.451526,1,terrestrial,Animalia,Nematoda,Chromadorea,Rhabditida,Trichostrongylidae,Haemonchus
Haemonchus contortus,Arkansas,35.20105,-91.8318334,1,terrestrial,Animalia,Nematoda,Chromadorea,Rhabditida,Trichostrongylidae,Haemonchus
Trichostrongylus axei,Australia,-25.274398,133.775136,1,terrestrial,Animalia,Nematoda,Chromadorea,Rhabditida,Trichostrongylidae,Trichostrongylus
Trichostrongylus vitrinus,Australia,-25.274398,133.775136,1,terrestrial,Animalia,Nematoda,Chromadorea,Rhabditida,Trichostrongylidae,Trichostrongylus
Cooperia oncophora,Australia,-25.274398,133.775136,1,terrestrial,Animalia,Nematoda,Chromadorea,Rhabditida,Trichostrongylidae,Cooperia
Cooperia punctata,Australia,-25.274398,133.775136,1,terrestrial,Animalia,Nematoda,Chromadorea,Rhabditida,Trichostrongylidae,Cooperia
Nematodirus filicollis,Australia,-25.274398,133.775136,1,terrestrial,Animalia,Nematoda,Chromadorea,Rhabditida,Molineidae,Nematodirus
Nematodirus spathiger,Australia,-25.274398,133.775136,1,terrestrial,Animalia,Nematoda,Chromadorea,Rhabditida,Molineidae,Nematodirus
Chabertia ovina,Germany,51.165691,10.451526,1,terrestrial,Animalia,Nematoda,Chromadorea,Rhabditida,Strongylidae,Chabertia
Chabertia ovina,Australia,-25.274398,133.775136,1,terrestrial,Animalia,Nematoda,Chromadorea,Rhabditida,Strongylidae,Chabertia
Oesophagostomum radiatum,Australia,-25.274398,133.775136,1,terrestrial,Animalia,Nematoda,Chromadorea,Rhabditida,Strongylidae,Oesophagostomum
Oesophagostomum columbianum,Australia,-25.274398,133.775136,1,terrestrial,Animalia,Nematoda,Chromadorea,Rhabditida,Strongylidae,Oesophagostomum
Paracamallanus cyathopharynx,Zaire,-6.2649292,14.2343282,2,freshwater,Animalia,Nematoda,Chromadorea,Rhabditida,Camallanidae,Paracamallanus
Paracamallanus cyathopharynx,Sudan,12.862807,30.217636,2,freshwater,Animalia,Nematoda,Chromadorea,Rhabditida,Camallanidae,Paracamallanus
Paracamallanus cyathopharynx,Senegal,14.497401,-14.452362,2,freshwater,Animalia,Nematoda,Chromadorea,Rhabditida,Camallanidae,Paracamallanus
Serpinema trispinosum,Mexico,23.634501,-102.552784,3,freshwater,Animalia,Nematoda,Chromadorea,Rhabditida,Camallanidae,Serpinema
Procamallanus laeviconchus,Sudan,12.862807,30.217636,3,freshwater,Animalia,Nematoda,Chromadorea,Rhabditida,Camallanidae,Procamallanus
Procamallanus laeviconchus,Zaire,-6.2649292,14.2343282,3,freshwater,Animalia,Nematoda,Chromadorea,Rhabditida,Camallanidae,Procamallanus
Procamallanus laeviconchus,Senegal,14.497401,-14.452362,3,freshwater,Animalia,Nematoda,Chromadorea,Rhabditida,Camallanidae,Procamallanus
Procamallanus laeviconchus,Ghana,7.946527,-1.023194,3,freshwater,Animalia,Nematoda,Chromadorea,Rhabditida,Camallanidae,Procamallanus
Procamallanus laeviconchus,Uganda,1.373333,32.290275,3,freshwater,Animalia,Nematoda,Chromadorea,Rhabditida,Camallanidae,Procamallanus
Cystidicola farionis,European USSR (CIS),54.5259614,15.2551187,3,freshwater,Animalia,Nematoda,Chromadorea,Rhabditida,Cystidicolidae,Cystidicola
Philonema sibirica,European USSR (CIS),54.5259614,15.2551187,2,freshwater,Animalia,Nematoda,Chromadorea,Rhabditida,Philonematidae,Philonema
Trichostrongylus vitrinus,Morocco,31.791702,-7.092619999999999,1,terrestrial,Animalia,Nematoda,Chromadorea,Rhabditida,Trichostrongylidae,Trichostrongylus
Teladorsagia circumcincta,Morocco,31.791702,-7.092619999999999,1,terrestrial,Animalia,Nematoda,Chromadorea,Rhabditida,Trichostrongylidae,Ostertagia
Ostertagia ostertagi,Morocco,31.791702,-7.092619999999999,1,terrestrial,Animalia,Nematoda,Chromadorea,Rhabditida,Trichostrongylidae,Ostertagia
Ascaris suum,Northern Europe,62.27864750000001,12.3401709,1,terrestrial,Animalia,Nematoda,Chromadorea,Rhabditida,Ascarididae,Ascaris
Trichuris suis,Northern Europe,62.27864750000001,12.3401709,1,terrestrial,Animalia,Nematoda,Enoplea,Trichinellida,Trichuridae,Trichuris
Umingmakstrongylus pallikuukensis,Canada,56.130366,-106.346771,2,terrestrial,Animalia,Nematoda,Chromadorea,Rhabditida,Metastrongylidae,Umingmakstrongylus
Heligmosomoides polygyrus,Scotland,56.49067119999999,-4.2026458,1,terrestrial,Animalia,Nematoda,Chromadorea,Rhabditida,Heligmosomidae,Heligmosomoides
Enterobius vermicularis,Java,-7.29,109.9,1,terrestrial,Animalia,Nematoda,Chromadorea,Rhabditida,Oxyuridae,Enterobius
Ascaris lumbricoides,Java,-7.29,109.9,1,terrestrial,Animalia,Nematoda,Chromadorea,Rhabditida,Ascarididae,Ascaris
Trichuris trichiura,Java,-7.29,109.9,1,terrestrial,Animalia,Nematoda,Enoplea,Trichinellida,Trichuridae,Trichuris
Eustrongylides tubifex,Japan,36.204824,138.252924,3,freshwater,Animalia,Nematoda,Enoplea,Dioctophymatida,Dioctophymatidae,Eustrongylides
Oesophagostomum venulosum,Germany,51.165691,10.451526,1,terrestrial,Animalia,Nematoda,Chromadorea,Rhabditida,Strongylidae,Oesophagostomum
Oesophagostomum dentatum,Yugoslavia,37.09024,-95.712891,1,terrestrial,Animalia,Nematoda,Chromadorea,Rhabditida,Strongylidae,Oesophagostomum
Elaphostrongylus rangiferi,Nearctic,53.569001,-113.571487,2,terrestrial,Animalia,Nematoda,Chromadorea,Rhabditida,Metastrongylidae,Elaphostrongylus
Parelaphostrongylus odocoilei,Nearctic,53.569001,-113.571487,2,terrestrial,Animalia,Nematoda,Chromadorea,Rhabditida,Metastrongylidae,Parelaphostrongylus
Dictyocaulus viviparus,Nearctic,53.569001,-113.571487,1,terrestrial,Animalia,Nematoda,Chromadorea,Rhabditida,Metastrongylidae,Dictyocaulus
Trichuris discolor,Nearctic,53.569001,-113.571487,1,terrestrial,Animalia,Nematoda,Enoplea,Trichinellida,Trichuridae,Trichuris
Strongylus vulgaris,Eire + N. Ireland,54.7877149,-6.4923145,1,terrestrial,Animalia,Nematoda,Chromadorea,Rhabditida,Strongylidae,Strongylus
Ascaridia galli,Ethiopia (incl. Dhibouti),11.59516,43.146473,1,terrestrial,Animalia,Nematoda,Chromadorea,Rhabditida,Ascaridiidae,Ascaridia
Heterakis gallinarum,Ethiopia (incl. Dhibouti),11.59516,43.146473,2,terrestrial,Animalia,Nematoda,Chromadorea,Rhabditida,Heterakidae,Heterakis
Toxocara canis,North Carolina,35.7595731,-79.01929969999999,2,terrestrial,Animalia,Nematoda,Chromadorea,Rhabditida,Ascarididae,Toxocara
Oslerus osleri,Norway,60.47202399999999,8.468945999999999,1,terrestrial,Animalia,Nematoda,Chromadorea,Rhabditida,Filaroididae,Filaroides
Toxocara cati,Malaya,3.17,101.7,2,terrestrial,Animalia,Nematoda,Chromadorea,Rhabditida,Ascarididae,Toxocara
Oesophagostomum columbianum,Bangladesh,23.684994,90.356331,1,terrestrial,Animalia,Nematoda,Chromadorea,Rhabditida,Strongylidae,Oesophagostomum
Cucullanus heterochrous,North Sea,56.511018,3.515625,2,marine,Animalia,Nematoda,Chromadorea,Rhabditida,Cucullanidae,Cucullanus
Chabertia ovina,Mauritania,21.00789,-10.940835,1,terrestrial,Animalia,Nematoda,Chromadorea,Rhabditida,Strongylidae,Chabertia
Chabertia ovina,Morocco,31.791702,-7.092619999999999,1,terrestrial,Animalia,Nematoda,Chromadorea,Rhabditida,Strongylidae,Chabertia
Oesophagostomum venulosum,Morocco,31.791702,-7.092619999999999,1,terrestrial,Animalia,Nematoda,Chromadorea,Rhabditida,Strongylidae,Oesophagostomum
Haemonchus contortus,Morocco,31.791702,-7.092619999999999,1,terrestrial,Animalia,Nematoda,Chromadorea,Rhabditida,Trichostrongylidae,Haemonchus
Trichostrongylus colubriformis,Morocco,31.791702,-7.092619999999999,1,terrestrial,Animalia,Nematoda,Chromadorea,Rhabditida,Trichostrongylidae,Trichostrongylus
Trichuris suis,Spain + Andalusia,37.5442706,-4.7277528,1,terrestrial,Animalia,Nematoda,Enoplea,Trichinellida,Trichuridae,Trichuris
Trichostrongylus axei,New South Wales,-31.2532183,146.921099,1,terrestrial,Animalia,Nematoda,Chromadorea,Rhabditida,Trichostrongylidae,Trichostrongylus
Anisakis ziphidarum,Tyrrhenian Sea,40.0769862,11.3431058,4,marine,Animalia,Nematoda,Chromadorea,Rhabditida,Anisakidae,Anisakis
Angiostrongylus cantonensis,Cuba,21.521757,-77.781167,3,terrestrial,Animalia,Nematoda,Chromadorea,Rhabditida,Metastrongylidae,Angiostrongylus
Gyrinicola batrachiensis,Canada,56.130366,-106.346771,1,freshwater,Animalia,Nematoda,Chromadorea,Rhabditida,Pharyngodonidae,Gyrinicola
Toxocara canis,Wisconsin,43.7844397,-88.7878678,2,terrestrial,Animalia,Nematoda,Chromadorea,Rhabditida,Ascarididae,Toxocara
Toxascaris leonina,Wisconsin,43.7844397,-88.7878678,2,terrestrial,Animalia,Nematoda,Chromadorea,Rhabditida,Ascarididae,Toxascaris
Trichuris vulpis,Wisconsin,43.7844397,-88.7878678,1,terrestrial,Animalia,Nematoda,Enoplea,Trichinellida,Trichuridae,Trichuris
Toxocara vitulorum,Thailand,15.870032,100.992541,1,terrestrial,Animalia,Nematoda,Chromadorea,Rhabditida,Ascarididae,Toxocara
Mastophorus muris,"Ukraine, incl. Moldavia",48.379433,31.1655799,2,terrestrial,Animalia,Nematoda,Chromadorea,Rhabditida,Spirocercidae,Mastophorus
Rictularia proni,"Ukraine, incl. Moldavia",48.379433,31.1655799,2,terrestrial,Animalia,Nematoda,Chromadorea,Rhabditida,Rictulariidae,Rictularia
Syphacia obvelata,"Ukraine, incl. Moldavia",48.379433,31.1655799,1,terrestrial,Animalia,Nematoda,Chromadorea,Rhabditida,Oxyuridae,Syphacia
Acuaria hamulosa,Mexico,23.634501,-102.552784,2,terrestrial,Animalia,Nematoda,Chromadorea,Rhabditida,Acuariidae,Acuaria
Syncuaria squamata,Mexico,23.634501,-102.552784,3,freshwater,Animalia,Nematoda,Chromadorea,Rhabditida,Acuariidae,Syncuaria
Angiostrongylus vasorum,Mexico,23.634501,-102.552784,3,terrestrial,Animalia,Nematoda,Chromadorea,Rhabditida,Metastrongylidae,Angiostrongylus
Contracaecum microcephalum,Mexico,23.634501,-102.552784,3,freshwater,Animalia,Nematoda,Chromadorea,Rhabditida,Anisakidae,Contracaecum
Contracaecum rudolphii,Mexico,23.634501,-102.552784,3,freshwater,Animalia,Nematoda,Chromadorea,Rhabditida,Anisakidae,Contracaecum
Toxascaris leonina,Mexico,23.634501,-102.552784,2,terrestrial,Animalia,Nematoda,Chromadorea,Rhabditida,Ascarididae,Toxascaris
Ascaridia galli,Mexico,23.634501,-102.552784,1,terrestrial,Animalia,Nematoda,Chromadorea,Rhabditida,Ascaridiidae,Ascaridia
Crenosoma mephitidis,California,36.778261,-119.4179324,3,terrestrial,Animalia,Nematoda,Chromadorea,Rhabditida,Metastrongylidae,Crenosoma
Oesophagostomum dentatum,Mexico,23.634501,-102.552784,1,terrestrial,Animalia,Nematoda,Chromadorea,Rhabditida,Strongylidae,Oesophagostomum
Diplotriaena tricuspis,Mexico,23.634501,-102.552784,2,terrestrial,Animalia,Nematoda,Chromadorea,Rhabditida,Diplotriaenidae,Diplotriaena
Echinocephalus pseudouncinatus,Gulf of Mexico,25.304304,-90.065918,2,marine,Animalia,Nematoda,Chromadorea,Rhabditida,Gnathostomatidae,Echinocephalus
Gongylonema neoplasticum,Mexico,23.634501,-102.552784,2,terrestrial,Animalia,Nematoda,Chromadorea,Rhabditida,Gongylonematidae,Gongylonema
Heterakis gallinarum,Mexico,23.634501,-102.552784,2,terrestrial,Animalia,Nematoda,Chromadorea,Rhabditida,Heterakidae,Heterakis
Heterakis spumosa,Mexico,23.634501,-102.552784,2,terrestrial,Animalia,Nematoda,Chromadorea,Rhabditida,Heterakidae,Heterakis
Ascaris lumbricoides,Equatorial Guinea,1.650801,10.267895,1,terrestrial,Animalia,Nematoda,Chromadorea,Rhabditida,Ascarididae,Ascaris
Trichuris trichiura,Equatorial Guinea,1.650801,10.267895,1,terrestrial,Animalia,Nematoda,Enoplea,Trichinellida,Trichuridae,Trichuris
Paraquimperia tenerrima,Norway,60.47202399999999,8.468945999999999,2,freshwater,Animalia,Nematoda,Chromadorea,Rhabditida,Quimperiidae,Paraquimperia
Oesophagostomum quadrispinulatum,Estonia + Latvia,56.95962400000001,24.1016552,1,terrestrial,Animalia,Nematoda,Chromadorea,Rhabditida,Strongylidae,Oesophagostomum
Trichuris trichiura,Nepal,28.394857,84.12400799999999,1,terrestrial,Animalia,Nematoda,Enoplea,Trichinellida,Trichuridae,Trichuris
Ascaris lumbricoides,Nepal,28.394857,84.12400799999999,1,terrestrial,Animalia,Nematoda,Chromadorea,Rhabditida,Ascarididae,Ascaris
Anisakis simplex,Caribbean Sea,14.5401107,-74.9676365,4,marine,Animalia,Nematoda,Chromadorea,Rhabditida,Anisakidae,Anisakis
Syphacia obvelata,Egypt,26.820553,30.802498,1,terrestrial,Animalia,Nematoda,Chromadorea,Rhabditida,Oxyuridae,Syphacia
Rhabdochona cascadilla,Quebec,52.9399159,-73.5491361,2,freshwater,Animalia,Nematoda,Chromadorea,Rhabditida,Rhabdochonidae,Rhabdochona
Pseudocapillaria tomentosa,Quebec,52.9399159,-73.5491361,2,freshwater,Animalia,Nematoda,Enoplea,Trichinellida,Capillariidae,Pseudocapillaria
Spirocamallanus hilarii,Argentina,-38.416097,-63.61667199999999,3,freshwater,Animalia,Nematoda,Chromadorea,Rhabditida,Camallanidae,Procamallanus
Angiostrongylus cantonensis,Haiti,18.971187,-72.285215,3,terrestrial,Animalia,Nematoda,Chromadorea,Rhabditida,Metastrongylidae,Angiostrongylus
Angiostrongylus costaricensis,Haiti,18.971187,-72.285215,2,terrestrial,Animalia,Nematoda,Chromadorea,Rhabditida,Metastrongylidae,Angiostrongylus
Ascaris lumbricoides,Argentina,-38.416097,-63.61667199999999,1,terrestrial,Animalia,Nematoda,Chromadorea,Rhabditida,Ascarididae,Ascaris
Trichuris trichiura,Argentina,-38.416097,-63.61667199999999,1,terrestrial,Animalia,Nematoda,Enoplea,Trichinellida,Trichuridae,Trichuris
Aonchotheca caudinflata,Italy,41.87194,12.56738,2,terrestrial,Animalia,Nematoda,Enoplea,Trichinellida,Capillariidae,Aonchotheca
Oesophagostomum radiatum,New South Wales,-31.2532183,146.921099,1,terrestrial,Animalia,Nematoda,Chromadorea,Rhabditida,Strongylidae,Oesophagostomum
Oesophagostomum radiatum,Victoria,-37.01,144.75,1,terrestrial,Animalia,Nematoda,Chromadorea,Rhabditida,Strongylidae,Oesophagostomum
Oesophagostomum columbianum,New South Wales,-31.2532183,146.921099,1,terrestrial,Animalia,Nematoda,Chromadorea,Rhabditida,Strongylidae,Oesophagostomum
Rhabdochona denudata,Iran,32.427908,53.688046,2,freshwater,Animalia,Nematoda,Chromadorea,Rhabditida,Rhabdochonidae,Rhabdochona
Ascaris lumbricoides,Denmark,56.26392,9.501785,1,terrestrial,Animalia,Nematoda,Chromadorea,Rhabditida,Ascarididae,Ascaris
Anisakis physeteris,Caribbean Sea,14.5401107,-74.9676365,4,marine,Animalia,Nematoda,Chromadorea,Rhabditida,Anisakidae,Skrjabinisakis
Anisakis typica,Caribbean Sea,14.5401107,-74.9676365,4,marine,Animalia,Nematoda,Chromadorea,Rhabditida,Anisakidae,Anisakis
Rhabdochona coronacauda,Japan,36.204824,138.252924,2,freshwater,Animalia,Nematoda,Chromadorea,Rhabditida,Rhabdochonidae,Rhabdochona
Ascaris suum,Australia,-25.274398,133.775136,1,terrestrial,Animalia,Nematoda,Chromadorea,Rhabditida,Ascarididae,Ascaris
Teladorsagia circumcincta,Cyprus,35.126413,33.429859,1,terrestrial,Animalia,Nematoda,Chromadorea,Rhabditida,Trichostrongylidae,Ostertagia
Trichostrongylus vitrinus,Cyprus,35.126413,33.429859,1,terrestrial,Animalia,Nematoda,Chromadorea,Rhabditida,Trichostrongylidae,Trichostrongylus
Trichostrongylus axei,Cyprus,35.126413,33.429859,1,terrestrial,Animalia,Nematoda,Chromadorea,Rhabditida,Trichostrongylidae,Trichostrongylus
Ostertagia ostertagi,Cyprus,35.126413,33.429859,1,terrestrial,Animalia,Nematoda,Chromadorea,Rhabditida,Trichostrongylidae,Ostertagia
Trichuris ovis,Cyprus,35.126413,33.429859,1,terrestrial,Animalia,Nematoda,Enoplea,Trichinellida,Trichinellidae,Trichocephalus
Trichuris discolor,Cyprus,35.126413,33.429859,1,terrestrial,Animalia,Nematoda,Enoplea,Trichinellida,Trichuridae,Trichuris
Muellerius capillaris,Cyprus,35.126413,33.429859,2,terrestrial,Animalia,Nematoda,Chromadorea,Rhabditida,Metastrongylidae,Muellerius
Cystidicoloides tenuissima,Eire + N. Ireland,54.7877149,-6.4923145,3,freshwater,Animalia,Nematoda,Chromadorea,Rhabditida,Cystidicolidae,Salmonema
Angiostrongylus costaricensis,Ecuador,-1.831239,-78.18340599999999,2,terrestrial,Animalia,Nematoda,Chromadorea,Rhabditida,Metastrongylidae,Angiostrongylus
Pseudocapillaria tomentosa,Italy,41.87194,12.56738,2,freshwater,Animalia,Nematoda,Enoplea,Trichinellida,Capillariidae,Pseudocapillaria
Paraquimperia tenerrima,Eire + N. Ireland,54.7877149,-6.4923145,2,freshwater,Animalia,Nematoda,Chromadorea,Rhabditida,Quimperiidae,Paraquimperia
Cystidicola farionis,Mongolia,46.862496,103.846656,3,freshwater,Animalia,Nematoda,Chromadorea,Rhabditida,Cystidicolidae,Cystidicola
Spirura talpae,Egypt,26.820553,30.802498,2,terrestrial,Animalia,Nematoda,Chromadorea,Rhabditida,Spiruridae,Spirura
Aplectana macintoshii,Egypt,26.820553,30.802498,1,terrestrial,Animalia,Nematoda,Chromadorea,Rhabditida,Cosmocercidae,Oxysomatium
Toxocara cati,New Hampshire/Vermont/Massachusetts/Connecticut/Rhode Is.,43.2509279,-71.9273024,2,terrestrial,Animalia,Nematoda,Chromadorea,Rhabditida,Ascarididae,Toxocara
Toxocara cati,Kansas,39.011902,-98.4842465,2,terrestrial,Animalia,Nematoda,Chromadorea,Rhabditida,Ascarididae,Toxocara
Angiostrongylus cantonensis,Puerto Rico,18.220833,-66.590149,3,terrestrial,Animalia,Nematoda,Chromadorea,Rhabditida,Metastrongylidae,Angiostrongylus
Trichostrongylus axei,Transvaal,-23.59,29.13,1,terrestrial,Animalia,Nematoda,Chromadorea,Rhabditida,Trichostrongylidae,Trichostrongylus
Parafilaroides gymnurus,Atlantic Ocean,-14.5994134,-28.6731465,2,marine,Animalia,Nematoda,Chromadorea,Rhabditida,Filaroididae,Parafilaroides
Otostrongylus circumlitus,Sea of Japan,38.848848,135,2,marine,Animalia,Nematoda,Chromadorea,Rhabditida,Crenosomatidae,Otostrongylus
Otostrongylus circumlitus,Atlantic Ocean,-14.5994134,-28.6731465,2,marine,Animalia,Nematoda,Chromadorea,Rhabditida,Crenosomatidae,Otostrongylus
Protostrongylus rufescens,Yugoslavia,37.09024,-95.712891,2,terrestrial,Animalia,Nematoda,Chromadorea,Rhabditida,Metastrongylidae,Protostrongylus
Gongylonema pulchrum,Yugoslavia,37.09024,-95.712891,2,terrestrial,Animalia,Nematoda,Chromadorea,Rhabditida,Gongylonematidae,Gongylonema
Trichostrongylus axei,Armenia,40.069099,45.038189,1,terrestrial,Animalia,Nematoda,Chromadorea,Rhabditida,Trichostrongylidae,Trichostrongylus
Teladorsagia circumcincta,Armenia,40.069099,45.038189,1,terrestrial,Animalia,Nematoda,Chromadorea,Rhabditida,Trichostrongylidae,Ostertagia
Skrjabinema ovis,Armenia,40.069099,45.038189,1,terrestrial,Animalia,Nematoda,Chromadorea,Rhabditida,Oxyuridae,Skrjabinema
Graphidium strigosum,France,46.227638,2.213749,1,terrestrial,Animalia,Nematoda,Chromadorea,Rhabditida,Trichostrongylidae,Graphidium
Trichostrongylus retortaeformis,France,46.227638,2.213749,1,terrestrial,Animalia,Nematoda,Chromadorea,Rhabditida,Trichostrongylidae,Trichostrongylus
Trichostrongylus tenuis,Iceland,64.963051,-19.020835,1,terrestrial,Animalia,Nematoda,Chromadorea,Rhabditida,Trichostrongylidae,Trichostrongylus
Rhabdochona oncorhynchi,Norway,60.47202399999999,8.468945999999999,2,freshwater,Animalia,Nematoda,Chromadorea,Rhabditida,Rhabdochonidae,Rhabdochona
Eustrongylides tubifex,Florida,27.6648274,-81.5157535,3,freshwater,Animalia,Nematoda,Enoplea,Dioctophymatida,Dioctophymatidae,Eustrongylides
Avioserpens galliardi,Florida,27.6648274,-81.5157535,3,freshwater,Animalia,Nematoda,Chromadorea,Rhabditida,Dracunculidae,Avioserpens
Contracaecum microcephalum,Florida,27.6648274,-81.5157535,3,freshwater,Animalia,Nematoda,Chromadorea,Rhabditida,Anisakidae,Contracaecum
Parelaphostrongylus tenuis,Nebraska,41.4925374,-99.9018131,2,terrestrial,Animalia,Nematoda,Chromadorea,Rhabditida,Metastrongylidae,Parelaphostrongylus
Skrjabinoclava morrisoni,Canada,56.130366,-106.346771,2,marine,Animalia,Nematoda,Chromadorea,Rhabditida,Acuariidae,Skrjabinoclava
Protostrongylus tauricus,Spain + Andalusia,37.5442706,-4.7277528,2,terrestrial,Animalia,Nematoda,Chromadorea,Rhabditida,Metastrongylidae,Protostrongylus
Haemonchus placei,Kenya,-0.023559,37.906193,1,terrestrial,Animalia,Nematoda,Chromadorea,Rhabditida,Trichostrongylidae,Haemonchus
Cooperia pectinata,Kenya,-0.023559,37.906193,1,terrestrial,Animalia,Nematoda,Chromadorea,Rhabditida,Trichostrongylidae,Cooperia
Cooperia punctata,Kenya,-0.023559,37.906193,1,terrestrial,Animalia,Nematoda,Chromadorea,Rhabditida,Trichostrongylidae,Cooperia
Oesophagostomum radiatum,Kenya,-0.023559,37.906193,1,terrestrial,Animalia,Nematoda,Chromadorea,Rhabditida,Strongylidae,Oesophagostomum
Trichostrongylus axei,Kenya,-0.023559,37.906193,1,terrestrial,Animalia,Nematoda,Chromadorea,Rhabditida,Trichostrongylidae,Trichostrongylus
Nematodirus helvetianus,Kenya,-0.023559,37.906193,1,terrestrial,Animalia,Nematoda,Chromadorea,Rhabditida,Molineidae,Nematodirus
Acuaria gruveli,Spain + Andalusia,37.5442706,-4.7277528,2,terrestrial,Animalia,Nematoda,Chromadorea,Rhabditida,Acuariidae,Acuaria
Amidostomum fulicae,Spain + Andalusia,37.5442706,-4.7277528,1,freshwater,Animalia,Nematoda,Chromadorea,Rhabditida,Amidostomidae,Amidostomum
Anguillicola crassus,Spain + Andalusia,37.5442706,-4.7277528,3,freshwater,Animalia,Nematoda,Chromadorea,Rhabditida,Anguillicolidae,Anguillicola
Ascaris lumbricoides,Spain + Andalusia,37.5442706,-4.7277528,1,terrestrial,Animalia,Nematoda,Chromadorea,Rhabditida,Ascarididae,Ascaris
Ascaris lumbricoides,Gibraltar,36.140751,-5.353585,1,terrestrial,Animalia,Nematoda,Chromadorea,Rhabditida,Ascarididae,Ascaris
Ascarops strongylina,Spain + Andalusia,37.5442706,-4.7277528,3,terrestrial,Animalia,Nematoda,Chromadorea,Rhabditida,Spirocercidae,Ascarops
Eustrongylides ignotus,Neotropical,28.9337826,-95.30845339999999,3,freshwater,Animalia,Nematoda,Enoplea,Dioctophymatida,Dioctophymatidae,Eustrongylides
Eustrongylides tubifex,Neotropical,28.9337826,-95.30845339999999,3,freshwater,Animalia,Nematoda,Enoplea,Dioctophymatida,Dioctophymatidae,Eustrongylides
Trichuris trichiura,Mali,17.570692,-3.996166,1,terrestrial,Animalia,Nematoda,Enoplea,Trichinellida,Trichuridae,Trichuris
Avioserpens mosgovoyi,Spain + Andalusia,37.5442706,-4.7277528,3,freshwater,Animalia,Nematoda,Chromadorea,Rhabditida,Dracunculidae,Avioserpens
Cooperia curticei,Spain + Andalusia,37.5442706,-4.7277528,1,terrestrial,Animalia,Nematoda,Chromadorea,Rhabditida,Trichostrongylidae,Cooperia
Cooperia punctata,Spain + Andalusia,37.5442706,-4.7277528,1,terrestrial,Animalia,Nematoda,Chromadorea,Rhabditida,Trichostrongylidae,Cooperia
Oesophagostomum radiatum,Argentina,-38.416097,-63.61667199999999,1,terrestrial,Animalia,Nematoda,Chromadorea,Rhabditida,Strongylidae,Oesophagostomum
Crenosoma striatum,Spain + Andalusia,37.5442706,-4.7277528,2,terrestrial,Animalia,Nematoda,Chromadorea,Rhabditida,Metastrongylidae,Crenosoma
Cucullanus heterochrous,Western Iberian coast,40.4830106,-4.087557299999999,2,marine,Animalia,Nematoda,Chromadorea,Rhabditida,Cucullanidae,Cucullanus
Cyathostomum catinatum,Spain + Andalusia,37.5442706,-4.7277528,1,terrestrial,Animalia,Nematoda,Chromadorea,Rhabditida,Strongylidae,Cyathostomum
Cystidicoloides tenuissima,Spain + Andalusia,37.5442706,-4.7277528,3,freshwater,Animalia,Nematoda,Chromadorea,Rhabditida,Cystidicolidae,Salmonema
Dictyocaulus arnfieldi,Spain + Andalusia,37.5442706,-4.7277528,1,terrestrial,Animalia,Nematoda,Chromadorea,Rhabditida,Metastrongylidae,Dictyocaulus
Trichuris ovis,South Australia,-30.0002315,136.2091547,1,terrestrial,Animalia,Nematoda,Enoplea,Trichinellida,Trichinellidae,Trichocephalus
Echinuria uncinata,Spain + Andalusia,37.5442706,-4.7277528,2,freshwater,Animalia,Nematoda,Chromadorea,Rhabditida,Acuariidae,Echinuria
Epomidiostomum uncinatum,Spain + Andalusia,37.5442706,-4.7277528,1,freshwater,Animalia,Nematoda,Chromadorea,Rhabditida,Trichostrongylidae,Epomidiostomum
Anisakis typica,Western Mediterranean,34.5531284,18.0480105,4,marine,Animalia,Nematoda,Chromadorea,Rhabditida,Anisakidae,Anisakis
Gongylonema neoplasticum,Spain + Andalusia,37.5442706,-4.7277528,2,terrestrial,Animalia,Nematoda,Chromadorea,Rhabditida,Gongylonematidae,Gongylonema
Gongylonema neoplasticum,Balearic Islands,39.3587759,2.7356328,2,terrestrial,Animalia,Nematoda,Chromadorea,Rhabditida,Gongylonematidae,Gongylonema
Gongylonema pulchrum,Spain + Andalusia,37.5442706,-4.7277528,2,terrestrial,Animalia,Nematoda,Chromadorea,Rhabditida,Gongylonematidae,Gongylonema
Hadjelia truncata,Spain + Andalusia,37.5442706,-4.7277528,2,terrestrial,Animalia,Nematoda,Chromadorea,Rhabditida,Habronematidae,Hadjelia
Haemonchus placei,Spain + Andalusia,37.5442706,-4.7277528,1,terrestrial,Animalia,Nematoda,Chromadorea,Rhabditida,Trichostrongylidae,Haemonchus
Hammerschmidtiella diesingi,Spain + Andalusia,37.5442706,-4.7277528,1,terrestrial,Animalia,Nematoda,Chromadorea,Rhabditida,Thelastomatidae,Hammerschmidtiella
Heterakis gallinarum,Spain + Andalusia,37.5442706,-4.7277528,2,terrestrial,Animalia,Nematoda,Chromadorea,Rhabditida,Heterakidae,Heterakis
Hyostrongylus rubidus,Spain + Andalusia,37.5442706,-4.7277528,1,terrestrial,Animalia,Nematoda,Chromadorea,Rhabditida,Trichostrongylidae,Hyostrongylus
Leidynema appendiculata,Spain + Andalusia,37.5442706,-4.7277528,1,terrestrial,Animalia,Nematoda,Chromadorea,Rhabditida,Thelastomatidae,Leidynema
Metastrongylus salmi,Spain + Andalusia,37.5442706,-4.7277528,2,terrestrial,Animalia,Nematoda,Chromadorea,Rhabditida,Metastrongylidae,Metastrongylus
Teladorsagia circumcincta,Spitzbergen (Svalbard),78.90136,13.4838877,1,terrestrial,Animalia,Nematoda,Chromadorea,Rhabditida,Trichostrongylidae,Ostertagia
Oesophagostomum columbianum,Spain + Andalusia,37.5442706,-4.7277528,1,terrestrial,Animalia,Nematoda,Chromadorea,Rhabditida,Strongylidae,Oesophagostomum
Oesophagostomum dentatum,Spain + Andalusia,37.5442706,-4.7277528,1,terrestrial,Animalia,Nematoda,Chromadorea,Rhabditida,Strongylidae,Oesophagostomum
Oesophagostomum radiatum,Spain + Andalusia,37.5442706,-4.7277528,1,terrestrial,Animalia,Nematoda,Chromadorea,Rhabditida,Strongylidae,Oesophagostomum
Ornithostrongylus quadriradiatus,Spain + Andalusia,37.5442706,-4.7277528,1,terrestrial,Animalia,Nematoda,Chromadorea,Rhabditida,Heligmosomidae,Ornithostrongylus
Dictyocaulus viviparus,Sweden,60.12816100000001,18.643501,1,terrestrial,Animalia,Nematoda,Chromadorea,Rhabditida,Metastrongylidae,Dictyocaulus
Oxyuris equi,Spain + Andalusia,37.5442706,-4.7277528,1,terrestrial,Animalia,Nematoda,Chromadorea,Rhabditida,Oxyuridae,Oxyuris
Paraquimperia tenerrima,Spain + Andalusia,37.5442706,-4.7277528,2,freshwater,Animalia,Nematoda,Chromadorea,Rhabditida,Quimperiidae,Paraquimperia
Parascaris equorum,Spain + Andalusia,37.5442706,-4.7277528,1,terrestrial,Animalia,Nematoda,Chromadorea,Rhabditida,Ascarididae,Parascaris
Passalurus ambiguus,Spain + Andalusia,37.5442706,-4.7277528,1,terrestrial,Animalia,Nematoda,Chromadorea,Rhabditida,Oxyuridae,Passalurus
Physocephalus sexalatus,Spain + Andalusia,37.5442706,-4.7277528,3,terrestrial,Animalia,Nematoda,Chromadorea,Rhabditida,Spirocercidae,Physocephalus
Porrocaecum ensicaudatum,Spain + Andalusia,37.5442706,-4.7277528,2,terrestrial,Animalia,Nematoda,Chromadorea,Rhabditida,Ascarididae,Porrocaecum
Proleptus obtusus,Western Iberian coast,40.4830106,-4.087557299999999,2,marine,Animalia,Nematoda,Chromadorea,Rhabditida,Physalopteridae,Proleptus
Proleptus obtusus,Western Mediterranean,34.5531284,18.0480105,2,marine,Animalia,Nematoda,Chromadorea,Rhabditida,Physalopteridae,Proleptus
Protospirura numidica,Spain + Andalusia,37.5442706,-4.7277528,2,terrestrial,Animalia,Nematoda,Chromadorea,Rhabditida,Spiruridae,Protospirura
Rhabdochona denudata,Spain + Andalusia,37.5442706,-4.7277528,2,freshwater,Animalia,Nematoda,Chromadorea,Rhabditida,Rhabdochonidae,Rhabdochona
Rhabdochona gnedini,Spain + Andalusia,37.5442706,-4.7277528,2,freshwater,Animalia,Nematoda,Chromadorea,Rhabditida,Rhabdochonidae,Rhabdochona
Seuratum cadarachense,Spain + Andalusia,37.5442706,-4.7277528,2,terrestrial,Animalia,Nematoda,Chromadorea,Rhabditida,Seuratidae,Seuratum
Sicarius dipterum,Spain + Andalusia,37.5442706,-4.7277528,2,terrestrial,Animalia,Nematoda,Chromadorea,Rhabditida,Habronematidae,Sicarius
Simondsia paradoxa,Spain + Andalusia,37.5442706,-4.7277528,3,terrestrial,Animalia,Nematoda,Chromadorea,Rhabditida,Spirocercidae,Simondsia
Spirura rytipleurites,Spain + Andalusia,37.5442706,-4.7277528,2,terrestrial,Animalia,Nematoda,Chromadorea,Rhabditida,Spiruridae,Spirura
Stephanurus dentatus,Spain + Andalusia,37.5442706,-4.7277528,2,terrestrial,Animalia,Nematoda,Chromadorea,Rhabditida,Strongylidae,Stephanurus
Strongylus edentatus,Spain + Andalusia,37.5442706,-4.7277528,1,terrestrial,Animalia,Nematoda,Chromadorea,Rhabditida,Strongylidae,Strongylus
Strongylus equinus,Spain + Andalusia,37.5442706,-4.7277528,1,terrestrial,Animalia,Nematoda,Chromadorea,Rhabditida,Strongylidae,Strongylus
Strongylus vulgaris,Spain + Andalusia,37.5442706,-4.7277528,1,terrestrial,Animalia,Nematoda,Chromadorea,Rhabditida,Strongylidae,Strongylus
Syphacia muris,Balearic Islands,39.3587759,2.7356328,1,terrestrial,Animalia,Nematoda,Chromadorea,Rhabditida,Oxyuridae,Syphacia
Anguillicola crassus,Eire + N. Ireland,54.7877149,-6.4923145,3,freshwater,Animalia,Nematoda,Chromadorea,Rhabditida,Anguillicolidae,Anguillicola
Ascaris lumbricoides,Hawaiian Islands,19.8967662,-155.5827818,1,terrestrial,Animalia,Nematoda,Chromadorea,Rhabditida,Ascarididae,Ascaris
Baylisascaris tasmaniensis,Australia,-25.274398,133.775136,2,terrestrial,Animalia,Nematoda,Chromadorea,Rhabditida,Ascarididae,Baylisascaris
Trichostrongylus tenuis,Spain + Andalusia,37.5442706,-4.7277528,1,terrestrial,Animalia,Nematoda,Chromadorea,Rhabditida,Trichostrongylidae,Trichostrongylus
Trichuris trichiura,Canary Islands,28.2915637,-16.6291304,1,terrestrial,Animalia,Nematoda,Enoplea,Trichinellida,Trichuridae,Trichuris
Trichuris trichiura,Spain + Andalusia,37.5442706,-4.7277528,1,terrestrial,Animalia,Nematoda,Enoplea,Trichinellida,Trichuridae,Trichuris
Trichuris vulpis,Canary Islands,28.2915637,-16.6291304,1,terrestrial,Animalia,Nematoda,Enoplea,Trichinellida,Trichuridae,Trichuris
Triodontophorus tenuicollis,Spain + Andalusia,37.5442706,-4.7277528,1,terrestrial,Animalia,Nematoda,Chromadorea,Rhabditida,Strongylidae,Triodontophorus
Teladorsagia circumcincta,Iceland,64.963051,-19.020835,1,terrestrial,Animalia,Nematoda,Chromadorea,Rhabditida,Trichostrongylidae,Ostertagia
Nematodirus filicollis,Iceland,64.963051,-19.020835,1,terrestrial,Animalia,Nematoda,Chromadorea,Rhabditida,Molineidae,Nematodirus
Nematodirus spathiger,Iceland,64.963051,-19.020835,1,terrestrial,Animalia,Nematoda,Chromadorea,Rhabditida,Molineidae,Nematodirus
Chabertia ovina,Iceland,64.963051,-19.020835,1,terrestrial,Animalia,Nematoda,Chromadorea,Rhabditida,Strongylidae,Chabertia
Oesophagostomum venulosum,Iceland,64.963051,-19.020835,1,terrestrial,Animalia,Nematoda,Chromadorea,Rhabditida,Strongylidae,Oesophagostomum
Trichuris ovis,Iceland,64.963051,-19.020835,1,terrestrial,Animalia,Nematoda,Enoplea,Trichinellida,Trichinellidae,Trichocephalus
Muellerius capillaris,Iceland,64.963051,-19.020835,2,terrestrial,Animalia,Nematoda,Chromadorea,Rhabditida,Metastrongylidae,Muellerius
Salvelinema salmonicola,British Columbia,53.7266683,-127.6476205,2,freshwater,Animalia,Nematoda,Chromadorea,Rhabditida,Cystidicolidae,Salvelinema
Toxocara vitulorum,Lithuania,55.169438,23.881275,1,terrestrial,Animalia,Nematoda,Chromadorea,Rhabditida,Ascarididae,Toxocara
Oxyuris equi,Lithuania,55.169438,23.881275,1,terrestrial,Animalia,Nematoda,Chromadorea,Rhabditida,Oxyuridae,Oxyuris
Parascaris equorum,Lithuania,55.169438,23.881275,1,terrestrial,Animalia,Nematoda,Chromadorea,Rhabditida,Ascarididae,Parascaris
Trichuris suis,Lithuania,55.169438,23.881275,1,terrestrial,Animalia,Nematoda,Enoplea,Trichinellida,Trichuridae,Trichuris
Aspiculuris tetraptera,Iceland,64.963051,-19.020835,1,terrestrial,Animalia,Nematoda,Chromadorea,Rhabditida,Heteroxynematidae,Aspiculuris
Syphacia obvelata,Iceland,64.963051,-19.020835,1,terrestrial,Animalia,Nematoda,Chromadorea,Rhabditida,Oxyuridae,Syphacia
Heligmosomoides polygyrus,Iceland,64.963051,-19.020835,1,terrestrial,Animalia,Nematoda,Chromadorea,Rhabditida,Heligmosomidae,Heligmosomoides
Trichuris muris,Iceland,64.963051,-19.020835,1,terrestrial,Animalia,Nematoda,Enoplea,Trichinellida,Trichuridae,Trichuris
Eucoleus aerophilus,Nearctic,53.569001,-113.571487,2,terrestrial,Animalia,Nematoda,Enoplea,Trichinellida,Capillariidae,Eucoleus
Cystidicola farionis,Western coast of British Isles,56.41323389999999,-5.472362899999999,3,freshwater,Animalia,Nematoda,Chromadorea,Rhabditida,Cystidicolidae,Cystidicola
Hystrichis tricolor,Uzbekistan,41.377491,64.585262,2,freshwater,Animalia,Nematoda,Enoplea,Dioctophymatida,Dioctophymatidae,Hystrichis
Oswaldocruzia filiformis,Uzbekistan,41.377491,64.585262,1,terrestrial,Animalia,Nematoda,Chromadorea,Rhabditida,Molineidae,Oswaldocruzia
Oesophagostomum bifurcum,Ethiopian Region,9.145000000000001,40.489673,1,terrestrial,Animalia,Nematoda,Chromadorea,Rhabditida,Strongylidae,Oesophagostomum
Haemonchus contortus,Neotropical,28.9337826,-95.30845339999999,1,terrestrial,Animalia,Nematoda,Chromadorea,Rhabditida,Trichostrongylidae,Haemonchus
Trichostrongylus axei,Ethiopian Region,9.145000000000001,40.489673,1,terrestrial,Animalia,Nematoda,Chromadorea,Rhabditida,Trichostrongylidae,Trichostrongylus
Trichostrongylus axei,Neotropical,28.9337826,-95.30845339999999,1,terrestrial,Animalia,Nematoda,Chromadorea,Rhabditida,Trichostrongylidae,Trichostrongylus
Trichostrongylus colubriformis,Nearctic,53.569001,-113.571487,1,terrestrial,Animalia,Nematoda,Chromadorea,Rhabditida,Trichostrongylidae,Trichostrongylus
Trichostrongylus vitrinus,Neotropical,28.9337826,-95.30845339999999,1,terrestrial,Animalia,Nematoda,Chromadorea,Rhabditida,Trichostrongylidae,Trichostrongylus
Comephoronema oschmarini,France,46.227638,2.213749,2,freshwater,Animalia,Nematoda,Chromadorea,Rhabditida,Cystidicolidae,Comephoronema
Anisakis simplex,Nearctic,53.569001,-113.571487,4,marine,Animalia,Nematoda,Chromadorea,Rhabditida,Anisakidae,Anisakis
Baylisascaris procyonis,Nearctic,53.569001,-113.571487,2,terrestrial,Animalia,Nematoda,Chromadorea,Rhabditida,Ascarididae,Baylisascaris
Lagochilascaris minor,Neotropical,28.9337826,-95.30845339999999,2,terrestrial,Animalia,Nematoda,Chromadorea,Rhabditida,Ascarididae,Lagochilascaris
Gongylonema pulchrum,Nearctic,53.569001,-113.571487,2,terrestrial,Animalia,Nematoda,Chromadorea,Rhabditida,Gongylonematidae,Gongylonema
Cosmocephalus obvelatus,North Sea,56.511018,3.515625,3,freshwater,Animalia,Nematoda,Chromadorea,Rhabditida,Acuariidae,Cosmocephalus
Heterakis spumosa,Egypt,26.820553,30.802498,2,terrestrial,Animalia,Nematoda,Chromadorea,Rhabditida,Heterakidae,Heterakis
Gongylonema neoplasticum,Egypt,26.820553,30.802498,2,terrestrial,Animalia,Nematoda,Chromadorea,Rhabditida,Gongylonematidae,Gongylonema
Leidynema appendiculata,Cuba,21.521757,-77.781167,1,terrestrial,Animalia,Nematoda,Chromadorea,Rhabditida,Thelastomatidae,Leidynema
Cyrnea colini,United States,37.09024,-95.712891,2,terrestrial,Animalia,Nematoda,Chromadorea,Rhabditida,Habronematidae,Cyrnea
Dispharynx nasuta,United States,37.09024,-95.712891,2,terrestrial,Animalia,Nematoda,Chromadorea,Rhabditida,Acuariidae,Dispharynx
Pseudocapillaria tomentosa,Iran,32.427908,53.688046,2,freshwater,Animalia,Nematoda,Enoplea,Trichinellida,Capillariidae,Pseudocapillaria
Toxocara cati,Egypt,26.820553,30.802498,2,terrestrial,Animalia,Nematoda,Chromadorea,Rhabditida,Ascarididae,Toxocara
Capillaria gracilis,North Sea,56.511018,3.515625,3,marine,Animalia,Nematoda,Enoplea,Trichinellida,Capillariidae,Capillaria
Anisakis brevispiculata,NW African coast,-8.783195,34.508523,4,marine,Animalia,Nematoda,Chromadorea,Rhabditida,Anisakidae,Skrjabinisakis
Anisakis pegreffii,Western Mediterranean,34.5531284,18.0480105,4,marine,Animalia,Nematoda,Chromadorea,Rhabditida,Anisakidae,Anisakis
Anisakis pegreffii,NW African coast,-8.783195,34.508523,4,marine,Animalia,Nematoda,Chromadorea,Rhabditida,Anisakidae,Anisakis
Anisakis ziphidarum,NW African coast,-8.783195,34.508523,4,marine,Animalia,Nematoda,Chromadorea,Rhabditida,Anisakidae,Anisakis
Oxyuris equi,Mexico,23.634501,-102.552784,1,terrestrial,Animalia,Nematoda,Chromadorea,Rhabditida,Oxyuridae,Oxyuris
Passalurus ambiguus,Mexico,23.634501,-102.552784,1,terrestrial,Animalia,Nematoda,Chromadorea,Rhabditida,Oxyuridae,Passalurus
Syphacia obvelata,Mexico,23.634501,-102.552784,1,terrestrial,Animalia,Nematoda,Chromadorea,Rhabditida,Oxyuridae,Syphacia
Dichelyne cotylophora,Lake Michigan,43.4501005,-87.22201869999999,2,freshwater,Animalia,Nematoda,Chromadorea,Rhabditida,Cucullanidae,Dichelyne
Eustrongylides tubifex,Lake Michigan,43.4501005,-87.22201869999999,3,freshwater,Animalia,Nematoda,Enoplea,Dioctophymatida,Dioctophymatidae,Eustrongylides
Dichelyne cotylophora,Great Lakes,45.0522366,-82.4846115,2,freshwater,Animalia,Nematoda,Chromadorea,Rhabditida,Cucullanidae,Dichelyne
Eustrongylides tubifex,Great Lakes,45.0522366,-82.4846115,3,freshwater,Animalia,Nematoda,Enoplea,Dioctophymatida,Dioctophymatidae,Eustrongylides
Philometra cylindracea,Great Lakes,45.0522366,-82.4846115,2,freshwater,Animalia,Nematoda,Chromadorea,Rhabditida,Philometridae,Philometra
Raphidascaris acus,Great Lakes,45.0522366,-82.4846115,3,freshwater,Animalia,Nematoda,Chromadorea,Rhabditida,Raphidascarididae,Raphidascaris
Spinitectus carolini,Great Lakes,45.0522366,-82.4846115,3,freshwater,Animalia,Nematoda,Chromadorea,Rhabditida,Cystidicolidae,Spinitectus
Physaloptera maxillaris,Mexico,23.634501,-102.552784,2,terrestrial,Animalia,Nematoda,Chromadorea,Rhabditida,Physalopteridae,Physaloptera
Physaloptera praeputialis,Mexico,23.634501,-102.552784,3,terrestrial,Animalia,Nematoda,Chromadorea,Rhabditida,Physalopteridae,Physaloptera
Turgida turgida,Guatemala,15.783471,-90.23075899999999,2,terrestrial,Animalia,Nematoda,Chromadorea,Rhabditida,Physalopteridae,Turgida
Turgida turgida,Mexico,23.634501,-102.552784,2,terrestrial,Animalia,Nematoda,Chromadorea,Rhabditida,Physalopteridae,Turgida
Strongylus equinus,Mexico,23.634501,-102.552784,1,terrestrial,Animalia,Nematoda,Chromadorea,Rhabditida,Strongylidae,Strongylus
Strongylus vulgaris,Mexico,23.634501,-102.552784,1,terrestrial,Animalia,Nematoda,Chromadorea,Rhabditida,Strongylidae,Strongylus
Oxyspirura mansoni,Mexico,23.634501,-102.552784,2,terrestrial,Animalia,Nematoda,Chromadorea,Rhabditida,Thelaziidae,Oxyspirura
Obeliscoides cuniculi,Mexico,23.634501,-102.552784,1,terrestrial,Animalia,Nematoda,Chromadorea,Rhabditida,Trichostrongylidae,Obeliscoides
Trichuris muris,Mexico,23.634501,-102.552784,1,terrestrial,Animalia,Nematoda,Enoplea,Trichinellida,Trichuridae,Trichuris
Raphidascaris acus,Germany,51.165691,10.451526,3,freshwater,Animalia,Nematoda,Chromadorea,Rhabditida,Raphidascarididae,Raphidascaris
Eucoleus contortus,Florida,27.6648274,-81.5157535,2,terrestrial,Animalia,Nematoda,Enoplea,Trichinellida,Capillariidae,Capillaria
Contracaecum rudolphii,Florida,27.6648274,-81.5157535,3,freshwater,Animalia,Nematoda,Chromadorea,Rhabditida,Anisakidae,Contracaecum
Contracaecum microcephalum,Transvaal,-23.59,29.13,3,freshwater,Animalia,Nematoda,Chromadorea,Rhabditida,Anisakidae,Contracaecum
Contracaecum rudolphii,Transvaal,-23.59,29.13,3,freshwater,Animalia,Nematoda,Chromadorea,Rhabditida,Anisakidae,Contracaecum
Goezia ascaroides,Northeast Atlantic,39.370134,-77.40677199999999,3,freshwater,Animalia,Nematoda,Chromadorea,Rhabditida,Raphidascarididae,Goezia
Raphidascaris acus,Northeast Atlantic,39.370134,-77.40677199999999,3,freshwater,Animalia,Nematoda,Chromadorea,Rhabditida,Raphidascarididae,Raphidascaris
Dichelyne minutus,Northeast Atlantic,39.370134,-77.40677199999999,2,marine,Animalia,Nematoda,Chromadorea,Rhabditida,Cucullanidae,Dichelyne
Cosmocephalus obvelatus,Northeast Atlantic,39.370134,-77.40677199999999,3,freshwater,Animalia,Nematoda,Chromadorea,Rhabditida,Acuariidae,Cosmocephalus
Anguillicola crassus,Northeast Atlantic,39.370134,-77.40677199999999,3,freshwater,Animalia,Nematoda,Chromadorea,Rhabditida,Anguillicolidae,Anguillicola
Camallanus lacustris,Northeast Atlantic,39.370134,-77.40677199999999,4,freshwater,Animalia,Nematoda,Chromadorea,Rhabditida,Camallanidae,Camallanus
Camallanus truncatus,Northeast Atlantic,39.370134,-77.40677199999999,2,freshwater,Animalia,Nematoda,Chromadorea,Rhabditida,Camallanidae,Camallanus
Ascarophis arctica,Northeast Atlantic,39.370134,-77.40677199999999,2,marine,Animalia,Nematoda,Chromadorea,Rhabditida,Cystidicolidae,Ascarophis
Cystidicola farionis,Northeast Atlantic,39.370134,-77.40677199999999,3,freshwater,Animalia,Nematoda,Chromadorea,Rhabditida,Cystidicolidae,Cystidicola
Capillaria gracilis,Northeast Atlantic,39.370134,-77.40677199999999,3,marine,Animalia,Nematoda,Enoplea,Trichinellida,Capillariidae,Capillaria
Toxocara canis,Peru,-9.189967,-75.015152,2,terrestrial,Animalia,Nematoda,Chromadorea,Rhabditida,Ascarididae,Toxocara
Protostrongylus boughtoni,Yukon,64.2823274,-135,2,terrestrial,Animalia,Nematoda,Chromadorea,Rhabditida,Metastrongylidae,Protostrongylus
Baylisascaris procyonis,California,36.778261,-119.4179324,2,terrestrial,Animalia,Nematoda,Chromadorea,Rhabditida,Ascarididae,Baylisascaris
Amidostomum acutum,Uzbekistan,41.377491,64.585262,1,freshwater,Animalia,Nematoda,Chromadorea,Rhabditida,Amidostomidae,Amidostomum
Amidostomum fulicae,Uzbekistan,41.377491,64.585262,1,freshwater,Animalia,Nematoda,Chromadorea,Rhabditida,Amidostomidae,Amidostomum
Epomidiostomum uncinatum,Uzbekistan,41.377491,64.585262,1,freshwater,Animalia,Nematoda,Chromadorea,Rhabditida,Trichostrongylidae,Epomidiostomum
Contracaecum rudolphii,Uzbekistan,41.377491,64.585262,3,freshwater,Animalia,Nematoda,Chromadorea,Rhabditida,Anisakidae,Contracaecum
Acuaria gruveli,Uzbekistan,41.377491,64.585262,2,terrestrial,Animalia,Nematoda,Chromadorea,Rhabditida,Acuariidae,Acuaria
Toxocara vitulorum,Uganda,1.373333,32.290275,1,terrestrial,Animalia,Nematoda,Chromadorea,Rhabditida,Ascarididae,Toxocara
Anguillicola crassus,District of Columbia/Delaware/New Jersey/Maryland,39.0457549,-76.64127119999999,3,freshwater,Animalia,Nematoda,Chromadorea,Rhabditida,Anguillicolidae,Anguillicola
Ascaris lumbricoides,Morocco,31.791702,-7.092619999999999,1,terrestrial,Animalia,Nematoda,Chromadorea,Rhabditida,Ascarididae,Ascaris
Enterobius vermicularis,Morocco,31.791702,-7.092619999999999,1,terrestrial,Animalia,Nematoda,Chromadorea,Rhabditida,Oxyuridae,Enterobius
Trichuris trichiura,Morocco,31.791702,-7.092619999999999,1,terrestrial,Animalia,Nematoda,Enoplea,Trichinellida,Trichuridae,Trichuris
Trichuris trichiura,Austria,47.516231,14.550072,1,terrestrial,Animalia,Nematoda,Enoplea,Trichinellida,Trichuridae,Trichuris
Trichuris trichiura,France,46.227638,2.213749,1,terrestrial,Animalia,Nematoda,Enoplea,Trichinellida,Trichuridae,Trichuris
Trichuris trichiura,Germany,51.165691,10.451526,1,terrestrial,Animalia,Nematoda,Enoplea,Trichinellida,Trichuridae,Trichuris
Trichuris trichiura,Denmark,56.26392,9.501785,1,terrestrial,Animalia,Nematoda,Enoplea,Trichinellida,Trichuridae,Trichuris
Ascaris lumbricoides,Austria,47.516231,14.550072,1,terrestrial,Animalia,Nematoda,Chromadorea,Rhabditida,Ascarididae,Ascaris
Dictyocaulus filaria,Armenia,40.069099,45.038189,1,terrestrial,Animalia,Nematoda,Chromadorea,Rhabditida,Metastrongylidae,Dictyocaulus
Muellerius capillaris,Armenia,40.069099,45.038189,2,terrestrial,Animalia,Nematoda,Chromadorea,Rhabditida,Metastrongylidae,Muellerius
Syphacia obvelata,Russia (Asian),61.52401,105.318756,1,terrestrial,Animalia,Nematoda,Chromadorea,Rhabditida,Oxyuridae,Syphacia
Crenosoma vulpis,Sweden,60.12816100000001,18.643501,2,terrestrial,Animalia,Nematoda,Chromadorea,Rhabditida,Metastrongylidae,Crenosoma
Graphidium strigosum,Sweden,60.12816100000001,18.643501,1,terrestrial,Animalia,Nematoda,Chromadorea,Rhabditida,Trichostrongylidae,Graphidium
Libyostrongylus douglassii,Sweden,60.12816100000001,18.643501,1,terrestrial,Animalia,Nematoda,Chromadorea,Rhabditida,Trichostrongylidae,Libyostrongylus
Syphacia obvelata,Sweden,60.12816100000001,18.643501,1,terrestrial,Animalia,Nematoda,Chromadorea,Rhabditida,Oxyuridae,Syphacia
Trichostrongylus retortaeformis,Sweden,60.12816100000001,18.643501,1,terrestrial,Animalia,Nematoda,Chromadorea,Rhabditida,Trichostrongylidae,Trichostrongylus
Cosmocephalus obvelatus,Western Mediterranean,34.5531284,18.0480105,3,freshwater,Animalia,Nematoda,Chromadorea,Rhabditida,Acuariidae,Cosmocephalus
Eucoleus contortus,Western Mediterranean,34.5531284,18.0480105,2,terrestrial,Animalia,Nematoda,Enoplea,Trichinellida,Capillariidae,Capillaria
Ascaris suum,Kansas,39.011902,-98.4842465,1,terrestrial,Animalia,Nematoda,Chromadorea,Rhabditida,Ascarididae,Ascaris
Trichuris suis,Kansas,39.011902,-98.4842465,1,terrestrial,Animalia,Nematoda,Enoplea,Trichinellida,Trichuridae,Trichuris
Cystidicola farionis,Baltic Sea,58.48795200000001,19.863281,3,freshwater,Animalia,Nematoda,Chromadorea,Rhabditida,Cystidicolidae,Cystidicola
Anisakis simplex,Belgium + Luxembourg,50.0546886,5.467698299999999,4,marine,Animalia,Nematoda,Chromadorea,Rhabditida,Anisakidae,Anisakis
Stephanurus dentatus,Taiwan,23.69781,120.960515,2,terrestrial,Animalia,Nematoda,Chromadorea,Rhabditida,Strongylidae,Stephanurus
Chabertia ovina,Sweden,60.12816100000001,18.643501,1,terrestrial,Animalia,Nematoda,Chromadorea,Rhabditida,Strongylidae,Chabertia
Cooperia curticei,Sweden,60.12816100000001,18.643501,1,terrestrial,Animalia,Nematoda,Chromadorea,Rhabditida,Trichostrongylidae,Cooperia
Nematodirus filicollis,Sweden,60.12816100000001,18.643501,1,terrestrial,Animalia,Nematoda,Chromadorea,Rhabditida,Molineidae,Nematodirus
Ostertagia ostertagi,Sweden,60.12816100000001,18.643501,1,terrestrial,Animalia,Nematoda,Chromadorea,Rhabditida,Trichostrongylidae,Ostertagia
Trichostrongylus colubriformis,Sweden,60.12816100000001,18.643501,1,terrestrial,Animalia,Nematoda,Chromadorea,Rhabditida,Trichostrongylidae,Trichostrongylus
Trichostrongylus vitrinus,Sweden,60.12816100000001,18.643501,1,terrestrial,Animalia,Nematoda,Chromadorea,Rhabditida,Trichostrongylidae,Trichostrongylus
Trichuris ovis,Sweden,60.12816100000001,18.643501,1,terrestrial,Animalia,Nematoda,Enoplea,Trichinellida,Trichinellidae,Trichocephalus
Varestrongylus capreoli,Sweden,60.12816100000001,18.643501,2,terrestrial,Animalia,Nematoda,Chromadorea,Rhabditida,Metastrongylidae,Varestrongylus
Echinocephalus uncinatus,Mediterranean,34.5531284,18.0480105,2,marine,Animalia,Nematoda,Chromadorea,Rhabditida,Gnathostomatidae,Echinocephalus
Spirocerca lupi,Egypt,26.820553,30.802498,3,terrestrial,Animalia,Nematoda,Chromadorea,Rhabditida,Spirocercidae,Spirocerca
Uncinaria stenocephala,Egypt,26.820553,30.802498,1,terrestrial,Animalia,Nematoda,Chromadorea,Rhabditida,Ancylostomatidae,Uncinaria
Trichostrongylus colubriformis,Egypt,26.820553,30.802498,1,terrestrial,Animalia,Nematoda,Chromadorea,Rhabditida,Trichostrongylidae,Trichostrongylus
Ollulanus tricuspis,Saskatchewan,52.9399159,-106.4508639,1,terrestrial,Animalia,Nematoda,Chromadorea,Rhabditida,Molineidae,Ollulanus
Toxocara cati,Saskatchewan,52.9399159,-106.4508639,2,terrestrial,Animalia,Nematoda,Chromadorea,Rhabditida,Ascarididae,Toxocara
Crenosoma striatum,Channel Islands,49.4466698,-2.342378,2,terrestrial,Animalia,Nematoda,Chromadorea,Rhabditida,Metastrongylidae,Crenosoma
Camallanus oxycephalus,Nearctic,53.569001,-113.571487,3,freshwater,Animalia,Nematoda,Chromadorea,Rhabditida,Camallanidae,Camallanus
Camallanus truncatus,Nearctic,53.569001,-113.571487,2,freshwater,Animalia,Nematoda,Chromadorea,Rhabditida,Camallanidae,Camallanus
Sulcascaris sulcata,Adriatic Sea,41.85509039999999,17.2902839,2,marine,Animalia,Nematoda,Chromadorea,Rhabditida,Anisakidae,Sulcascaris
Teladorsagia circumcincta,Nebraska,41.4925374,-99.9018131,1,terrestrial,Animalia,Nematoda,Chromadorea,Rhabditida,Trichostrongylidae,Ostertagia
Teladorsagia circumcincta,British Columbia,53.7266683,-127.6476205,1,terrestrial,Animalia,Nematoda,Chromadorea,Rhabditida,Trichostrongylidae,Ostertagia
Teladorsagia circumcincta,Mississippi,32.3546679,-89.3985283,1,terrestrial,Animalia,Nematoda,Chromadorea,Rhabditida,Trichostrongylidae,Ostertagia
Cosmocephalus obvelatus,Morocco,31.791702,-7.092619999999999,3,freshwater,Animalia,Nematoda,Chromadorea,Rhabditida,Acuariidae,Cosmocephalus
Trichuris suis,Vietnam,14.058324,108.277199,1,terrestrial,Animalia,Nematoda,Enoplea,Trichinellida,Trichuridae,Trichuris
Camallanus lacustris,Switzerland + Lichtenstein,47.3682887,8.5374552,4,freshwater,Animalia,Nematoda,Chromadorea,Rhabditida,Camallanidae,Camallanus
Ascaridia galli,Thailand,15.870032,100.992541,1,terrestrial,Animalia,Nematoda,Chromadorea,Rhabditida,Ascaridiidae,Ascaridia
Haemonchus contortus,Antilles,18.53,-72.33,1,terrestrial,Animalia,Nematoda,Chromadorea,Rhabditida,Trichostrongylidae,Haemonchus
Haemonchus placei,Burkina Faso,12.238333,-1.561593,1,terrestrial,Animalia,Nematoda,Chromadorea,Rhabditida,Trichostrongylidae,Haemonchus
Haemonchus placei,Ivory Coast,7.539988999999999,-5.547079999999999,1,terrestrial,Animalia,Nematoda,Chromadorea,Rhabditida,Trichostrongylidae,Haemonchus
Haemonchus placei,Mexico,23.634501,-102.552784,1,terrestrial,Animalia,Nematoda,Chromadorea,Rhabditida,Trichostrongylidae,Haemonchus
Haemonchus placei,Nearctic,53.569001,-113.571487,1,terrestrial,Animalia,Nematoda,Chromadorea,Rhabditida,Trichostrongylidae,Haemonchus
Haemonchus placei,Neotropical,28.9337826,-95.30845339999999,1,terrestrial,Animalia,Nematoda,Chromadorea,Rhabditida,Trichostrongylidae,Haemonchus
Haemonchus placei,Ethiopian Region,9.145000000000001,40.489673,1,terrestrial,Animalia,Nematoda,Chromadorea,Rhabditida,Trichostrongylidae,Haemonchus
Pseudocapillaria tomentosa,Germany,51.165691,10.451526,2,freshwater,Animalia,Nematoda,Enoplea,Trichinellida,Capillariidae,Pseudocapillaria
Muellerius capillaris,Yugoslavia,37.09024,-95.712891,2,terrestrial,Animalia,Nematoda,Chromadorea,Rhabditida,Metastrongylidae,Muellerius
Neostrongylus linearis,Yugoslavia,37.09024,-95.712891,2,terrestrial,Animalia,Nematoda,Chromadorea,Rhabditida,Metastrongylidae,Neostrongylus
Cystocaulus ocreatus,Yugoslavia,37.09024,-95.712891,2,terrestrial,Animalia,Nematoda,Chromadorea,Rhabditida,Metastrongylidae,Cystocaulus
Dictyocaulus filaria,Yugoslavia,37.09024,-95.712891,1,terrestrial,Animalia,Nematoda,Chromadorea,Rhabditida,Metastrongylidae,Dictyocaulus
Camallanus cotti,Germany,51.165691,10.451526,2,freshwater,Animalia,Nematoda,Chromadorea,Rhabditida,Camallanidae,Camallanus
Anisakis simplex,Germany,51.165691,10.451526,4,marine,Animalia,Nematoda,Chromadorea,Rhabditida,Anisakidae,Anisakis
Paraquimperia tenerrima,France,46.227638,2.213749,2,freshwater,Animalia,Nematoda,Chromadorea,Rhabditida,Quimperiidae,Paraquimperia
Paraquimperia tenerrima,Germany,51.165691,10.451526,2,freshwater,Animalia,Nematoda,Chromadorea,Rhabditida,Quimperiidae,Paraquimperia
Ascaris lumbricoides,Louisiana,30.9842977,-91.96233269999999,1,terrestrial,Animalia,Nematoda,Chromadorea,Rhabditida,Ascarididae,Ascaris
Baylisascaris procyonis,Louisiana,30.9842977,-91.96233269999999,2,terrestrial,Animalia,Nematoda,Chromadorea,Rhabditida,Ascarididae,Baylisascaris
Baylisascaris transfuga,West Virginia,38.5976262,-80.4549026,2,terrestrial,Animalia,Nematoda,Chromadorea,Rhabditida,Ascarididae,Baylisascaris
Parascaris equorum,Louisiana,30.9842977,-91.96233269999999,1,terrestrial,Animalia,Nematoda,Chromadorea,Rhabditida,Ascarididae,Parascaris
Toxascaris leonina,South Dakota,43.9695148,-99.9018131,2,terrestrial,Animalia,Nematoda,Chromadorea,Rhabditida,Ascarididae,Toxascaris
Trichuris vulpis,Colorado,39.5500507,-105.7820674,1,terrestrial,Animalia,Nematoda,Enoplea,Trichinellida,Trichuridae,Trichuris
Uncinaria stenocephala,Colorado,39.5500507,-105.7820674,1,terrestrial,Animalia,Nematoda,Chromadorea,Rhabditida,Ancylostomatidae,Uncinaria
Heligmosomoides polygyrus,Switzerland + Lichtenstein,47.3682887,8.5374552,1,terrestrial,Animalia,Nematoda,Chromadorea,Rhabditida,Heligmosomidae,Heligmosomoides
Aspiculuris tetraptera,Switzerland + Lichtenstein,47.3682887,8.5374552,1,terrestrial,Animalia,Nematoda,Chromadorea,Rhabditida,Heteroxynematidae,Aspiculuris
Trichuris muris,Switzerland + Lichtenstein,47.3682887,8.5374552,1,terrestrial,Animalia,Nematoda,Enoplea,Trichinellida,Trichuridae,Trichuris
Metastrongylus salmi,Ghana,7.946527,-1.023194,2,terrestrial,Animalia,Nematoda,Chromadorea,Rhabditida,Metastrongylidae,Metastrongylus
Physocephalus sexalatus,Ghana,7.946527,-1.023194,3,terrestrial,Animalia,Nematoda,Chromadorea,Rhabditida,Spirocercidae,Physocephalus
Hyostrongylus rubidus,Ghana,7.946527,-1.023194,1,terrestrial,Animalia,Nematoda,Chromadorea,Rhabditida,Trichostrongylidae,Hyostrongylus
Trichuris suis,Ghana,7.946527,-1.023194,1,terrestrial,Animalia,Nematoda,Enoplea,Trichinellida,Trichuridae,Trichuris
Ascaris suum,Ghana,7.946527,-1.023194,1,terrestrial,Animalia,Nematoda,Chromadorea,Rhabditida,Ascarididae,Ascaris
Ascarops strongylina,Ghana,7.946527,-1.023194,3,terrestrial,Animalia,Nematoda,Chromadorea,Rhabditida,Spirocercidae,Ascarops
Oesophagostomum dentatum,Ghana,7.946527,-1.023194,1,terrestrial,Animalia,Nematoda,Chromadorea,Rhabditida,Strongylidae,Oesophagostomum
Oesophagostomum quadrispinulatum,Ghana,7.946527,-1.023194,1,terrestrial,Animalia,Nematoda,Chromadorea,Rhabditida,Strongylidae,Oesophagostomum
Pseudoterranova decipiens,California,36.778261,-119.4179324,4,marine,Animalia,Nematoda,Chromadorea,Rhabditida,Anisakidae,Pseudoterranova
Anguillicola crassus,Norway,60.47202399999999,8.468945999999999,3,freshwater,Animalia,Nematoda,Chromadorea,Rhabditida,Anguillicolidae,Anguillicola
Brevimulticaecum tenuicolle,Arkansas,35.20105,-91.8318334,2,freshwater,Animalia,Nematoda,Chromadorea,Rhabditida,Heterocheilidae,Brevimulticaecum
Serpinema trispinosum,Louisiana,30.9842977,-91.96233269999999,3,freshwater,Animalia,Nematoda,Chromadorea,Rhabditida,Camallanidae,Serpinema
Serpinema trispinosum,Arkansas,35.20105,-91.8318334,3,freshwater,Animalia,Nematoda,Chromadorea,Rhabditida,Camallanidae,Serpinema
Trichuris vulpis,Byelorussia,53.709807,27.953389,1,terrestrial,Animalia,Nematoda,Enoplea,Trichinellida,Trichuridae,Trichuris
Uncinaria stenocephala,Byelorussia,53.709807,27.953389,1,terrestrial,Animalia,Nematoda,Chromadorea,Rhabditida,Ancylostomatidae,Uncinaria
Crenosoma vulpis,Byelorussia,53.709807,27.953389,2,terrestrial,Animalia,Nematoda,Chromadorea,Rhabditida,Metastrongylidae,Crenosoma
Toxascaris leonina,Byelorussia,53.709807,27.953389,2,terrestrial,Animalia,Nematoda,Chromadorea,Rhabditida,Ascarididae,Toxascaris
Toxocara canis,Byelorussia,53.709807,27.953389,2,terrestrial,Animalia,Nematoda,Chromadorea,Rhabditida,Ascarididae,Toxocara
Haemonchus contortus,California,36.778261,-119.4179324,1,terrestrial,Animalia,Nematoda,Chromadorea,Rhabditida,Trichostrongylidae,Haemonchus
Ascaris lumbricoides,Australia,-25.274398,133.775136,1,terrestrial,Animalia,Nematoda,Chromadorea,Rhabditida,Ascarididae,Ascaris
Ophidascaris moreliae,New South Wales,-31.2532183,146.921099,3,terrestrial,Animalia,Nematoda,Chromadorea,Rhabditida,Ascarididae,Ophidascaris
Ophidascaris pyrrhus,Victoria,-37.01,144.75,2,terrestrial,Animalia,Nematoda,Chromadorea,Rhabditida,Ascarididae,Ophidascaris
Ophidascaris pyrrhus,South Australia,-30.0002315,136.2091547,2,terrestrial,Animalia,Nematoda,Chromadorea,Rhabditida,Ascarididae,Ophidascaris
Polydelphis anoura,Australia,-25.274398,133.775136,4,terrestrial,Animalia,Nematoda,Chromadorea,Rhabditida,Ascarididae,Polydelphis
Polydelphis anoura,New South Wales,-31.2532183,146.921099,4,terrestrial,Animalia,Nematoda,Chromadorea,Rhabditida,Ascarididae,Polydelphis
Angiostrongylus costaricensis,Germany,51.165691,10.451526,2,terrestrial,Animalia,Nematoda,Chromadorea,Rhabditida,Metastrongylidae,Angiostrongylus
Cylicocyclus nassatus,"England, Wales + Isle of Man",54.236107,-4.548056,1,terrestrial,Animalia,Nematoda,Chromadorea,Rhabditida,Strongylidae,Cylicocyclus
Abbreviata antarctica,South Australia,-30.0002315,136.2091547,2,terrestrial,Animalia,Nematoda,Chromadorea,Rhabditida,Physalopteridae,Abbreviata
Abbreviata antarctica,New South Wales,-31.2532183,146.921099,2,terrestrial,Animalia,Nematoda,Chromadorea,Rhabditida,Physalopteridae,Abbreviata
Abbreviata antarctica,Victoria,-37.01,144.75,2,terrestrial,Animalia,Nematoda,Chromadorea,Rhabditida,Physalopteridae,Abbreviata
Trichostrongylus retortaeformis,Quebec,52.9399159,-73.5491361,1,terrestrial,Animalia,Nematoda,Chromadorea,Rhabditida,Trichostrongylidae,Trichostrongylus
Anisakis pegreffii,Tyrrhenian Sea,40.0769862,11.3431058,4,marine,Animalia,Nematoda,Chromadorea,Rhabditida,Anisakidae,Anisakis
Anisakis physeteris,Tyrrhenian Sea,40.0769862,11.3431058,4,marine,Animalia,Nematoda,Chromadorea,Rhabditida,Anisakidae,Skrjabinisakis
Trichostrongylus axei,Chile,-35.675147,-71.542969,1,terrestrial,Animalia,Nematoda,Chromadorea,Rhabditida,Trichostrongylidae,Trichostrongylus
Parascaris equorum,Chile,-35.675147,-71.542969,1,terrestrial,Animalia,Nematoda,Chromadorea,Rhabditida,Ascarididae,Parascaris
Oxyuris equi,Chile,-35.675147,-71.542969,1,terrestrial,Animalia,Nematoda,Chromadorea,Rhabditida,Oxyuridae,Oxyuris
Strongylus equinus,Chile,-35.675147,-71.542969,1,terrestrial,Animalia,Nematoda,Chromadorea,Rhabditida,Strongylidae,Strongylus
Strongylus vulgaris,Chile,-35.675147,-71.542969,1,terrestrial,Animalia,Nematoda,Chromadorea,Rhabditida,Strongylidae,Strongylus
Strongylus edentatus,Chile,-35.675147,-71.542969,1,terrestrial,Animalia,Nematoda,Chromadorea,Rhabditida,Strongylidae,Strongylus
Triodontophorus tenuicollis,Chile,-35.675147,-71.542969,1,terrestrial,Animalia,Nematoda,Chromadorea,Rhabditida,Strongylidae,Triodontophorus
Cylicostephanus longibursatus,Chile,-35.675147,-71.542969,1,terrestrial,Animalia,Nematoda,Chromadorea,Rhabditida,Strongylidae,Cylicostephanus
Haemonchus placei,Chile,-35.675147,-71.542969,1,terrestrial,Animalia,Nematoda,Chromadorea,Rhabditida,Trichostrongylidae,Haemonchus
Haemonchus contortus,Chile,-35.675147,-71.542969,1,terrestrial,Animalia,Nematoda,Chromadorea,Rhabditida,Trichostrongylidae,Haemonchus
Ostertagia ostertagi,Chile,-35.675147,-71.542969,1,terrestrial,Animalia,Nematoda,Chromadorea,Rhabditida,Trichostrongylidae,Ostertagia
Trichostrongylus vitrinus,Chile,-35.675147,-71.542969,1,terrestrial,Animalia,Nematoda,Chromadorea,Rhabditida,Trichostrongylidae,Trichostrongylus
Cooperia oncophora,Chile,-35.675147,-71.542969,1,terrestrial,Animalia,Nematoda,Chromadorea,Rhabditida,Trichostrongylidae,Cooperia
Cooperia curticei,Chile,-35.675147,-71.542969,1,terrestrial,Animalia,Nematoda,Chromadorea,Rhabditida,Trichostrongylidae,Cooperia
Cooperia pectinata,Chile,-35.675147,-71.542969,1,terrestrial,Animalia,Nematoda,Chromadorea,Rhabditida,Trichostrongylidae,Cooperia
Nematodirus spathiger,Chile,-35.675147,-71.542969,1,terrestrial,Animalia,Nematoda,Chromadorea,Rhabditida,Molineidae,Nematodirus
Chabertia ovina,Chile,-35.675147,-71.542969,1,terrestrial,Animalia,Nematoda,Chromadorea,Rhabditida,Strongylidae,Chabertia
Oesophagostomum radiatum,Chile,-35.675147,-71.542969,1,terrestrial,Animalia,Nematoda,Chromadorea,Rhabditida,Strongylidae,Oesophagostomum
Trichuris ovis,Chile,-35.675147,-71.542969,1,terrestrial,Animalia,Nematoda,Enoplea,Trichinellida,Trichinellidae,Trichocephalus
Dictyocaulus viviparus,Chile,-35.675147,-71.542969,1,terrestrial,Animalia,Nematoda,Chromadorea,Rhabditida,Metastrongylidae,Dictyocaulus
Trichostrongylus vitrinus,Egypt,26.820553,30.802498,1,terrestrial,Animalia,Nematoda,Chromadorea,Rhabditida,Trichostrongylidae,Trichostrongylus
Trichostrongylus colubriformis,Chile,-35.675147,-71.542969,1,terrestrial,Animalia,Nematoda,Chromadorea,Rhabditida,Trichostrongylidae,Trichostrongylus
Nematodirus filicollis,Chile,-35.675147,-71.542969,1,terrestrial,Animalia,Nematoda,Chromadorea,Rhabditida,Molineidae,Nematodirus
Skrjabinema ovis,Chile,-35.675147,-71.542969,1,terrestrial,Animalia,Nematoda,Chromadorea,Rhabditida,Oxyuridae,Skrjabinema
Oesophagostomum venulosum,Chile,-35.675147,-71.542969,1,terrestrial,Animalia,Nematoda,Chromadorea,Rhabditida,Strongylidae,Oesophagostomum
Oesophagostomum columbianum,Chile,-35.675147,-71.542969,1,terrestrial,Animalia,Nematoda,Chromadorea,Rhabditida,Strongylidae,Oesophagostomum
Dictyocaulus filaria,Chile,-35.675147,-71.542969,1,terrestrial,Animalia,Nematoda,Chromadorea,Rhabditida,Metastrongylidae,Dictyocaulus
Muellerius capillaris,Chile,-35.675147,-71.542969,2,terrestrial,Animalia,Nematoda,Chromadorea,Rhabditida,Metastrongylidae,Muellerius
Ascarops strongylina,Chile,-35.675147,-71.542969,3,terrestrial,Animalia,Nematoda,Chromadorea,Rhabditida,Spirocercidae,Ascarops
Physocephalus sexalatus,Chile,-35.675147,-71.542969,3,terrestrial,Animalia,Nematoda,Chromadorea,Rhabditida,Spirocercidae,Physocephalus
Hyostrongylus rubidus,Chile,-35.675147,-71.542969,1,terrestrial,Animalia,Nematoda,Chromadorea,Rhabditida,Trichostrongylidae,Hyostrongylus
Ascaris suum,Chile,-35.675147,-71.542969,1,terrestrial,Animalia,Nematoda,Chromadorea,Rhabditida,Ascarididae,Ascaris
Oesophagostomum dentatum,Chile,-35.675147,-71.542969,1,terrestrial,Animalia,Nematoda,Chromadorea,Rhabditida,Strongylidae,Oesophagostomum
Trichuris suis,Chile,-35.675147,-71.542969,1,terrestrial,Animalia,Nematoda,Enoplea,Trichinellida,Trichuridae,Trichuris
Stephanurus dentatus,Chile,-35.675147,-71.542969,2,terrestrial,Animalia,Nematoda,Chromadorea,Rhabditida,Strongylidae,Stephanurus
Metastrongylus apri,Chile,-35.675147,-71.542969,2,terrestrial,Animalia,Nematoda,Chromadorea,Rhabditida,Metastrongylidae,Metastrongylus
Metastrongylus salmi,Chile,-35.675147,-71.542969,2,terrestrial,Animalia,Nematoda,Chromadorea,Rhabditida,Metastrongylidae,Metastrongylus
Toxascaris leonina,Chile,-35.675147,-71.542969,2,terrestrial,Animalia,Nematoda,Chromadorea,Rhabditida,Ascarididae,Toxascaris
Uncinaria stenocephala,Chile,-35.675147,-71.542969,1,terrestrial,Animalia,Nematoda,Chromadorea,Rhabditida,Ancylostomatidae,Uncinaria
Trichuris vulpis,Chile,-35.675147,-71.542969,1,terrestrial,Animalia,Nematoda,Enoplea,Trichinellida,Trichuridae,Trichuris
Ollulanus tricuspis,Chile,-35.675147,-71.542969,1,terrestrial,Animalia,Nematoda,Chromadorea,Rhabditida,Molineidae,Ollulanus
Aelurostrongylus abstrusus,Chile,-35.675147,-71.542969,3,terrestrial,Animalia,Nematoda,Chromadorea,Rhabditida,Metastrongylidae,Aelurostrongylus
Trichostrongylus retortaeformis,Chile,-35.675147,-71.542969,1,terrestrial,Animalia,Nematoda,Chromadorea,Rhabditida,Trichostrongylidae,Trichostrongylus
Passalurus ambiguus,Chile,-35.675147,-71.542969,1,terrestrial,Animalia,Nematoda,Chromadorea,Rhabditida,Oxyuridae,Passalurus
Ascaridia galli,Chile,-35.675147,-71.542969,1,terrestrial,Animalia,Nematoda,Chromadorea,Rhabditida,Ascaridiidae,Ascaridia
Heterakis gallinarum,Chile,-35.675147,-71.542969,2,terrestrial,Animalia,Nematoda,Chromadorea,Rhabditida,Heterakidae,Heterakis
Trichostrongylus tenuis,Chile,-35.675147,-71.542969,1,terrestrial,Animalia,Nematoda,Chromadorea,Rhabditida,Trichostrongylidae,Trichostrongylus
Ascaridia columbae,Chile,-35.675147,-71.542969,1,terrestrial,Animalia,Nematoda,Chromadorea,Rhabditida,Ascaridiidae,Ascaridia
Gongylonema ingluvicola,Chile,-35.675147,-71.542969,2,terrestrial,Animalia,Nematoda,Chromadorea,Rhabditida,Gongylonematidae,Gongylonema
Cyathostomum catinatum,Egypt,26.820553,30.802498,1,terrestrial,Animalia,Nematoda,Chromadorea,Rhabditida,Strongylidae,Cyathostomum
Ascarops strongylina,Byelorussia,53.709807,27.953389,3,terrestrial,Animalia,Nematoda,Chromadorea,Rhabditida,Spirocercidae,Ascarops
Oswaldocruzia filiformis,Byelorussia,53.709807,27.953389,1,terrestrial,Animalia,Nematoda,Chromadorea,Rhabditida,Molineidae,Oswaldocruzia
Physocephalus sexalatus,Byelorussia,53.709807,27.953389,3,terrestrial,Animalia,Nematoda,Chromadorea,Rhabditida,Spirocercidae,Physocephalus
Cucullanus heterochrous,"England, Wales + Isle of Man",54.236107,-4.548056,2,marine,Animalia,Nematoda,Chromadorea,Rhabditida,Cucullanidae,Cucullanus
Nematodiroides zembrae,Spain + Andalusia,37.5442706,-4.7277528,1,terrestrial,Animalia,Nematoda,Chromadorea,Rhabditida,Molineidae,Nematodiroides
Protospirura muricola,Egypt,26.820553,30.802498,2,terrestrial,Animalia,Nematoda,Chromadorea,Rhabditida,Spiruridae,Protospirura
Mastophorus muris,Egypt,26.820553,30.802498,2,terrestrial,Animalia,Nematoda,Chromadorea,Rhabditida,Spirocercidae,Mastophorus
Echinocephalus pseudouncinatus,Mexico,23.634501,-102.552784,2,marine,Animalia,Nematoda,Chromadorea,Rhabditida,Gnathostomatidae,Echinocephalus
Trichuris ovis,Jordan,30.585164,36.238414,1,terrestrial,Animalia,Nematoda,Enoplea,Trichinellida,Trichinellidae,Trichocephalus
Cooperia oncophora,Jordan,30.585164,36.238414,1,terrestrial,Animalia,Nematoda,Chromadorea,Rhabditida,Trichostrongylidae,Cooperia
Enterobius vermicularis,Laos,19.85627,102.495496,1,terrestrial,Animalia,Nematoda,Chromadorea,Rhabditida,Oxyuridae,Enterobius
Toxocara canis,Thailand,15.870032,100.992541,2,terrestrial,Animalia,Nematoda,Chromadorea,Rhabditida,Ascarididae,Toxocara
Gnathostoma vietnamicum,Thailand,15.870032,100.992541,3,freshwater,Animalia,Nematoda,Chromadorea,Rhabditida,Gnathostomatidae,Gnathostoma
Ascarops strongylina,Europe,54.5259614,15.2551187,3,terrestrial,Animalia,Nematoda,Chromadorea,Rhabditida,Spirocercidae,Ascarops
Physocephalus sexalatus,Europe,54.5259614,15.2551187,3,terrestrial,Animalia,Nematoda,Chromadorea,Rhabditida,Spirocercidae,Physocephalus
Spirocerca lupi,Europe,54.5259614,15.2551187,3,terrestrial,Animalia,Nematoda,Chromadorea,Rhabditida,Spirocercidae,Spirocerca
Anisakis simplex,Russia (Asian),61.52401,105.318756,4,marine,Animalia,Nematoda,Chromadorea,Rhabditida,Anisakidae,Anisakis
Pseudoterranova decipiens,Russia (Asian),61.52401,105.318756,4,marine,Animalia,Nematoda,Chromadorea,Rhabditida,Anisakidae,Pseudoterranova
Rhabdochona oncorhynchi,Russia (Asian),61.52401,105.318756,2,freshwater,Animalia,Nematoda,Chromadorea,Rhabditida,Rhabdochonidae,Rhabdochona
Salvelinema salmonicola,Russia (Asian),61.52401,105.318756,2,freshwater,Animalia,Nematoda,Chromadorea,Rhabditida,Cystidicolidae,Salvelinema
Camallanus lacustris,Russia (Asian),61.52401,105.318756,4,freshwater,Animalia,Nematoda,Chromadorea,Rhabditida,Camallanidae,Camallanus
Camallanus cotti,Russia (Asian),61.52401,105.318756,2,freshwater,Animalia,Nematoda,Chromadorea,Rhabditida,Camallanidae,Camallanus
Philonema oncorhynchi,Russia (Asian),61.52401,105.318756,2,freshwater,Animalia,Nematoda,Chromadorea,Rhabditida,Philonematidae,Philonema
Oswaldocruzia filiformis,Russia (Asian),61.52401,105.318756,1,terrestrial,Animalia,Nematoda,Chromadorea,Rhabditida,Molineidae,Oswaldocruzia
Eucoleus contortus,Spain + Andalusia,37.5442706,-4.7277528,2,terrestrial,Animalia,Nematoda,Enoplea,Trichinellida,Capillariidae,Capillaria
Cosmocephalus obvelatus,Spain + Andalusia,37.5442706,-4.7277528,3,freshwater,Animalia,Nematoda,Chromadorea,Rhabditida,Acuariidae,Cosmocephalus
Nematodirus battus,Quebec,52.9399159,-73.5491361,1,terrestrial,Animalia,Nematoda,Chromadorea,Rhabditida,Molineidae,Nematodirus
Nematodirus battus,Norway,60.47202399999999,8.468945999999999,1,terrestrial,Animalia,Nematoda,Chromadorea,Rhabditida,Molineidae,Nematodirus
Streptocara crassicauda,Russia (Asian),61.52401,105.318756,3,freshwater,Animalia,Nematoda,Chromadorea,Rhabditida,Acuariidae,Streptocara
Toxocara canis,United States,37.09024,-95.712891,2,terrestrial,Animalia,Nematoda,Chromadorea,Rhabditida,Ascarididae,Toxocara
Toxocara cati,Yugoslavia,37.09024,-95.712891,2,terrestrial,Animalia,Nematoda,Chromadorea,Rhabditida,Ascarididae,Toxocara
Skrjabinocerca prima,Russia (Asian),61.52401,105.318756,2,terrestrial,Animalia,Nematoda,Chromadorea,Rhabditida,Acuariidae,Skrjabinocerca
Gongylonema ingluvicola,Yugoslavia,37.09024,-95.712891,2,terrestrial,Animalia,Nematoda,Chromadorea,Rhabditida,Gongylonematidae,Gongylonema
Oxyspirura mansoni,Germany,51.165691,10.451526,2,terrestrial,Animalia,Nematoda,Chromadorea,Rhabditida,Thelaziidae,Oxyspirura
Contracaecum micropapillatum,Italy,41.87194,12.56738,3,freshwater,Animalia,Nematoda,Chromadorea,Rhabditida,Anisakidae,Contracaecum
Raphidascaris acus,Adriatic Sea,41.85509039999999,17.2902839,3,freshwater,Animalia,Nematoda,Chromadorea,Rhabditida,Raphidascarididae,Raphidascaris
Sulcascaris sulcata,Italy,41.87194,12.56738,2,marine,Animalia,Nematoda,Chromadorea,Rhabditida,Anisakidae,Sulcascaris
Enterobius vermicularis,Ethiopia (incl. Dhibouti),11.59516,43.146473,1,terrestrial,Animalia,Nematoda,Chromadorea,Rhabditida,Oxyuridae,Enterobius
Ascaris lumbricoides,Malawi,-13.254308,34.301525,1,terrestrial,Animalia,Nematoda,Chromadorea,Rhabditida,Ascarididae,Ascaris
Skrjabinoptera phrynosoma,Antilles,18.53,-72.33,2,terrestrial,Animalia,Nematoda,Chromadorea,Rhabditida,Physalopteridae,Skrjabinoptera
Contracaecum microcephalum,Yugoslavia,37.09024,-95.712891,3,freshwater,Animalia,Nematoda,Chromadorea,Rhabditida,Anisakidae,Contracaecum
Contracaecum micropapillatum,Egypt,26.820553,30.802498,3,freshwater,Animalia,Nematoda,Chromadorea,Rhabditida,Anisakidae,Contracaecum
Dictyocaulus eckerti,Sweden,60.12816100000001,18.643501,1,terrestrial,Animalia,Nematoda,Chromadorea,Rhabditida,Metastrongylidae,Dictyocaulus
Oswaldocruzia filiformis,"Ukraine, incl. Moldavia",48.379433,31.1655799,1,terrestrial,Animalia,Nematoda,Chromadorea,Rhabditida,Molineidae,Oswaldocruzia
Trichostrongylus retortaeformis,Canary Islands,28.2915637,-16.6291304,1,terrestrial,Animalia,Nematoda,Chromadorea,Rhabditida,Trichostrongylidae,Trichostrongylus
Passalurus ambiguus,Canary Islands,28.2915637,-16.6291304,1,terrestrial,Animalia,Nematoda,Chromadorea,Rhabditida,Oxyuridae,Passalurus
Rictularia proni,Italy,41.87194,12.56738,2,terrestrial,Animalia,Nematoda,Chromadorea,Rhabditida,Rictulariidae,Rictularia
Ascaris suum,Eire + N. Ireland,54.7877149,-6.4923145,1,terrestrial,Animalia,Nematoda,Chromadorea,Rhabditida,Ascarididae,Ascaris
Muellerius capillaris,District of Columbia/Delaware/New Jersey/Maryland,39.0457549,-76.64127119999999,2,terrestrial,Animalia,Nematoda,Chromadorea,Rhabditida,Metastrongylidae,Muellerius
Rhabdochona ergensi,Russia (European),54.5259614,15.2551187,2,freshwater,Animalia,Nematoda,Chromadorea,Rhabditida,Rhabdochonidae,Rhabdochona
Rhabdochona phoxini,Russia (European),54.5259614,15.2551187,2,freshwater,Animalia,Nematoda,Chromadorea,Rhabditida,Rhabdochonidae,Rhabdochona
Rhabdochona denudata,Russia (European),54.5259614,15.2551187,2,freshwater,Animalia,Nematoda,Chromadorea,Rhabditida,Rhabdochonidae,Rhabdochona
Cystidicola farionis,Russia (European),54.5259614,15.2551187,3,freshwater,Animalia,Nematoda,Chromadorea,Rhabditida,Cystidicolidae,Cystidicola
Cystidicoloides tenuissima,Russia (European),54.5259614,15.2551187,3,freshwater,Animalia,Nematoda,Chromadorea,Rhabditida,Cystidicolidae,Salmonema
Camallanus lacustris,Russia (European),54.5259614,15.2551187,4,freshwater,Animalia,Nematoda,Chromadorea,Rhabditida,Camallanidae,Camallanus
Camallanus truncatus,Russia (European),54.5259614,15.2551187,2,freshwater,Animalia,Nematoda,Chromadorea,Rhabditida,Camallanidae,Camallanus
Philometra obturans,Russia (European),54.5259614,15.2551187,3,freshwater,Animalia,Nematoda,Chromadorea,Rhabditida,Philometridae,Philometra
Philometra rischta,Russia (European),54.5259614,15.2551187,2,freshwater,Animalia,Nematoda,Chromadorea,Rhabditida,Philometridae,Philometra
Raphidascaris acus,Russia (European),54.5259614,15.2551187,3,freshwater,Animalia,Nematoda,Chromadorea,Rhabditida,Raphidascarididae,Raphidascaris
Dictyocaulus viviparus,Idaho,44.0682019,-114.7420408,1,terrestrial,Animalia,Nematoda,Chromadorea,Rhabditida,Metastrongylidae,Dictyocaulus
Syphacia obvelata,Ethiopia (incl. Dhibouti),11.59516,43.146473,1,terrestrial,Animalia,Nematoda,Chromadorea,Rhabditida,Oxyuridae,Syphacia
Dictyocaulus eckerti,Yugoslavia,37.09024,-95.712891,1,terrestrial,Animalia,Nematoda,Chromadorea,Rhabditida,Metastrongylidae,Dictyocaulus
Haemonchus contortus,Thailand,15.870032,100.992541,1,terrestrial,Animalia,Nematoda,Chromadorea,Rhabditida,Trichostrongylidae,Haemonchus
Trichostrongylus colubriformis,Thailand,15.870032,100.992541,1,terrestrial,Animalia,Nematoda,Chromadorea,Rhabditida,Trichostrongylidae,Trichostrongylus
Trichostrongylus vitrinus,Iceland,64.963051,-19.020835,1,terrestrial,Animalia,Nematoda,Chromadorea,Rhabditida,Trichostrongylidae,Trichostrongylus
Cooperia oncophora,Iceland,64.963051,-19.020835,1,terrestrial,Animalia,Nematoda,Chromadorea,Rhabditida,Trichostrongylidae,Cooperia
Ascaridia columbae,Botswana,-22.328474,24.684866,1,terrestrial,Animalia,Nematoda,Chromadorea,Rhabditida,Ascaridiidae,Ascaridia
Contracaecum rudolphii,Germany,51.165691,10.451526,3,freshwater,Animalia,Nematoda,Chromadorea,Rhabditida,Anisakidae,Contracaecum
Pseudalius inflexus,Germany,51.165691,10.451526,2,marine,Animalia,Nematoda,Chromadorea,Rhabditida,Pseudaliidae,Pseudalius
Hedruris androphora,Germany,51.165691,10.451526,2,freshwater,Animalia,Nematoda,Chromadorea,Rhabditida,Hedruridae,Hedruris
Rhabdochona denudata,Italy,41.87194,12.56738,2,freshwater,Animalia,Nematoda,Chromadorea,Rhabditida,Rhabdochonidae,Rhabdochona
Eustrongylides ignotus,District of Columbia/Delaware/New Jersey/Maryland,39.0457549,-76.64127119999999,3,freshwater,Animalia,Nematoda,Enoplea,Dioctophymatida,Dioctophymatidae,Eustrongylides
Haemonchus placei,Venezuela,6.42375,-66.58973,1,terrestrial,Animalia,Nematoda,Chromadorea,Rhabditida,Trichostrongylidae,Haemonchus
Baylisascaris procyonis,British Columbia,53.7266683,-127.6476205,2,terrestrial,Animalia,Nematoda,Chromadorea,Rhabditida,Ascarididae,Baylisascaris
Acuaria hamulosa,Ghana,7.946527,-1.023194,2,terrestrial,Animalia,Nematoda,Chromadorea,Rhabditida,Acuariidae,Acuaria
Subulura suctoria,Ghana,7.946527,-1.023194,2,terrestrial,Animalia,Nematoda,Chromadorea,Rhabditida,Subuluridae,Subulura
Ascaridia galli,Ghana,7.946527,-1.023194,1,terrestrial,Animalia,Nematoda,Chromadorea,Rhabditida,Ascaridiidae,Ascaridia
Gongylonema ingluvicola,Ghana,7.946527,-1.023194,2,terrestrial,Animalia,Nematoda,Chromadorea,Rhabditida,Gongylonematidae,Gongylonema
Heterakis gallinarum,Ghana,7.946527,-1.023194,2,terrestrial,Animalia,Nematoda,Chromadorea,Rhabditida,Heterakidae,Heterakis
Trichostrongylus tenuis,Ghana,7.946527,-1.023194,1,terrestrial,Animalia,Nematoda,Chromadorea,Rhabditida,Trichostrongylidae,Trichostrongylus
Anisakis simplex,NW African coast,-8.783195,34.508523,4,marine,Animalia,Nematoda,Chromadorea,Rhabditida,Anisakidae,Anisakis
Streptocara crassicauda,Lake Baikal,53.5587003,108.1649965,3,freshwater,Animalia,Nematoda,Chromadorea,Rhabditida,Acuariidae,Streptocara
Heligmosomum mixtum,Finno-Karelian ASSR,63.15587019999999,32.9905552,1,terrestrial,Animalia,Nematoda,Chromadorea,Rhabditida,Heligmosomidae,Heligmosomum
Raphidascaris acus,Wisconsin,43.7844397,-88.7878678,3,freshwater,Animalia,Nematoda,Chromadorea,Rhabditida,Raphidascarididae,Raphidascaris
Dichelyne cotylophora,Wisconsin,43.7844397,-88.7878678,2,freshwater,Animalia,Nematoda,Chromadorea,Rhabditida,Cucullanidae,Dichelyne
Spinitectus gracilis,Wisconsin,43.7844397,-88.7878678,3,freshwater,Animalia,Nematoda,Chromadorea,Rhabditida,Cystidicolidae,Spinitectus
Aplectana macintoshii,Sudan,12.862807,30.217636,1,terrestrial,Animalia,Nematoda,Chromadorea,Rhabditida,Cosmocercidae,Oxysomatium
Hexametra quadricornis,Malawi,-13.254308,34.301525,2,terrestrial,Animalia,Nematoda,Chromadorea,Rhabditida,Ascarididae,Hexametra
Anguillicola crassus,Estonia + Latvia,56.95962400000001,24.1016552,3,freshwater,Animalia,Nematoda,Chromadorea,Rhabditida,Anguillicolidae,Anguillicola
Raphidascaris acus,Estonia + Latvia,56.95962400000001,24.1016552,3,freshwater,Animalia,Nematoda,Chromadorea,Rhabditida,Raphidascarididae,Raphidascaris
Camallanus lacustris,Estonia + Latvia,56.95962400000001,24.1016552,4,freshwater,Animalia,Nematoda,Chromadorea,Rhabditida,Camallanidae,Camallanus
Ophidascaris labiatopapillosa,California,36.778261,-119.4179324,2,freshwater,Animalia,Nematoda,Chromadorea,Rhabditida,Ascarididae,Ophidascaris
Anisakis simplex,Pacific coast of USA,62.4113634,-149.0729714,4,marine,Animalia,Nematoda,Chromadorea,Rhabditida,Anisakidae,Anisakis
Heterakis spumosa,Iceland,64.963051,-19.020835,2,terrestrial,Animalia,Nematoda,Chromadorea,Rhabditida,Heterakidae,Heterakis
Cooperia pectinata,Vietnam,14.058324,108.277199,1,terrestrial,Animalia,Nematoda,Chromadorea,Rhabditida,Trichostrongylidae,Cooperia
Cooperia oncophora,Vietnam,14.058324,108.277199,1,terrestrial,Animalia,Nematoda,Chromadorea,Rhabditida,Trichostrongylidae,Cooperia
Trichostrongylus axei,Vietnam,14.058324,108.277199,1,terrestrial,Animalia,Nematoda,Chromadorea,Rhabditida,Trichostrongylidae,Trichostrongylus
Trichostrongylus colubriformis,Vietnam,14.058324,108.277199,1,terrestrial,Animalia,Nematoda,Chromadorea,Rhabditida,Trichostrongylidae,Trichostrongylus
Cucullanus heterochrous,Denmark,56.26392,9.501785,2,marine,Animalia,Nematoda,Chromadorea,Rhabditida,Cucullanidae,Cucullanus
Cooperia oncophora,Sweden,60.12816100000001,18.643501,1,terrestrial,Animalia,Nematoda,Chromadorea,Rhabditida,Trichostrongylidae,Cooperia
Parelaphostrongylus tenuis,Saskatchewan,52.9399159,-106.4508639,2,terrestrial,Animalia,Nematoda,Chromadorea,Rhabditida,Metastrongylidae,Parelaphostrongylus
Rhabdochona cascadilla,Nearctic,53.569001,-113.571487,2,freshwater,Animalia,Nematoda,Chromadorea,Rhabditida,Rhabdochonidae,Rhabdochona
Spinitectus carolini,Nearctic,53.569001,-113.571487,3,freshwater,Animalia,Nematoda,Chromadorea,Rhabditida,Cystidicolidae,Spinitectus
Heterakis gallinarum,"England, Wales + Isle of Man",54.236107,-4.548056,2,terrestrial,Animalia,Nematoda,Chromadorea,Rhabditida,Heterakidae,Heterakis
Pseudoterranova cattani,Chilean coast,-32.98,-71.00999999999999,4,marine,Animalia,Nematoda,Chromadorea,Rhabditida,Anisakidae,Pseudoterranova
Cylicocyclus nassatus,Australia,-25.274398,133.775136,1,terrestrial,Animalia,Nematoda,Chromadorea,Rhabditida,Strongylidae,Cylicocyclus
Strongylus edentatus,Australia,-25.274398,133.775136,1,terrestrial,Animalia,Nematoda,Chromadorea,Rhabditida,Strongylidae,Strongylus
Strongylus edentatus,United States,37.09024,-95.712891,1,terrestrial,Animalia,Nematoda,Chromadorea,Rhabditida,Strongylidae,Strongylus
Strongylus equinus,United States,37.09024,-95.712891,1,terrestrial,Animalia,Nematoda,Chromadorea,Rhabditida,Strongylidae,Strongylus
Strongylus vulgaris,Australia,-25.274398,133.775136,1,terrestrial,Animalia,Nematoda,Chromadorea,Rhabditida,Strongylidae,Strongylus
Strongylus vulgaris,United States,37.09024,-95.712891,1,terrestrial,Animalia,Nematoda,Chromadorea,Rhabditida,Strongylidae,Strongylus
Philonema sibirica,Yakut ASSR,66.7613451,124.123753,2,freshwater,Animalia,Nematoda,Chromadorea,Rhabditida,Philonematidae,Philonema
Raphidascaris acus,Yakut ASSR,66.7613451,124.123753,3,freshwater,Animalia,Nematoda,Chromadorea,Rhabditida,Raphidascarididae,Raphidascaris
Cystidicola farionis,Yakut ASSR,66.7613451,124.123753,3,freshwater,Animalia,Nematoda,Chromadorea,Rhabditida,Cystidicolidae,Cystidicola
Passalurus ambiguus,Byelorussia,53.709807,27.953389,1,terrestrial,Animalia,Nematoda,Chromadorea,Rhabditida,Oxyuridae,Passalurus
Trichostrongylus colubriformis,Byelorussia,53.709807,27.953389,1,terrestrial,Animalia,Nematoda,Chromadorea,Rhabditida,Trichostrongylidae,Trichostrongylus
Trichostrongylus retortaeformis,Byelorussia,53.709807,27.953389,1,terrestrial,Animalia,Nematoda,Chromadorea,Rhabditida,Trichostrongylidae,Trichostrongylus
Anisakis simplex,Denmark,56.26392,9.501785,4,marine,Animalia,Nematoda,Chromadorea,Rhabditida,Anisakidae,Anisakis
Pseudocapillaria tomentosa,Mexico,23.634501,-102.552784,2,freshwater,Animalia,Nematoda,Enoplea,Trichinellida,Capillariidae,Pseudocapillaria
Oesophagostomum columbianum,Ethiopia (incl. Dhibouti),11.59516,43.146473,1,terrestrial,Animalia,Nematoda,Chromadorea,Rhabditida,Strongylidae,Oesophagostomum
Trichuris skrjabini,Ethiopia (incl. Dhibouti),11.59516,43.146473,1,terrestrial,Animalia,Nematoda,Enoplea,Trichinellida,Trichuridae,Trichuris
Dictyocaulus filaria,Kashmir + Jammu,32.7266016,74.8570259,1,terrestrial,Animalia,Nematoda,Chromadorea,Rhabditida,Metastrongylidae,Dictyocaulus
Anisakis brevispiculata,Western Iberian coast,40.4830106,-4.087557299999999,4,marine,Animalia,Nematoda,Chromadorea,Rhabditida,Anisakidae,Skrjabinisakis
Cylicostephanus longibursatus,"England, Wales + Isle of Man",54.236107,-4.548056,1,terrestrial,Animalia,Nematoda,Chromadorea,Rhabditida,Strongylidae,Cylicostephanus
Cyathostomum catinatum,"England, Wales + Isle of Man",54.236107,-4.548056,1,terrestrial,Animalia,Nematoda,Chromadorea,Rhabditida,Strongylidae,Cyathostomum
Rhabdochona ergensi,Finno-Karelian ASSR,63.15587019999999,32.9905552,2,freshwater,Animalia,Nematoda,Chromadorea,Rhabditida,Rhabdochonidae,Rhabdochona
Philonema sibirica,Finno-Karelian ASSR,63.15587019999999,32.9905552,2,freshwater,Animalia,Nematoda,Chromadorea,Rhabditida,Philonematidae,Philonema
Philometroides sanguinea,Finno-Karelian ASSR,63.15587019999999,32.9905552,2,freshwater,Animalia,Nematoda,Chromadorea,Rhabditida,Philometridae,Philometroides
Eustrongylides excisus,Finno-Karelian ASSR,63.15587019999999,32.9905552,3,freshwater,Animalia,Nematoda,Enoplea,Dioctophymatida,Dioctophymatidae,Eustrongylides
Serpinema trispinosum,Nicaragua,12.865416,-85.207229,3,freshwater,Animalia,Nematoda,Chromadorea,Rhabditida,Camallanidae,Serpinema
Trichuris ovis,Papua New Guinea,-6.314992999999999,143.95555,1,terrestrial,Animalia,Nematoda,Enoplea,Trichinellida,Trichinellidae,Trichocephalus
Trichuris skrjabini,Papua New Guinea,-6.314992999999999,143.95555,1,terrestrial,Animalia,Nematoda,Enoplea,Trichinellida,Trichuridae,Trichuris
Anguillicola crassus,Adriatic Sea,41.85509039999999,17.2902839,3,freshwater,Animalia,Nematoda,Chromadorea,Rhabditida,Anguillicolidae,Anguillicola
Cosmocephalus obvelatus,Adriatic Sea,41.85509039999999,17.2902839,3,freshwater,Animalia,Nematoda,Chromadorea,Rhabditida,Acuariidae,Cosmocephalus
Baruscapillaria obsignata,Italy,41.87194,12.56738,1,terrestrial,Animalia,Nematoda,Enoplea,Trichinellida,Capillariidae,Baruscapillaria
Ornithostrongylus quadriradiatus,Italy,41.87194,12.56738,1,terrestrial,Animalia,Nematoda,Chromadorea,Rhabditida,Heligmosomidae,Ornithostrongylus
Neostrongylus linearis,Sardinia,40.1208752,9.012892599999999,2,terrestrial,Animalia,Nematoda,Chromadorea,Rhabditida,Metastrongylidae,Neostrongylus
Muellerius capillaris,Sardinia,40.1208752,9.012892599999999,2,terrestrial,Animalia,Nematoda,Chromadorea,Rhabditida,Metastrongylidae,Muellerius
Cystocaulus ocreatus,Sardinia,40.1208752,9.012892599999999,2,terrestrial,Animalia,Nematoda,Chromadorea,Rhabditida,Metastrongylidae,Cystocaulus
Dictyocaulus filaria,Sardinia,40.1208752,9.012892599999999,1,terrestrial,Animalia,Nematoda,Chromadorea,Rhabditida,Metastrongylidae,Dictyocaulus
Aelurostrongylus falciformis,Italy,41.87194,12.56738,2,terrestrial,Animalia,Nematoda,Chromadorea,Rhabditida,Metastrongylidae,Aelurostrongylus
Anisakis ziphidarum,Mediterranean,34.5531284,18.0480105,4,marine,Animalia,Nematoda,Chromadorea,Rhabditida,Anisakidae,Anisakis
Anisakis brevispiculata,Mediterranean,34.5531284,18.0480105,4,marine,Animalia,Nematoda,Chromadorea,Rhabditida,Anisakidae,Skrjabinisakis
Anisakis simplex,Italy,41.87194,12.56738,4,marine,Animalia,Nematoda,Chromadorea,Rhabditida,Anisakidae,Anisakis
Anisakis pegreffii,Italy,41.87194,12.56738,4,marine,Animalia,Nematoda,Chromadorea,Rhabditida,Anisakidae,Anisakis
Sterliadochona ephemeridarum,North Carolina,35.7595731,-79.01929969999999,2,freshwater,Animalia,Nematoda,Chromadorea,Rhabditida,Cystidicolidae,Salmonema
Eucoleus aerophilus,European USSR (CIS),54.5259614,15.2551187,2,terrestrial,Animalia,Nematoda,Enoplea,Trichinellida,Capillariidae,Eucoleus
Rhabdochona kidderi,Central America,12.7690126,-85.60236429999999,2,freshwater,Animalia,Nematoda,Chromadorea,Rhabditida,Rhabdochonidae,Rhabdochona
Serpinema trispinosum,Central America,12.7690126,-85.60236429999999,3,freshwater,Animalia,Nematoda,Chromadorea,Rhabditida,Camallanidae,Serpinema
Trichostrongylus retortaeformis,Australia,-25.274398,133.775136,1,terrestrial,Animalia,Nematoda,Chromadorea,Rhabditida,Trichostrongylidae,Trichostrongylus
Toxocara pteropodis,Florida,27.6648274,-81.5157535,1,terrestrial,Animalia,Nematoda,Chromadorea,Rhabditida,Ascarididae,Toxocara
Gallegostrongylus australis,New South Wales,-31.2532183,146.921099,2,terrestrial,Animalia,Nematoda,Chromadorea,Rhabditida,Metastrongylidae,Gallegostrongylus
Trichuris trichiura,Rwanda,-1.940278,29.873888,1,terrestrial,Animalia,Nematoda,Enoplea,Trichinellida,Trichuridae,Trichuris
Aonchotheca bovis,United States,37.09024,-95.712891,1,terrestrial,Animalia,Nematoda,Enoplea,Trichinellida,Capillariidae,Aonchotheca
Pearsonema plica,Europe,54.5259614,15.2551187,2,terrestrial,Animalia,Nematoda,Enoplea,Trichinellida,Trichuridae,Pearsonema
Gongylonema pulchrum,Costa Rica,9.748916999999999,-83.753428,2,terrestrial,Animalia,Nematoda,Chromadorea,Rhabditida,Gongylonematidae,Gongylonema
Parelaphostrongylus tenuis,Costa Rica,9.748916999999999,-83.753428,2,terrestrial,Animalia,Nematoda,Chromadorea,Rhabditida,Metastrongylidae,Parelaphostrongylus
Rhabdochona kidderi,Nicaragua,12.865416,-85.207229,2,freshwater,Animalia,Nematoda,Chromadorea,Rhabditida,Rhabdochonidae,Rhabdochona
Rhabdochona canadensis,Mexico,23.634501,-102.552784,2,freshwater,Animalia,Nematoda,Chromadorea,Rhabditida,Rhabdochonidae,Rhabdochona
Syphacia muris,Vietnam,14.058324,108.277199,1,terrestrial,Animalia,Nematoda,Chromadorea,Rhabditida,Oxyuridae,Syphacia
Gongylonema neoplasticum,Vietnam,14.058324,108.277199,2,terrestrial,Animalia,Nematoda,Chromadorea,Rhabditida,Gongylonematidae,Gongylonema
Cosmocephalus obvelatus,Egypt,26.820553,30.802498,3,freshwater,Animalia,Nematoda,Chromadorea,Rhabditida,Acuariidae,Cosmocephalus
Cosmocephalus obvelatus,Canada,56.130366,-106.346771,3,freshwater,Animalia,Nematoda,Chromadorea,Rhabditida,Acuariidae,Cosmocephalus
Cosmocephalus obvelatus,New Zealand,-40.900557,174.885971,3,freshwater,Animalia,Nematoda,Chromadorea,Rhabditida,Acuariidae,Cosmocephalus
Contracaecum rudolphii,Spain + Andalusia,37.5442706,-4.7277528,3,freshwater,Animalia,Nematoda,Chromadorea,Rhabditida,Anisakidae,Contracaecum
Dictyocaulus viviparus,Uzbekistan,41.377491,64.585262,1,terrestrial,Animalia,Nematoda,Chromadorea,Rhabditida,Metastrongylidae,Dictyocaulus
Trichostrongylus colubriformis,Uzbekistan,41.377491,64.585262,1,terrestrial,Animalia,Nematoda,Chromadorea,Rhabditida,Trichostrongylidae,Trichostrongylus
Teladorsagia circumcincta,Uzbekistan,41.377491,64.585262,1,terrestrial,Animalia,Nematoda,Chromadorea,Rhabditida,Trichostrongylidae,Ostertagia
Baylisascaris devosi,Byelorussia,53.709807,27.953389,2,terrestrial,Animalia,Nematoda,Chromadorea,Rhabditida,Ascarididae,Baylisascaris
Cylicocyclus nassatus,Europe,54.5259614,15.2551187,1,terrestrial,Animalia,Nematoda,Chromadorea,Rhabditida,Strongylidae,Cylicocyclus
Trichostrongylus axei,Bangladesh,23.684994,90.356331,1,terrestrial,Animalia,Nematoda,Chromadorea,Rhabditida,Trichostrongylidae,Trichostrongylus
Toxocara cati,Mongolia,46.862496,103.846656,2,terrestrial,Animalia,Nematoda,Chromadorea,Rhabditida,Ascarididae,Toxocara
Trichuris vulpis,Tunisia,33.886917,9.537499,1,terrestrial,Animalia,Nematoda,Enoplea,Trichinellida,Trichuridae,Trichuris
Cosmocephalus obvelatus,"Ukraine, incl. Moldavia",48.379433,31.1655799,3,freshwater,Animalia,Nematoda,Chromadorea,Rhabditida,Acuariidae,Cosmocephalus
Trichostrongylus retortaeformis,Yakut ASSR,66.7613451,124.123753,1,terrestrial,Animalia,Nematoda,Chromadorea,Rhabditida,Trichostrongylidae,Trichostrongylus
Spirura malayensis,Malaya,3.17,101.7,2,terrestrial,Animalia,Nematoda,Chromadorea,Rhabditida,Spiruridae,Spirura
Spirura rytipleurites,Europe,54.5259614,15.2551187,2,terrestrial,Animalia,Nematoda,Chromadorea,Rhabditida,Spiruridae,Spirura
Spirura rytipleurites,Morocco,31.791702,-7.092619999999999,2,terrestrial,Animalia,Nematoda,Chromadorea,Rhabditida,Spiruridae,Spirura
Spirura talpae,Europe,54.5259614,15.2551187,2,terrestrial,Animalia,Nematoda,Chromadorea,Rhabditida,Spiruridae,Spirura
Philometra ovata,Yugoslavia,37.09024,-95.712891,2,freshwater,Animalia,Nematoda,Chromadorea,Rhabditida,Philometridae,Philometra
Philometroides cyprini,Yugoslavia,37.09024,-95.712891,2,freshwater,Animalia,Nematoda,Chromadorea,Rhabditida,Philometridae,Philometroides
Toxocara canis,"Ukraine, incl. Moldavia",48.379433,31.1655799,2,terrestrial,Animalia,Nematoda,Chromadorea,Rhabditida,Ascarididae,Toxocara
Toxascaris leonina,"Ukraine, incl. Moldavia",48.379433,31.1655799,2,terrestrial,Animalia,Nematoda,Chromadorea,Rhabditida,Ascarididae,Toxascaris
Cyathostomum catinatum,"Ukraine, incl. Moldavia",48.379433,31.1655799,1,terrestrial,Animalia,Nematoda,Chromadorea,Rhabditida,Strongylidae,Cyathostomum
Cylicocyclus nassatus,Kazakstan,48.019573,66.923684,1,terrestrial,Animalia,Nematoda,Chromadorea,Rhabditida,Strongylidae,Cylicocyclus
Cylicostephanus longibursatus,Kazakstan,48.019573,66.923684,1,terrestrial,Animalia,Nematoda,Chromadorea,Rhabditida,Strongylidae,Cylicostephanus
Capillaria gracilis,Western Iberian coast,40.4830106,-4.087557299999999,3,marine,Animalia,Nematoda,Enoplea,Trichinellida,Capillariidae,Capillaria
Nematodirus battus,Sweden,60.12816100000001,18.643501,1,terrestrial,Animalia,Nematoda,Chromadorea,Rhabditida,Molineidae,Nematodirus
Cyrnea colini,Kansas,39.011902,-98.4842465,2,terrestrial,Animalia,Nematoda,Chromadorea,Rhabditida,Habronematidae,Cyrnea
Varestrongylus capreoli,Germany,51.165691,10.451526,2,terrestrial,Animalia,Nematoda,Chromadorea,Rhabditida,Metastrongylidae,Varestrongylus
Heterakis spumosa,Nepal,28.394857,84.12400799999999,2,terrestrial,Animalia,Nematoda,Chromadorea,Rhabditida,Heterakidae,Heterakis
Rictularia cristata,Nepal,28.394857,84.12400799999999,2,terrestrial,Animalia,Nematoda,Chromadorea,Rhabditida,Rictulariidae,Rictularia
Amidostomum anseris,Japan,36.204824,138.252924,1,freshwater,Animalia,Nematoda,Chromadorea,Rhabditida,Amidostomidae,Amidostomum
Dictyocaulus viviparus,Iran,32.427908,53.688046,1,terrestrial,Animalia,Nematoda,Chromadorea,Rhabditida,Metastrongylidae,Dictyocaulus
Elaphostrongylus cervi,Spain + Andalusia,37.5442706,-4.7277528,2,terrestrial,Animalia,Nematoda,Chromadorea,Rhabditida,Metastrongylidae,Elaphostrongylus
Uncinaria stenocephala,Mexico,23.634501,-102.552784,1,terrestrial,Animalia,Nematoda,Chromadorea,Rhabditida,Ancylostomatidae,Uncinaria
Spirocerca lupi,Mexico,23.634501,-102.552784,3,terrestrial,Animalia,Nematoda,Chromadorea,Rhabditida,Spirocercidae,Spirocerca
Trichuris vulpis,Mexico,23.634501,-102.552784,1,terrestrial,Animalia,Nematoda,Enoplea,Trichinellida,Trichuridae,Trichuris
Serratospiculum tendo,Southwest Europe,41.2745004,-1.2121322,2,terrestrial,Animalia,Nematoda,Chromadorea,Rhabditida,Diplotriaenidae,Serratospiculum
Varestrongylus sagittatus,Spain + Andalusia,37.5442706,-4.7277528,2,terrestrial,Animalia,Nematoda,Chromadorea,Rhabditida,Metastrongylidae,Varestrongylus
Eucoleus contortus,Japan,36.204824,138.252924,2,terrestrial,Animalia,Nematoda,Enoplea,Trichinellida,Capillariidae,Capillaria
Oesophagostomum columbianum,Mexico,23.634501,-102.552784,1,terrestrial,Animalia,Nematoda,Chromadorea,Rhabditida,Strongylidae,Oesophagostomum
Turgida turgida,California,36.778261,-119.4179324,2,terrestrial,Animalia,Nematoda,Chromadorea,Rhabditida,Physalopteridae,Turgida
Anisakis simplex,Pacific coast of Indonesia,-0.789275,113.921327,4,marine,Animalia,Nematoda,Chromadorea,Rhabditida,Anisakidae,Anisakis
Skrjabinoptera phrynosoma,Cuba,21.521757,-77.781167,2,terrestrial,Animalia,Nematoda,Chromadorea,Rhabditida,Physalopteridae,Skrjabinoptera
Ascaridia galli,Germany,51.165691,10.451526,1,terrestrial,Animalia,Nematoda,Chromadorea,Rhabditida,Ascaridiidae,Ascaridia
Cyathostomum catinatum,Louisiana,30.9842977,-91.96233269999999,1,terrestrial,Animalia,Nematoda,Chromadorea,Rhabditida,Strongylidae,Cyathostomum
Cylicocyclus nassatus,Louisiana,30.9842977,-91.96233269999999,1,terrestrial,Animalia,Nematoda,Chromadorea,Rhabditida,Strongylidae,Cylicocyclus
Cylicostephanus longibursatus,Louisiana,30.9842977,-91.96233269999999,1,terrestrial,Animalia,Nematoda,Chromadorea,Rhabditida,Strongylidae,Cylicostephanus
Oxyuris equi,Louisiana,30.9842977,-91.96233269999999,1,terrestrial,Animalia,Nematoda,Chromadorea,Rhabditida,Oxyuridae,Oxyuris
Raphidascaris acus,Atlantic Ocean,-14.5994134,-28.6731465,3,freshwater,Animalia,Nematoda,Chromadorea,Rhabditida,Raphidascarididae,Raphidascaris
Ascarophis arctica,Atlantic Ocean,-14.5994134,-28.6731465,2,marine,Animalia,Nematoda,Chromadorea,Rhabditida,Cystidicolidae,Ascarophis
Ascarophis filiformis,Atlantic Ocean,-14.5994134,-28.6731465,2,marine,Animalia,Nematoda,Chromadorea,Rhabditida,Cystidicolidae,Ascarophis
Capillaria gracilis,Atlantic Ocean,-14.5994134,-28.6731465,3,marine,Animalia,Nematoda,Enoplea,Trichinellida,Capillariidae,Capillaria
Cucullanus heterochrous,Atlantic Ocean,-14.5994134,-28.6731465,2,marine,Animalia,Nematoda,Chromadorea,Rhabditida,Cucullanidae,Cucullanus
Toxascaris leonina,Switzerland + Lichtenstein,47.3682887,8.5374552,2,terrestrial,Animalia,Nematoda,Chromadorea,Rhabditida,Ascarididae,Toxascaris
Aelurostrongylus abstrusus,Switzerland + Lichtenstein,47.3682887,8.5374552,3,terrestrial,Animalia,Nematoda,Chromadorea,Rhabditida,Metastrongylidae,Aelurostrongylus
Oxyuris equi,France,46.227638,2.213749,1,terrestrial,Animalia,Nematoda,Chromadorea,Rhabditida,Oxyuridae,Oxyuris
Parascaris equorum,France,46.227638,2.213749,1,terrestrial,Animalia,Nematoda,Chromadorea,Rhabditida,Ascarididae,Parascaris
Philometra obturans,Finland,61.92410999999999,25.7481511,3,freshwater,Animalia,Nematoda,Chromadorea,Rhabditida,Philometridae,Philometra
Libyostrongylus douglassii,Scotland,56.49067119999999,-4.2026458,1,terrestrial,Animalia,Nematoda,Chromadorea,Rhabditida,Trichostrongylidae,Libyostrongylus
Ascaris suum,Botswana,-22.328474,24.684866,1,terrestrial,Animalia,Nematoda,Chromadorea,Rhabditida,Ascarididae,Ascaris
Trichuris suis,Botswana,-22.328474,24.684866,1,terrestrial,Animalia,Nematoda,Enoplea,Trichinellida,Trichuridae,Trichuris
Anisakis simplex,Aegean Sea,39.019184,25.268555,4,marine,Animalia,Nematoda,Chromadorea,Rhabditida,Anisakidae,Anisakis
Toxascaris leonina,Vietnam,14.058324,108.277199,2,terrestrial,Animalia,Nematoda,Chromadorea,Rhabditida,Ascarididae,Toxascaris
Physaloptera praeputialis,Sudan,12.862807,30.217636,3,terrestrial,Animalia,Nematoda,Chromadorea,Rhabditida,Physalopteridae,Physaloptera
Toxocara cati,Sudan,12.862807,30.217636,2,terrestrial,Animalia,Nematoda,Chromadorea,Rhabditida,Ascarididae,Toxocara
Ascaridia galli,Botswana,-22.328474,24.684866,1,terrestrial,Animalia,Nematoda,Chromadorea,Rhabditida,Ascaridiidae,Ascaridia
Heterakis gallinarum,Botswana,-22.328474,24.684866,2,terrestrial,Animalia,Nematoda,Chromadorea,Rhabditida,Heterakidae,Heterakis
Trichuris trichiura,Taiwan,23.69781,120.960515,1,terrestrial,Animalia,Nematoda,Enoplea,Trichinellida,Trichuridae,Trichuris
Trichuris vulpis,Iceland,64.963051,-19.020835,1,terrestrial,Animalia,Nematoda,Enoplea,Trichinellida,Trichuridae,Trichuris
Dictyocaulus eckerti,New Zealand,-40.900557,174.885971,1,terrestrial,Animalia,Nematoda,Chromadorea,Rhabditida,Metastrongylidae,Dictyocaulus
Oesophagostomum venulosum,Byelorussia,53.709807,27.953389,1,terrestrial,Animalia,Nematoda,Chromadorea,Rhabditida,Strongylidae,Oesophagostomum
Chabertia ovina,Byelorussia,53.709807,27.953389,1,terrestrial,Animalia,Nematoda,Chromadorea,Rhabditida,Strongylidae,Chabertia
Contracaecum microcephalum,Black Sea,43.41302899999999,34.299316,3,freshwater,Animalia,Nematoda,Chromadorea,Rhabditida,Anisakidae,Contracaecum
Echinocephalus sinensis,Black Sea,43.41302899999999,34.299316,2,marine,Animalia,Nematoda,Chromadorea,Rhabditida,Gnathostomatidae,Echinocephalus
Skrjabinema ovis,Argentina,-38.416097,-63.61667199999999,1,terrestrial,Animalia,Nematoda,Chromadorea,Rhabditida,Oxyuridae,Skrjabinema
Anisakis typica,Off Azores/Canary/Cape Verde Isles,28.2915637,-16.6291304,4,marine,Animalia,Nematoda,Chromadorea,Rhabditida,Anisakidae,Anisakis
Anisakis simplex,Off Azores/Canary/Cape Verde Isles,28.2915637,-16.6291304,4,marine,Animalia,Nematoda,Chromadorea,Rhabditida,Anisakidae,Anisakis
Anisakis pegreffii,Off Azores/Canary/Cape Verde Isles,28.2915637,-16.6291304,4,marine,Animalia,Nematoda,Chromadorea,Rhabditida,Anisakidae,Anisakis
Anisakis ziphidarum,Off Azores/Canary/Cape Verde Isles,28.2915637,-16.6291304,4,marine,Animalia,Nematoda,Chromadorea,Rhabditida,Anisakidae,Anisakis
Nematodirus helvetianus,Quebec,52.9399159,-73.5491361,1,terrestrial,Animalia,Nematoda,Chromadorea,Rhabditida,Molineidae,Nematodirus
Varestrongylus capreoli,France,46.227638,2.213749,2,terrestrial,Animalia,Nematoda,Chromadorea,Rhabditida,Metastrongylidae,Varestrongylus
Gongylonema soricis,Byelorussia,53.709807,27.953389,2,terrestrial,Animalia,Nematoda,Chromadorea,Rhabditida,Gongylonematidae,Gongylonema
Aonchotheca putorii,Byelorussia,53.709807,27.953389,2,terrestrial,Animalia,Nematoda,Enoplea,Trichinellida,Capillariidae,Aonchotheca
Eucoleus aerophilus,Byelorussia,53.709807,27.953389,2,terrestrial,Animalia,Nematoda,Enoplea,Trichinellida,Capillariidae,Eucoleus
Pearsonema mucronata,Byelorussia,53.709807,27.953389,2,terrestrial,Animalia,Nematoda,Enoplea,Trichinellida,Trichuridae,Pearsonema
Spirura talpae,Byelorussia,53.709807,27.953389,2,terrestrial,Animalia,Nematoda,Chromadorea,Rhabditida,Spiruridae,Spirura
Gongylonema neoplasticum,Iran,32.427908,53.688046,2,terrestrial,Animalia,Nematoda,Chromadorea,Rhabditida,Gongylonematidae,Gongylonema
Heterakis spumosa,Iran,32.427908,53.688046,2,terrestrial,Animalia,Nematoda,Chromadorea,Rhabditida,Heterakidae,Heterakis
Trichosomoides crassicauda,Iran,32.427908,53.688046,1,terrestrial,Animalia,Nematoda,Enoplea,Trichinellida,Trichosomoididae,Trichosomoides
Amidostomum anseris,Iran,32.427908,53.688046,1,freshwater,Animalia,Nematoda,Chromadorea,Rhabditida,Amidostomidae,Amidostomum
Hystrichis tricolor,Iran,32.427908,53.688046,2,freshwater,Animalia,Nematoda,Enoplea,Dioctophymatida,Dioctophymatidae,Hystrichis
Ascaridia galli,Iran,32.427908,53.688046,1,terrestrial,Animalia,Nematoda,Chromadorea,Rhabditida,Ascaridiidae,Ascaridia
Capillaria anatis,Iran,32.427908,53.688046,2,terrestrial,Animalia,Nematoda,Enoplea,Trichinellida,Capillariidae,Capillaria
Heterakis gallinarum,Iran,32.427908,53.688046,2,terrestrial,Animalia,Nematoda,Chromadorea,Rhabditida,Heterakidae,Heterakis
Trichostrongylus tenuis,Iran,32.427908,53.688046,1,terrestrial,Animalia,Nematoda,Chromadorea,Rhabditida,Trichostrongylidae,Trichostrongylus
Camallanus oxycephalus,Mexico,23.634501,-102.552784,3,freshwater,Animalia,Nematoda,Chromadorea,Rhabditida,Camallanidae,Camallanus
Trichuris vulpis,Denmark,56.26392,9.501785,1,terrestrial,Animalia,Nematoda,Enoplea,Trichinellida,Trichuridae,Trichuris
Aplectana macintoshii,Kuwait,29.31166,47.481766,1,terrestrial,Animalia,Nematoda,Chromadorea,Rhabditida,Cosmocercidae,Oxysomatium
Raphidascaris acus,Russia (Asian),61.52401,105.318756,3,freshwater,Animalia,Nematoda,Chromadorea,Rhabditida,Raphidascarididae,Raphidascaris
Rhabdochona coronacauda,Russia (Asian),61.52401,105.318756,2,freshwater,Animalia,Nematoda,Chromadorea,Rhabditida,Rhabdochonidae,Rhabdochona
Ostertagia ostertagi,Pakistan,30.375321,69.34511599999999,1,terrestrial,Animalia,Nematoda,Chromadorea,Rhabditida,Trichostrongylidae,Ostertagia
Dispharynx nasuta,"Ukraine, incl. Moldavia",48.379433,31.1655799,2,terrestrial,Animalia,Nematoda,Chromadorea,Rhabditida,Acuariidae,Dispharynx
Streptocara crassicauda,"Ukraine, incl. Moldavia",48.379433,31.1655799,3,freshwater,Animalia,Nematoda,Chromadorea,Rhabditida,Acuariidae,Streptocara
Desportesius brevicaudatus,"Ukraine, incl. Moldavia",48.379433,31.1655799,4,freshwater,Animalia,Nematoda,Chromadorea,Rhabditida,Acuariidae,Desportesius
Echinuria uncinata,"Ukraine, incl. Moldavia",48.379433,31.1655799,2,freshwater,Animalia,Nematoda,Chromadorea,Rhabditida,Acuariidae,Echinuria
Acuaria anthuris,"Ukraine, incl. Moldavia",48.379433,31.1655799,2,terrestrial,Animalia,Nematoda,Chromadorea,Rhabditida,Acuariidae,Acuaria
Acuaria subula,"Ukraine, incl. Moldavia",48.379433,31.1655799,2,terrestrial,Animalia,Nematoda,Chromadorea,Rhabditida,Acuariidae,Acuaria
Cucullanus cirratus,South China Sea,15.488092,114.404754,3,marine,Animalia,Nematoda,Chromadorea,Rhabditida,Cucullanidae,Cucullanus
Anguillicola crassus,East China Sea/ Yellow Sea,35.4942771,123.7964613,3,freshwater,Animalia,Nematoda,Chromadorea,Rhabditida,Anguillicolidae,Anguillicola
Anguillicola globiceps,East China Sea/ Yellow Sea,35.4942771,123.7964613,3,freshwater,Animalia,Nematoda,Chromadorea,Rhabditida,Anguillicolidae,Anguillicola
Haemonchus placei,United States,37.09024,-95.712891,1,terrestrial,Animalia,Nematoda,Chromadorea,Rhabditida,Trichostrongylidae,Haemonchus
Cooperia oncophora,United States,37.09024,-95.712891,1,terrestrial,Animalia,Nematoda,Chromadorea,Rhabditida,Trichostrongylidae,Cooperia
Nematodirus abnormalis,United States,37.09024,-95.712891,1,terrestrial,Animalia,Nematoda,Chromadorea,Rhabditida,Molineidae,Nematodirus
Nematodirus filicollis,United States,37.09024,-95.712891,1,terrestrial,Animalia,Nematoda,Chromadorea,Rhabditida,Molineidae,Nematodirus
Nematodirus spathiger,United States,37.09024,-95.712891,1,terrestrial,Animalia,Nematoda,Chromadorea,Rhabditida,Molineidae,Nematodirus
Trichostrongylus colubriformis,United States,37.09024,-95.712891,1,terrestrial,Animalia,Nematoda,Chromadorea,Rhabditida,Trichostrongylidae,Trichostrongylus
Oesophagostomum venulosum,United States,37.09024,-95.712891,1,terrestrial,Animalia,Nematoda,Chromadorea,Rhabditida,Strongylidae,Oesophagostomum
Nematodirus helvetianus,United States,37.09024,-95.712891,1,terrestrial,Animalia,Nematoda,Chromadorea,Rhabditida,Molineidae,Nematodirus
Chabertia ovina,United States,37.09024,-95.712891,1,terrestrial,Animalia,Nematoda,Chromadorea,Rhabditida,Strongylidae,Chabertia
Oesophagostomum radiatum,United States,37.09024,-95.712891,1,terrestrial,Animalia,Nematoda,Chromadorea,Rhabditida,Strongylidae,Oesophagostomum
Raphidascaris gigi,Japan,36.204824,138.252924,3,freshwater,Animalia,Nematoda,Chromadorea,Rhabditida,Raphidascarididae,Ichthyascaris
Cucullanus heterochrous,Spain + Andalusia,37.5442706,-4.7277528,2,marine,Animalia,Nematoda,Chromadorea,Rhabditida,Cucullanidae,Cucullanus
Spinitectus inermis,Spain + Andalusia,37.5442706,-4.7277528,2,freshwater,Animalia,Nematoda,Chromadorea,Rhabditida,Cystidicolidae,Spinitectus
Trichostrongylus vitrinus,United States,37.09024,-95.712891,1,terrestrial,Animalia,Nematoda,Chromadorea,Rhabditida,Trichostrongylidae,Trichostrongylus
Cooperia curticei,United States,37.09024,-95.712891,1,terrestrial,Animalia,Nematoda,Chromadorea,Rhabditida,Trichostrongylidae,Cooperia
Parelaphostrongylus tenuis,Pennsylvania,41.2033216,-77.1945247,2,terrestrial,Animalia,Nematoda,Chromadorea,Rhabditida,Metastrongylidae,Parelaphostrongylus
Parelaphostrongylus tenuis,Nova Scotia,44.68198659999999,-63.744311,2,terrestrial,Animalia,Nematoda,Chromadorea,Rhabditida,Metastrongylidae,Parelaphostrongylus
Spinitectus gracilis,Kansas,39.011902,-98.4842465,3,freshwater,Animalia,Nematoda,Chromadorea,Rhabditida,Cystidicolidae,Spinitectus
Spinitectus gracilis,South Dakota,43.9695148,-99.9018131,3,freshwater,Animalia,Nematoda,Chromadorea,Rhabditida,Cystidicolidae,Spinitectus
Ophidascaris labiatopapillosa,Arizona,34.0489281,-111.0937311,2,freshwater,Animalia,Nematoda,Chromadorea,Rhabditida,Ascarididae,Ophidascaris
Ascarops strongylina,Arizona,34.0489281,-111.0937311,3,terrestrial,Animalia,Nematoda,Chromadorea,Rhabditida,Spirocercidae,Ascarops
Passalurus ambiguus,Scotland,56.49067119999999,-4.2026458,1,terrestrial,Animalia,Nematoda,Chromadorea,Rhabditida,Oxyuridae,Passalurus
Cosmocephalus obvelatus,Baltic Sea,58.48795200000001,19.863281,3,freshwater,Animalia,Nematoda,Chromadorea,Rhabditida,Acuariidae,Cosmocephalus
Toxocara canis,Orange Free State,-28.4541105,26.7967849,2,terrestrial,Animalia,Nematoda,Chromadorea,Rhabditida,Ascarididae,Toxocara
Toxascaris leonina,Orange Free State,-28.4541105,26.7967849,2,terrestrial,Animalia,Nematoda,Chromadorea,Rhabditida,Ascarididae,Toxascaris
Spirocerca lupi,Orange Free State,-28.4541105,26.7967849,3,terrestrial,Animalia,Nematoda,Chromadorea,Rhabditida,Spirocercidae,Spirocerca
Camallanus cotti,Norway,60.47202399999999,8.468945999999999,2,freshwater,Animalia,Nematoda,Chromadorea,Rhabditida,Camallanidae,Camallanus
Pearsonema plica,Byelorussia,53.709807,27.953389,2,terrestrial,Animalia,Nematoda,Enoplea,Trichinellida,Trichuridae,Pearsonema
Aspiculuris tetraptera,Byelorussia,53.709807,27.953389,1,terrestrial,Animalia,Nematoda,Chromadorea,Rhabditida,Heteroxynematidae,Aspiculuris
Mastophorus muris,Byelorussia,53.709807,27.953389,2,terrestrial,Animalia,Nematoda,Chromadorea,Rhabditida,Spirocercidae,Mastophorus
Heligmosomoides polygyrus,Byelorussia,53.709807,27.953389,1,terrestrial,Animalia,Nematoda,Chromadorea,Rhabditida,Heligmosomidae,Heligmosomoides
Rictularia cristata,Byelorussia,53.709807,27.953389,2,terrestrial,Animalia,Nematoda,Chromadorea,Rhabditida,Rictulariidae,Rictularia
Toxocara vitulorum,Indian Region,22,79,1,terrestrial,Animalia,Nematoda,Chromadorea,Rhabditida,Ascarididae,Toxocara
Contracaecum microcephalum,Kazakstan,48.019573,66.923684,3,freshwater,Animalia,Nematoda,Chromadorea,Rhabditida,Anisakidae,Contracaecum
Contracaecum micropapillatum,Kazakstan,48.019573,66.923684,3,freshwater,Animalia,Nematoda,Chromadorea,Rhabditida,Anisakidae,Contracaecum
Anisakis simplex,District of Columbia/Delaware/New Jersey/Maryland,39.0457549,-76.64127119999999,4,marine,Animalia,Nematoda,Chromadorea,Rhabditida,Anisakidae,Anisakis
Raphidascaris acus,Iceland,64.963051,-19.020835,3,freshwater,Animalia,Nematoda,Chromadorea,Rhabditida,Raphidascarididae,Raphidascaris
Gongylonema pulchrum,Indian Region,22,79,2,terrestrial,Animalia,Nematoda,Chromadorea,Rhabditida,Gongylonematidae,Gongylonema
Uncinaria stenocephala,Australia,-25.274398,133.775136,1,terrestrial,Animalia,Nematoda,Chromadorea,Rhabditida,Ancylostomatidae,Uncinaria
Nematodiroides zembrae,France,46.227638,2.213749,1,terrestrial,Animalia,Nematoda,Chromadorea,Rhabditida,Molineidae,Nematodiroides
Truttaedacnitis truttae,Arizona,34.0489281,-111.0937311,2,freshwater,Animalia,Nematoda,Chromadorea,Rhabditida,Cucullanidae,Cucullanus
Gallegostrongylus australis,Australia,-25.274398,133.775136,2,terrestrial,Animalia,Nematoda,Chromadorea,Rhabditida,Metastrongylidae,Gallegostrongylus
Strongylus edentatus,Indian Region,22,79,1,terrestrial,Animalia,Nematoda,Chromadorea,Rhabditida,Strongylidae,Strongylus
Heligmosomoides laevis,Byelorussia,53.709807,27.953389,1,terrestrial,Animalia,Nematoda,Chromadorea,Rhabditida,Heligmosomidae,Heligmosomoides
Heligmosomum mixtum,Byelorussia,53.709807,27.953389,1,terrestrial,Animalia,Nematoda,Chromadorea,Rhabditida,Heligmosomidae,Heligmosomum
Rictularia proni,Byelorussia,53.709807,27.953389,2,terrestrial,Animalia,Nematoda,Chromadorea,Rhabditida,Rictulariidae,Rictularia
Anisakis simplex,Alaska,64.2008413,-149.4936733,4,marine,Animalia,Nematoda,Chromadorea,Rhabditida,Anisakidae,Anisakis
Anisakis simplex,Canada,56.130366,-106.346771,4,marine,Animalia,Nematoda,Chromadorea,Rhabditida,Anisakidae,Anisakis
Anisakis simplex,Western Europe,46.2021848,1.2643875,4,marine,Animalia,Nematoda,Chromadorea,Rhabditida,Anisakidae,Anisakis
Enterobius vermicularis,Iceland,64.963051,-19.020835,1,terrestrial,Animalia,Nematoda,Chromadorea,Rhabditida,Oxyuridae,Enterobius
Ascaris suum,Iceland,64.963051,-19.020835,1,terrestrial,Animalia,Nematoda,Chromadorea,Rhabditida,Ascarididae,Ascaris
Ascaris lumbricoides,Lithuania,55.169438,23.881275,1,terrestrial,Animalia,Nematoda,Chromadorea,Rhabditida,Ascarididae,Ascaris
Ascaris lumbricoides,Estonia + Latvia,56.95962400000001,24.1016552,1,terrestrial,Animalia,Nematoda,Chromadorea,Rhabditida,Ascarididae,Ascaris
Trichuris trichiura,Lithuania,55.169438,23.881275,1,terrestrial,Animalia,Nematoda,Enoplea,Trichinellida,Trichuridae,Trichuris
Trichuris trichiura,Estonia + Latvia,56.95962400000001,24.1016552,1,terrestrial,Animalia,Nematoda,Enoplea,Trichinellida,Trichuridae,Trichuris
Enterobius vermicularis,Estonia + Latvia,56.95962400000001,24.1016552,1,terrestrial,Animalia,Nematoda,Chromadorea,Rhabditida,Oxyuridae,Enterobius
Enterobius vermicularis,Lithuania,55.169438,23.881275,1,terrestrial,Animalia,Nematoda,Chromadorea,Rhabditida,Oxyuridae,Enterobius
Parascaris equorum,Montana,46.8796822,-110.3625658,1,terrestrial,Animalia,Nematoda,Chromadorea,Rhabditida,Ascarididae,Parascaris
Strongylus equinus,Louisiana,30.9842977,-91.96233269999999,1,terrestrial,Animalia,Nematoda,Chromadorea,Rhabditida,Strongylidae,Strongylus
Triodontophorus tenuicollis,Louisiana,30.9842977,-91.96233269999999,1,terrestrial,Animalia,Nematoda,Chromadorea,Rhabditida,Strongylidae,Triodontophorus
Trichuris skrjabini,Indian Region,22,79,1,terrestrial,Animalia,Nematoda,Enoplea,Trichinellida,Trichuridae,Trichuris
Pseudoterranova decipiens,Pacific coast of USA,62.4113634,-149.0729714,4,marine,Animalia,Nematoda,Chromadorea,Rhabditida,Anisakidae,Pseudoterranova
Enterobius vermicularis,Argentina,-38.416097,-63.61667199999999,1,terrestrial,Animalia,Nematoda,Chromadorea,Rhabditida,Oxyuridae,Enterobius
Camallanus oxycephalus,Indiana,40.2671941,-86.1349019,3,freshwater,Animalia,Nematoda,Chromadorea,Rhabditida,Camallanidae,Camallanus
Spinitectus carolini,Indiana,40.2671941,-86.1349019,3,freshwater,Animalia,Nematoda,Chromadorea,Rhabditida,Cystidicolidae,Spinitectus
Contracaecum ogmorhini,Pacific coast of USA,62.4113634,-149.0729714,3,marine,Animalia,Nematoda,Chromadorea,Rhabditida,Anisakidae,Contracaecum
Contracaecum ogmorhini,SE Atlantic Islands,-14.5994134,-28.6731465,3,marine,Animalia,Nematoda,Chromadorea,Rhabditida,Anisakidae,Contracaecum
Contracaecum ogmorhini,New Zealand coast,-42.6919232,171.3399414,3,marine,Animalia,Nematoda,Chromadorea,Rhabditida,Anisakidae,Contracaecum
Raphidascaris acus,Aral Sea,45.3963063,59.6134113,3,freshwater,Animalia,Nematoda,Chromadorea,Rhabditida,Raphidascarididae,Raphidascaris
Contracaecum microcephalum,Aral Sea,45.3963063,59.6134113,3,freshwater,Animalia,Nematoda,Chromadorea,Rhabditida,Anisakidae,Contracaecum
Camallanus truncatus,Aral Sea,45.3963063,59.6134113,2,freshwater,Animalia,Nematoda,Chromadorea,Rhabditida,Camallanidae,Camallanus
Goezia ascaroides,Coast of Bangladesh,21.4275547,91.9789563,3,freshwater,Animalia,Nematoda,Chromadorea,Rhabditida,Raphidascarididae,Goezia
Camallanus cotti,Coast of Bangladesh,21.4275547,91.9789563,2,freshwater,Animalia,Nematoda,Chromadorea,Rhabditida,Camallanidae,Camallanus
Camallanus truncatus,Bangladesh,23.684994,90.356331,2,freshwater,Animalia,Nematoda,Chromadorea,Rhabditida,Camallanidae,Camallanus
Paracamallanus sweeti,Bangladesh,23.684994,90.356331,3,freshwater,Animalia,Nematoda,Chromadorea,Rhabditida,Camallanidae,Paracamallanus
Procamallanus spiculogubernaculus,Bangladesh,23.684994,90.356331,2,freshwater,Animalia,Nematoda,Chromadorea,Rhabditida,Camallanidae,Procamallanus
Toxocara cati,Byelorussia,53.709807,27.953389,2,terrestrial,Animalia,Nematoda,Chromadorea,Rhabditida,Ascarididae,Toxocara
Dictyocaulus eckerti,Byelorussia,53.709807,27.953389,1,terrestrial,Animalia,Nematoda,Chromadorea,Rhabditida,Metastrongylidae,Dictyocaulus
Trichuris ovis,Byelorussia,53.709807,27.953389,1,terrestrial,Animalia,Nematoda,Enoplea,Trichinellida,Trichinellidae,Trichocephalus
Heterakis spumosa,Malaya,3.17,101.7,2,terrestrial,Animalia,Nematoda,Chromadorea,Rhabditida,Heterakidae,Heterakis
Mastophorus muris,Malaya,3.17,101.7,2,terrestrial,Animalia,Nematoda,Chromadorea,Rhabditida,Spirocercidae,Mastophorus
Syphacia muris,Malaya,3.17,101.7,1,terrestrial,Animalia,Nematoda,Chromadorea,Rhabditida,Oxyuridae,Syphacia
Gongylonema neoplasticum,Malaya,3.17,101.7,2,terrestrial,Animalia,Nematoda,Chromadorea,Rhabditida,Gongylonematidae,Gongylonema
Angiostrongylus cantonensis,Malaya,3.17,101.7,3,terrestrial,Animalia,Nematoda,Chromadorea,Rhabditida,Metastrongylidae,Angiostrongylus
Cystidicola farionis,Alberta,53.9332706,-116.5765035,3,freshwater,Animalia,Nematoda,Chromadorea,Rhabditida,Cystidicolidae,Cystidicola
Aelurostrongylus abstrusus,Australia,-25.274398,133.775136,3,terrestrial,Animalia,Nematoda,Chromadorea,Rhabditida,Metastrongylidae,Aelurostrongylus
Oslerus osleri,Australia,-25.274398,133.775136,1,terrestrial,Animalia,Nematoda,Chromadorea,Rhabditida,Filaroididae,Filaroides
Metastrongylus apri,Australia,-25.274398,133.775136,2,terrestrial,Animalia,Nematoda,Chromadorea,Rhabditida,Metastrongylidae,Metastrongylus
Metastrongylus pudendotectus,Australia,-25.274398,133.775136,2,terrestrial,Animalia,Nematoda,Chromadorea,Rhabditida,Metastrongylidae,Metastrongylus
Cystoopsis atractostei,Mexico,23.634501,-102.552784,2,freshwater,Animalia,Nematoda,Enoplea,Trichinellida,Cystoopsidae,Cystoopsis
Anisakis physeteris,Off Azores/Canary/Cape Verde Isles,28.2915637,-16.6291304,4,marine,Animalia,Nematoda,Chromadorea,Rhabditida,Anisakidae,Skrjabinisakis
Anisakis brevispiculata,Off Azores/Canary/Cape Verde Isles,28.2915637,-16.6291304,4,marine,Animalia,Nematoda,Chromadorea,Rhabditida,Anisakidae,Skrjabinisakis
Ascaris lumbricoides,French Guiana,3.933889,-53.125782,1,terrestrial,Animalia,Nematoda,Chromadorea,Rhabditida,Ascarididae,Ascaris
Trichuris trichiura,French Guiana,3.933889,-53.125782,1,terrestrial,Animalia,Nematoda,Enoplea,Trichinellida,Trichuridae,Trichuris
Enterobius vermicularis,French Guiana,3.933889,-53.125782,1,terrestrial,Animalia,Nematoda,Chromadorea,Rhabditida,Oxyuridae,Enterobius
Ohbayashinema erbaevae,France,46.227638,2.213749,1,terrestrial,Animalia,Nematoda,Chromadorea,Rhabditida,Heligmosomidae,Ohbayashinema
Trichuris muris,Balearic Islands,39.3587759,2.7356328,1,terrestrial,Animalia,Nematoda,Enoplea,Trichinellida,Trichuridae,Trichuris
Rictularia proni,Balearic Islands,39.3587759,2.7356328,2,terrestrial,Animalia,Nematoda,Chromadorea,Rhabditida,Rictulariidae,Rictularia
Aspiculuris tetraptera,Balearic Islands,39.3587759,2.7356328,1,terrestrial,Animalia,Nematoda,Chromadorea,Rhabditida,Heteroxynematidae,Aspiculuris
Camallanus lacustris,Germany,51.165691,10.451526,4,freshwater,Animalia,Nematoda,Chromadorea,Rhabditida,Camallanidae,Camallanus
Contracaecum micropapillatum,Florida,27.6648274,-81.5157535,3,freshwater,Animalia,Nematoda,Chromadorea,Rhabditida,Anisakidae,Contracaecum
Heligmosomoides polygyrus,Corsica,42.0396042,9.012892599999999,1,terrestrial,Animalia,Nematoda,Chromadorea,Rhabditida,Heligmosomidae,Heligmosomoides
Rictularia proni,Corsica,42.0396042,9.012892599999999,2,terrestrial,Animalia,Nematoda,Chromadorea,Rhabditida,Rictulariidae,Rictularia
Capillaria anatis,Germany,51.165691,10.451526,2,terrestrial,Animalia,Nematoda,Enoplea,Trichinellida,Capillariidae,Capillaria
Trichuris muris,Eastern & Central Europe,48.66,19.5,1,terrestrial,Animalia,Nematoda,Enoplea,Trichinellida,Trichuridae,Trichuris
Heligmosomoides polygyrus,Eastern & Central Europe,48.66,19.5,1,terrestrial,Animalia,Nematoda,Chromadorea,Rhabditida,Heligmosomidae,Heligmosomoides
Mastophorus muris,Eastern & Central Europe,48.66,19.5,2,terrestrial,Animalia,Nematoda,Chromadorea,Rhabditida,Spirocercidae,Mastophorus
Gongylonema neoplasticum,Eastern & Central Europe,48.66,19.5,2,terrestrial,Animalia,Nematoda,Chromadorea,Rhabditida,Gongylonematidae,Gongylonema
Syphacia obvelata,Eastern & Central Europe,48.66,19.5,1,terrestrial,Animalia,Nematoda,Chromadorea,Rhabditida,Oxyuridae,Syphacia
Amidostomum acutum,Germany,51.165691,10.451526,1,freshwater,Animalia,Nematoda,Chromadorea,Rhabditida,Amidostomidae,Amidostomum
Amidostomum anseris,Germany,51.165691,10.451526,1,freshwater,Animalia,Nematoda,Chromadorea,Rhabditida,Amidostomidae,Amidostomum
Cosmocephalus obvelatus,Germany,51.165691,10.451526,3,freshwater,Animalia,Nematoda,Chromadorea,Rhabditida,Acuariidae,Cosmocephalus
Streptocara crassicauda,Germany,51.165691,10.451526,3,freshwater,Animalia,Nematoda,Chromadorea,Rhabditida,Acuariidae,Streptocara
Amidostomum anseris,Florida,27.6648274,-81.5157535,1,freshwater,Animalia,Nematoda,Chromadorea,Rhabditida,Amidostomidae,Amidostomum
Obeliscoides cuniculi,Italy,41.87194,12.56738,1,terrestrial,Animalia,Nematoda,Chromadorea,Rhabditida,Trichostrongylidae,Obeliscoides
Capillaria anatis,Spain + Andalusia,37.5442706,-4.7277528,2,terrestrial,Animalia,Nematoda,Enoplea,Trichinellida,Capillariidae,Capillaria
Aelurostrongylus abstrusus,New Hampshire/Vermont/Massachusetts/Connecticut/Rhode Is.,43.2509279,-71.9273024,3,terrestrial,Animalia,Nematoda,Chromadorea,Rhabditida,Metastrongylidae,Aelurostrongylus
Cosmocephalus obvelatus,Gulf of Mexico,25.304304,-90.065918,3,freshwater,Animalia,Nematoda,Chromadorea,Rhabditida,Acuariidae,Cosmocephalus
Contracaecum micropapillatum,United States,37.09024,-95.712891,3,freshwater,Animalia,Nematoda,Chromadorea,Rhabditida,Anisakidae,Contracaecum
Contracaecum rudolphii,Mississippi,32.3546679,-89.3985283,3,freshwater,Animalia,Nematoda,Chromadorea,Rhabditida,Anisakidae,Contracaecum
Molineus barbatus,Florida,27.6648274,-81.5157535,1,terrestrial,Animalia,Nematoda,Chromadorea,Rhabditida,Molineidae,Molineus
Physaloptera rara,Florida,27.6648274,-81.5157535,3,terrestrial,Animalia,Nematoda,Chromadorea,Rhabditida,Physalopteridae,Physaloptera
Spirocerca lupi,Florida,27.6648274,-81.5157535,3,terrestrial,Animalia,Nematoda,Chromadorea,Rhabditida,Spirocercidae,Spirocerca
Camallanus oxycephalus,Canada,56.130366,-106.346771,3,freshwater,Animalia,Nematoda,Chromadorea,Rhabditida,Camallanidae,Camallanus
Cystidicoloides tenuissima,United States,37.09024,-95.712891,3,freshwater,Animalia,Nematoda,Chromadorea,Rhabditida,Cystidicolidae,Salmonema
Dichelyne cotylophora,Canada,56.130366,-106.346771,2,freshwater,Animalia,Nematoda,Chromadorea,Rhabditida,Cucullanidae,Dichelyne
Raphidascaris acus,United States,37.09024,-95.712891,3,freshwater,Animalia,Nematoda,Chromadorea,Rhabditida,Raphidascarididae,Raphidascaris
Rhabdochona cascadilla,Canada,56.130366,-106.346771,2,freshwater,Animalia,Nematoda,Chromadorea,Rhabditida,Rhabdochonidae,Rhabdochona
Heterakis spumosa,Balearic Islands,39.3587759,2.7356328,2,terrestrial,Animalia,Nematoda,Chromadorea,Rhabditida,Heterakidae,Heterakis
Syphacia obvelata,Balearic Islands,39.3587759,2.7356328,1,terrestrial,Animalia,Nematoda,Chromadorea,Rhabditida,Oxyuridae,Syphacia
Tetrameres crami,Florida,27.6648274,-81.5157535,2,freshwater,Animalia,Nematoda,Chromadorea,Rhabditida,Tetrameridae,Tetrameres
Porrocaecum angusticolle,Florida,27.6648274,-81.5157535,3,terrestrial,Animalia,Nematoda,Chromadorea,Rhabditida,Ascarididae,Porrocaecum
Dictyocaulus filaria,Sweden,60.12816100000001,18.643501,1,terrestrial,Animalia,Nematoda,Chromadorea,Rhabditida,Metastrongylidae,Dictyocaulus
Dictyocaulus eckerti,Norway,60.47202399999999,8.468945999999999,1,terrestrial,Animalia,Nematoda,Chromadorea,Rhabditida,Metastrongylidae,Dictyocaulus
Dictyocaulus eckerti,Alaska,64.2008413,-149.4936733,1,terrestrial,Animalia,Nematoda,Chromadorea,Rhabditida,Metastrongylidae,Dictyocaulus
Haemonchus placei,Sweden,60.12816100000001,18.643501,1,terrestrial,Animalia,Nematoda,Chromadorea,Rhabditida,Trichostrongylidae,Haemonchus
Haemonchus contortus,Sweden,60.12816100000001,18.643501,1,terrestrial,Animalia,Nematoda,Chromadorea,Rhabditida,Trichostrongylidae,Haemonchus
Physocephalus sexalatus,Florida,27.6648274,-81.5157535,3,terrestrial,Animalia,Nematoda,Chromadorea,Rhabditida,Spirocercidae,Physocephalus
Ascaridia compar,Florida,27.6648274,-81.5157535,1,terrestrial,Animalia,Nematoda,Chromadorea,Rhabditida,Ascaridiidae,Ascaridia
Ascaridia galli,Florida,27.6648274,-81.5157535,1,terrestrial,Animalia,Nematoda,Chromadorea,Rhabditida,Ascaridiidae,Ascaridia
Tetrameres americana,Florida,27.6648274,-81.5157535,2,terrestrial,Animalia,Nematoda,Chromadorea,Rhabditida,Tetrameridae,Tetrameres
Ascaridia dissimilis,Florida,27.6648274,-81.5157535,1,terrestrial,Animalia,Nematoda,Chromadorea,Rhabditida,Ascaridiidae,Ascaridia
Amidostomum fulicae,Florida,27.6648274,-81.5157535,1,freshwater,Animalia,Nematoda,Chromadorea,Rhabditida,Amidostomidae,Amidostomum
Protospirura muricola,Malawi,-13.254308,34.301525,2,terrestrial,Animalia,Nematoda,Chromadorea,Rhabditida,Spiruridae,Protospirura
Ascaridia columbae,Florida,27.6648274,-81.5157535,1,terrestrial,Animalia,Nematoda,Chromadorea,Rhabditida,Ascaridiidae,Ascaridia
Ornithostrongylus quadriradiatus,Florida,27.6648274,-81.5157535,1,terrestrial,Animalia,Nematoda,Chromadorea,Rhabditida,Heligmosomidae,Ornithostrongylus
Diplotriaena tricuspis,Florida,27.6648274,-81.5157535,2,terrestrial,Animalia,Nematoda,Chromadorea,Rhabditida,Diplotriaenidae,Diplotriaena
Diplotriaena agelaius,Florida,27.6648274,-81.5157535,2,terrestrial,Animalia,Nematoda,Chromadorea,Rhabditida,Diplotriaenidae,Diplotriaena
Contracaecum micropapillatum,Mexico,23.634501,-102.552784,3,freshwater,Animalia,Nematoda,Chromadorea,Rhabditida,Anisakidae,Contracaecum
Ascaris lumbricoides,Burma [Myanmar],21.916221,95.955974,1,terrestrial,Animalia,Nematoda,Chromadorea,Rhabditida,Ascarididae,Ascaris
Trichuris trichiura,Burma [Myanmar],21.916221,95.955974,1,terrestrial,Animalia,Nematoda,Enoplea,Trichinellida,Trichuridae,Trichuris
Goezia ascaroides,Yugoslavia,37.09024,-95.712891,3,freshwater,Animalia,Nematoda,Chromadorea,Rhabditida,Raphidascarididae,Goezia
Angiostrongylus vasorum,Germany,51.165691,10.451526,3,terrestrial,Animalia,Nematoda,Chromadorea,Rhabditida,Metastrongylidae,Angiostrongylus
Haemonchus contortus,Ivory Coast,7.539988999999999,-5.547079999999999,1,terrestrial,Animalia,Nematoda,Chromadorea,Rhabditida,Trichostrongylidae,Haemonchus
Oesophagostomum dentatum,France,46.227638,2.213749,1,terrestrial,Animalia,Nematoda,Chromadorea,Rhabditida,Strongylidae,Oesophagostomum
Ascaris suum,France,46.227638,2.213749,1,terrestrial,Animalia,Nematoda,Chromadorea,Rhabditida,Ascarididae,Ascaris
Simondsia paradoxa,France,46.227638,2.213749,3,terrestrial,Animalia,Nematoda,Chromadorea,Rhabditida,Spirocercidae,Simondsia
Trichuris suis,France,46.227638,2.213749,1,terrestrial,Animalia,Nematoda,Enoplea,Trichinellida,Trichuridae,Trichuris
Parelaphostrongylus tenuis,Manitoba,53.7608608,-98.8138762,2,terrestrial,Animalia,Nematoda,Chromadorea,Rhabditida,Metastrongylidae,Parelaphostrongylus
Parelaphostrongylus tenuis,North Dakota,47.5514926,-101.0020119,2,terrestrial,Animalia,Nematoda,Chromadorea,Rhabditida,Metastrongylidae,Parelaphostrongylus
Graphidium strigosum,Madeira,32.76070740000001,-16.9594723,1,terrestrial,Animalia,Nematoda,Chromadorea,Rhabditida,Trichostrongylidae,Graphidium
Trichostrongylus retortaeformis,Madeira,32.76070740000001,-16.9594723,1,terrestrial,Animalia,Nematoda,Chromadorea,Rhabditida,Trichostrongylidae,Trichostrongylus
Passalurus ambiguus,Madeira,32.76070740000001,-16.9594723,1,terrestrial,Animalia,Nematoda,Chromadorea,Rhabditida,Oxyuridae,Passalurus
Metastrongylus salmi,California,36.778261,-119.4179324,2,terrestrial,Animalia,Nematoda,Chromadorea,Rhabditida,Metastrongylidae,Metastrongylus
Muellerius capillaris,California,36.778261,-119.4179324,2,terrestrial,Animalia,Nematoda,Chromadorea,Rhabditida,Metastrongylidae,Muellerius
Parelaphostrongylus odocoilei,California,36.778261,-119.4179324,2,terrestrial,Animalia,Nematoda,Chromadorea,Rhabditida,Metastrongylidae,Parelaphostrongylus
Otostrongylus circumlitus,California,36.778261,-119.4179324,2,marine,Animalia,Nematoda,Chromadorea,Rhabditida,Crenosomatidae,Otostrongylus
Didelphostrongylus hayesi,California,36.778261,-119.4179324,2,terrestrial,Animalia,Nematoda,Chromadorea,Rhabditida,Metastrongylidae,Didelphostrongylus
Oslerus osleri,California,36.778261,-119.4179324,1,terrestrial,Animalia,Nematoda,Chromadorea,Rhabditida,Filaroididae,Filaroides
Parafilaroides decorus,California,36.778261,-119.4179324,2,marine,Animalia,Nematoda,Chromadorea,Rhabditida,Filaroididae,Parafilaroides
Skrjabingylus chitwoodorum,California,36.778261,-119.4179324,3,terrestrial,Animalia,Nematoda,Chromadorea,Rhabditida,Metastrongylidae,Skrjabingylus
Pseudalius inflexus,Pacific coast of USA,62.4113634,-149.0729714,2,marine,Animalia,Nematoda,Chromadorea,Rhabditida,Pseudaliidae,Pseudalius
Haemonchus contortus,Iceland,64.963051,-19.020835,1,terrestrial,Animalia,Nematoda,Chromadorea,Rhabditida,Trichostrongylidae,Haemonchus
Haemonchus contortus,Norway,60.47202399999999,8.468945999999999,1,terrestrial,Animalia,Nematoda,Chromadorea,Rhabditida,Trichostrongylidae,Haemonchus
Ostertagia ostertagi,Norway,60.47202399999999,8.468945999999999,1,terrestrial,Animalia,Nematoda,Chromadorea,Rhabditida,Trichostrongylidae,Ostertagia
Trichostrongylus axei,Faroes,61.89263500000001,-6.9118061,1,terrestrial,Animalia,Nematoda,Chromadorea,Rhabditida,Trichostrongylidae,Trichostrongylus
Trichostrongylus axei,Norway,60.47202399999999,8.468945999999999,1,terrestrial,Animalia,Nematoda,Chromadorea,Rhabditida,Trichostrongylidae,Trichostrongylus
Cooperia curticei,Norway,60.47202399999999,8.468945999999999,1,terrestrial,Animalia,Nematoda,Chromadorea,Rhabditida,Trichostrongylidae,Cooperia
Cooperia oncophora,Norway,60.47202399999999,8.468945999999999,1,terrestrial,Animalia,Nematoda,Chromadorea,Rhabditida,Trichostrongylidae,Cooperia
Cooperia punctata,"England, Wales + Isle of Man",54.236107,-4.548056,1,terrestrial,Animalia,Nematoda,Chromadorea,Rhabditida,Trichostrongylidae,Cooperia
Nematodirus abnormalis,Greenland,71.706936,-42.604303,1,terrestrial,Animalia,Nematoda,Chromadorea,Rhabditida,Molineidae,Nematodirus
Nematodirus battus,Faroes,61.89263500000001,-6.9118061,1,terrestrial,Animalia,Nematoda,Chromadorea,Rhabditida,Molineidae,Nematodirus
Nematodirus filicollis,Faroes,61.89263500000001,-6.9118061,1,terrestrial,Animalia,Nematoda,Chromadorea,Rhabditida,Molineidae,Nematodirus
Nematodirus filicollis,Norway,60.47202399999999,8.468945999999999,1,terrestrial,Animalia,Nematoda,Chromadorea,Rhabditida,Molineidae,Nematodirus
Nematodirus helvetianus,Greenland,71.706936,-42.604303,1,terrestrial,Animalia,Nematoda,Chromadorea,Rhabditida,Molineidae,Nematodirus
Nematodirus helvetianus,Norway,60.47202399999999,8.468945999999999,1,terrestrial,Animalia,Nematoda,Chromadorea,Rhabditida,Molineidae,Nematodirus
Nematodirus spathiger,Greenland,71.706936,-42.604303,1,terrestrial,Animalia,Nematoda,Chromadorea,Rhabditida,Molineidae,Nematodirus
Nematodirus spathiger,Norway,60.47202399999999,8.468945999999999,1,terrestrial,Animalia,Nematoda,Chromadorea,Rhabditida,Molineidae,Nematodirus
Trichostrongylus colubriformis,Norway,60.47202399999999,8.468945999999999,1,terrestrial,Animalia,Nematoda,Chromadorea,Rhabditida,Trichostrongylidae,Trichostrongylus
Trichostrongylus vitrinus,Faroes,61.89263500000001,-6.9118061,1,terrestrial,Animalia,Nematoda,Chromadorea,Rhabditida,Trichostrongylidae,Trichostrongylus
Trichostrongylus vitrinus,Norway,60.47202399999999,8.468945999999999,1,terrestrial,Animalia,Nematoda,Chromadorea,Rhabditida,Trichostrongylidae,Trichostrongylus
Chabertia ovina,Faroes,61.89263500000001,-6.9118061,1,terrestrial,Animalia,Nematoda,Chromadorea,Rhabditida,Strongylidae,Chabertia
Chabertia ovina,Norway,60.47202399999999,8.468945999999999,1,terrestrial,Animalia,Nematoda,Chromadorea,Rhabditida,Strongylidae,Chabertia
Oesophagostomum venulosum,Norway,60.47202399999999,8.468945999999999,1,terrestrial,Animalia,Nematoda,Chromadorea,Rhabditida,Strongylidae,Oesophagostomum
Oesophagostomum venulosum,Faroes,61.89263500000001,-6.9118061,1,terrestrial,Animalia,Nematoda,Chromadorea,Rhabditida,Strongylidae,Oesophagostomum
Skrjabinema ovis,Norway,60.47202399999999,8.468945999999999,1,terrestrial,Animalia,Nematoda,Chromadorea,Rhabditida,Oxyuridae,Skrjabinema
Trichuris ovis,Greenland,71.706936,-42.604303,1,terrestrial,Animalia,Nematoda,Enoplea,Trichinellida,Trichinellidae,Trichocephalus
Trichuris ovis,Faroes,61.89263500000001,-6.9118061,1,terrestrial,Animalia,Nematoda,Enoplea,Trichinellida,Trichinellidae,Trichocephalus
Trichuris ovis,Norway,60.47202399999999,8.468945999999999,1,terrestrial,Animalia,Nematoda,Enoplea,Trichinellida,Trichinellidae,Trichocephalus
Trichuris skrjabini,"England, Wales + Isle of Man",54.236107,-4.548056,1,terrestrial,Animalia,Nematoda,Enoplea,Trichinellida,Trichuridae,Trichuris
Libyostrongylus douglassii,Sardinia,40.1208752,9.012892599999999,1,terrestrial,Animalia,Nematoda,Chromadorea,Rhabditida,Trichostrongylidae,Libyostrongylus
Nematodirus spathiger,Sardinia,40.1208752,9.012892599999999,1,terrestrial,Animalia,Nematoda,Chromadorea,Rhabditida,Molineidae,Nematodirus
Physaloptera praeputialis,Laos,19.85627,102.495496,3,terrestrial,Animalia,Nematoda,Chromadorea,Rhabditida,Physalopteridae,Physaloptera
Toxocara canis,Laos,19.85627,102.495496,2,terrestrial,Animalia,Nematoda,Chromadorea,Rhabditida,Ascarididae,Toxocara
Toxocara cati,Laos,19.85627,102.495496,2,terrestrial,Animalia,Nematoda,Chromadorea,Rhabditida,Ascarididae,Toxocara
Eucoleus aerophilus,Japan,36.204824,138.252924,2,terrestrial,Animalia,Nematoda,Enoplea,Trichinellida,Capillariidae,Eucoleus
Aonchotheca putorii,Japan,36.204824,138.252924,2,terrestrial,Animalia,Nematoda,Enoplea,Trichinellida,Capillariidae,Aonchotheca
Soboliphyme baturini,Japan,36.204824,138.252924,3,terrestrial,Animalia,Nematoda,Enoplea,Dioctophymatida,Soboliphymatidae,Soboliphyme
Pearsonema plica,Japan,36.204824,138.252924,2,terrestrial,Animalia,Nematoda,Enoplea,Trichinellida,Trichuridae,Pearsonema
Angiostrongylus cantonensis,Vietnam,14.058324,108.277199,3,terrestrial,Animalia,Nematoda,Chromadorea,Rhabditida,Metastrongylidae,Angiostrongylus
Ascaridia columbae,Pennsylvania,41.2033216,-77.1945247,1,terrestrial,Animalia,Nematoda,Chromadorea,Rhabditida,Ascaridiidae,Ascaridia
Ascaridia columbae,Tennessee,35.5174913,-86.5804473,1,terrestrial,Animalia,Nematoda,Chromadorea,Rhabditida,Ascaridiidae,Ascaridia
